scene_id	sentence_id	start	end	utterance	speaker	speaker_confidence	speaker_method	alignment_score	row_type	filled_from_missing	matched_to_ct	scene_speaker_set	prev_speaker_scene	next_speaker_scene	review_flag	review_reason	notes	utterance_ct	speaker_ct	speaker_original	visual_presence	visual_presence_source	visual_presence_chars	speaker_visual_presence	speaker_visual_ratio	visual_presence_note	annotation_confidence	annotation_review_reason
1	1	3.44	4.8	So now, what is this now?	Phoebe	high	qa_review_resolved_ct_support	1.0	dialogue	False	True	Phoebe | Joey | Monica | Ross		Joey	True	speaker_offscreen	Speaker agrees with available community-transcript mapping. | QA resolved prior review with community-transcript support.	(holding a lure) So now, what is this now?	Phoebe	Phoebe	present	char_tracker_stage05	joey	absent	0.0		low	speaker_offscreen
1	2	4.88	5.84	Googly worm.	Joey	high	community_transcript_match	1.0	dialogue	False	True	Phoebe | Joey | Monica | Ross	Phoebe	Phoebe	False		Speaker agrees with available community-transcript mapping.	Guggly worm.	Joey	Joey	present	char_tracker_stage05	joey|phoebe	present	1.0		high	
1	3	7.52	8.32	And this?	Phoebe	high	community_transcript_match	1.0	dialogue	False	True	Phoebe | Joey | Monica | Ross	Joey	Joey	False		Speaker agrees with available community-transcript mapping.	(laughs and picks up another lure) And this?	Phoebe	Phoebe	present	char_tracker_stage05	joey|phoebe	present	1.0		high	
1	4	8.72	13.04	Glow Pop Jiggly Jam Bate is so funny.	Joey	high	community_transcript_match	1.0	dialogue	False	True	Phoebe | Joey | Monica | Ross	Phoebe	Monica	False		Speaker agrees with available community-transcript mapping.	Glow-pop giggly jammer.	Joey	Joey	present	char_tracker_stage05	joey|phoebe|ross	present	0.5		high	
1	5	14.56	16.32	Hey, what's this?	Monica	high	community_transcript_match	1.0	dialogue	False	True	Phoebe | Joey | Monica | Ross	Joey	Joey	False		Speaker agrees with available community-transcript mapping.	(not wanting to be left out, picks up something) Hey umm, what’s this?	Monica	Monica	present	char_tracker_stage05	monica	present	1.0		high	
1	6	17.6	19.36	Oh, hunk of sandwich from last year.	Joey	high	community_transcript_match	1.0	dialogue	False	True	Phoebe | Joey | Monica | Ross	Monica	Joey	False		Speaker agrees with available community-transcript mapping.	(examining it) Ohh, a hunk of sandwich from last year. (Monica drops the sandwich)	Joey	Joey	present	char_tracker_stage05	joey	present	1.0		high	
1	7	20.96	22.4	Geller's got one hooked.	Joey	high	qa_review_resolved_bridge	0.9	dialogue	True	False	Phoebe | Joey | Monica | Ross	Joey	Joey	True	speaker_no_face	No direct transcript match; longer line defaulted to previous speaker in same scene. | QA resolved prior review by same-speaker bridge.				absent	char_tracker_stage05		absent			medium	speaker_no_face
1	8	22.48	24.08	Oh, looks like a big one.	Joey	medium	scene_context_inference	0.66	dialogue	True	False	Phoebe | Joey | Monica | Ross	Joey	Ross	True	two_sided_context_ambiguous | speaker_no_face	No direct transcript match; longer line defaulted to previous speaker in same scene.				absent	char_tracker_stage05		absent			medium	speaker_no_face
1	9	24.56	25.04	Oh.	Ross	medium	short_turn_alternation	0.7	reaction	True	False	Phoebe | Joey | Monica | Ross	Joey	Ross	True	short_utterance_between_two_speakers | speaker_no_face	Short utterance inferred from local turn alternation.				absent	char_tracker_stage05		absent			medium	speaker_no_face
1	10	25.2	28.0	Oh, it's the classic struggle between men.	Ross	high	qa_review_resolved_bridge	0.9	dialogue	True	False	Phoebe | Joey | Monica | Ross	Ross	Ross	True	speaker_no_face	Same speaker appears on both sides within the same scene. | QA resolved prior review by same-speaker bridge.				absent	char_tracker_stage05		absent			medium	speaker_no_face
1	11	31.93	33.21	Someone knocked over a lamp.	Ross	high	qa_review_resolved_ct_support	1.0	dialogue	False	True	Phoebe | Joey | Monica | Ross	Ross	Joey	True	speaker_no_face	Speaker agrees with available community-transcript mapping. | QA resolved prior review with community-transcript support.	(pretend fishing in the living room) Ohh, Geller’s got one hooked! Ohh! Looks like a big one! Yeah, ohh! Ohh! (Swinging the rod back and forth) It’s the classic struggle between man and—(swings the rod and knocks over a lamp.) Someone knocked over a lamp.	Ross	Ross	absent	char_tracker_stage05		absent	0.0		medium	speaker_no_face
1	12	34.97	35.49	That's right.	Joey	high	qa_review_resolved_ct_support	1.0	dialogue	False	True	Phoebe | Joey | Monica | Ross	Ross	Joey	True	speaker_no_face	Speaker agrees with available community-transcript mapping. | QA resolved prior review with community-transcript support.	"(going over and picking up the rod) That’s all right. Hey you guys, you know what’s going to be great about the fishing trip this year? When my dad gets me out in the middle of the lake and gives me that, ""Joey, what are you doing with your life?"" stuff. I can say, ""Well, I’m doing a movie with Charlton Heston dad. What are you doing with your life?"""	Joey	Joey	absent	char_tracker_stage05		absent	0.0		medium	speaker_no_face
1	13	35.49	38.17	Hey, you guys, you know what's gonna be great about the fiction trip this year?	Joey	high	qa_review_resolved_bridge	1.0	dialogue	False	True	Phoebe | Joey | Monica | Ross	Joey	Joey	True	speaker_no_face	Speaker agrees with available community-transcript mapping. | QA resolved prior review by same-speaker bridge.	Hey you guys, you know what's going to be great about the fishing trip this year	Joey	Joey	partial	char_tracker_stage05		absent	0.25		medium	speaker_no_face
1	14	38.33	41.89	When my dad gets me out in the middle of the lake and gives me that Joey, what are you doing with your life?	Joey	high	community_transcript_match	1.0	dialogue	False	True	Phoebe | Joey | Monica | Ross	Joey	Joey	False		Speaker agrees with available community-transcript mapping.	"When my dad gets me out in the middle of the lake and gives me that, ""Joey, what are you doing with your life"	Joey	Joey	present	char_tracker_stage05	joey	present	1.0		high	
1	15	41.89	45.17	Stuff, I can say, well, I'm doing a movie with trout and Heston.	Joey	high	qa_review_resolved_bridge	0.9	dialogue	True	False	Phoebe | Joey | Monica | Ross	Joey	Joey	False		Filled from previous same-scene context. | QA resolved prior review by same-speaker bridge.				present	char_tracker_stage05	joey	present			high	
1	16	45.17	46.33	Dad, what are you doing with your life?	Joey	medium	scene_context_inference	0.68	dialogue	True	False	Phoebe | Joey | Monica | Ross	Joey		True	medium_confidence_context_fill	Filled from previous same-scene context.				present	char_tracker_stage05	joey	present			medium	
2	17	51.93	54.89	You don't have to stop having fun just because I'm here.	Chandler	high	community_transcript_match	1.0	dialogue	False	True	Chandler | Monica | Rachel | Joey | Ross		Chandler	False		Speaker agrees with available community-transcript mapping.	You don’t have to stop having fun just because I’m here. Kathy didn’t cheat on all of you. (To Joey) Well, except you. (They hug and Chandler goes into the bathroom with the chick and duck following him.)	Chandler	Chandler	present	char_tracker_stage05	chandler	present	1.0		high	
2	18	54.89	56.73	Kathy didn't cheat on all of you.	Chandler	high	community_transcript_match	1.0	dialogue	False	True	Chandler | Monica | Rachel | Joey | Ross	Chandler	Chandler	False		Speaker agrees with available community-transcript mapping.	Kathy didn't cheat on all of you	Chandler	Chandler	present	char_tracker_stage05	chandler	present	1.0		high	
2	19	59.38	60.42	Well, except you.	Chandler	high	community_transcript_match	1.0	dialogue	False	True	Chandler | Monica | Rachel | Joey | Ross	Chandler	Monica	False		Speaker agrees with available community-transcript mapping.	Well, except you	Chandler	Chandler	present	char_tracker_stage05	chandler|joey|monica	present	1.0		high	
2	20	70.18	71.54	You know what is so sweet?	Monica	high	qa_review_resolved_ct_support	1.0	dialogue	False	True	Chandler | Monica | Rachel | Joey | Ross	Chandler	Monica	True	speaker_no_face	Speaker agrees with available community-transcript mapping. | QA resolved prior review with community-transcript support.	You know what is so sweet	Monica	Monica	absent	char_tracker_stage05		absent	0.0		medium	speaker_no_face
2	21	72.02	74.34	Those birds have not left his side the whole time.	Monica	high	qa_review_resolved_ct_support	1.0	dialogue	False	True	Chandler | Monica | Rachel | Joey | Ross	Monica	Rachel	True	speaker_no_face	Speaker agrees with available community-transcript mapping. | QA resolved prior review with community-transcript support.	(to Rachel) You know what is so sweet? Those birds have not left his side the whole time.	Monica	Monica	partial	char_tracker_stage05		absent	0.0		medium	speaker_no_face
2	22	74.5	76.1	Yeah, I wish that rooster were dead.	Rachel	high	community_transcript_match	1.0	dialogue	False	True	Chandler | Monica | Rachel | Joey | Ross	Monica	Monica	False		Speaker agrees with available community-transcript mapping.	Yeah, I wish that rooster were dead.	Rachel	Rachel	present	char_tracker_stage05	rachel	present	1.0		high	
2	23	77.7	80.38	Hey, Joey, I don't think that you should leave Chandler alone.	Monica	high	community_transcript_match	1.0	dialogue	False	True	Chandler | Monica | Rachel | Joey | Ross	Rachel	Monica	False		Speaker agrees with available community-transcript mapping.	Hey, Joey, I don’t think that you should leave Chandler alone. I mean it’s only been two days since he broke up with Kathy. Maybe you can go fishing next week?	Monica	Monica	present	char_tracker_stage05	monica	present	1.0		high	
2	24	80.38	82.66	I mean, it's only been two days since he broke up with Kathy.	Monica	high	community_transcript_match	1.0	dialogue	False	True	Chandler | Monica | Rachel | Joey | Ross	Monica	Monica	False		Speaker agrees with available community-transcript mapping.	I mean it's only been two days since he broke up with Kathy	Monica	Monica	present	char_tracker_stage05	monica	present	1.0		high	
2	25	82.99	84.19	Maybe you can go fishing next week.	Monica	high	community_transcript_match	1.0	dialogue	False	True	Chandler | Monica | Rachel | Joey | Ross	Monica	Joey	False		Speaker agrees with available community-transcript mapping.	Maybe you can go fishing next week	Monica	Monica	present	char_tracker_stage05	monica	present	1.0		high	
2	26	84.51	86.15	Look, there's nothing I can do for him right now.	Joey	high	community_transcript_match	1.0	dialogue	False	True	Chandler | Monica | Rachel | Joey | Ross	Monica	Joey	False		Speaker agrees with available community-transcript mapping.	Look, there’s nothing I can do for him right now, he’s still in his sweat pants, that’s still Phase One. Y'know? I’ll be back for Phase Two, I would never miss Phase Two.	Joey	Joey	present	char_tracker_stage05	joey|ross	present	1.0		high	
2	27	86.15	87.23	He's still in his sweatpants.	Joey	medium	visual_disambiguation	0.74	dialogue	True	False	Chandler | Monica | Rachel | Joey | Ross	Joey	Joey	False		Only one of the two text-context candidates was visually present in the window.				present	char_tracker_stage05	joey|ross	present			medium	
2	28	87.47	88.59	That's only phase one.	Joey	medium	visual_disambiguation	0.74	dialogue	True	False	Chandler | Monica | Rachel | Joey | Ross	Joey	Joey	False		Only one of the two text-context candidates was visually present in the window.				present	char_tracker_stage05	joey|ross	present			medium	
2	29	90.99	92.27	I'll be back for phase two.	Joey	medium	visual_disambiguation	0.74	dialogue	True	False	Chandler | Monica | Rachel | Joey | Ross	Joey	Joey	False		Only one of the two text-context candidates was visually present in the window.				present	char_tracker_stage05	joey|ross	present			medium	
2	30	92.27	93.63	I would never miss phase two.	Joey	medium	scene_context_inference	0.66	dialogue	True	False	Chandler | Monica | Rachel | Joey | Ross	Joey	Monica	True	two_sided_context_ambiguous	No direct transcript match; longer line defaulted to previous speaker in same scene.				present	char_tracker_stage05	joey|monica|phoebe|rachel|ross	present			medium	
2	31	94.67	95.71	What's phase two?	Monica	high	community_transcript_match	1.0	dialogue	False	True	Chandler | Monica | Rachel | Joey | Ross	Joey	Joey	False		Speaker agrees with available community-transcript mapping.	What’s Phase Two?	Monica	Monica	present	char_tracker_stage05	joey|monica|phoebe|rachel|ross	present	1.0		high	
2	32	96.03	97.79	Getting drunk and going to a strip club.	Joey	high	community_transcript_match	1.0	dialogue	False	True	Chandler | Monica | Rachel | Joey | Ross	Monica	Rachel	False		Speaker agrees with available community-transcript mapping.	Gettin’ drunk and going to a strip club.	Joey	Joey	present	char_tracker_stage05	joey|ross	present	1.0		high	
2	33	100.11	102.59	How does going to a strip club make him better?	Rachel	high	community_transcript_match	1.0	dialogue	False	True	Chandler | Monica | Rachel | Joey | Ross	Joey	Ross	False		Speaker agrees with available community-transcript mapping.	How does going to a strip club help him better?	Rachel	Rachel	present	char_tracker_stage05	monica|rachel	present	1.0		high	
2	34	102.67	104.03	There are naked ladies there.	Ross	high	community_transcript_match	1.0	dialogue	False	True	Chandler | Monica | Rachel | Joey | Ross	Rachel	Joey	False		Speaker agrees with available community-transcript mapping.	Because there are naked ladies there.	Ross	Ross	present	char_tracker_stage05	joey|ross	present	1.0		high	
2	35	105.47	106.99	Oh, and it helps him get to phase three.	Joey	high	community_transcript_match	1.0	dialogue	False	True	Chandler | Monica | Rachel | Joey | Ross	Ross	Joey	False		Speaker agrees with available community-transcript mapping.	which helps him get to phase three	Joey	Joey	present	char_tracker_stage05	joey|ross	present	1.0		high	
2	36	106.99	108.35	Picturing yourself with other women.	Joey	high	community_transcript_match	1.0	dialogue	False	True	Chandler | Monica | Rachel | Joey | Ross	Joey	Ross	False		Speaker agrees with available community-transcript mapping.	Which helps him get to Phase Three, picturing yourself with other women.	Joey	Joey	present	char_tracker_stage05	joey|ross	present	1.0		high	
2	37	108.43	109.95	There are naked ladies there too?	Ross	high	community_transcript_match	1.0	dialogue	False	True	Chandler | Monica | Rachel | Joey | Ross	Joey	Joey	False		Speaker agrees with available community-transcript mapping.	There are naked ladies there too.	Ross	Ross	present	char_tracker_stage05	joey|ross	present	1.0		high	
2	38	109.95	110.43	Yeah.	Joey	high	community_transcript_match	1.0	dialogue	False	True	Chandler | Monica | Rachel | Joey | Ross	Ross	Chandler	False		Speaker agrees with available community-transcript mapping.	Yeah.	Joey	Joey	present	char_tracker_stage05	joey|ross	present	0.5		high	
2	39	112.99	114.74	Would you give me one minute, please?	Chandler	high	qa_review_resolved_ct_support	1.0	dialogue	False	True	Chandler | Monica | Rachel | Joey | Ross	Joey		True	speaker_no_face	Speaker agrees with available community-transcript mapping. | QA resolved prior review with community-transcript support.	(opening the bathroom door and kicking out the chick and duck) Would you give me one minute!! Please.	Chandler	Chandler	absent	char_tracker_stage05		absent	0.0		medium	speaker_no_face
4	40	126.81	129.01	So these will match the jacket you picked out for me last week.	Joshua	high	community_transcript_match	1.0	dialogue	False	True	Joshua | Rachel		Rachel	False		Speaker agrees with available community-transcript mapping.	So, these will match the jacket you picked out for me last week?	Joshua	Joshua	absent	char_tracker_stage05		unobserved			high	
4	41	129.01	129.61	Mm.	Rachel	medium	short_turn_alternation	0.7	dialogue	True	False	Joshua | Rachel	Joshua	Rachel	True	short_utterance_between_two_speakers | speaker_no_face	Short utterance inferred from local turn alternation.				absent	char_tracker_stage05		absent			medium	speaker_no_face
4	42	130.649	131.45	There we go.	Rachel	high	qa_review_resolved_bridge	1.0	dialogue	False	True	Joshua | Rachel	Rachel	Rachel	True	speaker_no_face	Speaker agrees with available community-transcript mapping. | QA resolved prior review by same-speaker bridge.	There we go	Rachel	Rachel	absent	char_tracker_stage05		absent	0.0		medium	speaker_no_face
4	43	133.61	134.57	There it is.	Rachel	high	qa_review_resolved_ct_support	1.0	dialogue	False	True	Joshua | Rachel	Rachel	Joshua	True	speaker_no_face	Speaker agrees with available community-transcript mapping. | QA resolved prior review with community-transcript support.	Um-hmm. (Joshua turns to look in the mirror and leaves Rachel staring at his ass.) There we go. There it is.	Rachel	Rachel	absent	char_tracker_stage05		absent	0.0		medium	speaker_no_face
4	44	136.09	137.21	Oh, you know what I need?	Joshua	high	community_transcript_match	1.0	dialogue	False	True	Joshua | Rachel	Rachel	Rachel	False		Speaker agrees with available community-transcript mapping.	(turning around) Oh! You know what I need?	Joshua	Joshua	absent	char_tracker_stage05		unobserved			high	
4	45	137.21	138.09	Yeah, Gloves.	Rachel	high	qa_review_resolved_ct_support	1.0	dialogue	False	True	Joshua | Rachel	Joshua	Joshua	True	speaker_no_face	Speaker agrees with available community-transcript mapping. | QA resolved prior review with community-transcript support.	Yeah!	Rachel	Rachel	absent	char_tracker_stage05		absent	0.0		medium	speaker_no_face
4	46	138.65	140.17	Brown leather dress gloves.	Joshua	high	community_transcript_match	1.0	dialogue	False	True	Joshua | Rachel	Rachel	Rachel	False		Speaker agrees with available community-transcript mapping.	Gloves. Brown, leather dress gloves.	Joshua	Joshua	absent	char_tracker_stage05		unobserved			high	
4	47	140.37	141.25	Oh, okay.	Rachel	high	qa_review_resolved_ct_support	1.0	dialogue	False	True	Joshua | Rachel	Joshua	Rachel	True	speaker_no_face	Speaker agrees with available community-transcript mapping. | QA resolved prior review with community-transcript support.	oh okay uhh and this one	Rachel	Rachel	absent	char_tracker_stage05		absent	0.0		medium	speaker_no_face
4	48	141.57	142.21	Well, let's see.	Rachel	high	qa_review_resolved_bridge	1.0	dialogue	False	True	Joshua | Rachel	Rachel	Rachel	True	speaker_no_face	Speaker agrees with available community-transcript mapping. | QA resolved prior review by same-speaker bridge.	oh okay uhh well let's see and this one	Rachel	Rachel	absent	char_tracker_stage05		absent	0.0		medium	speaker_no_face
4	49	142.21	142.85	You're about.	Rachel	high	qa_review_resolved_bridge	1.0	dialogue	False	True	Joshua | Rachel	Rachel	Rachel	True	speaker_no_face	Speaker agrees with available community-transcript mapping. | QA resolved prior review by same-speaker bridge.	oh okay uhh well let's see you're about and this one	Rachel	Rachel	absent	char_tracker_stage05		absent	0.0		medium	speaker_no_face
4	50	142.93	144.13	Well, this one is large.	Rachel	high	community_transcript_match	1.0	dialogue	False	True	Joshua | Rachel	Rachel	Rachel	False		Speaker agrees with available community-transcript mapping.	Oh, okay. Uhh, well let’s see. (Grabs his hand.) You’re about—well uh, this one is large. And this one—(Grabs the other hand.)	Rachel	Rachel	present	char_tracker_stage05	rachel	present	0.6667		high	
4	51	145.09	146.61	And this one.	Rachel	high	qa_review_resolved_ct_support	1.0	dialogue	False	True	Joshua | Rachel	Rachel	Joshua	True	speaker_no_face	Speaker agrees with available community-transcript mapping. | QA resolved prior review with community-transcript support.	And this one—	Rachel	Rachel	absent	char_tracker_stage05		absent	0.0		medium	speaker_no_face
4	52	147.09	147.89	Also large.	Joshua	high	community_transcript_match	1.0	dialogue	False	True	Joshua | Rachel	Rachel	Rachel	False		Speaker agrees with available community-transcript mapping.	Also large?	Joshua	Joshua	present	char_tracker_stage05	rachel	unobserved			high	
4	53	147.89	149.41	Yeah, okay.	Rachel	high	community_transcript_match	1.0	dialogue	False	True	Joshua | Rachel	Joshua	Rachel	False		Speaker agrees with available community-transcript mapping.	Yeah! Okay, two larges coming right up!	Rachel	Rachel	present	char_tracker_stage05	rachel	present	1.0		high	
4	54	149.49	151.01	Too large is coming right up.	Rachel	high	community_transcript_match	1.0	dialogue	False	True	Joshua | Rachel	Rachel	Rachel	False		Speaker agrees with available community-transcript mapping.	two larges coming right up	Rachel	Rachel	present	char_tracker_stage05	rachel	present	0.6667		high	
4	55	153.65	154.05	No.	Rachel	medium	scene_context_inference	0.68	dialogue	True	False	Joshua | Rachel	Rachel		True	scene_end_short_utterance | speaker_no_face	Filled from previous same-scene context.				absent	char_tracker_stage05		absent			medium	speaker_no_face
5	56	157.17	157.97	Damn you.	Rachel	high	qa_review_resolved_ct_support	1.0	dialogue	False	True	Rachel | Mr. Waltham | Joshua		Mr. Waltham	True	speaker_no_face	Speaker agrees with available community-transcript mapping. | QA resolved prior review with community-transcript support.	Hello. (Joshua leaves the room.) (to the mannequin) Damn you!	Rachel	Rachel	absent	char_tracker_stage05		absent	0.0		medium	speaker_no_face
5	57	158.61	159.17	Rachel.	Mr. Waltham	high	community_transcript_match	1.0	dialogue	False	True	Rachel | Mr. Waltham | Joshua	Rachel	Mr. Waltham	False		Speaker agrees with available community-transcript mapping.	Rachel	Mr. Waltham	Mr. Waltham	absent	char_tracker_stage05		unobserved			high	
5	58	159.25	160.25	Could I have a moment?	Mr. Waltham	high	community_transcript_match	1.0	dialogue	False	True	Rachel | Mr. Waltham | Joshua	Mr. Waltham	Mr. Waltham	False		Speaker agrees with available community-transcript mapping.	(entering) Rachel! Could I have a moment?	Mr. Waltham	Mr. Waltham	absent	char_tracker_stage05		unobserved			high	
5	59	160.25	160.61	Sure.	Mr. Waltham	high	scene_context_bridge	0.88	dialogue	True	False	Rachel | Mr. Waltham | Joshua	Mr. Waltham	Mr. Waltham	False		Same speaker appears on both sides within the same scene.				absent	char_tracker_stage05		unobserved			high	
5	60	160.77	161.61	I was wondering.	Mr. Waltham	high	scene_context_bridge	0.88	dialogue	True	False	Rachel | Mr. Waltham | Joshua	Mr. Waltham	Mr. Waltham	False		Same speaker appears on both sides within the same scene.				absent	char_tracker_stage05		unobserved			high	
5	61	161.61	163.65	My niece, you see, is in town from London.	Mr. Waltham	high	scene_context_bridge	0.88	dialogue	True	False	Rachel | Mr. Waltham | Joshua	Mr. Waltham	Mr. Waltham	False		Same speaker appears on both sides within the same scene.				absent	char_tracker_stage05		unobserved			high	
5	62	163.65	165.33	Well, Shropshire, really, but, you know.	Mr. Waltham	high	scene_context_bridge	0.88	dialogue	True	False	Rachel | Mr. Waltham | Joshua	Mr. Waltham	Mr. Waltham	False		Same speaker appears on both sides within the same scene.				partial	char_tracker_stage05		unobserved			high	
5	63	165.73	167.49	Well, she's about your age, I'd say.	Mr. Waltham	high	scene_context_bridge	0.88	dialogue	True	False	Rachel | Mr. Waltham | Joshua	Mr. Waltham	Mr. Waltham	False		Same speaker appears on both sides within the same scene.				present	char_tracker_stage05	rachel	unobserved			high	
5	64	167.98	171.66	Anyway, I have tickets for the opera Die Fledermaus.	Mr. Waltham	high	scene_context_bridge	0.88	dialogue	True	False	Rachel | Mr. Waltham | Joshua	Mr. Waltham	Mr. Waltham	False		Same speaker appears on both sides within the same scene.				partial	char_tracker_stage05		unobserved			high	
5	65	171.9	174.54	And I was wondering if you would like to keep her company this evening.	Mr. Waltham	high	community_transcript_match	1.0	dialogue	False	True	Rachel | Mr. Waltham | Joshua	Mr. Waltham	Rachel	False		Speaker agrees with available community-transcript mapping.	I-I was wondering, my niece you see is in from London—well Shropshire really but y’know—well she’s about your age I say. Anyway I have tickets for the opera, De Fladermouse, and I was wondering if you’d like to keep her company this evening?	Mr. Waltham	Mr. Waltham	partial	char_tracker_stage05		unobserved			high	
5	66	174.54	174.9	Sure.	Rachel	high	community_transcript_match	1.0	dialogue	False	True	Rachel | Mr. Waltham | Joshua	Mr. Waltham	Rachel	False		Speaker agrees with available community-transcript mapping.	Sure. You got it. Great!	Rachel	Rachel	present	char_tracker_stage05	rachel	present	1.0		high	
5	67	174.9	175.5	You got it.	Rachel	high	community_transcript_match	1.0	dialogue	False	True	Rachel | Mr. Waltham | Joshua	Rachel	Rachel	False		Speaker agrees with available community-transcript mapping.	You got it	Rachel	Rachel	present	char_tracker_stage05	rachel	present	1.0		high	
5	68	175.66	176.06	Great.	Rachel	high	community_transcript_match	1.0	dialogue	False	True	Rachel | Mr. Waltham | Joshua	Rachel	Rachel	False		Speaker agrees with available community-transcript mapping.	Great	Rachel	Rachel	present	char_tracker_stage05	rachel	present	1.0		high	
5	69	176.22	176.74	Count me in.	Rachel	high	scene_context_bridge	0.88	dialogue	True	False	Rachel | Mr. Waltham | Joshua	Rachel	Rachel	False		Same speaker appears on both sides within the same scene.				present	char_tracker_stage05	rachel	present			high	
5	70	176.74	177.66	Me Fledermause.	Rachel	high	scene_context_bridge	0.88	dialogue	True	False	Rachel | Mr. Waltham | Joshua	Rachel	Rachel	False		Same speaker appears on both sides within the same scene.				present	char_tracker_stage05	rachel	present			high	
5	71	177.66	177.9	Great.	Rachel	high	community_transcript_match	1.0	dialogue	False	True	Rachel | Mr. Waltham | Joshua	Rachel	Rachel	False		Speaker agrees with available community-transcript mapping.	Me, Fladermouse, great. I really—(motions to Joshua.)	Rachel	Rachel	present	char_tracker_stage05	rachel	present	1.0		high	
5	72	178.3	179.34	I really appreciate it.	Rachel	high	qa_review_resolved_ct_support	1.0	dialogue	False	True	Rachel | Mr. Waltham | Joshua	Rachel	Mr. Waltham	True	speaker_no_face	Speaker agrees with available community-transcript mapping. | QA resolved prior review with community-transcript support.	I really—	Rachel	Rachel	absent	char_tracker_stage05		absent	0.0		medium	speaker_no_face
5	73	179.34	180.38	Oh, yes, of course.	Mr. Waltham	high	community_transcript_match	1.0	dialogue	False	True	Rachel | Mr. Waltham | Joshua	Rachel	Mr. Waltham	False		Speaker agrees with available community-transcript mapping.	ohh yes of course	Mr. Waltham	Mr. Waltham	absent	char_tracker_stage05		unobserved			high	
5	74	180.38	180.94	Thank you.	Mr. Waltham	high	community_transcript_match	1.0	dialogue	False	True	Rachel | Mr. Waltham | Joshua	Mr. Waltham	Mr. Waltham	False		Speaker agrees with available community-transcript mapping.	ohh yes of course thank you	Mr. Waltham	Mr. Waltham	absent	char_tracker_stage05		unobserved			high	
5	75	181.1	181.7	Thank you.	Mr. Waltham	high	community_transcript_match	1.0	dialogue	False	True	Rachel | Mr. Waltham | Joshua	Mr. Waltham	Mr. Waltham	False		Speaker agrees with available community-transcript mapping.	ohh yes of course thank you thank you	Mr. Waltham	Mr. Waltham	absent	char_tracker_stage05		unobserved			high	
5	76	181.7	182.86	Thank you so very much.	Mr. Waltham	high	community_transcript_match	1.0	dialogue	False	True	Rachel | Mr. Waltham | Joshua	Mr. Waltham	Joshua	False		Speaker agrees with available community-transcript mapping.	Ohh! Yes of course, thank you, thank you, thank you so very much.	Mr. Waltham	Mr. Waltham	absent	char_tracker_stage05		unobserved			high	
5	77	184.38	184.78	So.	Joshua	high	community_transcript_match	1.0	dialogue	False	True	Rachel | Mr. Waltham | Joshua	Mr. Waltham	Rachel	False		Speaker agrees with available community-transcript mapping.	"So…(Holds out his hands as to say, ""Where are my gloves?"")"	Joshua	Joshua	absent	char_tracker_stage05		unobserved			high	
5	78	187.98	188.38	So.	Rachel	high	community_transcript_match	1.0	dialogue	False	True	Rachel | Mr. Waltham | Joshua	Joshua	Joshua	False		Speaker agrees with available community-transcript mapping.	So? (She puts her hands in his, totally forgetting about the gloves, and hoping for something more intimate.)	Rachel	Rachel	present	char_tracker_stage05	rachel	present	1.0		high	
5	79	193.58	194.14	Gloves?	Joshua	high	community_transcript_match	1.0	dialogue	False	True	Rachel | Mr. Waltham | Joshua	Rachel	Rachel	False		Speaker agrees with available community-transcript mapping.	Gloves?	Joshua	Joshua	present	char_tracker_stage05	rachel	unobserved			high	
5	80	194.42	195.06	Oh, right.	Rachel	medium	visual_disambiguation	0.74	dialogue	True	False	Rachel | Mr. Waltham | Joshua	Joshua	Rachel	False		Only one of the two text-context candidates was visually present in the window.				present	char_tracker_stage05	rachel	present			medium	
5	81	195.22	195.66	Sorry.	Rachel	high	community_transcript_match	1.0	dialogue	False	True	Rachel | Mr. Waltham | Joshua	Rachel	Rachel	False		Speaker agrees with available community-transcript mapping.	ohh right right sorry	Rachel	Rachel	present	char_tracker_stage05	rachel	present	1.0		high	
5	82	195.66	196.46	I'll be right back.	Rachel	high	community_transcript_match	1.0	dialogue	False	True	Rachel | Mr. Waltham | Joshua	Rachel	Rachel	False		Speaker agrees with available community-transcript mapping.	Ohh! Right! Right, sorry, I’ll be right back!	Rachel	Rachel	present	char_tracker_stage05	rachel	present	1.0		high	
5	83	196.46	197.18	Actually, you know what?	Rachel	medium	visual_disambiguation	0.74	dialogue	True	False	Rachel | Mr. Waltham | Joshua	Rachel	Joshua	False		Only one of the two text-context candidates was visually present in the window.				present	char_tracker_stage05	rachel	present			medium	
5	84	197.18	197.66	I kinda.	Joshua	high	community_transcript_match	1.0	dialogue	False	True	Rachel | Mr. Waltham | Joshua	Rachel	Joshua	False		Speaker agrees with available community-transcript mapping.	Uhh, actually y’know what, I kinda—I have to take off.	Joshua	Joshua	present	char_tracker_stage05	rachel	unobserved			high	
5	85	197.66	198.42	I gotta take off.	Joshua	high	scene_context_bridge	0.88	dialogue	True	False	Rachel | Mr. Waltham | Joshua	Joshua	Joshua	False		Same speaker appears on both sides within the same scene.				present	char_tracker_stage05	rachel	unobserved			high	
5	86	198.66	199.78	But I was curious.	Joshua	high	community_transcript_match	1.0	dialogue	False	True	Rachel | Mr. Waltham | Joshua	Joshua	Joshua	False		Speaker agrees with available community-transcript mapping.	But, I was curious	Joshua	Joshua	present	char_tracker_stage05	rachel	unobserved			high	
5	87	200.34	202.02	Do you have any plans for tonight?	Joshua	high	community_transcript_match	1.0	dialogue	False	True	Rachel | Mr. Waltham | Joshua	Joshua	Rachel	False		Speaker agrees with available community-transcript mapping.	But, I was curious; do you have any plans for tonight?	Joshua	Joshua	present	char_tracker_stage05	rachel	unobserved			high	
5	88	202.42	203.7	No, nothing.	Rachel	high	community_transcript_match	1.0	dialogue	False	True	Rachel | Mr. Waltham | Joshua	Joshua	Joshua	False		Speaker agrees with available community-transcript mapping.	No! Nothing!	Rachel	Rachel	present	char_tracker_stage05	rachel	present	1.0		high	
5	89	203.78	205.42	I invested in this Nightclub.	Joshua	high	community_transcript_match	1.0	dialogue	False	True	Rachel | Mr. Waltham | Joshua	Rachel	Joshua	False		Speaker agrees with available community-transcript mapping.	i invested in this night club would you like to come	Joshua	Joshua	partial	char_tracker_stage05		unobserved			high	
5	90	205.42	206.3	And it's opening tonight.	Joshua	high	community_transcript_match	1.0	dialogue	False	True	Rachel | Mr. Waltham | Joshua	Joshua	Joshua	False		Speaker agrees with available community-transcript mapping.	I invested in this night-club and it’s opening tonight, would you like to come?	Joshua	Joshua	absent	char_tracker_stage05		unobserved			high	
5	91	206.3	207.06	Would you like to come?	Joshua	high	community_transcript_match	1.0	dialogue	False	True	Rachel | Mr. Waltham | Joshua	Joshua	Rachel	False		Speaker agrees with available community-transcript mapping.	i invested in this night club would you like to come	Joshua	Joshua	present	char_tracker_stage05	rachel	unobserved			high	
5	92	207.38	208.58	Yeah, that would be great.	Rachel	high	community_transcript_match	1.0	dialogue	False	True	Rachel | Mr. Waltham | Joshua	Joshua	Joshua	False		Speaker agrees with available community-transcript mapping.	Yeah! That would be great!	Rachel	Rachel	present	char_tracker_stage05	rachel	present	1.0		high	
5	93	209.38	211.14	You're into hardcore S and M, right?	Joshua	high	community_transcript_match	1.0	dialogue	False	True	Rachel | Mr. Waltham | Joshua	Rachel	Rachel	False		Speaker agrees with available community-transcript mapping.	You’re into hardcore S&M right?	Joshua	Joshua	present	char_tracker_stage05	rachel	unobserved			high	
5	94	214.26	215.3	Well, I get.	Rachel	high	community_transcript_match	1.0	dialogue	False	True	Rachel | Mr. Waltham | Joshua	Joshua	Joshua	False		Speaker agrees with available community-transcript mapping.	(shocked) Well, I-I guess—I…	Rachel	Rachel	present	char_tracker_stage05	rachel	present	1.0		high	
5	95	215.3	215.86	No kidding.	Joshua	high	community_transcript_match	1.0	dialogue	False	True	Rachel | Mr. Waltham | Joshua	Rachel	Joshua	False		Speaker agrees with available community-transcript mapping.	Kidding	Joshua	Joshua	present	char_tracker_stage05	rachel	unobserved			high	
5	96	218.74	221.34	I gotta get there early, but I'm gonna put you on the VIP list.	Joshua	high	community_transcript_match	1.0	dialogue	False	True	Rachel | Mr. Waltham | Joshua	Joshua	Rachel	False		Speaker agrees with available community-transcript mapping.	Kidding! (Rachel is relived) I’m gonna get there early, but I’m going to put you on the V.I.P list, okay? Look for me.	Joshua	Joshua	present	char_tracker_stage05	rachel	unobserved			high	
5	97	221.34	221.7	Okay.	Rachel	medium	visual_disambiguation	0.74	dialogue	True	False	Rachel | Mr. Waltham | Joshua	Joshua	Rachel	False		Only one of the two text-context candidates was visually present in the window.				present	char_tracker_stage05	rachel	present			medium	
5	98	221.7	222.34	Look for me?	Rachel	high	scene_context_bridge	0.88	dialogue	True	False	Rachel | Mr. Waltham | Joshua	Rachel	Rachel	False		Same speaker appears on both sides within the same scene.				present	char_tracker_stage05	rachel	present			high	
5	99	222.67	223.23	Yeah, great.	Rachel	high	community_transcript_match	1.0	dialogue	False	True	Rachel | Mr. Waltham | Joshua	Rachel	Rachel	False		Speaker agrees with available community-transcript mapping.	yeah great	Rachel	Rachel	present	char_tracker_stage05	rachel	present	1.0		high	
5	100	223.23	223.79	You betcha.	Rachel	high	community_transcript_match	1.0	dialogue	False	True	Rachel | Mr. Waltham | Joshua	Rachel	Rachel	False		Speaker agrees with available community-transcript mapping.	Yeah, great, you betcha!	Rachel	Rachel	present	char_tracker_stage05	rachel	present	1.0		high	
5	101	223.79	224.51	I'll see you tonight.	Rachel	medium	visual_disambiguation	0.74	dialogue	True	False	Rachel | Mr. Waltham | Joshua	Rachel	Mr. Waltham	False		Only one of the two text-context candidates was visually present in the window.				present	char_tracker_stage05	rachel	present			medium	
5	102	224.51	224.99	Okay.	Mr. Waltham	medium	short_turn_alternation	0.7	dialogue	True	False	Rachel | Mr. Waltham | Joshua	Rachel	Mr. Waltham	True	short_utterance_between_two_speakers	Short utterance inferred from local turn alternation.				absent	char_tracker_stage05		unobserved			medium	
5	103	225.07	225.63	Okay.	Mr. Waltham	high	scene_context_bridge	0.88	dialogue	True	False	Rachel | Mr. Waltham | Joshua	Mr. Waltham	Mr. Waltham	False		Same speaker appears on both sides within the same scene.				absent	char_tracker_stage05		unobserved			high	
5	104	226.75	228.67	I almost forgot the tickets, didn't I?	Mr. Waltham	high	community_transcript_match	1.0	dialogue	False	True	Rachel | Mr. Waltham | Joshua	Mr. Waltham	Rachel	False		Speaker agrees with available community-transcript mapping.	(entering) I almost forget the tickets, didn’t I?	Mr. Waltham	Mr. Waltham	absent	char_tracker_stage05		unobserved			high	
5	105	228.75	229.15	What?	Rachel	high	qa_review_resolved_ct_support	1.0	dialogue	False	True	Rachel | Mr. Waltham | Joshua	Mr. Waltham	Mr. Waltham	True	speaker_no_face	Speaker agrees with available community-transcript mapping. | QA resolved prior review with community-transcript support.	What?	Rachel	Rachel	absent	char_tracker_stage05		absent	0.0		medium	speaker_no_face
5	106	229.55	230.67	For you and Emily.	Mr. Waltham	high	community_transcript_match	1.0	dialogue	False	True	Rachel | Mr. Waltham | Joshua	Rachel	Mr. Waltham	False		Speaker agrees with available community-transcript mapping.	For you and Emily, tonight, De Fladermouse.	Mr. Waltham	Mr. Waltham	absent	char_tracker_stage05		unobserved			high	
5	107	230.83	231.47	Tonight.	Mr. Waltham	high	community_transcript_match	1.0	dialogue	False	True	Rachel | Mr. Waltham | Joshua	Mr. Waltham	Rachel	False		Speaker agrees with available community-transcript mapping.	tonight de fladermouse	Mr. Waltham	Mr. Waltham	absent	char_tracker_stage05		unobserved			high	
5	108	231.79	233.07	Defle de mals.	Rachel	low	scene_context_inference	0.58	dialogue	True	False	Rachel | Mr. Waltham | Joshua	Mr. Waltham	Rachel	True	two_sided_context_ambiguous | speaker_no_face	No direct transcript match; weak local context only.				absent	char_tracker_stage05		absent			low	speaker_no_face
5	109	234.35	234.83	Oh.	Rachel	high	qa_review_resolved_bridge	1.0	reaction	False	True	Rachel | Mr. Waltham | Joshua	Rachel	Rachel	True	speaker_no_face	Speaker agrees with available community-transcript mapping. | QA resolved prior review by same-speaker bridge.	Oh	Rachel	Rachel	absent	char_tracker_stage05		absent	0.0		medium	speaker_no_face
5	110	235.23	236.11	Oh, right.	Rachel	high	qa_review_resolved_ct_support	1.0	dialogue	False	True	Rachel | Mr. Waltham | Joshua	Rachel	Mr. Waltham	True	speaker_no_face	Speaker agrees with available community-transcript mapping. | QA resolved prior review with community-transcript support.	Oh. Oh, right.	Rachel	Rachel	absent	char_tracker_stage05		absent	0.0		medium	speaker_no_face
5	111	236.19	237.23	I think you'll like it.	Mr. Waltham	high	community_transcript_match	1.0	dialogue	False	True	Rachel | Mr. Waltham | Joshua	Rachel	Mr. Waltham	False		Speaker agrees with available community-transcript mapping.	i think you'll like it tenors	Mr. Waltham	Mr. Waltham	absent	char_tracker_stage05		unobserved			high	
5	112	237.23	238.99	It has two out of the three tenners.	Mr. Waltham	high	community_transcript_match	1.0	dialogue	False	True	Rachel | Mr. Waltham | Joshua	Mr. Waltham	Mr. Waltham	False		Speaker agrees with available community-transcript mapping.	I think you’ll like it, it has two out of the three tenors.	Mr. Waltham	Mr. Waltham	absent	char_tracker_stage05		unobserved			high	
5	113	239.47	240.27	Okay.	Mr. Waltham	high	qa_review_resolved_bridge	0.9	dialogue	True	False	Rachel | Mr. Waltham | Joshua	Mr. Waltham	Mr. Waltham	False		Filled from previous same-scene context. | QA resolved prior review by same-speaker bridge.				present	char_tracker_stage05	rachel	unobserved			high	
5	114	240.35	240.83	Yes.	Mr. Waltham	high	qa_review_resolved_bridge	0.9	dialogue	True	False	Rachel | Mr. Waltham | Joshua	Mr. Waltham	Mr. Waltham	False		Filled from previous same-scene context. | QA resolved prior review by same-speaker bridge.				present	char_tracker_stage05	rachel	unobserved			high	
5	115	246.91	248.75	You know, I can't believe Kathy did this to me.	Mr. Waltham	high	qa_review_resolved_bridge	0.9	dialogue	True	False	Rachel | Mr. Waltham | Joshua	Mr. Waltham	Mr. Waltham	False		Filled from previous same-scene context. | QA resolved prior review by same-speaker bridge.				present	char_tracker_stage05	chandler|monica|phoebe|ross	unobserved			high	
5	116	248.75	250.71	I really thought that she was the one.	Mr. Waltham	high	qa_review_resolved_bridge	0.9	dialogue	True	False	Rachel | Mr. Waltham | Joshua	Mr. Waltham	Mr. Waltham	False		Filled from previous same-scene context. | QA resolved prior review by same-speaker bridge.				present	char_tracker_stage05	chandler|phoebe	unobserved			high	
5	117	251.91	252.87	Well, I'll tell you what.	Mr. Waltham	high	qa_review_resolved_bridge	0.9	dialogue	True	False	Rachel | Mr. Waltham | Joshua	Mr. Waltham	Mr. Waltham	False		Continuation-style opener favors previous speaker within the same scene. | QA resolved prior review by same-speaker bridge.				present	char_tracker_stage05	chandler|monica|phoebe	unobserved			high	
5	118	253.35	255.27	From now on, I'm not getting out of this chair.	Mr. Waltham	high	qa_review_resolved_bridge	0.9	dialogue	True	False	Rachel | Mr. Waltham | Joshua	Mr. Waltham	Mr. Waltham	False		Filled from previous same-scene context. | QA resolved prior review by same-speaker bridge.				present	char_tracker_stage05	chandler|monica|phoebe	unobserved			high	
5	119	255.43	255.83	Ever.	Mr. Waltham	medium	scene_context_inference	0.68	dialogue	True	False	Rachel | Mr. Waltham | Joshua	Mr. Waltham		True	scene_end_short_utterance	Filled from previous same-scene context.				present	char_tracker_stage05	chandler|monica|phoebe	unobserved			medium	
6	120	255.91	258.23	Okay, from now on, this chair is the one.	Chandler	high	community_transcript_match	1.0	dialogue	False	True	Chandler | Ross | Phoebe | Joey		Chandler	False		Speaker agrees with available community-transcript mapping.	Y’know, I can’t believe Kathy did this too me. I really, thought that she was the one. I tell you what, from now on I’m never getting out of this chair, ever! Okay? From now on, this chair is the one! You wanna what else is the one? My sweat pants!	Chandler	Chandler	present	char_tracker_stage05	chandler|monica|phoebe	present	1.0		high	
6	121	259.27	260.31	You know what else is the one?	Chandler	high	community_transcript_match	1.0	dialogue	False	True	Chandler | Ross | Phoebe | Joey	Chandler	Chandler	False		Speaker agrees with available community-transcript mapping.	You wanna what else is the one	Chandler	Chandler	present	char_tracker_stage05	chandler|monica|phoebe	present	1.0		high	
6	122	260.31	261.27	My sweatpants.	Chandler	high	community_transcript_match	1.0	dialogue	False	True	Chandler | Ross | Phoebe | Joey	Chandler	Ross	False		Speaker agrees with available community-transcript mapping.	My sweat pants	Chandler	Chandler	present	char_tracker_stage05	chandler|monica|phoebe|ross	present	1.0		high	
6	123	262.95	266.55	Come on, man, just take the sweats off, okay?	Ross	high	community_transcript_match	1.0	dialogue	False	True	Chandler | Ross | Phoebe | Joey	Chandler	Ross	False		Speaker agrees with available community-transcript mapping.	Come on, man! Just-just take the sweats off. Okay? Just take ‘em off and we’ll have some fun.  (They all look at him.)	Ross	Ross	present	char_tracker_stage05	phoebe|ross	present	0.6		high	
6	124	266.55	268.63	Just take them off and we'll have some fun.	Ross	high	community_transcript_match	1.0	dialogue	False	True	Chandler | Ross | Phoebe | Joey	Ross	Phoebe	False		Speaker agrees with available community-transcript mapping.	just take 'em off and we'll have some fun	Ross	Ross	present	char_tracker_stage05	phoebe|ross	present	1.0		high	
6	125	273.51	273.91	Wow.	Phoebe	high	community_transcript_match	1.0	dialogue	False	True	Chandler | Ross | Phoebe | Joey	Ross	Phoebe	False		Speaker agrees with available community-transcript mapping.	wow	Phoebe	Phoebe	present	char_tracker_stage05	chandler|phoebe	present	1.0		high	
6	126	273.91	275.31	And I can't resist that line.	Phoebe	high	community_transcript_match	1.0	dialogue	False	True	Chandler | Ross | Phoebe | Joey	Phoebe	Phoebe	False		Speaker agrees with available community-transcript mapping.	Wow, and I can't resist that line	Phoebe	Phoebe	present	char_tracker_stage05	chandler|phoebe	present	1.0		high	
6	127	275.31	276.79	That's why I never wear sweatpants.	Phoebe	high	community_transcript_match	1.0	dialogue	False	True	Chandler | Ross | Phoebe | Joey	Phoebe	Joey	False		Speaker agrees with available community-transcript mapping.	Wow, and I can't resist that line. That's why I never wear sweatpants.	Phoebe	Phoebe	present	char_tracker_stage05	chandler|phoebe	present	1.0		high	
6	128	279.91	280.39	Hey.	Joey	high	community_transcript_match	1.0	dialogue	False	True	Chandler | Ross | Phoebe | Joey	Phoebe	Phoebe	False		Speaker agrees with available community-transcript mapping.	(entering) Hey-hey!	Joey	Joey	present	char_tracker_stage05	joey	present	0.5		high	
6	129	280.47	280.95	Hey.	Phoebe	high	qa_review_resolved_ct_support	1.0	dialogue	False	True	Chandler | Ross | Phoebe | Joey	Joey	Ross	True	speaker_offscreen	Speaker agrees with available community-transcript mapping. | QA resolved prior review with community-transcript support.	Hey!	Phoebe	Phoebe	present	char_tracker_stage05	joey	absent	0.0		low	speaker_offscreen
6	130	281.73	282.77	Catch any big fish?	Ross	high	qa_review_resolved_ct_support	1.0	dialogue	False	True	Chandler | Ross | Phoebe | Joey	Phoebe	Joey	True	speaker_offscreen	Speaker agrees with available community-transcript mapping. | QA resolved prior review with community-transcript support.	Catch any big fish? (Phoebe, Ross, and Monica all go over to him.)	Ross	Ross	present	char_tracker_stage05	joey	absent	0.0		low	speaker_offscreen
6	131	282.77	283.57	Oh, my God.	Joey	high	community_transcript_match	1.0	dialogue	False	True	Chandler | Ross | Phoebe | Joey	Ross	Joey	False		Speaker agrees with available community-transcript mapping.	Oh my God, you guys have no idea.	Joey	Joey	present	char_tracker_stage05	joey	present	1.0		high	
6	132	283.57	286.01	You guys have no idea what state.	Joey	high	community_transcript_match	1.0	dialogue	False	True	Chandler | Ross | Phoebe | Joey	Joey	Ross	False		Speaker agrees with available community-transcript mapping.	you guys have no idea	Joey	Joey	present	char_tracker_stage05	joey|ross	present	1.0		high	
6	133	286.01	287.09	Oh, are you kidding me?	Ross	high	community_transcript_match	1.0	dialogue	False	True	Chandler | Ross | Phoebe | Joey	Joey	Joey	False		Speaker agrees with available community-transcript mapping.	Are you kidding?!	Ross	Ross	present	char_tracker_stage05	joey|ross	present	1.0		high	
6	134	288.37	288.73	Yeah.	Joey	medium	visual_disambiguation	0.74	dialogue	True	False	Chandler | Ross | Phoebe | Joey	Ross	Joey	False		Only one of the two text-context candidates was visually present in the window.				present	char_tracker_stage05	joey	present			medium	
6	135	288.73	290.45	Three days on the lake without a shower.	Joey	high	community_transcript_match	1.0	dialogue	False	True	Chandler | Ross | Phoebe | Joey	Joey	Joey	False		Speaker agrees with available community-transcript mapping.	yeah three days on the lake without a shower hey how how's he doing	Joey	Joey	present	char_tracker_stage05	joey	present	1.0		high	
6	136	290.45	293.33	Plus, I fell into that big tub of worms at the bait stand.	Joey	high	community_transcript_match	1.0	dialogue	False	True	Chandler | Ross | Phoebe | Joey	Joey	Joey	False		Speaker agrees with available community-transcript mapping.	Yeah, three days on the lake without a shower. Plus! I fell in that big tub of worms at the bait stand! Hey, how-how’s he doing?	Joey	Joey	present	char_tracker_stage05	joey	present	1.0		high	
6	137	295.49	296.65	Hey, how's he doing?	Joey	high	community_transcript_match	1.0	dialogue	False	True	Chandler | Ross | Phoebe | Joey	Joey	Ross	False		Speaker agrees with available community-transcript mapping.	Hey, how-how's he doing	Joey	Joey	present	char_tracker_stage05	joey|monica|phoebe|ross	present	1.0		high	
6	138	296.65	298.69	He hasn't gotten out of that chair in two days.	Ross	high	community_transcript_match	1.0	dialogue	False	True	Chandler | Ross | Phoebe | Joey	Joey	Joey	False		Speaker agrees with available community-transcript mapping.	He hasn’t gotten out of that chair in two days.	Ross	Ross	present	char_tracker_stage05	monica|phoebe|ross	present	1.0		high	
6	139	299.49	300.17	Hey, buddy.	Joey	high	qa_review_resolved_ct_support	1.0	dialogue	False	True	Chandler | Ross | Phoebe | Joey	Ross	Joey	True	speaker_offscreen	Speaker agrees with available community-transcript mapping. | QA resolved prior review with community-transcript support.	Hey buddy	Joey	Joey	present	char_tracker_stage05	monica|phoebe|ross	absent	0.0		low	speaker_offscreen
6	140	300.17	300.77	How's it going?	Joey	high	qa_review_resolved_ct_support	1.0	dialogue	False	True	Chandler | Ross | Phoebe | Joey	Joey		True	speaker_no_face	Speaker agrees with available community-transcript mapping. | QA resolved prior review with community-transcript support.	(goes over to Chandler) Hey buddy! How’s it going?	Joey	Joey	absent	char_tracker_stage05		absent	0.0		medium	speaker_no_face
7	141	307.65	308.01	See that?	Joey	high	community_transcript_match	1.0	dialogue	False	True	Joey | Ross | Rachel | Monica | Phoebe		Joey	False		Speaker agrees with available community-transcript mapping.	Hey, see that	Joey	Joey	present	char_tracker_stage05	joey	present	1.0		high	
7	142	308.01	309.29	He just needed his pal to come home.	Joey	high	community_transcript_match	1.0	dialogue	False	True	Joey | Ross | Rachel | Monica | Phoebe	Joey	Joey	False		Speaker agrees with available community-transcript mapping.	(To the rest of the gang) Hey, see that? He just needed his pal to come home. All right, uh, I’ve got to go memorize my lines. (Starts to go his bedroom) Me and Charlton Heston bright and early tomorrow morning! Yeah-yeah!	Joey	Joey	present	char_tracker_stage05	joey	present	0.5		high	
7	143	309.29	311.21	All right, I gotta go.	Joey	medium	scene_context_inference	0.66	dialogue	True	False	Joey | Ross | Rachel | Monica | Phoebe	Joey	Ross	True	two_sided_context_ambiguous | speaker_no_face	No direct transcript match; longer line defaulted to previous speaker in same scene.				absent	char_tracker_stage05		absent			medium	speaker_no_face
7	144	311.21	312.21	Memorize my lines.	Ross	low	scene_context_inference	0.58	dialogue	True	False	Joey | Ross | Rachel | Monica | Phoebe	Joey	Ross	True	two_sided_context_ambiguous | speaker_no_face	No direct transcript match; weak local context only.				absent	char_tracker_stage05		absent			low	speaker_no_face
7	145	312.39	313.47	Me and Charlton Heston.	Ross	high	qa_review_resolved_bridge	0.9	dialogue	True	False	Joey | Ross | Rachel | Monica | Phoebe	Ross	Ross	True	speaker_no_face	Same speaker appears on both sides within the same scene. | QA resolved prior review by same-speaker bridge.				absent	char_tracker_stage05		absent			medium	speaker_no_face
7	146	313.47	314.91	Bright and early tomorrow, baby.	Ross	high	qa_review_resolved_bridge	0.9	dialogue	True	False	Joey | Ross | Rachel | Monica | Phoebe	Ross	Ross	True	speaker_no_face	Same speaker appears on both sides within the same scene. | QA resolved prior review by same-speaker bridge.				absent	char_tracker_stage05		absent			medium	speaker_no_face
7	147	314.91	315.67	Yeah, you do.	Ross	high	qa_review_resolved_bridge	0.9	dialogue	True	False	Joey | Ross | Rachel | Monica | Phoebe	Ross	Ross	True	speaker_no_face	Same speaker appears on both sides within the same scene. | QA resolved prior review by same-speaker bridge.				absent	char_tracker_stage05		absent			medium	speaker_no_face
7	148	317.99	318.47	Hey.	Ross	high	qa_review_resolved_ct_support	1.0	dialogue	False	True	Joey | Ross | Rachel | Monica | Phoebe	Ross	Rachel	True	speaker_offscreen	Speaker agrees with available community-transcript mapping. | QA resolved prior review with community-transcript support.	Hey!	Ross	Ross	present	char_tracker_stage05	rachel	absent	0.0		low	speaker_offscreen
7	149	319.59	320.63	Hey, Monica.	Rachel	high	qa_review_resolved_ct_support	1.0	dialogue	False	True	Joey | Ross | Rachel | Monica | Phoebe	Ross	Monica	True	speaker_no_face	Speaker agrees with available community-transcript mapping. | QA resolved prior review with community-transcript support.	Hey, Monica!	Rachel	Rachel	absent	char_tracker_stage05		absent	0.0		medium	speaker_no_face
7	150	321.03	321.39	Uh.	Monica	high	qa_review_resolved_ct_support	1.0	reaction	False	True	Joey | Ross | Rachel | Monica | Phoebe	Rachel	Monica	True	speaker_no_face	Speaker agrees with available community-transcript mapping. | QA resolved prior review with community-transcript support.	uh	Monica	Monica	absent	char_tracker_stage05		absent	0.0		medium	speaker_no_face
7	151	321.39	321.75	Oh.	Monica	high	qa_review_resolved_bridge	1.0	reaction	False	True	Joey | Ross | Rachel | Monica | Phoebe	Monica	Monica	True	speaker_no_face	Speaker agrees with available community-transcript mapping. | QA resolved prior review by same-speaker bridge.	uh oh	Monica	Monica	absent	char_tracker_stage05		absent	0.0		medium	speaker_no_face
7	152	321.75	322.55	What's the matter?	Monica	high	qa_review_resolved_ct_support	1.0	dialogue	False	True	Joey | Ross | Rachel | Monica | Phoebe	Monica	Rachel	True	speaker_no_face	Speaker agrees with available community-transcript mapping. | QA resolved prior review with community-transcript support.	Uh-oh, what’s the matter?	Monica	Monica	absent	char_tracker_stage05		absent	0.0		medium	speaker_no_face
7	153	323.27	328.23	Oh, Joshua invited me to this fancy club opening tonight.	Rachel	high	community_transcript_match	1.0	dialogue	False	True	Joey | Ross | Rachel | Monica | Phoebe	Monica	Rachel	False		Speaker agrees with available community-transcript mapping.	ohh it's joshua invited me to this fancy club opening tonight so what are you gonna do	Rachel	Rachel	present	char_tracker_stage05	monica|rachel	present	0.8333		high	
7	154	329.83	335.27	But I already told Mr. Waltham that I would take his niece to the dumb old opera.	Rachel	high	community_transcript_match	1.0	dialogue	False	True	Joey | Ross | Rachel | Monica | Phoebe	Rachel	Rachel	False		Speaker agrees with available community-transcript mapping.	Ohh, it’s Joshua invited me to this fancy club opening tonight. But, I already told Mr. Waltham that I would take his niece to this dumb old opera. So… What are you gonna do?	Rachel	Rachel	present	char_tracker_stage05	monica|rachel	present	1.0		high	
7	155	335.43	337.83	So, what are you gonna do?	Rachel	high	community_transcript_match	1.0	dialogue	False	True	Joey | Ross | Rachel | Monica | Phoebe	Rachel	Monica	False		Speaker agrees with available community-transcript mapping.	ohh it's joshua invited me to this fancy club opening tonight so what are you gonna do	Rachel	Rachel	present	char_tracker_stage05	monica|rachel	present	1.0		high	
7	156	340.23	341.39	I don't know, sweetie.	Monica	high	community_transcript_match	1.0	dialogue	False	True	Joey | Ross | Rachel | Monica | Phoebe	Rachel	Rachel	False		Speaker agrees with available community-transcript mapping.	I don’t know sweetie.	Monica	Monica	present	char_tracker_stage05	monica|rachel	present	1.0		high	
7	157	341.39	341.75	No.	Rachel	high	community_transcript_match	1.0	dialogue	False	True	Joey | Ross | Rachel | Monica | Phoebe	Monica	Rachel	False		Speaker agrees with available community-transcript mapping.	No	Rachel	Rachel	present	char_tracker_stage05	monica|rachel	present	1.0		high	
7	158	341.83	342.55	Help me.	Rachel	high	community_transcript_match	1.0	dialogue	False	True	Joey | Ross | Rachel | Monica | Phoebe	Rachel	Monica	False		Speaker agrees with available community-transcript mapping.	No! Help me!	Rachel	Rachel	present	char_tracker_stage05	monica|rachel	present	0.5		high	
7	159	343.19	343.87	I can't.	Monica	medium	visual_disambiguation	0.74	dialogue	True	False	Joey | Ross | Rachel | Monica | Phoebe	Rachel	Monica	False		Only one of the two text-context candidates was visually present in the window.				present	char_tracker_stage05	monica	present			medium	
7	160	343.87	344.14	I can't.	Monica	high	community_transcript_match	1.0	dialogue	False	True	Joey | Ross | Rachel | Monica | Phoebe	Monica	Rachel	False		Speaker agrees with available community-transcript mapping.	I can’t! I have to work!	Monica	Monica	present	char_tracker_stage05	monica	present	1.0		high	
7	161	345.41	345.73	Phoebe.	Rachel	high	qa_review_resolved_ct_support	1.0	dialogue	False	True	Joey | Ross | Rachel | Monica | Phoebe	Monica	Phoebe	True	speaker_offscreen	Speaker agrees with available community-transcript mapping. | QA resolved prior review with community-transcript support.	Phoebe?	Rachel	Rachel	present	char_tracker_stage05	monica|phoebe	absent	0.0		low	speaker_offscreen
7	162	346.05	348.61	I would, but I get my morning sickness in the evening.	Phoebe	high	community_transcript_match	1.0	dialogue	False	True	Joey | Ross | Rachel | Monica | Phoebe	Rachel	Phoebe	False		Speaker agrees with available community-transcript mapping.	I would, but I get my morning sickness in the evening.	Phoebe	Phoebe	present	char_tracker_stage05	phoebe	present	1.0		high	
7	163	349.25	349.81	Oh, no.	Phoebe	high	scene_context_bridge	0.88	dialogue	True	False	Joey | Ross | Rachel | Monica | Phoebe	Phoebe	Phoebe	False		Same speaker appears on both sides within the same scene.				present	char_tracker_stage05	monica|phoebe	present			high	
7	164	349.81	352.85	Unless she wants to spend the night holding my hair back for me.	Phoebe	high	community_transcript_match	1.0	dialogue	False	True	Joey | Ross | Rachel | Monica | Phoebe	Phoebe	Rachel	False		Speaker agrees with available community-transcript mapping.	Unless! She wants to spend the night holding my hair back for me.	Phoebe	Phoebe	present	char_tracker_stage05	monica|phoebe	present	1.0		high	
7	165	353.33	355.25	Oh, gosh, you guys, come on.	Rachel	high	qa_review_resolved_ct_support	1.0	dialogue	False	True	Joey | Ross | Rachel | Monica | Phoebe	Phoebe	Rachel	True	speaker_offscreen	Speaker agrees with available community-transcript mapping. | QA resolved prior review with community-transcript support.	you guys come on	Rachel	Rachel	present	char_tracker_stage05	phoebe	absent	0.0		low	speaker_offscreen
7	166	355.25	355.65	This is.	Rachel	high	qa_review_resolved_bridge	1.0	dialogue	False	True	Joey | Ross | Rachel | Monica | Phoebe	Rachel	Rachel	True	speaker_offscreen	Speaker agrees with available community-transcript mapping. | QA resolved prior review by same-speaker bridge.	you guys come on this is	Rachel	Rachel	present	char_tracker_stage05	phoebe	absent	0.0		low	speaker_offscreen
7	167	355.65	356.97	I have to meet Joshua.	Rachel	high	qa_review_resolved_bridge	1.0	dialogue	False	True	Joey | Ross | Rachel | Monica | Phoebe	Rachel	Rachel	True	speaker_offscreen	Speaker agrees with available community-transcript mapping. | QA resolved prior review by same-speaker bridge.	You guys, come on, this is—I have to meet Joshua	Rachel	Rachel	present	char_tracker_stage05	phoebe	absent	0.0		low	speaker_offscreen
7	168	356.97	360.53	This is my one chance for him to see the fun Rachel you know thee.	Rachel	high	community_transcript_match	1.0	dialogue	False	True	Joey | Ross | Rachel | Monica | Phoebe	Rachel	Rachel	False		Speaker agrees with available community-transcript mapping.	"Ohh, gosh. You guys, come on, this is—I have to meet Joshua! This is my one chance for him to see the fun Rachel. Y’know the ""Wouldn’t it be great if she was my wife"" Rachel. Ohh, all right! Are Joey and Chandler back?"	Rachel	Rachel	present	char_tracker_stage05	rachel	present	0.6		high	
7	169	360.53	361.89	Wouldn't it be great if she were my wife?	Rachel	high	community_transcript_match	1.0	dialogue	False	True	Joey | Ross | Rachel | Monica | Phoebe	Rachel	Rachel	False		Speaker agrees with available community-transcript mapping.	"Y'know the ""Wouldn't it be great if she was my wife"" Rachel"	Rachel	Rachel	present	char_tracker_stage05	rachel	present	1.0		high	
7	170	361.89	362.45	Rachel.	Rachel	high	community_transcript_match	1.0	dialogue	False	True	Joey | Ross | Rachel | Monica | Phoebe	Rachel	Monica	False		Speaker agrees with available community-transcript mapping.	y'know the rachel	Rachel	Rachel	present	char_tracker_stage05	rachel	present	1.0		high	
7	171	364.69	365.33	Oh, hurry.	Monica	medium	short_turn_alternation	0.7	dialogue	True	False	Joey | Ross | Rachel | Monica | Phoebe	Rachel	Monica	True	short_utterance_between_two_speakers | speaker_offscreen	Short utterance inferred from local turn alternation.				present	char_tracker_stage05	phoebe	absent			low	speaker_offscreen
7	172	365.33	367.33	Oh, are Joey and Chandler back?	Monica	high	qa_review_resolved_bridge	0.9	dialogue	True	False	Joey | Ross | Rachel | Monica | Phoebe	Monica	Monica	True	speaker_no_face	Same speaker appears on both sides within the same scene. | QA resolved prior review by same-speaker bridge.				partial	char_tracker_stage05		absent			medium	speaker_no_face
7	173	367.41	370.85	Oh, Chandler's still in phase one and Joey's that thing you smell.	Monica	high	community_transcript_match	1.0	dialogue	False	True	Joey | Ross | Rachel | Monica | Phoebe	Monica	Rachel	False		Speaker agrees with available community-transcript mapping.	No, Chandler’s still in Phase One, and Joey’s that thing you smell.	Monica	Monica	present	char_tracker_stage05	monica	present	1.0		high	
7	174	377.06	377.38	Hi.	Rachel	high	community_transcript_match	1.0	dialogue	False	True	Joey | Ross | Rachel | Monica | Phoebe	Monica	Ross	False		Speaker agrees with available community-transcript mapping.	Ohh! (Realizes that Ross is in the room.) Hi!	Rachel	Rachel	present	char_tracker_stage05	rachel	present	1.0		high	
7	175	380.02	380.5	Hi.	Ross	high	community_transcript_match	1.0	dialogue	False	True	Joey | Ross | Rachel | Monica | Phoebe	Rachel	Rachel	False		Speaker agrees with available community-transcript mapping.	Hi!	Ross	Ross	present	char_tracker_stage05	ross	present	1.0		high	
7	176	383.62	384.02	So?	Rachel	high	community_transcript_match	1.0	dialogue	False	True	Joey | Ross | Rachel | Monica | Phoebe	Ross	Ross	False		Speaker agrees with available community-transcript mapping.	So….	Rachel	Rachel	present	char_tracker_stage05	rachel	present	1.0		high	
7	177	387.7	388.1	No.	Ross	high	community_transcript_match	1.0	dialogue	False	True	Joey | Ross | Rachel | Monica | Phoebe	Rachel	Rachel	False		Speaker agrees with available community-transcript mapping.	No.	Ross	Ross	present	char_tracker_stage05	ross	present	1.0		high	
7	178	389.3	390.1	Come on.	Rachel	high	community_transcript_match	1.0	dialogue	False	True	Joey | Ross | Rachel | Monica | Phoebe	Ross	Monica	False		Speaker agrees with available community-transcript mapping.	Ohhhh, come on!!!	Rachel	Rachel	present	char_tracker_stage05	rachel	present	1.0		high	
7	179	392.42	392.7	Think.	Monica	high	qa_review_resolved_ct_support	1.0	dialogue	False	True	Joey | Ross | Rachel | Monica | Phoebe	Rachel		True	speaker_no_face	Speaker agrees with available community-transcript mapping. | QA resolved prior review with community-transcript support.	i think	Monica	Monica	absent	char_tracker_stage05		absent	0.0		medium	speaker_no_face
8	180	392.7	393.14	She's here?	Monica	high	qa_review_resolved_ct_support	1.0	dialogue	False	True	Monica | Rachel | Ross | Woman | Emily		Rachel	True	speaker_no_face	Speaker agrees with available community-transcript mapping. | QA resolved prior review with community-transcript support.	I think she’s here.	Monica	Monica	absent	char_tracker_stage05		absent	0.0		medium	speaker_no_face
8	181	393.14	394.06	No, wait, wait, wait.	Rachel	high	qa_review_resolved_ct_support	1.0	dialogue	False	True	Monica | Rachel | Ross | Woman | Emily	Monica	Rachel	True	speaker_no_face	Speaker agrees with available community-transcript mapping. | QA resolved prior review with community-transcript support.	No! Wait! Wait-wait! Ross, please!	Rachel	Rachel	absent	char_tracker_stage05		absent	0.0		medium	speaker_no_face
8	182	394.06	395.3	Ross, please.	Rachel	high	qa_review_resolved_ct_support	1.0	dialogue	False	True	Monica | Rachel | Ross | Woman | Emily	Rachel	Ross	True	speaker_no_face	Speaker agrees with available community-transcript mapping. | QA resolved prior review with community-transcript support.	Ross, please	Rachel	Rachel	absent	char_tracker_stage05		absent	0.0		medium	speaker_no_face
8	183	396.02	402.89	You want me to take some girl I've never met to the opera so you can go to a club and flirt with some guy?	Ross	high	community_transcript_match	1.0	dialogue	False	True	Monica | Rachel | Ross | Woman | Emily	Rachel	Ross	False		Speaker agrees with available community-transcript mapping.	You want me to take some girl I’ve never met to the opera so you can go to a club and flirt with some guy, hmm, that-that is a toughie.	Ross	Ross	present	char_tracker_stage05	ross	present	1.0		high	
8	184	403.28	403.68	Hmm.	Ross	medium	visual_disambiguation	0.74	reaction	True	False	Monica | Rachel | Ross | Woman | Emily	Ross	Ross	False		Only one of the two text-context candidates was visually present in the window.				present	char_tracker_stage05	ross	present			medium	
8	185	404.4	404.92	Yeah, that.	Ross	medium	visual_disambiguation	0.74	dialogue	True	False	Monica | Rachel | Ross | Woman | Emily	Ross	Ross	False		Only one of the two text-context candidates was visually present in the window.				present	char_tracker_stage05	ross	present			medium	
8	186	404.92	406.32	That is a toughie.	Ross	medium	visual_disambiguation	0.74	dialogue	True	False	Monica | Rachel | Ross | Woman | Emily	Ross	Ross	False		Only one of the two text-context candidates was visually present in the window.				present	char_tracker_stage05	ross	present			medium	
8	187	406.88	408.8	Oh, she's looking down the hall.	Ross	medium	scene_context_inference	0.66	dialogue	True	False	Monica | Rachel | Ross | Woman | Emily	Ross	Monica	True	two_sided_context_ambiguous | speaker_offscreen	No direct transcript match; longer line defaulted to previous speaker in same scene.				present	char_tracker_stage05	rachel	absent			low	speaker_offscreen
8	188	409.84	410.88	She looked right at me.	Monica	medium	visual_disambiguation	0.74	dialogue	True	False	Monica | Rachel | Ross | Woman | Emily	Ross	Monica	False		Only one of the two text-context candidates was visually present in the window.				present	char_tracker_stage05	monica	present			medium	
8	189	412.16	412.72	Oh, wait.	Monica	high	scene_context_bridge	0.88	dialogue	True	False	Monica | Rachel | Ross | Woman | Emily	Monica	Monica	False		Same speaker appears on both sides within the same scene.				present	char_tracker_stage05	monica	present			high	
8	190	412.72	414.72	You can't see people through that little hole, can you?	Monica	high	community_transcript_match	1.0	dialogue	False	True	Monica | Rachel | Ross | Woman | Emily	Monica	Woman	False		Speaker agrees with available community-transcript mapping.	(looking out the peephole) Ohh, she’s looking down the hall. Oh! She looked right at me! Oh wait, you can’t see people through that little hole, can you? (Goes back to the door.) Hello!	Monica	Monica	present	char_tracker_stage05	monica	present	1.0		high	
8	191	416.88	417.52	Hello?	Woman	high	community_transcript_match	1.0	dialogue	False	True	Monica | Rachel | Ross | Woman | Emily	Monica	Woman	False		Speaker agrees with available community-transcript mapping.	Hello! (Monica screams)	Woman	Woman	absent	char_tracker_stage05		unobserved			high	
8	192	419.2	423.04	No, I'll be right there.	Woman	medium	scene_context_inference	0.66	dialogue	True	False	Monica | Rachel | Ross | Woman | Emily	Woman	Rachel	True	two_sided_context_ambiguous	No direct transcript match; longer line defaulted to previous speaker in same scene.				absent	char_tracker_stage05		unobserved			medium	
8	193	423.04	423.4	Okay.	Rachel	high	qa_review_resolved_ct_support	1.0	dialogue	False	True	Monica | Rachel | Ross | Woman | Emily	Woman	Rachel	True	speaker_no_face	Speaker agrees with available community-transcript mapping. | QA resolved prior review with community-transcript support.	okay	Rachel	Rachel	absent	char_tracker_stage05		absent	0.0		medium	speaker_no_face
8	194	423.4	424.64	Ross, please, come on.	Rachel	high	community_transcript_match	1.0	dialogue	False	True	Monica | Rachel | Ross | Woman | Emily	Rachel	Rachel	False		Speaker agrees with available community-transcript mapping.	Okay, Ross, please come on	Rachel	Rachel	present	char_tracker_stage05	rachel	present	0.5		high	
8	195	424.64	426.16	I thought we had moved on.	Rachel	high	community_transcript_match	1.0	dialogue	False	True	Monica | Rachel | Ross | Woman | Emily	Rachel	Rachel	False		Speaker agrees with available community-transcript mapping.	I thought we have moved on	Rachel	Rachel	present	char_tracker_stage05	rachel	present	0.6667		high	
8	196	426.32	428.42	I thought we had gotten to a place where we could be happy for.	Rachel	high	qa_review_resolved_bridge	1.0	dialogue	False	True	Monica | Rachel | Ross | Woman | Emily	Rachel	Rachel	True	speaker_no_face	Speaker agrees with available community-transcript mapping. | QA resolved prior review by same-speaker bridge.	I’ll be right there! (to Ross) Okay, Ross, please come on! I thought we have moved on! I thought we’ve gotten to a place where we could be happy for each other! I mean was that just me?	Rachel	Rachel	partial	char_tracker_stage05		absent	0.3333		medium	speaker_no_face
8	197	429.61	430.73	I mean, was that just me?	Rachel	high	community_transcript_match	1.0	dialogue	False	True	Monica | Rachel | Ross | Woman | Emily	Rachel	Ross	False		Speaker agrees with available community-transcript mapping.	I mean was that just me	Rachel	Rachel	present	char_tracker_stage05	rachel	present	1.0		high	
8	198	433.05	433.89	All right, I'll do it.	Ross	high	community_transcript_match	1.0	dialogue	False	True	Monica | Rachel | Ross | Woman | Emily	Rachel	Rachel	False		Speaker agrees with available community-transcript mapping.	All right, I’ll do it.	Ross	Ross	present	char_tracker_stage05	ross	present	1.0		high	
8	199	433.89	435.53	Oh, thank you, thank you, thank you, thank you.	Rachel	high	qa_review_resolved_ct_support	1.0	dialogue	False	True	Monica | Rachel | Ross | Woman | Emily	Ross	Rachel	True	speaker_no_face	Speaker agrees with available community-transcript mapping. | QA resolved prior review with community-transcript support.	Oh thank you! Thank you, thank you, thank you! (Monica opens the door.) Emily?	Rachel	Rachel	partial	char_tracker_stage05		absent	0.0		medium	speaker_no_face
8	200	437.53	438.09	Emily?	Rachel	high	qa_review_resolved_ct_support	1.0	dialogue	False	True	Monica | Rachel | Ross | Woman | Emily	Rachel	Emily	True	speaker_no_face	Speaker agrees with available community-transcript mapping. | QA resolved prior review with community-transcript support.	Emily	Rachel	Rachel	absent	char_tracker_stage05		absent	0.0		medium	speaker_no_face
8	201	438.89	439.45	Yes.	Emily	high	community_transcript_match	1.0	dialogue	False	True	Monica | Rachel | Ross | Woman | Emily	Rachel	Rachel	False		Speaker agrees with available community-transcript mapping.	Yes.	Emily	Emily	present	char_tracker_stage05	monica|rachel	unobserved			high	
8	202	439.69	440.81	I'm Rachel Green.	Rachel	high	community_transcript_match	1.0	dialogue	False	True	Monica | Rachel | Ross | Woman | Emily	Emily	Rachel	False		Speaker agrees with available community-transcript mapping.	I’m Rachel Green.	Rachel	Rachel	present	char_tracker_stage05	monica|rachel	present	1.0		high	
8	203	442.01	445.21	Yeah, There has been a teeny, teeny change of plans.	Rachel	high	community_transcript_match	1.0	dialogue	False	True	Monica | Rachel | Ross | Woman | Emily	Rachel	Rachel	False		Speaker agrees with available community-transcript mapping.	There's been a teeny-teeny change in plans	Rachel	Rachel	present	char_tracker_stage05	rachel	present	1.0		high	
8	204	445.29	447.13	Turns out I'm not free tonight, so.	Rachel	high	community_transcript_match	1.0	dialogue	False	True	Monica | Rachel | Ross | Woman | Emily	Rachel	Emily	False		Speaker agrees with available community-transcript mapping.	There’s been a teeny-teeny change in plans. It turns out that I’m not free tonight. So…	Rachel	Rachel	present	char_tracker_stage05	rachel	present	1.0		high	
8	205	447.13	447.53	Really?	Emily	high	community_transcript_match	1.0	dialogue	False	True	Monica | Rachel | Ross | Woman | Emily	Rachel	Emily	False		Speaker agrees with available community-transcript mapping.	Really	Emily	Emily	present	char_tracker_stage05	rachel	unobserved			high	
8	206	449.45	451.01	Well, that's just lovely, isn't it?	Emily	high	community_transcript_match	1.0	dialogue	False	True	Monica | Rachel | Ross | Woman | Emily	Emily	Emily	False		Speaker agrees with available community-transcript mapping.	Well, that's just lovely, isn't it	Emily	Emily	absent	char_tracker_stage05		unobserved			high	
8	207	451.01	453.69	I must have missed your call even though I didn't leave the flat all day.	Emily	high	community_transcript_match	1.0	dialogue	False	True	Monica | Rachel | Ross | Woman | Emily	Emily	Rachel	False		Speaker agrees with available community-transcript mapping.	Really?! Well, that’s just lovely, isn’t it? I must’ve missed your call, even though I didn’t leave the flat all day.	Emily	Emily	partial	char_tracker_stage05		unobserved			high	
8	208	453.69	454.21	Oh, well, no.	Rachel	high	community_transcript_match	1.0	dialogue	False	True	Monica | Rachel | Ross | Woman | Emily	Emily	Rachel	False		Speaker agrees with available community-transcript mapping.	Oh well, no I…	Rachel	Rachel	present	char_tracker_stage05	rachel	present	1.0		high	
8	209	454.21	454.57	I said no.	Rachel	medium	visual_disambiguation	0.74	dialogue	True	False	Monica | Rachel | Ross | Woman | Emily	Rachel	Emily	False		Only one of the two text-context candidates was visually present in the window.				present	char_tracker_stage05	rachel	present			medium	
8	210	454.57	455.17	No, no, no, no.	Emily	high	community_transcript_match	1.0	dialogue	False	True	Monica | Rachel | Ross | Woman | Emily	Rachel	Emily	False		Speaker agrees with available community-transcript mapping.	oh no no no	Emily	Emily	present	char_tracker_stage05	rachel	unobserved			high	
8	211	455.17	456.01	That's not rude.	Emily	high	community_transcript_match	1.0	dialogue	False	True	Monica | Rachel | Ross | Woman | Emily	Emily	Emily	False		Speaker agrees with available community-transcript mapping.	Oh, no-no-no, that's not rude	Emily	Emily	present	char_tracker_stage05	rachel	unobserved			high	
8	212	456.51	464.51	It's perfectly in keeping with the trip where I've already been run down by one of your wiener carts and been strip searched at John F. Kennedy Airport.	Emily	high	community_transcript_match	1.0	dialogue	False	True	Monica | Rachel | Ross | Woman | Emily	Emily	Emily	False		Speaker agrees with available community-transcript mapping.	Oh, no-no-no, that’s not rude! It’s perfectly in keeping with a trip that I’ve already been run down by one of your wiener carts, and been strip-searched at John F. Kennedy Airport, apparently to you people, I look like someone who’s got a balloon full of cocaine stuffed up their bum.	Emily	Emily	partial	char_tracker_stage05		unobserved			high	
8	213	464.91	469.07	Apparently, to you people, I look like someone who's got a balloon full of cocaine stuffed up their bum.	Emily	high	community_transcript_match	1.0	dialogue	False	True	Monica | Rachel | Ross | Woman | Emily	Emily	Monica	False		Speaker agrees with available community-transcript mapping.	Kennedy Airport, apparently to you people, I look like someone who's got a balloon full of cocaine stuffed up their bum	Emily	Emily	partial	char_tracker_stage05		unobserved			high	
8	214	472.43	474.51	I think you look great.	Monica	high	community_transcript_match	1.0	dialogue	False	True	Monica | Rachel | Ross | Woman | Emily	Emily	Emily	False		Speaker agrees with available community-transcript mapping.	I-I-I think you look great.	Monica	Monica	present	char_tracker_stage05	monica	present	1.0		high	
8	215	476.11	476.75	Good night.	Emily	high	community_transcript_match	1.0	dialogue	False	True	Monica | Rachel | Ross | Woman | Emily	Monica	Emily	False		Speaker agrees with available community-transcript mapping.	good night	Emily	Emily	absent	char_tracker_stage05		unobserved			high	
8	216	476.75	478.43	It was very nice to meet you all.	Emily	high	community_transcript_match	1.0	dialogue	False	True	Monica | Rachel | Ross | Woman | Emily	Emily		False		Speaker agrees with available community-transcript mapping.	Good night, it was very nice to meet you all. (Storms out.)	Emily	Emily	partial	char_tracker_stage05		unobserved			high	
9	217	482.36	483.0	I'll get her.	Rachel	high	community_transcript_match	1.0	dialogue	False	True	Rachel | Ross | Phoebe		Ross	False		Speaker agrees with available community-transcript mapping.	I’ll get her.	Rachel	Rachel	present	char_tracker_stage05	rachel|ross	present	1.0		high	
9	218	484.44	485.24	Please hurry.	Ross	high	community_transcript_match	1.0	dialogue	False	True	Rachel | Ross | Phoebe	Rachel	Ross	False		Speaker agrees with available community-transcript mapping.	Please hurry.	Ross	Ross	present	char_tracker_stage05	ross	present	1.0		high	
9	219	485.24	485.8	Okay.	Ross	medium	visual_disambiguation	0.74	dialogue	True	False	Rachel | Ross | Phoebe	Ross	Phoebe	False		Only one of the two text-context candidates was visually present in the window.				present	char_tracker_stage05	ross	present			medium	
9	220	487.8	489.64	Don't you just love the way they talk?	Phoebe	high	community_transcript_match	1.0	dialogue	False	True	Rachel | Ross | Phoebe	Ross	Phoebe	False		Speaker agrees with available community-transcript mapping.	Don’t you just love the way they talk?!	Phoebe	Phoebe	present	char_tracker_stage05	phoebe|ross	present	1.0		high	
9	221	490.04	490.6	Ooh.	Phoebe	medium	scene_context_inference	0.68	reaction	True	False	Rachel | Ross | Phoebe	Phoebe		True	scene_end_short_utterance	Filled from previous same-scene context.				present	char_tracker_stage05	phoebe	present			medium	
10	222	499.56	500.12	Oh.	Phoebe	high	community_transcript_match	1.0	reaction	False	True	Phoebe | Monica | Joey		Monica	False		Speaker agrees with available community-transcript mapping.	Ohh!	Phoebe	Phoebe	present	char_tracker_stage05	phoebe	present	1.0		high	
10	223	500.6	501.0	What?	Monica	high	qa_review_resolved_ct_support	1.0	dialogue	False	True	Phoebe | Monica | Joey	Phoebe	Phoebe	True	speaker_offscreen	Speaker agrees with available community-transcript mapping. | QA resolved prior review with community-transcript support.	What?	Monica	Monica	present	char_tracker_stage05	phoebe	absent	0.0		low	speaker_offscreen
10	224	501.08	501.76	It kicked.	Phoebe	high	community_transcript_match	1.0	dialogue	False	True	Phoebe | Monica | Joey	Monica	Phoebe	False		Speaker agrees with available community-transcript mapping.	It kicked	Phoebe	Phoebe	present	char_tracker_stage05	phoebe	present	1.0		high	
10	225	501.76	502.8	I think the baby kicked.	Phoebe	high	community_transcript_match	1.0	dialogue	False	True	Phoebe | Monica | Joey	Phoebe	Monica	False		Speaker agrees with available community-transcript mapping.	It kicked! I think the baby kicked!	Phoebe	Phoebe	present	char_tracker_stage05	monica|phoebe	present	1.0		high	
10	226	502.8	503.4	Oh, my God.	Monica	high	community_transcript_match	1.0	dialogue	False	True	Phoebe | Monica | Joey	Phoebe	Phoebe	False		Speaker agrees with available community-transcript mapping.	Oh my God!	Monica	Monica	present	char_tracker_stage05	monica|phoebe	present	1.0		high	
10	227	504.28	505.24	Oh, no, wait.	Phoebe	high	community_transcript_match	1.0	dialogue	False	True	Phoebe | Monica | Joey	Monica	Phoebe	False		Speaker agrees with available community-transcript mapping.	oh no wait oh no	Phoebe	Phoebe	present	char_tracker_stage05	monica|phoebe	present	1.0		high	
10	228	505.24	507.56	Oh, that was the elastic in my underwear busted.	Phoebe	high	community_transcript_match	1.0	dialogue	False	True	Phoebe | Monica | Joey	Phoebe	Joey	False		Speaker agrees with available community-transcript mapping.	Oh no wait, oh no, the elastic on my underwear busted.	Phoebe	Phoebe	present	char_tracker_stage05	phoebe	present	1.0		high	
10	229	509.4	510.44	Oh, my God.	Joey	high	qa_review_resolved_ct_support	1.0	dialogue	False	True	Phoebe | Monica | Joey	Phoebe	Joey	True	speaker_offscreen	Speaker agrees with available community-transcript mapping. | QA resolved prior review with community-transcript support.	Oh my God	Joey	Joey	present	char_tracker_stage05	monica	absent	0.0		low	speaker_offscreen
10	230	510.76	511.8	I overslept.	Joey	high	qa_review_resolved_bridge	1.0	dialogue	False	True	Phoebe | Monica | Joey	Joey	Joey	True	speaker_no_face	Speaker agrees with available community-transcript mapping. | QA resolved prior review by same-speaker bridge.	I overslept	Joey	Joey	absent	char_tracker_stage05		absent	0.0		medium	speaker_no_face
10	231	512.17	513.93	I was supposed to be on the set a half an hour ago.	Joey	high	qa_review_resolved_bridge	1.0	dialogue	False	True	Phoebe | Monica | Joey	Joey	Joey	True	speaker_no_face	Speaker agrees with available community-transcript mapping. | QA resolved prior review by same-speaker bridge.	(running from his bedroom) Oh my God! I overslept! I was supposed to be on the set a half an hour ago! I gotta get out of here!	Joey	Joey	absent	char_tracker_stage05		absent	0.0		medium	speaker_no_face
10	232	513.93	514.97	I gotta get outta here.	Joey	high	qa_review_resolved_ct_support	1.0	dialogue	False	True	Phoebe | Monica | Joey	Joey	Monica	True	speaker_no_face	Speaker agrees with available community-transcript mapping. | QA resolved prior review with community-transcript support.	I gotta get out of here	Joey	Joey	absent	char_tracker_stage05		absent	0.0		medium	speaker_no_face
10	233	515.37	515.73	Oh.	Monica	medium	short_turn_alternation	0.7	reaction	True	False	Phoebe | Monica | Joey	Joey	Monica	True	short_utterance_between_two_speakers | speaker_no_face	Short utterance inferred from local turn alternation.				absent	char_tracker_stage05		absent			medium	speaker_no_face
10	234	515.73	516.01	What?	Monica	high	qa_review_resolved_bridge	0.9	dialogue	True	False	Phoebe | Monica | Joey	Monica	Monica	True	speaker_offscreen	Same speaker appears on both sides within the same scene. | QA resolved prior review by same-speaker bridge.				present	char_tracker_stage05	phoebe	absent			low	speaker_offscreen
10	235	516.01	517.21	Joey, you can't go like that.	Monica	high	qa_review_resolved_bridge	1.0	dialogue	False	True	Phoebe | Monica | Joey	Monica	Monica	True	speaker_offscreen	Speaker agrees with available community-transcript mapping. | QA resolved prior review by same-speaker bridge.	Oh wait, Joey, you can’t go like that! You stink!	Monica	Monica	present	char_tracker_stage05	phoebe	absent	0.0		low	speaker_offscreen
10	236	517.21	517.93	You stink.	Monica	high	qa_review_resolved_ct_support	1.0	dialogue	False	True	Phoebe | Monica | Joey	Monica	Joey	True	speaker_offscreen	Speaker agrees with available community-transcript mapping. | QA resolved prior review with community-transcript support.	You stink	Monica	Monica	present	char_tracker_stage05	phoebe	absent	0.0		low	speaker_offscreen
10	237	518.01	518.61	Look, I don't.	Joey	medium	visual_disambiguation	0.74	dialogue	True	False	Phoebe | Monica | Joey	Monica	Joey	False		Only one of the two text-context candidates was visually present in the window.				present	char_tracker_stage05	joey|phoebe	present			medium	
10	238	518.61	520.21	I fell asleep before I could take a shower.	Joey	high	scene_context_bridge	0.88	dialogue	True	False	Phoebe | Monica | Joey	Joey	Joey	False		Same speaker appears on both sides within the same scene.				present	char_tracker_stage05	joey	present			high	
10	239	520.21	521.05	Now I don't have time.	Joey	high	scene_context_bridge	0.88	dialogue	True	False	Phoebe | Monica | Joey	Joey	Joey	False		Same speaker appears on both sides within the same scene.				present	char_tracker_stage05	joey	present			high	
10	240	521.05	522.17	They're just 10 blocks away.	Joey	high	scene_context_bridge	0.88	dialogue	True	False	Phoebe | Monica | Joey	Joey	Joey	False		Same speaker appears on both sides within the same scene.				present	char_tracker_stage05	joey	present			high	
10	241	522.17	523.45	If I run, I can make it.	Joey	high	community_transcript_match	1.0	dialogue	False	True	Phoebe | Monica | Joey	Joey	Monica	False		Speaker agrees with available community-transcript mapping.	Look, I know I feel asleep before I could shower and now I don’t have time! They’re just ten blocks away, if I run, I can make it.	Joey	Joey	present	char_tracker_stage05	joey|monica	present	1.0		high	
10	242	523.45	524.61	Yeah, run 10 blocks.	Monica	high	community_transcript_match	1.0	dialogue	False	True	Phoebe | Monica | Joey	Joey	Monica	False		Speaker agrees with available community-transcript mapping.	yeah run ten blocks	Monica	Monica	present	char_tracker_stage05	joey|monica	present	1.0		high	
10	243	524.61	525.53	That'll help the smell.	Monica	high	community_transcript_match	1.0	dialogue	False	True	Phoebe | Monica | Joey	Monica		False		Speaker agrees with available community-transcript mapping.	Yeah. Run ten blocks, that’ll help the smell.	Monica	Monica	present	char_tracker_stage05	monica	present	1.0		high	
11	244	526.25	527.65	Hey, slow down.	Rachel	high	community_transcript_match	1.0	dialogue	False	True	Rachel | Monica | Phoebe		Rachel	False		Speaker agrees with available community-transcript mapping.	Hey—whoa, slow down	Rachel	Rachel	present	char_tracker_stage05	rachel	present	0.5		high	
11	245	527.65	528.65	No, keep moving.	Rachel	high	community_transcript_match	1.0	dialogue	False	True	Rachel | Monica | Phoebe	Rachel	Monica	False		Speaker agrees with available community-transcript mapping.	Hey—whoa, slow down. (Gets a whiff of him) No, keep moving. (Joey runs off.) Wow!	Rachel	Rachel	present	char_tracker_stage05	rachel	present	1.0		high	
11	246	530.01	531.77	So how did it go with Joshua last night?	Monica	high	community_transcript_match	1.0	dialogue	False	True	Rachel | Monica | Phoebe	Rachel	Rachel	False		Speaker agrees with available community-transcript mapping.	So? How did it go with Joshua last night?	Monica	Monica	present	char_tracker_stage05	monica	present	1.0		high	
11	247	531.77	537.13	Oh, well, I didn't see Joshua, but I did punch a girl in the face.	Rachel	high	community_transcript_match	1.0	dialogue	False	True	Rachel | Monica | Phoebe	Monica	Monica	False		Speaker agrees with available community-transcript mapping.	Well, I didn’t see Joshua last night, but I did punch a girl in the face.	Rachel	Rachel	present	char_tracker_stage05	rachel	present	0.8571		high	
11	248	537.21	537.61	What?	Monica	high	community_transcript_match	1.0	dialogue	False	True	Rachel | Monica | Phoebe	Rachel	Phoebe	False		Speaker agrees with available community-transcript mapping.	What?	Monica	Monica	present	char_tracker_stage05	monica|phoebe|rachel	present	1.0		high	
11	249	537.61	538.01	Why?	Phoebe	high	community_transcript_match	1.0	dialogue	False	True	Rachel | Monica | Phoebe	Monica	Rachel	False		Speaker agrees with available community-transcript mapping.	Why?	Phoebe	Phoebe	present	char_tracker_stage05	monica|phoebe|rachel	present	1.0		high	
11	250	538.49	539.57	The whole night was horrible.	Rachel	high	community_transcript_match	1.0	dialogue	False	True	Rachel | Monica | Phoebe	Phoebe	Rachel	False		Speaker agrees with available community-transcript mapping.	the whole night was horrible but there was a rachel greep	Rachel	Rachel	present	char_tracker_stage05	monica|phoebe|rachel	present	1.0		high	
11	251	539.57	544.27	It was pouring down rain, and when I got there, there was no Rachel Green on the list.	Rachel	high	community_transcript_match	1.0	dialogue	False	True	Rachel | Monica | Phoebe	Rachel	Rachel	False		Speaker agrees with available community-transcript mapping.	The whole night was horrible, it was pouring down rain, and when I got there, there was no Rachel Green on the list, but there was a Rachel Greep.	Rachel	Rachel	present	char_tracker_stage05	rachel	present	1.0		high	
11	252	544.35	546.19	But there was a Rachel Greep.	Rachel	high	community_transcript_match	1.0	dialogue	False	True	Rachel | Monica | Phoebe	Rachel	Phoebe	False		Speaker agrees with available community-transcript mapping.	the whole night was horrible but there was a rachel greep	Rachel	Rachel	present	char_tracker_stage05	rachel	present	1.0		high	
11	253	546.35	548.03	Oh, so did you get to meet her?	Phoebe	high	community_transcript_match	1.0	dialogue	False	True	Rachel | Monica | Phoebe	Rachel	Rachel	False		Speaker agrees with available community-transcript mapping.	Ohh! So, did you get to meet her?	Phoebe	Phoebe	present	char_tracker_stage05	monica|phoebe|rachel	present	1.0		high	
11	254	551.31	553.23	No, there is no Rachel Greep.	Rachel	high	community_transcript_match	1.0	dialogue	False	True	Rachel | Monica | Phoebe	Phoebe	Rachel	False		Speaker agrees with available community-transcript mapping.	no there is no rachel greep i'm rachel greep and he let her right in	Rachel	Rachel	present	char_tracker_stage05	rachel	present	1.0		high	
11	255	553.31	556.55	But then this other girl overheard us and she was all, I'm Rachel Greep.	Rachel	high	community_transcript_match	1.0	dialogue	False	True	Rachel | Monica | Phoebe	Rachel	Rachel	False		Speaker agrees with available community-transcript mapping.	"No, there is no Rachel Greep, but then this other girl overheard us and she was all, ""I’m Rachel Greep! I’m Rachel Greep!"" and he let her right in."	Rachel	Rachel	present	char_tracker_stage05	rachel	present	1.0		high	
11	256	556.55	557.27	I'm Rachel Greep.	Rachel	high	community_transcript_match	1.0	dialogue	False	True	Rachel | Monica | Phoebe	Rachel	Rachel	False		Speaker agrees with available community-transcript mapping.	I'm Rachel Greep	Rachel	Rachel	present	char_tracker_stage05	rachel	present	1.0		high	
11	257	557.27	558.59	And he let her right in.	Rachel	high	community_transcript_match	1.0	dialogue	False	True	Rachel | Monica | Phoebe	Rachel	Monica	False		Speaker agrees with available community-transcript mapping.	""" and he let her right in"	Rachel	Rachel	present	char_tracker_stage05	monica|phoebe|rachel	present	1.0		high	
11	258	558.75	559.87	So you hit her in the face?	Monica	high	community_transcript_match	1.0	dialogue	False	True	Rachel | Monica | Phoebe	Rachel	Monica	False		Speaker agrees with available community-transcript mapping.	So you hit her in the face?	Monica	Monica	present	char_tracker_stage05	monica|phoebe|rachel	present	1.0		high	
11	259	560.03	561.27	No, she was already in.	Monica	medium	scene_context_inference	0.66	dialogue	True	False	Rachel | Monica | Phoebe	Monica	Rachel	True	two_sided_context_ambiguous	No direct transcript match; longer line defaulted to previous speaker in same scene.				present	char_tracker_stage05	monica|phoebe|rachel	present			medium	
11	260	561.27	566.03	But then this big bitch behind me tried to steal my umbrella, so I clocked her.	Rachel	high	community_transcript_match	1.0	dialogue	False	True	Rachel | Monica | Phoebe	Monica	Phoebe	False		Speaker agrees with available community-transcript mapping.	No, she was already in, but then this big bitch behind me tried to steal my umbrella, so I clocked her. Ohhh! I can’t believe this, all I wanted was a few hours outside of work to see Joshua, so he can go ahead and start falling in love with me.	Rachel	Rachel	present	char_tracker_stage05	rachel	present	0.8333		high	
11	261	568.19	569.59	I can't believe this.	Phoebe	medium	visual_disambiguation	0.74	dialogue	True	False	Rachel | Monica | Phoebe	Rachel	Phoebe	False		Only one of the two text-context candidates was visually present in the window.				present	char_tracker_stage05	monica|phoebe	present			medium	
11	262	569.59	576.64	All I wanted was just a few hours outside of work to see Joshua so that he could Go ahead and start falling in love with me.	Phoebe	high	qa_review_resolved_bridge	0.9	dialogue	True	False	Rachel | Monica | Phoebe	Phoebe	Phoebe	True	speaker_offscreen	Same speaker appears on both sides within the same scene. | QA resolved prior review by same-speaker bridge.				present	char_tracker_stage05	rachel	absent			low	speaker_offscreen
11	263	579.36	581.28	Aw, Pheebs.	Phoebe	high	qa_review_resolved_ct_support	1.0	dialogue	False	True	Rachel | Monica | Phoebe	Phoebe	Rachel	True	speaker_offscreen	Speaker agrees with available community-transcript mapping. | QA resolved prior review with community-transcript support.	(going over to comfort her) Aww, Pheebs.	Phoebe	Phoebe	present	char_tracker_stage05	rachel	absent	0.0		low	speaker_offscreen
11	264	584.0	585.2	Honey, that's your name.	Rachel	high	community_transcript_match	1.0	dialogue	False	True	Rachel | Monica | Phoebe	Phoebe	Phoebe	False		Speaker agrees with available community-transcript mapping.	Honey, that’s you’re name.	Rachel	Rachel	present	char_tracker_stage05	phoebe|rachel	present	1.0		high	
11	265	587.12	588.24	That's short for Phoebe.	Phoebe	high	community_transcript_match	1.0	dialogue	False	True	Rachel | Monica | Phoebe	Rachel	Phoebe	False		Speaker agrees with available community-transcript mapping.	That's short for Phoebe	Phoebe	Phoebe	present	char_tracker_stage05	phoebe	present	1.0		high	
11	266	588.24	589.84	I thought that's just what we called each other.	Phoebe	high	community_transcript_match	1.0	dialogue	False	True	Rachel | Monica | Phoebe	Phoebe		False		Speaker agrees with available community-transcript mapping.	That’s short for Phoebe?! I thought that was just what we called each other!	Phoebe	Phoebe	present	char_tracker_stage05	monica|phoebe	present	1.0		high	
12	267	594.32	595.52	Hey, you're wearing pants.	Monica	high	qa_review_resolved_ct_support	1.0	dialogue	False	True	Monica | Chandler		Chandler	True	speaker_offscreen	Speaker agrees with available community-transcript mapping. | QA resolved prior review with community-transcript support.	Hey! You’re wearing pants!	Monica	Monica	present	char_tracker_stage05	chandler	absent	0.0		low	speaker_offscreen
12	268	596.0	596.56	That's right.	Chandler	high	community_transcript_match	1.0	dialogue	False	True	Monica | Chandler	Monica	Chandler	False		Speaker agrees with available community-transcript mapping.	That's right	Chandler	Chandler	present	char_tracker_stage05	chandler	present	1.0		high	
12	269	597.04	597.6	Where are the guys?	Chandler	high	community_transcript_match	1.0	dialogue	False	True	Monica | Chandler	Chandler	Chandler	False		Speaker agrees with available community-transcript mapping.	Where are the guys	Chandler	Chandler	present	char_tracker_stage05	chandler	present	1.0		high	
12	270	597.6	599.44	I'm ready to get drunk and see some strippers.	Chandler	high	community_transcript_match	1.0	dialogue	False	True	Monica | Chandler	Chandler	Monica	False		Speaker agrees with available community-transcript mapping.	That’s right! Where are the guys? I’m ready to get drunk and see some strippers.	Chandler	Chandler	present	char_tracker_stage05	chandler	present	1.0		high	
12	271	600.96	602.24	It's 9:30 in the morning.	Monica	high	community_transcript_match	1.0	dialogue	False	True	Monica | Chandler	Chandler	Chandler	False		Speaker agrees with available community-transcript mapping.	It’s 9:30 in the morning!	Monica	Monica	present	char_tracker_stage05	monica	present	1.0		high	
12	272	602.24	603.68	I got a breakfast buffet.	Chandler	high	community_transcript_match	1.0	dialogue	False	True	Monica | Chandler	Monica		False		Speaker agrees with available community-transcript mapping.	They got a breakfast buffet.	Chandler	Chandler	present	char_tracker_stage05	chandler|monica	present	1.0		high	
13	273	607.76	608.64	Oh, hey, Ross.	Monica	high	community_transcript_match	1.0	dialogue	False	True	Monica | Chandler | Phoebe | Rachel | Ross		Chandler	False		Speaker agrees with available community-transcript mapping.	Hello. (Listens) Oh, hey Ross!	Monica	Monica	present	char_tracker_stage05	monica	present	1.0		high	
13	274	608.64	609.0	Ooh.	Chandler	high	qa_review_resolved_ct_support	1.0	reaction	False	True	Monica | Chandler | Phoebe | Rachel | Ross	Monica	Chandler	True	speaker_offscreen	Speaker agrees with available community-transcript mapping. | QA resolved prior review with community-transcript support.	ooh	Chandler	Chandler	present	char_tracker_stage05	monica	absent	0.0		low	speaker_offscreen
13	275	609.0	609.76	Let me talk to him.	Chandler	high	qa_review_resolved_ct_support	1.0	dialogue	False	True	Monica | Chandler | Phoebe | Rachel | Ross	Chandler	Monica	True	speaker_no_face	Speaker agrees with available community-transcript mapping. | QA resolved prior review with community-transcript support.	Ooh, let me talk to him!	Chandler	Chandler	absent	char_tracker_stage05		absent	0.0		medium	speaker_no_face
13	276	610.0	610.88	Oh, my God.	Monica	high	qa_review_resolved_ct_support	1.0	dialogue	False	True	Monica | Chandler | Phoebe | Rachel | Ross	Chandler	Chandler	True	speaker_no_face	Speaker agrees with available community-transcript mapping. | QA resolved prior review with community-transcript support.	Oh-oh, my God!	Monica	Monica	absent	char_tracker_stage05		absent	0.0		medium	speaker_no_face
13	277	610.96	611.52	Can I just.	Chandler	high	qa_review_resolved_ct_support	1.0	dialogue	False	True	Monica | Chandler | Phoebe | Rachel | Ross	Monica	Monica	True	speaker_no_face	Speaker agrees with available community-transcript mapping. | QA resolved prior review with community-transcript support.	Well, can I just…	Chandler	Chandler	absent	char_tracker_stage05		absent	0.0		medium	speaker_no_face
13	278	611.52	611.96	Shh.	Monica	high	qa_review_resolved_ct_support	1.0	dialogue	False	True	Monica | Chandler | Phoebe | Rachel | Ross	Chandler	Monica	True	speaker_no_face	Speaker agrees with available community-transcript mapping. | QA resolved prior review with community-transcript support.	shh	Monica	Monica	absent	char_tracker_stage05		absent	0.0		medium	speaker_no_face
13	279	611.96	612.28	Wait.	Monica	high	qa_review_resolved_bridge	1.0	dialogue	False	True	Monica | Chandler | Phoebe | Rachel | Ross	Monica	Monica	True	speaker_no_face	Speaker agrees with available community-transcript mapping. | QA resolved prior review by same-speaker bridge.	shh wait	Monica	Monica	absent	char_tracker_stage05		absent	0.0		medium	speaker_no_face
13	280	612.28	612.48	What?	Monica	high	qa_review_resolved_ct_support	1.0	dialogue	False	True	Monica | Chandler | Phoebe | Rachel | Ross	Monica	Chandler	True	speaker_no_face	Speaker agrees with available community-transcript mapping. | QA resolved prior review with community-transcript support.	(to Chandler) Shh!! (On phone) Wait, what?	Monica	Monica	absent	char_tracker_stage05		absent	0.0		medium	speaker_no_face
13	281	612.48	613.28	She's shushing me.	Chandler	high	qa_review_resolved_ct_support	1.0	dialogue	False	True	Monica | Chandler | Phoebe | Rachel | Ross	Monica	Chandler	True	speaker_no_face	Speaker agrees with available community-transcript mapping. | QA resolved prior review with community-transcript support.	She's shhing me	Chandler	Chandler	absent	char_tracker_stage05		absent	0.0		medium	speaker_no_face
13	282	613.28	614.28	It's my phone and she's shushing.	Chandler	high	qa_review_resolved_ct_support	1.0	dialogue	False	True	Monica | Chandler | Phoebe | Rachel | Ross	Chandler	Phoebe	True	speaker_no_face	Speaker agrees with available community-transcript mapping. | QA resolved prior review with community-transcript support.	She’s shhing me! It’s my phone and she’s shhing me!	Chandler	Chandler	absent	char_tracker_stage05		absent	0.0		medium	speaker_no_face
13	283	614.28	614.52	Shh.	Phoebe	high	qa_review_resolved_ct_support	1.0	dialogue	False	True	Monica | Chandler | Phoebe | Rachel | Ross	Chandler	Phoebe	True	speaker_no_face	Speaker agrees with available community-transcript mapping. | QA resolved prior review with community-transcript support.	Shhh	Phoebe	Phoebe	absent	char_tracker_stage05		absent	0.0		medium	speaker_no_face
13	284	614.52	614.8	Please.	Phoebe	high	qa_review_resolved_bridge	1.0	dialogue	False	True	Monica | Chandler | Phoebe | Rachel | Ross	Phoebe	Phoebe	True	speaker_no_face	Speaker agrees with available community-transcript mapping. | QA resolved prior review by same-speaker bridge.	Please	Phoebe	Phoebe	absent	char_tracker_stage05		absent	0.0		medium	speaker_no_face
13	285	614.88	615.76	What's he saying?	Phoebe	high	community_transcript_match	1.0	dialogue	False	True	Monica | Chandler | Phoebe | Rachel | Ross	Phoebe	Monica	False		Speaker agrees with available community-transcript mapping.	Shhh!! Please! What’s he saying?	Phoebe	Phoebe	present	char_tracker_stage05	phoebe	present	0.5		high	
13	286	616.88	619.44	He's with Emily at a bed and breakfast in Vermont.	Monica	high	community_transcript_match	1.0	dialogue	False	True	Monica | Chandler | Phoebe | Rachel | Ross	Phoebe	Phoebe	False		Speaker agrees with available community-transcript mapping.	He’s with Emily at a Bed and Breakfast in Vermont!	Monica	Monica	present	char_tracker_stage05	chandler|monica|phoebe	present	1.0		high	
13	287	619.52	619.92	What?	Phoebe	high	community_transcript_match	1.0	dialogue	False	True	Monica | Chandler | Phoebe | Rachel | Ross	Monica	Phoebe	False		Speaker agrees with available community-transcript mapping.	What	Phoebe	Phoebe	present	char_tracker_stage05	chandler|monica|phoebe|rachel	present	1.0		high	
13	288	619.92	620.8	Oh, my God.	Phoebe	high	community_transcript_match	1.0	dialogue	False	True	Monica | Chandler | Phoebe | Rachel | Ross	Phoebe	Rachel	False		Speaker agrees with available community-transcript mapping.	What? Oh my God!	Phoebe	Phoebe	present	char_tracker_stage05	chandler|monica|phoebe|rachel	present	1.0		high	
13	289	621.36	622.4	Where the hell is Emily?	Rachel	high	qa_review_resolved_ct_support	1.0	dialogue	False	True	Monica | Chandler | Phoebe | Rachel | Ross	Phoebe	Ross	True	speaker_offscreen	Speaker agrees with available community-transcript mapping. | QA resolved prior review with community-transcript support.	What? Who the hell is Emily—(realises) noooo!!	Rachel	Rachel	present	char_tracker_stage05	phoebe	absent	0.0		low	speaker_offscreen
13	290	622.72	623.12	No.	Ross	medium	short_turn_alternation	0.7	dialogue	True	False	Monica | Chandler | Phoebe | Rachel | Ross	Rachel	Ross	True	short_utterance_between_two_speakers | speaker_no_face	Short utterance inferred from local turn alternation.				absent	char_tracker_stage05		absent			medium	speaker_no_face
13	291	625.44	628.71	When we first met her, she was soaking, her feet were warm.	Ross	high	community_transcript_match	1.0	dialogue	False	True	Monica | Chandler | Phoebe | Rachel | Ross	Ross	Ross	False		Speaker agrees with available community-transcript mapping.	When we first met her, she was soaking, her feet were wet	Ross	Ross	present	char_tracker_stage05	chandler|monica|ross	present	0.75		high	
13	292	629.1	630.54	Who wouldn't be miserable?	Ross	high	community_transcript_match	1.0	dialogue	False	True	Monica | Chandler | Phoebe | Rachel | Ross	Ross	Ross	False		Speaker agrees with available community-transcript mapping.	Who wouldn't be miserable	Ross	Ross	present	char_tracker_stage05	ross	present	1.0		high	
13	293	630.7	634.86	I'm telling you, once I got her into a dry pair of shoes, she was a totally different person.	Ross	high	community_transcript_match	1.0	dialogue	False	True	Monica | Chandler | Phoebe | Rachel | Ross	Ross	Rachel	False		Speaker agrees with available community-transcript mapping.	(in Vermont) When we first met her, she was soaking, her feet were wet. Who wouldn't be miserable? I'm telling you, once I got her into a dry pair of shoes she was a totally different person.	Ross	Ross	present	char_tracker_stage05	ross	present	1.0		high	
13	294	635.02	636.1	They're in Vermont?	Rachel	high	community_transcript_match	1.0	dialogue	False	True	Monica | Chandler | Phoebe | Rachel | Ross	Ross	Rachel	False		Speaker agrees with available community-transcript mapping.	They’re in Vermont!! How could this happen?! (She waves her arms franticly and hits Chandler.)	Rachel	Rachel	present	char_tracker_stage05	joey|rachel	present	1.0		high	
13	295	636.1	637.1	How did this happen?	Rachel	high	community_transcript_match	1.0	dialogue	False	True	Monica | Chandler | Phoebe | Rachel | Ross	Rachel	Chandler	False		Speaker agrees with available community-transcript mapping.	How could this happen	Rachel	Rachel	present	char_tracker_stage05	chandler|joey|rachel	present	1.0		high	
13	296	637.5	637.98	Ow.	Chandler	high	community_transcript_match	1.0	dialogue	False	True	Monica | Chandler | Phoebe | Rachel | Ross	Rachel	Rachel	False		Speaker agrees with available community-transcript mapping.	Ow!	Chandler	Chandler	present	char_tracker_stage05	chandler|joey|rachel	present	1.0		high	
13	297	639.42	639.78	How?	Rachel	high	community_transcript_match	1.0	dialogue	False	True	Monica | Chandler | Phoebe | Rachel | Ross	Chandler	Rachel	False		Speaker agrees with available community-transcript mapping.	how	Rachel	Rachel	present	char_tracker_stage05	rachel	present	1.0		high	
13	298	639.78	642.06	How did he end up in Vermont with that awful witch?	Rachel	high	community_transcript_match	1.0	dialogue	False	True	Monica | Chandler | Phoebe | Rachel | Ross	Rachel	Chandler	False		Speaker agrees with available community-transcript mapping.	How—how did end up in Vermont with that awful witch?! (She hits Chandler again.)	Rachel	Rachel	present	char_tracker_stage05	rachel	present	1.0		high	
13	299	642.38	644.46	Well, maybe she doesn't hit him all the time.	Chandler	high	community_transcript_match	1.0	dialogue	False	True	Monica | Chandler | Phoebe | Rachel | Ross	Rachel		False		Speaker agrees with available community-transcript mapping.	Maybe, she doesn’t hit him all the time.	Chandler	Chandler	present	char_tracker_stage05	chandler|rachel	present	1.0		high	
14	300	645.9	647.06	Ross, come quickly.	Emily	high	community_transcript_match	1.0	dialogue	False	True	Emily | Ross		Ross	False		Speaker agrees with available community-transcript mapping.	(rushing in) Ross! Come quickly! There’s a deer just outside eating fruit from the orchard!	Emily	Emily	partial	char_tracker_stage05		unobserved			high	
14	301	647.06	649.54	There's a deer just outside eating fruit from the orchard.	Ross	high	qa_review_resolved_ct_support	1.0	dialogue	False	True	Emily | Ross	Emily	Ross	True	speaker_no_face	Speaker agrees with available community-transcript mapping. | QA resolved prior review with community-transcript support.	I’ve gotta go, there’s a deer just outside eating fruit from the orchard! (He hangs up and runs out.)	Ross	Ross	partial	char_tracker_stage05		absent	0.3333		medium	speaker_no_face
14	302	649.54	650.22	I gotta go.	Ross	high	community_transcript_match	1.0	dialogue	False	True	Emily | Ross	Ross		False		Speaker agrees with available community-transcript mapping.	i've gotta go	Ross	Ross	present	char_tracker_stage05	ross	present	1.0		high	
15	303	650.22	652.38	There's a deer just outside eating fruit from the orch.	Monica	high	qa_review_resolved_ct_support	1.0	dialogue	False	True	Monica		Monica	True	speaker_offscreen	Speaker agrees with available community-transcript mapping. | QA resolved prior review with community-transcript support.	He had to go, there’s a deer just outside eating fruit from the orchard.	Monica	Monica	present	char_tracker_stage05	ross	absent	0.0		low	speaker_offscreen
15	304	656.11	656.79	He had to go.	Monica	high	community_transcript_match	1.0	dialogue	False	True	Monica	Monica	Monica	False		Speaker agrees with available community-transcript mapping.	he had to go orchard	Monica	Monica	present	char_tracker_stage05	monica	present	1.0		high	
15	305	656.79	659.07	There was a deer just outside eating fruit.	Monica	medium	scene_context_inference	0.68	dialogue	True	False	Monica	Monica		True	medium_confidence_context_fill	Filled from previous same-scene context.				present	char_tracker_stage05	monica	present			medium	
