scene_id	sentence_id	start	end	utterance	speaker	speaker_confidence	speaker_method	alignment_score	row_type	filled_from_missing	matched_to_ct	scene_speaker_set	prev_speaker_scene	next_speaker_scene	review_flag	review_reason	notes	utterance_ct	speaker_ct	speaker_original	visual_presence	visual_presence_source	visual_presence_chars	speaker_visual_presence	speaker_visual_ratio	visual_presence_note	annotation_confidence	annotation_review_reason
1	1	2.48	3.52	You guys, hurry up.	Monica	high	qa_review_resolved_ct_support	1.0	dialogue	False	True	Monica | Chandler | Joey | Joey (looks at the box)		Monica	True	speaker_no_face	Speaker agrees with available community-transcript mapping. | QA resolved prior review with community-transcript support.	Guys, hurry up	Monica	Monica	absent	char_tracker_stage05		absent	0.0		medium	speaker_no_face
1	2	3.52	4.72	The flight leaves in four hours.	Monica	high	community_transcript_match	1.0	dialogue	False	True	Monica | Chandler | Joey | Joey (looks at the box)	Monica	Monica	False		Speaker agrees with available community-transcript mapping.	The flight leaves in four hours	Monica	Monica	present	char_tracker_stage05	monica	present	0.5		high	
1	3	4.72	6.04	It could take time to get a taxi.	Monica	high	community_transcript_match	1.0	dialogue	False	True	Monica | Chandler | Joey | Joey (looks at the box)	Monica	Monica	False		Speaker agrees with available community-transcript mapping.	It could take time to get a taxi	Monica	Monica	present	char_tracker_stage05	monica	present	1.0		high	
1	4	6.04	6.88	There could be traffic.	Monica	high	community_transcript_match	1.0	dialogue	False	True	Monica | Chandler | Joey | Joey (looks at the box)	Monica	Monica	False		Speaker agrees with available community-transcript mapping.	There could be traffic	Monica	Monica	present	char_tracker_stage05	monica	present	1.0		high	
1	5	6.88	7.88	The plane could leave early.	Monica	high	community_transcript_match	1.0	dialogue	False	True	Monica | Chandler | Joey | Joey (looks at the box)	Monica	Monica	False		Speaker agrees with available community-transcript mapping.	The plane could leave early	Monica	Monica	present	char_tracker_stage05	monica	present	1.0		high	
1	6	7.88	9.92	When we get to London, there could be a line of customs.	Monica	high	community_transcript_match	1.0	dialogue	False	True	Monica | Chandler | Joey | Joey (looks at the box)	Monica	Monica	False		Speaker agrees with available community-transcript mapping.	Guys, hurry up! The flight leaves in four hours! It could take time to get a taxi! There could be traffic! The plane could leave early! When we get to London, there could be a line at customs! Come on!! (She runs back to her apartment.)	Monica	Monica	present	char_tracker_stage05	monica	present	1.0		high	
1	7	9.92	10.48	Come on.	Monica	high	community_transcript_match	1.0	dialogue	False	True	Monica | Chandler | Joey | Joey (looks at the box)	Monica	Chandler	False		Speaker agrees with available community-transcript mapping.	Come on	Monica	Monica	present	char_tracker_stage05	monica	present	1.0		high	
1	8	12.64	14.0	Six hour trip to London?	Chandler	high	community_transcript_match	1.0	dialogue	False	True	Monica | Chandler | Joey | Joey (looks at the box)	Monica	Chandler	False		Speaker agrees with available community-transcript mapping.	Six-hour trip to London. That's a lot of Monica.	Chandler	Chandler	present	char_tracker_stage05	chandler	present	1.0		high	
1	9	14.48	15.84	That's a lot of Monica.	Chandler	high	community_transcript_match	1.0	dialogue	False	True	Monica | Chandler | Joey | Joey (looks at the box)	Chandler	Joey	False		Speaker agrees with available community-transcript mapping.	That's a lot of Monica	Chandler	Chandler	present	char_tracker_stage05	chandler|joey	present	1.0		high	
1	10	17.52	18.48	What do you got there?	Joey	high	community_transcript_match	1.0	dialogue	False	True	Monica | Chandler | Joey | Joey (looks at the box)	Chandler	Chandler	False		Speaker agrees with available community-transcript mapping.	What do you got there?	Joey	Joey	present	char_tracker_stage05	chandler|joey	present	1.0		high	
1	11	19.52	20.64	Condoms, dude.	Chandler	high	community_transcript_match	1.0	dialogue	False	True	Monica | Chandler | Joey | Joey (looks at the box)	Joey	Joey (looks at the box)	False		Speaker agrees with available community-transcript mapping.	Condoms, dude!	Chandler	Chandler	present	char_tracker_stage05	chandler|joey	present	1.0		high	
1	12	23.04	24.96	Well, how come the writing is in Spanish?	Joey (looks at the box)	high	community_transcript_match	1.0	dialogue	False	True	Monica | Chandler | Joey | Joey (looks at the box)	Chandler	Chandler	False		Speaker agrees with available community-transcript mapping.	How come the writing is in Spanish?	Joey (looks at the box)	Joey (looks at the box)	present	char_tracker_stage05	joey	unobserved			high	
1	13	26.24	27.84	Don't read my condoms.	Chandler	high	community_transcript_match	1.0	dialogue	False	True	Monica | Chandler | Joey | Joey (looks at the box)	Joey (looks at the box)		False		Speaker agrees with available community-transcript mapping.	Don't read my condoms!	Chandler	Chandler	present	char_tracker_stage05	chandler|joey	present	1.0		high	
2	14	29.84	31.25	Passport, check.	Monica	high	community_transcript_match	1.0	dialogue	False	True	Monica | Rachel | Phoebe | Ross		Monica	False		Speaker agrees with available community-transcript mapping.	Passport, check! (As she puts away each item, she says check.) Camera, check! Traveller's cheques, check!	Monica	Monica	present	char_tracker_stage05	monica	present	1.0		high	
2	15	31.33	32.61	Camera, check.	Monica	high	community_transcript_match	1.0	dialogue	False	True	Monica | Rachel | Phoebe | Ross	Monica	Monica	False		Speaker agrees with available community-transcript mapping.	Camera, check	Monica	Monica	present	char_tracker_stage05	monica	present	1.0		high	
2	16	32.69	34.13	Travelers checks, check.	Monica	high	community_transcript_match	1.0	dialogue	False	True	Monica | Rachel | Phoebe | Ross	Monica	Rachel	False		Speaker agrees with available community-transcript mapping.	Traveller's cheques, check	Monica	Monica	present	char_tracker_stage05	monica	present	1.0		high	
2	17	34.69	35.73	Where are you saying check?	Rachel	high	qa_review_resolved_ct_support	1.0	dialogue	False	True	Monica | Rachel | Phoebe | Ross	Monica	Monica	True	speaker_offscreen	Speaker agrees with available community-transcript mapping. | QA resolved prior review with community-transcript support.	"Who are you saying ""check"" too?"	Rachel	Rachel	present	char_tracker_stage05	monica	absent	0.0		low	speaker_offscreen
2	18	35.73	37.01	To myself.	Monica	high	community_transcript_match	1.0	dialogue	False	True	Monica | Rachel | Phoebe | Ross	Rachel	Monica	False		Speaker agrees with available community-transcript mapping.	Myself	Monica	Monica	present	char_tracker_stage05	monica	present	1.0		high	
2	19	37.33	39.09	You know, for remembering to pack the thing.	Monica	high	community_transcript_match	1.0	dialogue	False	True	Monica | Rachel | Phoebe | Ross	Monica	Monica	False		Speaker agrees with available community-transcript mapping.	Y'know for remembering to pack a thing	Monica	Monica	present	char_tracker_stage05	monica	present	1.0		high	
2	20	39.17	41.17	Now you do a good thing, you get a check.	Monica	high	community_transcript_match	1.0	dialogue	False	True	Monica | Rachel | Phoebe | Ross	Monica	Monica	False		Speaker agrees with available community-transcript mapping.	Myself. Y'know for remembering to pack a thing. Yeah, you do a good thing, you get a check! (pause) My mom does it, I never realised it was weird.	Monica	Monica	present	char_tracker_stage05	monica	present	1.0		high	
2	21	44.21	45.25	My mom does it.	Monica	high	community_transcript_match	1.0	dialogue	False	True	Monica | Rachel | Phoebe | Ross	Monica	Monica	False		Speaker agrees with available community-transcript mapping.	My mom does it, I never realised it was weird	Monica	Monica	present	char_tracker_stage05	monica	present	1.0		high	
2	22	45.25	46.61	I never realized it was weird.	Monica	high	community_transcript_match	1.0	dialogue	False	True	Monica | Rachel | Phoebe | Ross	Monica	Phoebe	False		Speaker agrees with available community-transcript mapping.	i never realised it was weird	Monica	Monica	present	char_tracker_stage05	monica|phoebe|rachel	present	1.0		high	
2	23	47.01	48.85	Hey, my mom used to put her head in the oven.	Phoebe	high	community_transcript_match	1.0	dialogue	False	True	Monica | Rachel | Phoebe | Ross	Monica	Phoebe	False		Speaker agrees with available community-transcript mapping.	Yeah, my mom used to put her head in the oven	Phoebe	Phoebe	present	char_tracker_stage05	phoebe|rachel	present	1.0		high	
2	24	50.69	52.29	Actually, she only did it the one time.	Phoebe	high	community_transcript_match	1.0	dialogue	False	True	Monica | Rachel | Phoebe | Ross	Phoebe	Phoebe	False		Speaker agrees with available community-transcript mapping.	Yeah, my mom used to put her head in the oven. Well, actually, she only did it the one time. But it was pretty weird.	Phoebe	Phoebe	present	char_tracker_stage05	phoebe|rachel	present	1.0		high	
2	25	53.01	53.89	It's pretty weird.	Phoebe	high	community_transcript_match	1.0	dialogue	False	True	Monica | Rachel | Phoebe | Ross	Phoebe	Ross	False		Speaker agrees with available community-transcript mapping.	But it was pretty weird	Phoebe	Phoebe	present	char_tracker_stage05	phoebe|rachel	present	1.0		high	
2	26	56.61	57.09	Hey.	Ross	medium	short_turn_alternation	0.7	dialogue	True	False	Monica | Rachel | Phoebe | Ross	Phoebe	Ross	True	short_utterance_between_two_speakers | speaker_no_face	Short utterance inferred from local turn alternation.				absent	char_tracker_stage05		absent			medium	speaker_no_face
2	27	57.33	57.81	Hey.	Ross	high	qa_review_resolved_ct_support	1.0	dialogue	False	True	Monica | Rachel | Phoebe | Ross	Ross	Monica	True	speaker_no_face	Speaker agrees with available community-transcript mapping. | QA resolved prior review with community-transcript support.	(entering) Hey!	Ross	Ross	absent	char_tracker_stage05		absent	0.0		medium	speaker_no_face
2	28	57.81	58.29	Hey.	Monica	high	qa_review_resolved_ct_support	1.0	dialogue	False	True	Monica | Rachel | Phoebe | Ross	Ross	Ross	True	speaker_no_face	Speaker agrees with available community-transcript mapping. | QA resolved prior review with community-transcript support.	Hey!	Monica	Monica	absent	char_tracker_stage05		absent	0.0		medium	speaker_no_face
2	29	58.53	59.29	Are you ready yet?	Ross	high	qa_review_resolved_ct_support	1.0	dialogue	False	True	Monica | Rachel | Phoebe | Ross	Monica	Monica	True	speaker_offscreen	Speaker agrees with available community-transcript mapping. | QA resolved prior review with community-transcript support.	Hey! Are you ready yet?	Ross	Ross	present	char_tracker_stage05	monica	absent	0.0		low	speaker_offscreen
2	30	59.29	59.53	Yep.	Monica	high	community_transcript_match	1.0	dialogue	False	True	Monica | Rachel | Phoebe | Ross	Ross	Monica	False		Speaker agrees with available community-transcript mapping.	Yep	Monica	Monica	present	char_tracker_stage05	monica	present	1.0		high	
2	31	59.53	60.29	You got your tickets?	Monica	high	community_transcript_match	1.0	dialogue	False	True	Monica | Rachel | Phoebe | Ross	Monica	Ross	False		Speaker agrees with available community-transcript mapping.	Yep! You got the tickets?	Monica	Monica	present	char_tracker_stage05	monica|ross	present	1.0		high	
2	32	60.41	61.29	Oh, got him right here.	Ross	high	community_transcript_match	1.0	dialogue	False	True	Monica | Rachel | Phoebe | Ross	Monica	Ross	False		Speaker agrees with available community-transcript mapping.	Oh! Got 'em right here, (Pats his coat pocket) check!	Ross	Ross	present	char_tracker_stage05	monica|ross	present	1.0		high	
2	33	61.29	61.77	Check.	Ross	high	community_transcript_match	1.0	dialogue	False	True	Monica | Rachel | Phoebe | Ross	Ross		False		Speaker agrees with available community-transcript mapping.	check	Ross	Ross	present	char_tracker_stage05	monica|ross	present	1.0		high	
3	34	64.25	66.09	It's all London, baby.	Joey	high	qa_review_resolved_ct_support	1.0	dialogue	False	True	Joey | Chandler		Joey	True	speaker_no_face	Speaker agrees with available community-transcript mapping. | QA resolved prior review with community-transcript support.	It's all London, baby! Here we go. (He takes a picture of a less than enthused Chandler and starts towards the girls' apartment.)	Joey	Joey	absent	char_tracker_stage05		absent	0.0		medium	speaker_no_face
3	35	66.33	67.13	Here we go.	Joey	high	qa_review_resolved_ct_support	1.0	dialogue	False	True	Joey | Chandler	Joey	Chandler	True	speaker_offscreen	Speaker agrees with available community-transcript mapping. | QA resolved prior review with community-transcript support.	Here we go	Joey	Joey	present	char_tracker_stage05	chandler	absent	0.0		low	speaker_offscreen
3	36	70.17	71.21	You got your passport?	Chandler	high	qa_review_resolved_ct_support	1.0	dialogue	False	True	Joey | Chandler	Joey	Joey	True	speaker_offscreen	Speaker agrees with available community-transcript mapping. | QA resolved prior review with community-transcript support.	You got your passport?	Chandler	Chandler	present	char_tracker_stage05	joey	absent	0.0		low	speaker_offscreen
3	37	71.69	73.49	Yeah, in my third drawer of my dresser.	Joey	high	community_transcript_match	1.0	dialogue	False	True	Joey | Chandler	Chandler	Joey	False		Speaker agrees with available community-transcript mapping.	Yeah, in my third drawer on my dresser	Joey	Joey	present	char_tracker_stage05	joey	present	1.0		high	
3	38	73.49	74.41	You don't want to lose that.	Joey	high	community_transcript_match	1.0	dialogue	False	True	Joey | Chandler	Joey		False		Speaker agrees with available community-transcript mapping.	Yeah, in my third drawer on my dresser. You don't want to lose that.	Joey	Joey	present	char_tracker_stage05	joey	present	1.0		high	
4	39	79.69	80.81	Oh, there it is.	Chandler	high	community_transcript_match	1.0	dialogue	False	True	Chandler			False		Speaker agrees with available community-transcript mapping.	There it is.	Chandler	Chandler	present	char_tracker_stage05	chandler|joey	present	0.5		high	
6	40	93.54	96.74	Okay, if you need the vacuum, it's in my closet on the left hand side.	Monica	high	qa_review_resolved_ct_support	1.0	dialogue	False	True	Monica | Phoebe | Chandler | Ross | Joey | Rachel		Phoebe	True	speaker_no_face	Speaker agrees with available community-transcript mapping. | QA resolved prior review with community-transcript support.	Okay, if you need the vacuum, it's in my closet on the left-hand side. Ah, the garbage bags are next to the refrigerator...	Monica	Monica	absent	char_tracker_stage05		absent	0.0		medium	speaker_no_face
6	41	96.74	97.3	Okay.	Phoebe	medium	short_turn_alternation	0.7	dialogue	True	False	Monica | Phoebe | Chandler | Ross | Joey | Rachel	Monica	Phoebe	True	short_utterance_between_two_speakers | speaker_no_face	Short utterance inferred from local turn alternation.				absent	char_tracker_stage05		absent			medium	speaker_no_face
6	42	97.54	99.62	The garbage bags are next to the refrigerator.	Phoebe	high	qa_review_resolved_bridge	0.9	dialogue	True	False	Monica | Phoebe | Chandler | Ross | Joey | Rachel	Phoebe	Phoebe	True	speaker_no_face	Same speaker appears on both sides within the same scene. | QA resolved prior review by same-speaker bridge.				partial	char_tracker_stage05		absent			medium	speaker_no_face
6	43	99.62	99.94	Okay.	Phoebe	high	scene_context_bridge	0.88	dialogue	True	False	Monica | Phoebe | Chandler | Ross | Joey | Rachel	Phoebe	Phoebe	False		Same speaker appears on both sides within the same scene.				present	char_tracker_stage05	phoebe	present			high	
6	44	99.94	101.46	Okay, but Rachel's gonna be here too.	Phoebe	high	community_transcript_match	1.0	dialogue	False	True	Monica | Phoebe | Chandler | Ross | Joey | Rachel	Phoebe	Phoebe	False		Speaker agrees with available community-transcript mapping.	Okay, okay, but Rachel's gonna be here too, can't I just ask her this stuff?	Phoebe	Phoebe	present	char_tracker_stage05	phoebe	present	1.0		high	
6	45	101.46	102.98	Can I just ask her this stuff?	Phoebe	high	community_transcript_match	1.0	dialogue	False	True	Monica | Phoebe | Chandler | Ross | Joey | Rachel	Phoebe	Monica	False		Speaker agrees with available community-transcript mapping.	okay can't i just ask her this stuff	Phoebe	Phoebe	present	char_tracker_stage05	monica|phoebe	present	1.0		high	
6	46	103.54	103.9	Yeah.	Monica	high	community_transcript_match	1.0	dialogue	False	True	Monica | Phoebe | Chandler | Ross | Joey | Rachel	Phoebe	Monica	False		Speaker agrees with available community-transcript mapping.	yeah	Monica	Monica	present	char_tracker_stage05	monica	present	1.0		high	
6	47	103.9	104.34	Okay.	Monica	high	community_transcript_match	1.0	dialogue	False	True	Monica | Phoebe | Chandler | Ross | Joey | Rachel	Monica	Monica	False		Speaker agrees with available community-transcript mapping.	yeah okay	Monica	Monica	present	char_tracker_stage05	monica	present	1.0		high	
6	48	104.34	105.22	Give that a try.	Monica	high	community_transcript_match	1.0	dialogue	False	True	Monica | Phoebe | Chandler | Ross | Joey | Rachel	Monica	Chandler	False		Speaker agrees with available community-transcript mapping.	Yeah, okay, give that a try!	Monica	Monica	present	char_tracker_stage05	monica|phoebe	present	1.0		high	
6	49	107.14	108.5	All right, let's do it.	Chandler	high	qa_review_resolved_ct_support	1.0	dialogue	False	True	Monica | Phoebe | Chandler | Ross | Joey | Rachel	Monica	Ross	True	speaker_offscreen	Speaker agrees with available community-transcript mapping. | QA resolved prior review with community-transcript support.	(entering, with Joey) All right! Let's do it!	Chandler	Chandler	present	char_tracker_stage05	phoebe	absent	0.0		low	speaker_offscreen
6	50	108.5	108.9	Yeah.	Ross	high	qa_review_resolved_ct_support	1.0	dialogue	False	True	Monica | Phoebe | Chandler | Ross | Joey | Rachel	Chandler	Joey	True	speaker_no_face	Speaker agrees with available community-transcript mapping. | QA resolved prior review with community-transcript support.	Yeah, cheerie-o!	Ross	Ross	absent	char_tracker_stage05		absent	0.0		medium	speaker_no_face
6	51	108.9	109.38	Trio.	Joey	medium	short_turn_alternation	0.7	dialogue	True	False	Monica | Phoebe | Chandler | Ross | Joey | Rachel	Ross	Joey	True	short_utterance_between_two_speakers | speaker_no_face	Short utterance inferred from local turn alternation.				absent	char_tracker_stage05		absent			medium	speaker_no_face
6	52	109.7	110.82	London, baby.	Joey	high	qa_review_resolved_ct_support	1.0	dialogue	False	True	Monica | Phoebe | Chandler | Ross | Joey | Rachel	Joey	Chandler	True	speaker_offscreen	Speaker agrees with available community-transcript mapping. | QA resolved prior review with community-transcript support.	London baby!	Joey	Joey	present	char_tracker_stage05	chandler|ross	absent	0.0		low	speaker_offscreen
6	53	111.38	111.9	Okay.	Chandler	high	community_transcript_match	1.0	dialogue	False	True	Monica | Phoebe | Chandler | Ross | Joey | Rachel	Joey	Chandler	False		Speaker agrees with available community-transcript mapping.	okay 'cause	Chandler	Chandler	present	char_tracker_stage05	chandler|ross	present	1.0		high	
6	54	111.9	113.22	Cause that's not gonna get annoying.	Chandler	high	community_transcript_match	1.0	dialogue	False	True	Monica | Phoebe | Chandler | Ross | Joey | Rachel	Chandler	Joey	False		Speaker agrees with available community-transcript mapping.	Okay, 'cause that's not gonna get annoying.	Chandler	Chandler	present	char_tracker_stage05	chandler|ross	present	1.0		high	
6	55	113.22	114.42	London, baby.	Joey	high	community_transcript_match	1.0	dialogue	False	True	Monica | Phoebe | Chandler | Ross | Joey | Rachel	Chandler	Chandler	False		Speaker agrees with available community-transcript mapping.	(louder) London baby!!	Joey	Joey	present	char_tracker_stage05	chandler|joey|ross	present	1.0		high	
6	56	116.5	117.1	You know what?	Chandler	high	community_transcript_match	1.0	dialogue	False	True	Monica | Phoebe | Chandler | Ross | Joey | Rachel	Joey	Chandler	False		Speaker agrees with available community-transcript mapping.	Hey, y'know what	Chandler	Chandler	present	char_tracker_stage05	chandler|ross	present	1.0		high	
6	57	117.1	117.54	I was.	Chandler	high	community_transcript_match	1.0	dialogue	False	True	Monica | Phoebe | Chandler | Ross | Joey | Rachel	Chandler	Ross	False		Speaker agrees with available community-transcript mapping.	Hey, y'know what? I was wrong.	Chandler	Chandler	present	char_tracker_stage05	chandler|ross	present	1.0		high	
6	58	118.88	119.72	Well, we're all here.	Ross	high	community_transcript_match	1.0	dialogue	False	True	Monica | Phoebe | Chandler | Ross | Joey | Rachel	Chandler	Ross	False		Speaker agrees with available community-transcript mapping.	Well, we're all here	Ross	Ross	present	char_tracker_stage05	chandler|ross	present	1.0		high	
6	59	119.72	120.96	I guess we should get going.	Ross	high	community_transcript_match	1.0	dialogue	False	True	Monica | Phoebe | Chandler | Ross | Joey | Rachel	Ross	Phoebe	False		Speaker agrees with available community-transcript mapping.	Well, we're all here! I guess we should get going!	Ross	Ross	present	char_tracker_stage05	chandler|ross	present	0.5		high	
6	60	121.2	125.12	Oh, I want to come over there and give you a hug and wish you luck on your wedding.	Phoebe	high	community_transcript_match	1.0	dialogue	False	True	Monica | Phoebe | Chandler | Ross | Joey | Rachel	Ross	Phoebe	False		Speaker agrees with available community-transcript mapping.	Ohhh, I wanna come over there and give you a hug and wish you luck on your wedding, but I don't-can't get up.	Phoebe	Phoebe	present	char_tracker_stage05	phoebe	present	1.0		high	
6	61	125.12	126.56	But I can't get up.	Phoebe	high	community_transcript_match	1.0	dialogue	False	True	Monica | Phoebe | Chandler | Ross | Joey | Rachel	Phoebe	Ross	False		Speaker agrees with available community-transcript mapping.	ohhh but i don't can't get up	Phoebe	Phoebe	present	char_tracker_stage05	chandler|phoebe|ross	present	1.0		high	
6	62	126.56	127.76	Oh, I'll come hug you.	Ross	high	community_transcript_match	1.0	dialogue	False	True	Monica | Phoebe | Chandler | Ross | Joey | Rachel	Phoebe	Phoebe	False		Speaker agrees with available community-transcript mapping.	Oh, I'll-I'll come hug you.	Ross	Ross	present	char_tracker_stage05	chandler|phoebe|ross	present	1.0		high	
6	63	127.76	127.96	Great.	Phoebe	high	qa_review_resolved_ct_support	1.0	dialogue	False	True	Monica | Phoebe | Chandler | Ross | Joey | Rachel	Ross	Ross	True	speaker_offscreen	Speaker agrees with available community-transcript mapping. | QA resolved prior review with community-transcript support.	Great! Yeah, could you bring me the newspaper?	Phoebe	Phoebe	present	char_tracker_stage05	chandler|ross	absent	0.0		low	speaker_offscreen
6	64	127.96	128.16	Yeah.	Ross	high	community_transcript_match	1.0	dialogue	False	True	Monica | Phoebe | Chandler | Ross | Joey | Rachel	Phoebe	Ross	False		Speaker agrees with available community-transcript mapping.	Yeah. (He does so and Phoebe hugs him.)	Ross	Ross	present	char_tracker_stage05	chandler|ross	present	1.0		high	
6	65	128.16	129.28	Can you bring me the newspaper?	Ross	medium	visual_disambiguation	0.74	dialogue	True	False	Monica | Phoebe | Chandler | Ross | Joey | Rachel	Ross	Phoebe	False		Only one of the two text-context candidates was visually present in the window.				present	char_tracker_stage05	ross	present			medium	
6	66	132.16	133.36	Have a great wedding.	Phoebe	high	qa_review_resolved_ct_support	1.0	dialogue	False	True	Monica | Phoebe | Chandler | Ross | Joey | Rachel	Ross	Ross	True	speaker_no_face	Speaker agrees with available community-transcript mapping. | QA resolved prior review with community-transcript support.	Oh, have a great wedding!	Phoebe	Phoebe	absent	char_tracker_stage05		absent	0.0		medium	speaker_no_face
6	67	133.76	134.24	Thanks.	Ross	high	qa_review_resolved_ct_support	1.0	dialogue	False	True	Monica | Phoebe | Chandler | Ross | Joey | Rachel	Phoebe	Phoebe	True	speaker_offscreen	Speaker agrees with available community-transcript mapping. | QA resolved prior review with community-transcript support.	Thanks.	Ross	Ross	present	char_tracker_stage05	phoebe	absent	0.0		low	speaker_offscreen
6	68	134.48	135.28	Hey, Chandler.	Phoebe	high	community_transcript_match	1.0	dialogue	False	True	Monica | Phoebe | Chandler | Ross | Joey | Rachel	Ross	Phoebe	False		Speaker agrees with available community-transcript mapping.	Oh, hey, Chandler I wanna hug you too!	Phoebe	Phoebe	present	char_tracker_stage05	phoebe	present	1.0		high	
6	69	135.28	136.16	I want to hug you too.	Phoebe	high	community_transcript_match	1.0	dialogue	False	True	Monica | Phoebe | Chandler | Ross | Joey | Rachel	Phoebe	Chandler	False		Speaker agrees with available community-transcript mapping.	oh i wanna hug you too	Phoebe	Phoebe	present	char_tracker_stage05	phoebe	present	1.0		high	
6	70	136.16	136.64	Hey.	Chandler	high	qa_review_resolved_ct_support	1.0	dialogue	False	True	Monica | Phoebe | Chandler | Ross | Joey | Rachel	Phoebe	Phoebe	True	speaker_offscreen	Speaker agrees with available community-transcript mapping. | QA resolved prior review with community-transcript support.	Hey! (Trots over)	Chandler	Chandler	present	char_tracker_stage05	phoebe	absent	0.0		low	speaker_offscreen
6	71	136.72	137.44	Oh, and great.	Phoebe	high	community_transcript_match	1.0	dialogue	False	True	Monica | Phoebe | Chandler | Ross | Joey | Rachel	Chandler	Phoebe	False		Speaker agrees with available community-transcript mapping.	oh and great	Phoebe	Phoebe	present	char_tracker_stage05	phoebe|ross	present	1.0		high	
6	72	137.44	138.56	You might as well bring me my book.	Phoebe	high	community_transcript_match	1.0	dialogue	False	True	Monica | Phoebe | Chandler | Ross | Joey | Rachel	Phoebe	Phoebe	False		Speaker agrees with available community-transcript mapping.	oh and great you might as well bring me my book	Phoebe	Phoebe	present	char_tracker_stage05	phoebe|ross	present	1.0		high	
6	73	138.56	140.0	It's on the counter in your apartment.	Phoebe	high	community_transcript_match	1.0	dialogue	False	True	Monica | Phoebe | Chandler | Ross | Joey | Rachel	Phoebe	Ross	False		Speaker agrees with available community-transcript mapping.	Oh, and great! You might as well bring me my book, it's on the counter in your apartment.	Phoebe	Phoebe	present	char_tracker_stage05	chandler|phoebe|ross	present	1.0		high	
6	74	145.93	146.81	So we're off.	Ross	high	qa_review_resolved_ct_support	1.0	dialogue	False	True	Monica | Phoebe | Chandler | Ross | Joey | Rachel	Phoebe	Rachel	True	speaker_offscreen	Speaker agrees with available community-transcript mapping. | QA resolved prior review with community-transcript support.	(to Rachel) So, we're off.	Ross	Ross	present	char_tracker_stage05	rachel	absent	0.0		low	speaker_offscreen
6	75	146.97	147.69	Have fun.	Rachel	high	community_transcript_match	1.0	dialogue	False	True	Monica | Phoebe | Chandler | Ross | Joey | Rachel	Ross	Ross	False		Speaker agrees with available community-transcript mapping.	Have fun!	Rachel	Rachel	present	char_tracker_stage05	rachel	present	1.0		high	
6	76	147.93	148.41	Thanks.	Ross	high	qa_review_resolved_ct_support	1.0	dialogue	False	True	Monica | Phoebe | Chandler | Ross | Joey | Rachel	Rachel	Ross	True	speaker_offscreen	Speaker agrees with available community-transcript mapping. | QA resolved prior review with community-transcript support.	Thanks	Ross	Ross	present	char_tracker_stage05	rachel	absent	0.0		low	speaker_offscreen
6	77	149.05	152.45	Oh, I can't believe you're not gonna be there.	Ross	high	qa_review_resolved_ct_support	1.0	dialogue	False	True	Monica | Phoebe | Chandler | Ross | Joey | Rachel	Ross	Rachel	True	speaker_no_face	Speaker agrees with available community-transcript mapping. | QA resolved prior review with community-transcript support.	Thanks! (They hug.) Ugh, I can't believe you're not gonna be there!	Ross	Ross	partial	char_tracker_stage05		absent	0.0		medium	speaker_no_face
6	78	152.45	153.21	Oh, I know.	Rachel	high	qa_review_resolved_ct_support	1.0	dialogue	False	True	Monica | Phoebe | Chandler | Ross | Joey | Rachel	Ross	Ross	True	speaker_no_face	Speaker agrees with available community-transcript mapping. | QA resolved prior review with community-transcript support.	Oh, I know.	Rachel	Rachel	absent	char_tracker_stage05		absent	0.0		medium	speaker_no_face
6	79	153.45	153.81	So.	Ross	high	qa_review_resolved_ct_support	1.0	dialogue	False	True	Monica | Phoebe | Chandler | Ross | Joey | Rachel	Rachel	Ross	True	speaker_no_face	Speaker agrees with available community-transcript mapping. | QA resolved prior review with community-transcript support.	so	Ross	Ross	absent	char_tracker_stage05		absent	0.0		medium	speaker_no_face
6	80	153.81	154.97	So come.	Ross	high	qa_review_resolved_bridge	1.0	dialogue	False	True	Monica | Phoebe | Chandler | Ross | Joey | Rachel	Ross	Ross	True	speaker_no_face	Speaker agrees with available community-transcript mapping. | QA resolved prior review by same-speaker bridge.	So-so come	Ross	Ross	absent	char_tracker_stage05		absent	0.0		medium	speaker_no_face
6	81	154.97	155.85	Why don't you come?	Ross	high	qa_review_resolved_ct_support	1.0	dialogue	False	True	Monica | Phoebe | Chandler | Ross | Joey | Rachel	Ross	Rachel	True	speaker_no_face	Speaker agrees with available community-transcript mapping. | QA resolved prior review with community-transcript support.	So-so come! Why don't you come?	Ross	Ross	absent	char_tracker_stage05		absent	0.0		medium	speaker_no_face
6	82	155.85	156.25	What?	Rachel	high	qa_review_resolved_ct_support	1.0	dialogue	False	True	Monica | Phoebe | Chandler | Ross | Joey | Rachel	Ross	Ross	True	speaker_offscreen	Speaker agrees with available community-transcript mapping. | QA resolved prior review with community-transcript support.	What?!	Rachel	Rachel	present	char_tracker_stage05	ross	absent	0.0		low	speaker_offscreen
6	83	156.25	156.97	To London.	Ross	high	community_transcript_match	1.0	dialogue	False	True	Monica | Phoebe | Chandler | Ross | Joey | Rachel	Rachel	Ross	False		Speaker agrees with available community-transcript mapping.	To London	Ross	Ross	present	char_tracker_stage05	ross	present	1.0		high	
6	84	156.97	157.81	Come to London?	Ross	high	community_transcript_match	1.0	dialogue	False	True	Monica | Phoebe | Chandler | Ross | Joey | Rachel	Ross	Ross	False		Speaker agrees with available community-transcript mapping.	To London! Come to London. Please? It'll mean so much to me.	Ross	Ross	present	char_tracker_stage05	ross	present	1.0		high	
6	85	157.81	158.17	Please.	Ross	high	community_transcript_match	1.0	dialogue	False	True	Monica | Phoebe | Chandler | Ross | Joey | Rachel	Ross	Ross	False		Speaker agrees with available community-transcript mapping.	Please	Ross	Ross	present	char_tracker_stage05	ross	present	1.0		high	
6	86	158.17	159.69	It would mean so much to me.	Ross	high	community_transcript_match	1.0	dialogue	False	True	Monica | Phoebe | Chandler | Ross | Joey | Rachel	Ross	Rachel	False		Speaker agrees with available community-transcript mapping.	It'll mean so much to me	Ross	Ross	present	char_tracker_stage05	rachel|ross	present	1.0		high	
6	87	159.69	160.17	Yeah.	Rachel	high	community_transcript_match	1.0	dialogue	False	True	Monica | Phoebe | Chandler | Ross | Joey | Rachel	Ross	Rachel	False		Speaker agrees with available community-transcript mapping.	yeah well	Rachel	Rachel	present	char_tracker_stage05	rachel|ross	present	1.0		high	
6	88	160.17	161.129	Ross, I gotta work.	Rachel	high	community_transcript_match	1.0	dialogue	False	True	Monica | Phoebe | Chandler | Ross | Joey | Rachel	Rachel	Rachel	False		Speaker agrees with available community-transcript mapping.	yeah well i gotta work	Rachel	Rachel	present	char_tracker_stage05	rachel	present	1.0		high	
6	89	161.129	161.81	I'm sorry.	Rachel	high	community_transcript_match	1.0	dialogue	False	True	Monica | Phoebe | Chandler | Ross | Joey | Rachel	Rachel	Ross	False		Speaker agrees with available community-transcript mapping.	Yeah, well, I gotta work, I'm sorry.	Rachel	Rachel	present	char_tracker_stage05	rachel	present	1.0		high	
6	90	161.81	164.41	Oh, why can't you take a couple of days off?	Ross	high	community_transcript_match	1.0	dialogue	False	True	Monica | Phoebe | Chandler | Ross | Joey | Rachel	Rachel	Rachel	False		Speaker agrees with available community-transcript mapping.	Why-why can't you take a couple of days off?	Ross	Ross	present	char_tracker_stage05	rachel|ross	present	0.75		high	
6	91	164.49	165.45	Because I can't.	Rachel	high	community_transcript_match	1.0	dialogue	False	True	Monica | Phoebe | Chandler | Ross | Joey | Rachel	Ross	Rachel	False		Speaker agrees with available community-transcript mapping.	Because, I can't	Rachel	Rachel	present	char_tracker_stage05	rachel|ross	present	1.0		high	
6	92	165.45	166.41	Ross, I told you.	Rachel	high	community_transcript_match	1.0	dialogue	False	True	Monica | Phoebe | Chandler | Ross | Joey | Rachel	Rachel	Rachel	False		Speaker agrees with available community-transcript mapping.	Because, I can't! Ross, I told you, no. I can't.	Rachel	Rachel	present	char_tracker_stage05	rachel	present	1.0		high	
6	93	166.41	167.21	No, I can't.	Rachel	high	community_transcript_match	1.0	dialogue	False	True	Monica | Phoebe | Chandler | Ross | Joey | Rachel	Rachel	Ross	False		Speaker agrees with available community-transcript mapping.	I can't	Rachel	Rachel	present	char_tracker_stage05	rachel|ross	present	1.0		high	
6	94	167.69	168.81	This is my wedding.	Ross	high	community_transcript_match	1.0	dialogue	False	True	Monica | Phoebe | Chandler | Ross | Joey | Rachel	Rachel	Monica	False		Speaker agrees with available community-transcript mapping.	This is my wedding.	Ross	Ross	present	char_tracker_stage05	rachel|ross	present	1.0		high	
6	95	169.77	170.53	All right, you know what?	Monica	high	qa_review_resolved_ct_support	1.0	dialogue	False	True	Monica | Phoebe | Chandler | Ross | Joey | Rachel	Ross	Monica	True	speaker_offscreen	Speaker agrees with available community-transcript mapping. | QA resolved prior review with community-transcript support.	all right y'know what	Monica	Monica	present	char_tracker_stage05	rachel|ross	absent	0.0		low	speaker_offscreen
6	96	170.53	171.33	Now we really are late.	Monica	high	qa_review_resolved_bridge	1.0	dialogue	False	True	Monica | Phoebe | Chandler | Ross | Joey | Rachel	Monica	Monica	True	speaker_offscreen	Speaker agrees with available community-transcript mapping. | QA resolved prior review by same-speaker bridge.	all right y'know what we really are late	Monica	Monica	present	char_tracker_stage05	rachel|ross	absent	0.0		low	speaker_offscreen
6	97	171.33	172.57	Let's go, let's go, let's go.	Monica	high	qa_review_resolved_ct_support	1.0	dialogue	False	True	Monica | Phoebe | Chandler | Ross | Joey | Rachel	Monica	Ross	True	speaker_offscreen	Speaker agrees with available community-transcript mapping. | QA resolved prior review with community-transcript support.	All right, y'know what? We really are late! Let's go! Let's go! Let's go!!	Monica	Monica	present	char_tracker_stage05	rachel|ross	absent	0.0		low	speaker_offscreen
6	98	175.88	176.2	Fine.	Ross	high	community_transcript_match	1.0	dialogue	False	True	Monica | Phoebe | Chandler | Ross | Joey | Rachel	Monica	Ross	False		Speaker agrees with available community-transcript mapping.	Fine	Ross	Ross	present	char_tracker_stage05	ross	present	1.0		high	
6	99	176.36	178.12	You'll watch it on video when we get back.	Ross	high	community_transcript_match	1.0	dialogue	False	True	Monica | Phoebe | Chandler | Ross | Joey | Rachel	Ross	Chandler	False		Speaker agrees with available community-transcript mapping.	Fine. You'll-you'll watch it on video when we get back.	Ross	Ross	present	char_tracker_stage05	ross	present	1.0		high	
6	100	179.8	180.84	Here you go, Phoebe.	Chandler	high	qa_review_resolved_ct_support	1.0	dialogue	False	True	Monica | Phoebe | Chandler | Ross | Joey | Rachel	Ross	Chandler	True	speaker_offscreen	Speaker agrees with available community-transcript mapping. | QA resolved prior review with community-transcript support.	(entering, with Phoebe's book.) Here you go Phoebe! Here you go Phobo! Phewbedo! Phaybobo.	Chandler	Chandler	present	char_tracker_stage05	rachel	absent	0.0		low	speaker_offscreen
6	101	180.92	181.48	Here you go.	Chandler	high	qa_review_resolved_bridge	1.0	dialogue	False	True	Monica | Phoebe | Chandler | Ross | Joey | Rachel	Chandler	Chandler	True	speaker_offscreen	Speaker agrees with available community-transcript mapping. | QA resolved prior review by same-speaker bridge.	Here you go Phobo	Chandler	Chandler	present	char_tracker_stage05	rachel	absent	0.0		low	speaker_offscreen
6	102	181.48	183.16	Fobo fublu fabiboo.	Chandler	medium	scene_context_inference	0.68	dialogue	True	False	Monica | Phoebe | Chandler | Ross | Joey | Rachel	Chandler		True	medium_confidence_context_fill | speaker_no_face	Filled from previous same-scene context.				absent	char_tracker_stage05		absent			medium	speaker_no_face
7	103	183.4	184.04	Thank you.	Phoebe	high	community_transcript_match	1.0	dialogue	False	True	Phoebe | Ross | Joey		Phoebe	False		Speaker agrees with available community-transcript mapping.	Thank you. (She pats him on his head.)	Phoebe	Phoebe	present	char_tracker_stage05	chandler|phoebe	present	0.5		high	
7	104	187.16	190.12	You all right?	Phoebe	medium	visual_disambiguation	0.74	dialogue	True	False	Phoebe | Ross | Joey	Phoebe	Ross	False		Only one of the two text-context candidates was visually present in the window.				present	char_tracker_stage05	chandler|phoebe	present			medium	
7	105	190.12	190.68	Let's go.	Ross	high	qa_review_resolved_ct_support	1.0	dialogue	False	True	Phoebe | Ross | Joey	Phoebe	Joey	True	speaker_offscreen	Speaker agrees with available community-transcript mapping. | QA resolved prior review with community-transcript support.	All right, let's go! Bye, Pheebs!	Ross	Ross	present	char_tracker_stage05	chandler|phoebe	absent	0.0		low	speaker_offscreen
7	106	191.0	191.8	Bye, Phoebe.	Joey	high	qa_review_resolved_ct_support	1.0	dialogue	False	True	Phoebe | Ross | Joey	Ross	Joey	True	speaker_no_face	Speaker agrees with available community-transcript mapping. | QA resolved prior review with community-transcript support.	Bye, Pheebs!	Joey	Joey	absent	char_tracker_stage05		absent	0.0		medium	speaker_no_face
7	107	191.88	192.68	Bye, fish.	Joey	high	qa_review_resolved_bridge	0.9	dialogue	True	False	Phoebe | Ross | Joey	Joey	Joey	True	speaker_no_face	Filled from previous same-scene context. | QA resolved prior review by same-speaker bridge.				absent	char_tracker_stage05		absent			medium	speaker_no_face
7	108	195.08	195.72	Goodbye.	Joey	medium	scene_context_inference	0.68	dialogue	True	False	Phoebe | Ross | Joey	Joey		True	scene_end_short_utterance | speaker_no_face	Filled from previous same-scene context.				absent	char_tracker_stage05		absent			medium	speaker_no_face
8	109	196.2	198.76	Bye, London, baby.	Joey	high	qa_review_resolved_ct_support	1.0	dialogue	False	True	Joey | Phoebe		Phoebe	True	speaker_no_face	Speaker agrees with available community-transcript mapping. | QA resolved prior review with community-transcript support.	London baby!! (And Rachel slowly closes the door, sadly.)	Joey	Joey	absent	char_tracker_stage05		absent	0.0		medium	speaker_no_face
8	110	203.5	205.02	Oh, do you Need a hug?	Phoebe	high	community_transcript_match	1.0	dialogue	False	True	Joey | Phoebe	Joey	Phoebe	False		Speaker agrees with available community-transcript mapping.	Oh, do you need a hug	Phoebe	Phoebe	present	char_tracker_stage05	phoebe|rachel	present	1.0		high	
8	111	206.3	207.66	You don't have to bring me anything.	Phoebe	high	community_transcript_match	1.0	dialogue	False	True	Joey | Phoebe	Phoebe	Phoebe	False		Speaker agrees with available community-transcript mapping.	Oh, do you need a hug? You don't have to bring me anything!	Phoebe	Phoebe	present	char_tracker_stage05	phoebe|rachel	present	1.0		high	
8	112	212.78	214.38	London College.	Phoebe	high	qa_review_resolved_bridge	0.9	dialogue	True	False	Joey | Phoebe	Phoebe	Phoebe	True	speaker_no_face	Filled from previous same-scene context. | QA resolved prior review by same-speaker bridge.				absent	char_tracker_stage05		absent			medium	speaker_no_face
8	113	214.38	215.9	Yes, I was there too.	Phoebe	high	qa_review_resolved_bridge	0.9	dialogue	True	False	Joey | Phoebe	Phoebe	Phoebe	True	speaker_no_face	Filled from previous same-scene context. | QA resolved prior review by same-speaker bridge.				absent	char_tracker_stage05		absent			medium	speaker_no_face
8	114	216.22	217.58	And you know what they said.	Phoebe	high	qa_review_resolved_bridge	0.9	dialogue	True	False	Joey | Phoebe	Phoebe	Phoebe	True	speaker_no_face	Continuation-style opener favors previous speaker within the same scene. | QA resolved prior review by same-speaker bridge.				absent	char_tracker_stage05		absent			medium	speaker_no_face
8	115	218.06	219.58	But some of it was true.	Phoebe	high	qa_review_resolved_bridge	0.9	dialogue	True	False	Joey | Phoebe	Phoebe	Phoebe	True	speaker_no_face	Continuation-style opener favors previous speaker within the same scene. | QA resolved prior review by same-speaker bridge.				absent	char_tracker_stage05		absent			medium	speaker_no_face
8	116	225.74	226.94	All right, Chandler, do something.	Phoebe	medium	scene_context_inference	0.68	dialogue	True	False	Joey | Phoebe	Phoebe		True	medium_confidence_context_fill | speaker_no_face	Filled from previous same-scene context.				absent	char_tracker_stage05		absent			medium	speaker_no_face
10	117	229.34	230.46	Come on, do something.	Joey	high	qa_review_resolved_ct_support	1.0	dialogue	False	True	Joey | Chandler | Emily		Chandler	True	speaker_no_face	Speaker agrees with available community-transcript mapping. | QA resolved prior review with community-transcript support.	Come on! Do something!	Joey	Joey	absent	char_tracker_stage05		absent	0.0		medium	speaker_no_face
10	118	230.7	231.22	I am.	Chandler	high	qa_review_resolved_ct_support	1.0	dialogue	False	True	Joey | Chandler | Emily	Joey	Chandler	True	speaker_no_face	Speaker agrees with available community-transcript mapping. | QA resolved prior review with community-transcript support.	i am	Chandler	Chandler	absent	char_tracker_stage05		absent	0.0		medium	speaker_no_face
10	119	231.22	232.3	I'm ignoring you.	Chandler	high	qa_review_resolved_ct_support	1.0	dialogue	False	True	Joey | Chandler | Emily	Chandler	Joey	True	speaker_no_face	Speaker agrees with available community-transcript mapping. | QA resolved prior review with community-transcript support.	I am, I'm ignoring you.	Chandler	Chandler	absent	char_tracker_stage05		absent	0.0		medium	speaker_no_face
10	120	233.64	235.56	Okay, here, I'm gonna be the on camera guy.	Joey	high	qa_review_resolved_ct_support	1.0	dialogue	False	True	Joey | Chandler | Emily	Chandler	Joey	True	speaker_offscreen	Speaker agrees with available community-transcript mapping. | QA resolved prior review with community-transcript support.	I wanna be the on camera guy	Joey	Joey	present	char_tracker_stage05	chandler	absent	0.3333		low	speaker_offscreen
10	121	235.72	239.96	All right, first stop, Westminster Abbey.	Joey	high	community_transcript_match	1.0	dialogue	False	True	Joey | Chandler | Emily	Joey	Chandler	False		Speaker agrees with available community-transcript mapping.	"Okay, here! (Gives him the camera.) I wanna be the on camera guy. All right, first stop, Westminster Abbey. (Joey folds out his ""pop-up"" map of London. All of the major landmarks pop-up like in a pop-up book.)"	Joey	Joey	present	char_tracker_stage05	chandler|joey	present	0.8		high	
10	122	241.72	242.96	Oh, what the hell is that?	Chandler	high	community_transcript_match	1.0	dialogue	False	True	Joey | Chandler | Emily	Joey	Joey	False		Speaker agrees with available community-transcript mapping.	Oh, what the hell is that?	Chandler	Chandler	present	char_tracker_stage05	chandler|joey	present	1.0		high	
10	123	242.96	244.2	That's London, baby.	Joey	low	scene_context_inference	0.58	dialogue	True	False	Joey | Chandler | Emily	Chandler	Joey	True	two_sided_context_ambiguous | low_speaker_confidence	No direct transcript match; weak local context only.				present	char_tracker_stage05	chandler|joey	present			low	low_speaker_confidence
10	124	245.24	246.92	All right, the hotel's here.	Joey	high	scene_context_bridge	0.88	dialogue	True	False	Joey | Chandler | Emily	Joey	Joey	False		Same speaker appears on both sides within the same scene.				present	char_tracker_stage05	chandler|joey	present			high	
10	125	247.4	249.879	Wait, no, we wanna go.	Joey	high	qa_review_resolved_bridge	0.9	dialogue	True	False	Joey | Chandler | Emily	Joey	Joey	True	speaker_offscreen	Same speaker appears on both sides within the same scene. | QA resolved prior review by same-speaker bridge.				present	char_tracker_stage05	chandler	absent			low	speaker_offscreen
10	126	252.2	254.52	No, I know.	Joey	high	community_transcript_match	1.0	dialogue	False	True	Joey | Chandler | Emily	Joey	Joey	False		Speaker agrees with available community-transcript mapping.	I know	Joey	Joey	present	char_tracker_stage05	chandler|joey	present	1.0		high	
10	127	255.8	257.24	I'm gonna have to go into the map.	Joey	high	community_transcript_match	1.0	dialogue	False	True	Joey | Chandler | Emily	Joey	Chandler	False		Speaker agrees with available community-transcript mapping.	It's London, baby! All right, the hotel's here. (Points to the map.) Wait. No, we wanna go... No. I know. (Sets the map down.) I'm gonna have to go into the map. (So Joey literally steps into the map.)	Joey	Joey	present	char_tracker_stage05	joey	present	1.0		high	
10	128	263.4	265.94	Okay, if you see a little version, kill it.	Chandler	high	community_transcript_match	1.0	dialogue	False	True	Joey | Chandler | Emily	Joey	Chandler	False		Speaker agrees with available community-transcript mapping.	Okay, if you see a little version of me in there? Kill it!	Chandler	Chandler	present	char_tracker_stage05	chandler|joey	present	1.0		high	
10	129	266.98	267.78	I got it.	Chandler	high	community_transcript_match	1.0	dialogue	False	True	Joey | Chandler | Emily	Chandler	Joey	False		Speaker agrees with available community-transcript mapping.	Kill it	Chandler	Chandler	present	char_tracker_stage05	chandler|joey	present	1.0		high	
10	130	269.3	270.02	Here we go.	Joey	high	community_transcript_match	1.0	dialogue	False	True	Joey | Chandler | Emily	Chandler	Chandler	False		Speaker agrees with available community-transcript mapping.	I got it! (Picks up the map and starts walking.) Here we go.	Joey	Joey	present	char_tracker_stage05	joey	present	1.0		high	
10	131	272.58	273.62	Okay, listen, listen.	Chandler	high	community_transcript_match	1.0	dialogue	False	True	Joey | Chandler | Emily	Joey	Chandler	False		Speaker agrees with available community-transcript mapping.	Okay	Chandler	Chandler	present	char_tracker_stage05	chandler|joey	present	0.5		high	
10	132	273.62	276.18	We're not gonna have to walk this way the entire time, are we?	Chandler	high	community_transcript_match	1.0	dialogue	False	True	Joey | Chandler | Emily	Chandler	Joey	False		Speaker agrees with available community-transcript mapping.	Okay. Listen-listen, we're not gonna have to walk this way the entire time are we?	Chandler	Chandler	present	char_tracker_stage05	chandler|joey	present	1.0		high	
10	133	278.5	280.18	Oh man, you made me lose it.	Joey	high	community_transcript_match	1.0	dialogue	False	True	Joey | Chandler | Emily	Chandler	Joey	False		Speaker agrees with available community-transcript mapping.	Shhh! (Pause) Man, you made me lose it! (He goes into the map again.)	Joey	Joey	present	char_tracker_stage05	chandler|joey	present	0.6667		high	
10	134	289.3	290.78	And that was all before 10 o'.	Joey	medium	scene_context_inference	0.7100000000000001	dialogue	True	False	Joey | Chandler | Emily	Joey	Emily	True	medium_confidence_context_fill | speaker_no_face	Continuation-style opener favors previous speaker within the same scene.				absent	char_tracker_stage05		absent			medium	speaker_no_face
10	135	290.78	291.06	Clock.	Emily	medium	short_turn_alternation	0.7	dialogue	True	False	Joey | Chandler | Emily	Joey	Emily	True	short_utterance_between_two_speakers	Short utterance inferred from local turn alternation.				absent	char_tracker_stage05		unobserved			medium	
10	136	291.06	294.67	The caterer rang to say it's gonna be chicken Kiev instead of chicken tarragon.	Emily	high	community_transcript_match	1.0	dialogue	False	True	Joey | Chandler | Emily	Emily		False		Speaker agrees with available community-transcript mapping.	the caterer rang said it was going to be chicken kiev instead of chicken tarragon	Emily	Emily	absent	char_tracker_stage05		unobserved			high	
11	137	294.67	294.76	And.	Emily	high	community_transcript_match	1.0	dialogue	False	True	Emily | Ross | Monica		Emily	False		Speaker agrees with available community-transcript mapping.	The caterer rang and said it was going to be Chicken Kiev instead of Chicken Tarragon	Emily	Emily	absent	char_tracker_stage05		unobserved			high	
11	138	294.83	297.11	And then the florist phoned to say that there aren't any tulips.	Emily	high	community_transcript_match	1.0	dialogue	False	True	Emily | Ross | Monica	Emily	Emily	False		Speaker agrees with available community-transcript mapping.	...and that was all before 10 o'clock. The caterer rang and said it was going to be Chicken Kiev instead of Chicken Tarragon. And then the florist phoned to say there aren't any tulips. Oh, and the chilliest has carpel-tunel syndrome. We're not gonna be...	Emily	Emily	partial	char_tracker_stage05		unobserved			high	
11	139	297.11	299.39	Oh, and then the cellist has carpal tunnel syndrome.	Emily	high	community_transcript_match	1.0	dialogue	False	True	Emily | Ross | Monica	Emily	Emily	False		Speaker agrees with available community-transcript mapping.	Oh, and the chilliest has carpel-tunel syndrome	Emily	Emily	present	char_tracker_stage05	monica	unobserved			high	
11	140	299.39	299.75	We're not.	Emily	high	community_transcript_match	1.0	dialogue	False	True	Emily | Ross | Monica	Emily	Ross	False		Speaker agrees with available community-transcript mapping.	We're not gonna be	Emily	Emily	present	char_tracker_stage05	monica|ross	unobserved			high	
11	141	299.75	300.31	Whoa, whoa.	Ross	high	community_transcript_match	1.0	dialogue	False	True	Emily | Ross | Monica	Emily	Ross	False		Speaker agrees with available community-transcript mapping.	Whoa-whoa-whoa	Ross	Ross	present	char_tracker_stage05	monica|ross	present	1.0		high	
11	142	300.31	301.27	Emily, honey.	Ross	high	community_transcript_match	1.0	dialogue	False	True	Emily | Ross | Monica	Ross	Emily	False		Speaker agrees with available community-transcript mapping.	Whoa-whoa-whoa! Emily, (Gives her the time-out signal.) honey, okay?	Ross	Ross	present	char_tracker_stage05	monica|ross	present	1.0		high	
11	143	301.27	303.47	Okay, well, up yours too.	Emily	high	community_transcript_match	1.0	dialogue	False	True	Emily | Ross | Monica	Ross	Ross	False		Speaker agrees with available community-transcript mapping.	Well, up yours too!	Emily	Emily	present	char_tracker_stage05	monica	unobserved			high	
11	144	305.87	306.27	What?	Ross	high	community_transcript_match	1.0	dialogue	False	True	Emily | Ross | Monica	Emily	Emily	False		Speaker agrees with available community-transcript mapping.	What?!	Ross	Ross	present	char_tracker_stage05	monica|ross	present	1.0		high	
11	145	307.07	308.51	Oh, that's not what it means.	Emily	high	community_transcript_match	1.0	dialogue	False	True	Emily | Ross | Monica	Ross	Ross	False		Speaker agrees with available community-transcript mapping.	Oh, that's not what it means?	Emily	Emily	present	char_tracker_stage05	monica|ross	unobserved			high	
11	146	308.59	310.83	No, no, that's, that's time out.	Ross	high	community_transcript_match	1.0	dialogue	False	True	Emily | Ross | Monica	Emily	Emily	False		Speaker agrees with available community-transcript mapping.	No! No! That's-that's time-out!	Ross	Ross	present	char_tracker_stage05	monica|ross	present	1.0		high	
11	147	311.07	311.55	Sorry.	Emily	high	community_transcript_match	1.0	dialogue	False	True	Emily | Ross | Monica	Ross	Ross	False		Speaker agrees with available community-transcript mapping.	Sorry.	Emily	Emily	present	char_tracker_stage05	monica|ross	unobserved			high	
11	148	311.55	312.83	Sweetie, you gotta relax.	Ross	high	community_transcript_match	1.0	dialogue	False	True	Emily | Ross | Monica	Emily	Ross	False		Speaker agrees with available community-transcript mapping.	Sweetie, you gotta relax	Ross	Ross	present	char_tracker_stage05	monica|ross	present	1.0		high	
11	149	312.83	314.11	Everything's gonna be great.	Ross	high	community_transcript_match	1.0	dialogue	False	True	Emily | Ross | Monica	Ross	Monica	False		Speaker agrees with available community-transcript mapping.	Sweetie, you gotta relax. Everything's gonna be great, okay? Come on. Come on.	Ross	Ross	present	char_tracker_stage05	monica|ross	present	1.0		high	
11	150	314.11	314.75	Okay?	Monica	medium	short_turn_alternation	0.7	dialogue	True	False	Emily | Ross | Monica	Ross	Monica	True	short_utterance_between_two_speakers	Short utterance inferred from local turn alternation.				present	char_tracker_stage05	monica|ross	present			medium	
11	151	315.55	316.75	Come on, come on.	Monica	high	scene_context_bridge	0.88	dialogue	True	False	Emily | Ross | Monica	Monica	Monica	False		Same speaker appears on both sides within the same scene.				present	char_tracker_stage05	monica|ross	present			high	
11	152	320.19	321.23	Chicken Kiev?	Monica	high	community_transcript_match	1.0	dialogue	False	True	Emily | Ross | Monica	Monica	Ross	False		Speaker agrees with available community-transcript mapping.	Chicken Kiev?	Monica	Monica	present	char_tracker_stage05	monica|ross	present	1.0		high	
11	153	321.39	321.95	Mm.	Ross	medium	short_turn_alternation	0.7	dialogue	True	False	Emily | Ross | Monica	Monica	Ross	True	short_utterance_between_two_speakers	Short utterance inferred from local turn alternation.				present	char_tracker_stage05	monica|ross	present			medium	
11	154	322.11	324.27	Doesn't that sound delicious at the last minute?	Ross	high	community_transcript_match	1.0	dialogue	False	True	Emily | Ross | Monica	Ross	Ross	False		Speaker agrees with available community-transcript mapping.	Um-hmm! Doesn't that sound delicious at the last minute?	Ross	Ross	present	char_tracker_stage05	monica|ross	present	1.0		high	
11	155	324.99	327.45	No, but something like salmon would just.	Ross	medium	scene_context_inference	0.66	dialogue	True	False	Emily | Ross | Monica	Ross	Monica	True	two_sided_context_ambiguous	No direct transcript match; longer line defaulted to previous speaker in same scene.				present	char_tracker_stage05	monica|ross	present			medium	
11	156	327.45	329.53	It would be so much more elegant than chicken.	Monica	high	community_transcript_match	1.0	dialogue	False	True	Emily | Ross | Monica	Ross	Monica	False		Speaker agrees with available community-transcript mapping.	Yeah, y'know, but something like salmon which would be so much more elegant than the chicken	Monica	Monica	present	char_tracker_stage05	monica|ross	present	1.0		high	
11	157	329.77	332.01	And you wouldn't have to worry about the salmonella.	Monica	high	community_transcript_match	1.0	dialogue	False	True	Emily | Ross | Monica	Monica	Monica	False		Speaker agrees with available community-transcript mapping.	Yeah, y'know, but something like salmon which would be so much more elegant than the chicken. And, you wouldn't have to worry about the salmonella. (Ross pushes her.) But of course with salmon you'd have to worry about the chickenella... So, I can't wait to see this place you're getting married!	Monica	Monica	present	char_tracker_stage05	monica|ross	present	1.0		high	
11	158	335.21	341.13	But of course, with salmon, he'd have to worry about the chickanella.	Monica	high	community_transcript_match	1.0	dialogue	False	True	Emily | Ross | Monica	Monica	Monica	False		Speaker agrees with available community-transcript mapping.	But of course with salmon you'd have to worry about the chickenella	Monica	Monica	present	char_tracker_stage05	monica|ross	present	1.0		high	
11	159	341.69	342.01	So.	Monica	high	community_transcript_match	1.0	dialogue	False	True	Emily | Ross | Monica	Monica	Monica	False		Speaker agrees with available community-transcript mapping.	So, I can't wait to see this place you're getting married	Monica	Monica	present	char_tracker_stage05	monica|ross	present	1.0		high	
11	160	342.01	343.85	I can't wait to see where you're getting married.	Monica	high	community_transcript_match	1.0	dialogue	False	True	Emily | Ross | Monica	Monica	Ross	False		Speaker agrees with available community-transcript mapping.	i can't wait to see this place you're getting married	Monica	Monica	present	char_tracker_stage05	monica|ross	present	1.0		high	
11	161	343.85	344.25	Yeah.	Ross	medium	short_turn_alternation	0.7	dialogue	True	False	Emily | Ross | Monica	Monica	Ross	True	short_utterance_between_two_speakers	Short utterance inferred from local turn alternation.				present	char_tracker_stage05	monica|ross	present			medium	
11	162	344.25	344.65	Yes.	Ross	high	scene_context_bridge	0.88	dialogue	True	False	Emily | Ross | Monica	Ross	Ross	False		Same speaker appears on both sides within the same scene.				present	char_tracker_stage05	monica|ross	present			high	
11	163	344.73	345.13	Yes.	Ross	high	community_transcript_match	1.0	dialogue	False	True	Emily | Ross | Monica	Ross	Ross	False		Speaker agrees with available community-transcript mapping.	yes	Ross	Ross	present	char_tracker_stage05	monica|ross	present	1.0		high	
11	164	345.13	346.69	This place is beautiful.	Ross	high	community_transcript_match	1.0	dialogue	False	True	Emily | Ross | Monica	Ross	Ross	False		Speaker agrees with available community-transcript mapping.	Yes, this place is beautiful	Ross	Ross	present	char_tracker_stage05	monica|ross	present	1.0		high	
11	165	346.69	348.33	Emily's parents got married here.	Ross	high	community_transcript_match	1.0	dialogue	False	True	Emily | Ross | Monica	Ross	Emily	False		Speaker agrees with available community-transcript mapping.	Yeah. Yeah. Yes, this place is beautiful. Emily's parents got married here.	Ross	Ross	present	char_tracker_stage05	monica|ross	present	1.0		high	
11	166	348.33	350.33	I still can't believe they're tearing it down.	Emily	high	community_transcript_match	1.0	dialogue	False	True	Emily | Ross | Monica	Ross	Emily	False		Speaker agrees with available community-transcript mapping.	I still can't believe they're tearing it down	Emily	Emily	present	char_tracker_stage05	monica|ross	unobserved			high	
11	167	350.49	352.73	It really is the most lovely building you'll ever see.	Emily	high	community_transcript_match	1.0	dialogue	False	True	Emily | Ross | Monica	Emily	Emily	False		Speaker agrees with available community-transcript mapping.	I still can't believe they're tearing it down. It really is the most lovely building you'll ever see. I mean it's over... (She stops suddenly, when she sees that demolition has already started.) Oh my God!	Emily	Emily	present	char_tracker_stage05	ross	unobserved			high	
11	168	352.81	353.69	I mean, it's over.	Emily	high	community_transcript_match	1.0	dialogue	False	True	Emily | Ross | Monica	Emily	Emily	False		Speaker agrees with available community-transcript mapping.	I mean it's over	Emily	Emily	present	char_tracker_stage05	ross	unobserved			high	
11	169	357.85	359.11	Oh my God.	Emily	high	community_transcript_match	1.0	dialogue	False	True	Emily | Ross | Monica	Emily	Monica	False		Speaker agrees with available community-transcript mapping.	Oh my God	Emily	Emily	partial	char_tracker_stage05		unobserved			high	
11	170	360.31	361.11	It's nice.	Monica	high	community_transcript_match	1.0	dialogue	False	True	Emily | Ross | Monica	Emily	Monica	False		Speaker agrees with available community-transcript mapping.	It's nice.	Monica	Monica	present	char_tracker_stage05	monica|ross	present	1.0		high	
11	171	362.55	363.03	Oh.	Monica	medium	visual_disambiguation	0.74	reaction	True	False	Emily | Ross | Monica	Monica	Emily	False		Only one of the two text-context candidates was visually present in the window.				present	char_tracker_stage05	monica|ross	present			medium	
11	172	363.35	363.91	Oh.	Emily	medium	short_turn_alternation	0.7	reaction	True	False	Emily | Ross | Monica	Monica	Emily	True	short_utterance_between_two_speakers	Short utterance inferred from local turn alternation.				absent	char_tracker_stage05		unobserved			medium	
11	173	370.95	371.51	Oh.	Emily	high	scene_context_bridge	0.88	reaction	True	False	Emily | Ross | Monica	Emily	Emily	False		Same speaker appears on both sides within the same scene.				absent	char_tracker_stage05		unobserved			high	
11	174	371.83	373.35	Oh my God.	Emily	high	community_transcript_match	1.0	dialogue	False	True	Emily | Ross | Monica	Emily		False		Speaker agrees with available community-transcript mapping.	Oh. Oh. (She starts running towards the building.)	Emily	Emily	absent	char_tracker_stage05		unobserved			high	
12	175	373.91	375.07	How can this be happening?	Emily	high	community_transcript_match	1.0	dialogue	False	True	Emily | Ross | Monica		Emily	False		Speaker agrees with available community-transcript mapping.	(running in, with Ross) Oh. Oh my God. How can this be happening? What are we going to do?	Emily	Emily	present	char_tracker_stage05	ross	unobserved			high	
12	176	375.07	375.99	What are we gonna do?	Emily	high	community_transcript_match	1.0	dialogue	False	True	Emily | Ross | Monica	Emily	Ross	False		Speaker agrees with available community-transcript mapping.	What are we going to do	Emily	Emily	present	char_tracker_stage05	ross	unobserved			high	
12	177	376.39	377.15	It's all right.	Ross	high	community_transcript_match	1.0	dialogue	False	True	Emily | Ross | Monica	Emily	Ross	False		Speaker agrees with available community-transcript mapping.	It's all right	Ross	Ross	present	char_tracker_stage05	ross	present	1.0		high	
12	178	377.15	378.47	Everything's gonna be all right.	Ross	high	community_transcript_match	1.0	dialogue	False	True	Emily | Ross | Monica	Ross	Emily	False		Speaker agrees with available community-transcript mapping.	It's all right! Everything's gonna be all right.	Ross	Ross	present	char_tracker_stage05	ross	present	1.0		high	
12	179	378.55	379.83	How is it gonna be all right?	Emily	high	community_transcript_match	1.0	dialogue	False	True	Emily | Ross | Monica	Ross	Ross	False		Speaker agrees with available community-transcript mapping.	How's it gonna be all right?!	Emily	Emily	present	char_tracker_stage05	ross	unobserved			high	
12	180	379.83	380.31	Uh huh.	Ross	high	community_transcript_match	1.0	dialogue	False	True	Emily | Ross | Monica	Emily	Ross	False		Speaker agrees with available community-transcript mapping.	uh huh	Ross	Ross	present	char_tracker_stage05	ross	present	1.0		high	
12	181	380.31	380.87	I see that.	Ross	high	community_transcript_match	1.0	dialogue	False	True	Emily | Ross | Monica	Ross	Monica	False		Speaker agrees with available community-transcript mapping.	Uh-huh, I see that.	Ross	Ross	present	char_tracker_stage05	ross	present	1.0		high	
12	182	382.63	385.59	Okay, I talked to the guy with the shovel and I found out what happened.	Monica	high	qa_review_resolved_ct_support	1.0	dialogue	False	True	Emily | Ross | Monica	Ross	Monica	True	speaker_offscreen	Speaker agrees with available community-transcript mapping. | QA resolved prior review with community-transcript support.	(entering) Okay, I talked to the guy with the shovel and I found out what happened.	Monica	Monica	present	char_tracker_stage05	ross	absent	0.0		low	speaker_offscreen
12	183	386.07	386.75	They tore it down.	Monica	high	community_transcript_match	1.0	dialogue	False	True	Emily | Ross | Monica	Monica	Monica	False		Speaker agrees with available community-transcript mapping.	They tore it down a few days early.	Monica	Monica	present	char_tracker_stage05	monica|ross	present	1.0		high	
12	184	386.75	408.45	A England swings like a pendulum do Bobby's own bicycles two by two Westminster Abbey the tower of Big Bend the rosy red cheeks of the little children.	Monica	high	qa_review_resolved_bridge	0.9	dialogue	True	False	Emily | Ross | Monica	Monica	Monica	True	speaker_offscreen	Filled from previous same-scene context. | QA resolved prior review by same-speaker bridge.				present	char_tracker_stage05	chandler|joey	absent			low	speaker_offscreen
12	185	409.01	415.81	Now if you huff and puff and you finally save enough money you have to take your family on a trip across the sea.	Monica	high	qa_review_resolved_bridge	0.9	dialogue	True	False	Emily | Ross | Monica	Monica	Monica	True	speaker_offscreen	Filled from previous same-scene context. | QA resolved prior review by same-speaker bridge.				present	char_tracker_stage05	chandler|joey	absent			low	speaker_offscreen
12	186	415.97	419.61	Take the tip before you take your trip Let me tell you where to go.	Monica	high	qa_review_resolved_bridge	0.9	dialogue	True	False	Emily | Ross | Monica	Monica	Monica	True	speaker_offscreen	Filled from previous same-scene context. | QA resolved prior review by same-speaker bridge.				present	char_tracker_stage05	chandler|joey	absent			low	speaker_offscreen
12	187	420.01	424.89	Go to England England swings like a pendulum do.	Monica	high	qa_review_resolved_bridge	0.9	dialogue	True	False	Emily | Ross | Monica	Monica	Monica	True	speaker_offscreen	Filled from previous same-scene context. | QA resolved prior review by same-speaker bridge.				present	char_tracker_stage05	chandler|joey	absent			low	speaker_offscreen
12	188	425.29	428.09	Bobby's on Bicycles two by two.	Monica	high	qa_review_resolved_bridge	0.9	dialogue	True	False	Emily | Ross | Monica	Monica	Monica	True	speaker_offscreen	Filled from previous same-scene context. | QA resolved prior review by same-speaker bridge.				present	char_tracker_stage05	chandler|joey	absent			low	speaker_offscreen
12	189	428.25	430.05	Westminster Abbey.	Monica	high	qa_review_resolved_bridge	0.9	dialogue	True	False	Emily | Ross | Monica	Monica	Monica	True	speaker_offscreen	Filled from previous same-scene context. | QA resolved prior review by same-speaker bridge.				present	char_tracker_stage05	chandler|joey	absent			low	speaker_offscreen
12	190	430.05	431.37	The tower of Big Ben.	Monica	high	qa_review_resolved_bridge	0.9	dialogue	True	False	Emily | Ross | Monica	Monica	Monica	True	speaker_offscreen	Filled from previous same-scene context. | QA resolved prior review by same-speaker bridge.				present	char_tracker_stage05	chandler|joey	absent			low	speaker_offscreen
12	191	431.53	434.17	The rosy red cheeks of the little children.	Monica	high	qa_review_resolved_bridge	0.9	dialogue	True	False	Emily | Ross | Monica	Monica	Monica	True	speaker_offscreen	Filled from previous same-scene context. | QA resolved prior review by same-speaker bridge.				present	char_tracker_stage05	chandler|joey	absent			low	speaker_offscreen
12	192	437.69	440.97	All right, Westminster Abbey.	Monica	high	qa_review_resolved_bridge	0.9	dialogue	True	False	Emily | Ross | Monica	Monica	Monica	True	speaker_no_face	Filled from previous same-scene context. | QA resolved prior review by same-speaker bridge.				absent	char_tracker_stage05		absent			medium	speaker_no_face
12	193	441.77	443.95	Hands down, best abbey I ever seen.	Monica	high	qa_review_resolved_bridge	0.9	dialogue	True	False	Emily | Ross | Monica	Monica	Monica	True	speaker_offscreen	Filled from previous same-scene context. | QA resolved prior review by same-speaker bridge.				present	char_tracker_stage05	joey	absent			low	speaker_offscreen
12	194	445.38	445.7	Hey.	Monica	medium	scene_context_inference	0.68	dialogue	True	False	Emily | Ross | Monica	Monica		True	scene_end_short_utterance | speaker_offscreen	Filled from previous same-scene context.				present	char_tracker_stage05	chandler	absent			low	speaker_offscreen
14	195	446.9	449.3	Okay, what do you think of the Abbey?	Joey	high	community_transcript_match	1.0	dialogue	False	True	Joey | Chandler		Joey	False		Speaker agrees with available community-transcript mapping.	All right! Westminster Abbey! Hands down, best Abbey I've ever seen. Hey! (Pushes Chandler in front of the camera.) Okay. What do you think of the Abbey, Chandler?	Joey	Joey	present	char_tracker_stage05	joey	present	0.75		high	
14	196	449.3	449.78	Chandler?	Joey	medium	name_address_rule	0.74	dialogue	True	False	Joey | Chandler	Joey	Chandler	False		Utterance names the next speaker, so the previous speaker is more likely.				present	char_tracker_stage05	joey	present			medium	
14	197	451.46	452.22	I think it's great.	Chandler	high	community_transcript_match	1.0	dialogue	False	True	Joey | Chandler	Joey	Chandler	False		Speaker agrees with available community-transcript mapping.	I think it's great	Chandler	Chandler	present	char_tracker_stage05	chandler	present	1.0		high	
14	198	452.22	452.62	It's great.	Chandler	high	community_transcript_match	1.0	dialogue	False	True	Joey | Chandler	Chandler	Chandler	False		Speaker agrees with available community-transcript mapping.	It's great	Chandler	Chandler	present	char_tracker_stage05	chandler	present	1.0		high	
14	199	452.62	454.42	You know, they're thinking of changing the name of this place.	Chandler	high	community_transcript_match	1.0	dialogue	False	True	Joey | Chandler	Chandler	Joey	False		Speaker agrees with available community-transcript mapping.	I think it's great. It's great. Y'know, they're thinking of changing the name of this place.	Chandler	Chandler	present	char_tracker_stage05	chandler	present	1.0		high	
14	200	454.66	454.98	Really?	Joey	high	community_transcript_match	1.0	dialogue	False	True	Joey | Chandler	Chandler	Joey	False		Speaker agrees with available community-transcript mapping.	Really	Joey	Joey	present	char_tracker_stage05	chandler|joey	present	1.0		high	
14	201	454.98	455.46	To what?	Joey	high	community_transcript_match	1.0	dialogue	False	True	Joey | Chandler	Joey	Chandler	False		Speaker agrees with available community-transcript mapping.	Really? To what?	Joey	Joey	present	char_tracker_stage05	chandler|joey	present	1.0		high	
14	202	455.46	459.3	To put the camera away, man.	Chandler	high	community_transcript_match	1.0	dialogue	False	True	Joey | Chandler	Joey	Joey	False		Speaker agrees with available community-transcript mapping.	To Put the Camera Away!!!	Chandler	Chandler	present	char_tracker_stage05	chandler|joey	present	0.6		high	
14	203	459.3	461.06	You Westminster Crabby.	Joey	high	community_transcript_match	1.0	dialogue	False	True	Joey | Chandler	Chandler		False		Speaker agrees with available community-transcript mapping.	Man, you are Westminster Crabby. (He starts chasing Chandler towards the Abbey.)	Joey	Joey	present	char_tracker_stage05	joey	present	1.0		high	
15	204	470.83	472.83	Don't worry, you'll find someplace to get married.	Monica	high	qa_review_resolved_ct_support	1.0	dialogue	False	True	Monica		Monica	True	speaker_no_face	Speaker agrees with available community-transcript mapping. | QA resolved prior review with community-transcript support.	Don't worry. You'll find some place to get married.	Monica	Monica	absent	char_tracker_stage05		absent	0.0		medium	speaker_no_face
15	205	472.91	473.39	Ow.	Monica	medium	scene_context_inference	0.68	dialogue	True	False	Monica	Monica		True	scene_end_short_utterance | speaker_no_face	Filled from previous same-scene context.				absent	char_tracker_stage05		absent			medium	speaker_no_face
16	206	473.87	474.43	Sorry.	Dressmaker	high	community_transcript_match	1.0	dialogue	False	True	Dressmaker | Emily | Monica		Dressmaker	False		Speaker agrees with available community-transcript mapping.	Sorry	Dressmaker	Dressmaker	absent	char_tracker_stage05		unobserved			high	
16	207	475.15	476.91	Lucky this dress is red.	Dressmaker	high	community_transcript_match	1.0	dialogue	False	True	Dressmaker | Emily | Monica	Dressmaker	Emily	False		Speaker agrees with available community-transcript mapping.	Sorry. Lucky this dress is red!	Dressmaker	Dressmaker	absent	char_tracker_stage05		unobserved			high	
16	208	479.15	480.83	We can't find another place.	Emily	high	community_transcript_match	1.0	dialogue	False	True	Dressmaker | Emily | Monica	Dressmaker	Emily	False		Speaker agrees with available community-transcript mapping.	We can't find another place	Emily	Emily	absent	char_tracker_stage05		unobserved			high	
16	209	482.27	483.63	Then we can't have the wedding.	Emily	high	community_transcript_match	1.0	dialogue	False	True	Dressmaker | Emily | Monica	Emily	Emily	False		Speaker agrees with available community-transcript mapping.	Then we can't have the wedding	Emily	Emily	absent	char_tracker_stage05		unobserved			high	
16	210	484.03	488.03	I've ordered chicken and salad and cake for 150.	Emily	high	community_transcript_match	1.0	dialogue	False	True	Dressmaker | Emily | Monica	Emily	Emily	False		Speaker agrees with available community-transcript mapping.	I've ordered chicken and salad and-and cake for 150	Emily	Emily	absent	char_tracker_stage05		unobserved			high	
16	211	488.59	493.87	What should be the most wonderful day of my life is rapidly turning into just Sunday with a spectacular amount of food.	Emily	high	community_transcript_match	1.0	dialogue	False	True	Dressmaker | Emily | Monica	Emily	Monica	False		Speaker agrees with available community-transcript mapping.	We can't find another place. Then we can't have the wedding! I've ordered chicken and salad and-and cake for 150. What should be the most wonderful day of my life is rapidly turning into just Sunday with a spectacular amount of food!	Emily	Emily	absent	char_tracker_stage05		unobserved			high	
16	212	495.23	496.67	You're going to find a place.	Monica	medium	visual_disambiguation	0.74	dialogue	True	False	Dressmaker | Emily | Monica	Emily	Monica	False		Only one of the two text-context candidates was visually present in the window.				present	char_tracker_stage05	monica	present			medium	
16	213	497.38	502.74	But even if, God forbid, you didn't and so you postpone the wedding, is that really so bad?	Monica	high	community_transcript_match	1.0	dialogue	False	True	Dressmaker | Emily | Monica	Monica	Monica	False		Speaker agrees with available community-transcript mapping.	Is that really so bad	Monica	Monica	present	char_tracker_stage05	monica	present	1.0		high	
16	214	502.9	503.7	I mean, think about it.	Monica	high	community_transcript_match	1.0	dialogue	False	True	Dressmaker | Emily | Monica	Monica	Monica	False		Speaker agrees with available community-transcript mapping.	I mean, think about it	Monica	Monica	present	char_tracker_stage05	monica	present	1.0		high	
16	215	503.7	506.1	You could take all the time you needed to get everything that you want.	Monica	high	community_transcript_match	1.0	dialogue	False	True	Dressmaker | Emily | Monica	Monica	Monica	False		Speaker agrees with available community-transcript mapping.	You're gonna find a place. But even if - God forbid - you didn't.. So you postpone the wedding. Is that really so bad? I mean, think about it. You could take all the time you needed to get everything that you want. You could have tulips, you could have salmon.... Mmmmm... Salmon!!	Monica	Monica	present	char_tracker_stage05	monica	present	0.5		high	
16	216	506.1	507.62	You could have tulips.	Monica	high	community_transcript_match	1.0	dialogue	False	True	Dressmaker | Emily | Monica	Monica	Monica	False		Speaker agrees with available community-transcript mapping.	You could have tulips, you could have salmon	Monica	Monica	present	char_tracker_stage05	monica	present	1.0		high	
16	217	508.02	509.22	You could have salmon.	Monica	high	community_transcript_match	1.0	dialogue	False	True	Dressmaker | Emily | Monica	Monica	Monica	False		Speaker agrees with available community-transcript mapping.	you could have salmon	Monica	Monica	present	char_tracker_stage05	monica	present	1.0		high	
16	218	509.62	511.38	Mmm, salmon.	Monica	medium	visual_disambiguation	0.74	dialogue	True	False	Dressmaker | Emily | Monica	Monica	Emily	False		Only one of the two text-context candidates was visually present in the window.				present	char_tracker_stage05	monica	present			medium	
16	219	514.18	516.02	Suppose it wouldn't be the end of the world.	Emily	high	community_transcript_match	1.0	dialogue	False	True	Dressmaker | Emily | Monica	Monica	Emily	False		Speaker agrees with available community-transcript mapping.	I suppose it wouldn't be the end of the world... Oh, thank you!	Emily	Emily	absent	char_tracker_stage05		unobserved			high	
16	220	519.06	520.1	Oh, thank you.	Emily	high	community_transcript_match	1.0	dialogue	False	True	Dressmaker | Emily | Monica	Emily	Monica	False		Speaker agrees with available community-transcript mapping.	Oh, thank you	Emily	Emily	absent	char_tracker_stage05		unobserved			high	
16	221	521.14	522.46	Look, either way, you're getting married.	Monica	medium	visual_disambiguation	0.74	dialogue	True	False	Dressmaker | Emily | Monica	Emily	Monica	False		Only one of the two text-context candidates was visually present in the window.				present	char_tracker_stage05	monica	present			medium	
16	222	522.46	523.26	You're going to be happy.	Monica	high	scene_context_bridge	0.88	dialogue	True	False	Dressmaker | Emily | Monica	Monica	Monica	False		Same speaker appears on both sides within the same scene.				present	char_tracker_stage05	monica	present			high	
16	223	523.26	524.62	My mom's going to like you better than me.	Monica	high	community_transcript_match	1.0	dialogue	False	True	Dressmaker | Emily | Monica	Monica		False		Speaker agrees with available community-transcript mapping.	But either way... You're gonna get married, you're gonna be happy, my mom's gonna like you better than me.	Monica	Monica	present	char_tracker_stage05	monica	present	1.0		high	
17	224	527.01	529.49	Oh, God, she told you that already, didn't she?	Monica	high	community_transcript_match	1.0	dialogue	False	True	Monica			False		Speaker agrees with available community-transcript mapping.	Oh, god... She's told you that already, didn't she?!	Monica	Monica	present	char_tracker_stage05	monica	present	1.0		high	
18	225	535.09	535.65	Oh.	Phoebe	high	community_transcript_match	1.0	reaction	False	True	Phoebe | Rachel		Rachel	False		Speaker agrees with available community-transcript mapping.	Oh. Oh.	Phoebe	Phoebe	present	char_tracker_stage05	phoebe	present	1.0		high	
18	226	536.05	537.33	Oh, honey, don't get up.	Rachel	high	qa_review_resolved_ct_support	1.0	dialogue	False	True	Phoebe | Rachel	Phoebe	Rachel	True	speaker_offscreen	Speaker agrees with available community-transcript mapping. | QA resolved prior review with community-transcript support.	Oh, honey! Don't get up! What do you need?	Rachel	Rachel	present	char_tracker_stage05	phoebe	absent	0.0		low	speaker_offscreen
18	227	537.33	537.97	What do you need?	Rachel	high	qa_review_resolved_ct_support	1.0	dialogue	False	True	Phoebe | Rachel	Rachel	Phoebe	True	speaker_no_face	Speaker agrees with available community-transcript mapping. | QA resolved prior review with community-transcript support.	What do you need	Rachel	Rachel	absent	char_tracker_stage05		absent	0.0		medium	speaker_no_face
18	228	538.61	539.69	No, nothing.	Phoebe	high	qa_review_resolved_ct_support	1.0	dialogue	False	True	Phoebe | Rachel	Rachel	Rachel	True	speaker_offscreen	Speaker agrees with available community-transcript mapping. | QA resolved prior review with community-transcript support.	Oh, no. Oh, nothing.	Phoebe	Phoebe	present	char_tracker_stage05	rachel	absent	0.0		low	speaker_offscreen
18	229	539.69	541.53	Come on, I'm here to take care of you.	Rachel	high	community_transcript_match	1.0	dialogue	False	True	Phoebe | Rachel	Phoebe	Rachel	False		Speaker agrees with available community-transcript mapping.	Come on! I am here to take care of you! What do you need? Anything.	Rachel	Rachel	present	char_tracker_stage05	rachel	present	1.0		high	
18	230	541.53	541.69	What?	Rachel	high	community_transcript_match	1.0	dialogue	False	True	Phoebe | Rachel	Rachel	Rachel	False		Speaker agrees with available community-transcript mapping.	What do you need	Rachel	Rachel	present	char_tracker_stage05	rachel	present	1.0		high	
18	231	541.69	542.53	Do you need anything?	Rachel	high	community_transcript_match	1.0	dialogue	False	True	Phoebe | Rachel	Rachel	Phoebe	False		Speaker agrees with available community-transcript mapping.	Anything	Rachel	Rachel	present	char_tracker_stage05	phoebe|rachel	present	0.5		high	
18	232	543.01	544.29	Okay, I have a wedgie.	Phoebe	high	community_transcript_match	1.0	dialogue	False	True	Phoebe | Rachel	Rachel	Rachel	False		Speaker agrees with available community-transcript mapping.	Okay, I have a wedgie.	Phoebe	Phoebe	present	char_tracker_stage05	phoebe	present	1.0		high	
18	233	547.65	549.09	Okay, that is all you.	Rachel	high	community_transcript_match	1.0	dialogue	False	True	Phoebe | Rachel	Phoebe	Phoebe	False		Speaker agrees with available community-transcript mapping.	Okay, that is all you.	Rachel	Rachel	present	char_tracker_stage05	rachel	present	1.0		high	
18	234	551.57	551.97	So.	Phoebe	high	qa_review_resolved_ct_support	1.0	dialogue	False	True	Phoebe | Rachel	Rachel	Phoebe	True	speaker_no_face	Speaker agrees with available community-transcript mapping. | QA resolved prior review with community-transcript support.	so	Phoebe	Phoebe	absent	char_tracker_stage05		absent	0.0		medium	speaker_no_face
18	235	552.72	553.92	So what do you want for lunch?	Phoebe	high	qa_review_resolved_ct_support	1.0	dialogue	False	True	Phoebe | Rachel	Phoebe	Rachel	True	speaker_no_face	Speaker agrees with available community-transcript mapping. | QA resolved prior review with community-transcript support.	So-so, what do you want for lunch?	Phoebe	Phoebe	absent	char_tracker_stage05		absent	0.0		medium	speaker_no_face
18	236	554.24	555.6	Oh, I don't know.	Rachel	high	qa_review_resolved_ct_support	1.0	dialogue	False	True	Phoebe | Rachel	Phoebe	Rachel	True	speaker_offscreen	Speaker agrees with available community-transcript mapping. | QA resolved prior review with community-transcript support.	Oh, I don't know	Rachel	Rachel	present	char_tracker_stage05	phoebe	absent	0.0		low	speaker_offscreen
18	237	556.48	558.24	I guess we have to eat.	Rachel	high	qa_review_resolved_ct_support	1.0	dialogue	False	True	Phoebe | Rachel	Rachel	Phoebe	True	speaker_offscreen	Speaker agrees with available community-transcript mapping. | QA resolved prior review with community-transcript support.	Oh, I don't know. I guess we have to eat.	Rachel	Rachel	present	char_tracker_stage05	phoebe	absent	0.0		low	speaker_offscreen
18	238	558.24	559.04	Yeah, I do.	Phoebe	high	community_transcript_match	1.0	dialogue	False	True	Phoebe | Rachel	Rachel	Phoebe	False		Speaker agrees with available community-transcript mapping.	Yeah, I do	Phoebe	Phoebe	present	char_tracker_stage05	phoebe|rachel	present	1.0		high	
18	239	560.88	561.76	What's the matter?	Phoebe	high	qa_review_resolved_ct_support	1.0	dialogue	False	True	Phoebe | Rachel	Phoebe	Rachel	True	speaker_offscreen	Speaker agrees with available community-transcript mapping. | QA resolved prior review with community-transcript support.	Yeah, I do. What's the matter?	Phoebe	Phoebe	present	char_tracker_stage05	rachel	absent	0.0		low	speaker_offscreen
18	240	562.8	565.12	Just bummed the way I left things with Ross.	Rachel	high	community_transcript_match	1.0	dialogue	False	True	Phoebe | Rachel	Phoebe	Rachel	False		Speaker agrees with available community-transcript mapping.	I'm just bummed about the way I left things with Ross. I shouldn't have lied to him about having to work. He seemed so mad at me.	Rachel	Rachel	present	char_tracker_stage05	rachel	present	1.0		high	
18	241	565.6	567.84	Wish I didn't lie to him about having to work.	Rachel	high	community_transcript_match	1.0	dialogue	False	True	Phoebe | Rachel	Rachel	Rachel	False		Speaker agrees with available community-transcript mapping.	I shouldn't have lied to him about having to work	Rachel	Rachel	present	char_tracker_stage05	rachel	present	1.0		high	
18	242	568.08	569.6	He seems so mad at me.	Rachel	high	community_transcript_match	1.0	dialogue	False	True	Phoebe | Rachel	Rachel	Phoebe	False		Speaker agrees with available community-transcript mapping.	He seemed so mad at me	Rachel	Rachel	present	char_tracker_stage05	phoebe|rachel	present	1.0		high	
18	243	570.32	571.76	Don't be so hard on yourself.	Phoebe	high	community_transcript_match	1.0	dialogue	False	True	Phoebe | Rachel	Rachel	Phoebe	False		Speaker agrees with available community-transcript mapping.	Eh, don't be so hard on yourself	Phoebe	Phoebe	present	char_tracker_stage05	phoebe	present	1.0		high	
18	244	572.08	573.96	Someone I was still in love with was getting married.	Phoebe	high	community_transcript_match	1.0	dialogue	False	True	Phoebe | Rachel	Phoebe	Rachel	False		Speaker agrees with available community-transcript mapping.	Eh, don't be so hard on yourself. If someone I was still in love with was getting married...	Phoebe	Phoebe	present	char_tracker_stage05	phoebe|rachel	present	1.0		high	
18	245	573.96	574.8	Still in love with?	Rachel	high	community_transcript_match	1.0	dialogue	False	True	Phoebe | Rachel	Phoebe	Phoebe	False		Speaker agrees with available community-transcript mapping.	(interrupting) Still in love with?!	Rachel	Rachel	present	char_tracker_stage05	phoebe|rachel	present	1.0		high	
18	246	575.36	575.92	Yeah.	Phoebe	high	qa_review_resolved_ct_support	1.0	dialogue	False	True	Phoebe | Rachel	Rachel	Rachel	True	speaker_offscreen	Speaker agrees with available community-transcript mapping. | QA resolved prior review with community-transcript support.	Yeah!	Phoebe	Phoebe	present	char_tracker_stage05	rachel	absent	0.0		low	speaker_offscreen
18	247	576.8	578.08	I'm not in love with Ross.	Rachel	high	community_transcript_match	1.0	dialogue	False	True	Phoebe | Rachel	Phoebe	Phoebe	False		Speaker agrees with available community-transcript mapping.	I'm not in love with Ross!	Rachel	Rachel	present	char_tracker_stage05	rachel	present	1.0		high	
18	248	579.22	582.58	Oh, no?	Phoebe	high	community_transcript_match	1.0	dialogue	False	True	Phoebe | Rachel	Rachel	Phoebe	False		Speaker agrees with available community-transcript mapping.	No	Phoebe	Phoebe	present	char_tracker_stage05	phoebe	present	1.0		high	
18	249	582.74	583.1	No.	Phoebe	high	community_transcript_match	1.0	dialogue	False	True	Phoebe | Rachel	Phoebe	Phoebe	False		Speaker agrees with available community-transcript mapping.	No	Phoebe	Phoebe	present	char_tracker_stage05	phoebe	present	1.0		high	
18	250	583.1	583.46	Good.	Phoebe	high	community_transcript_match	1.0	dialogue	False	True	Phoebe | Rachel	Phoebe	Phoebe	False		Speaker agrees with available community-transcript mapping.	Good	Phoebe	Phoebe	present	char_tracker_stage05	phoebe	present	1.0		high	
18	251	584.42	585.3	Yeah, me neither.	Phoebe	high	community_transcript_match	1.0	dialogue	False	True	Phoebe | Rachel	Phoebe	Rachel	False		Speaker agrees with available community-transcript mapping.	Oh. No. No. Good! Yeah, me neither.	Phoebe	Phoebe	present	char_tracker_stage05	phoebe	present	1.0		high	
18	252	587.14	592.34	Phoebe, I'm not going to Ross wedding because he's my ex boyfriend and that would be really uncomfortable.	Rachel	high	community_transcript_match	1.0	dialogue	False	True	Phoebe | Rachel	Phoebe	Rachel	False		Speaker agrees with available community-transcript mapping.	Phoebe, I'm going to Ross's wedding because he is my ex-boyfriend and that would be really uncomfortable. Not because, I'm still in love with him! I mean, hey, y'know, I like Ross as much as the next guy, y'know? Clearly I have feelings for him, but feelings don't mean love! I mean, I still have loving feelings for Ross. Yeah! But, I have, I have continuing feelings of love, but that doesn't mean that-that I'm still in love with him. Y'know? I-I have sexual feelings for him, but I do love him-Ohh! Oh my God! Oh my-why didn't you tell me?!!	Rachel	Rachel	present	char_tracker_stage05	rachel	present	1.0		high	
18	253	593.14	595.06	Not because I'm still in love with him.	Rachel	high	community_transcript_match	1.0	dialogue	False	True	Phoebe | Rachel	Rachel	Rachel	False		Speaker agrees with available community-transcript mapping.	Not because, I'm still in love with him	Rachel	Rachel	present	char_tracker_stage05	rachel	present	1.0		high	
18	254	595.46	598.5	I mean, hey, you know, I like Ross as much as the next guy, you know.	Rachel	high	community_transcript_match	1.0	dialogue	False	True	Phoebe | Rachel	Rachel	Rachel	False		Speaker agrees with available community-transcript mapping.	I mean, hey, y'know, I like Ross as much as the next guy, y'know	Rachel	Rachel	present	char_tracker_stage05	rachel	present	1.0		high	
18	255	598.5	600.06	Clearly I have feelings for him.	Rachel	high	community_transcript_match	1.0	dialogue	False	True	Phoebe | Rachel	Rachel	Rachel	False		Speaker agrees with available community-transcript mapping.	Clearly I have feelings for him, but feelings don't mean love	Rachel	Rachel	present	char_tracker_stage05	rachel	present	1.0		high	
18	256	600.06	602.14	But feelings don't mean love, you know?	Rachel	high	community_transcript_match	1.0	dialogue	False	True	Phoebe | Rachel	Rachel	Rachel	False		Speaker agrees with available community-transcript mapping.	but feelings don't mean love	Rachel	Rachel	present	char_tracker_stage05	rachel	present	1.0		high	
18	257	602.14	604.39	I mean, I still have loving feelings for Ross, you know?	Rachel	medium	visual_disambiguation	0.74	dialogue	True	False	Phoebe | Rachel	Rachel	Rachel	False		Only one of the two text-context candidates was visually present in the window.				present	char_tracker_stage05	rachel	present			medium	
18	258	605.5	610.18	Yeah, But I have continuing feelings of love.	Rachel	medium	visual_disambiguation	0.74	dialogue	True	False	Phoebe | Rachel	Rachel	Rachel	False		Only one of the two text-context candidates was visually present in the window.				present	char_tracker_stage05	rachel	present			medium	
18	259	610.18	613.38	But that doesn't mean that I'm still in love with him, you know?	Rachel	medium	visual_disambiguation	0.74	dialogue	True	False	Phoebe | Rachel	Rachel	Rachel	False		Only one of the two text-context candidates was visually present in the window.				present	char_tracker_stage05	rachel	present			medium	
18	260	613.38	613.94	I mean, I have.	Rachel	medium	visual_disambiguation	0.74	dialogue	True	False	Phoebe | Rachel	Rachel	Rachel	False		Only one of the two text-context candidates was visually present in the window.				present	char_tracker_stage05	rachel	present			medium	
18	261	613.94	616.94	I have sexual feelings for him, but I do love him.	Rachel	medium	visual_disambiguation	0.74	dialogue	True	False	Phoebe | Rachel	Rachel	Phoebe	False		Only one of the two text-context candidates was visually present in the window.				present	char_tracker_stage05	rachel	present			medium	
18	262	619.58	620.38	Oh, my God.	Phoebe	low	scene_context_inference	0.58	dialogue	True	False	Phoebe | Rachel	Rachel	Phoebe	True	two_sided_context_ambiguous | low_speaker_confidence	No direct transcript match; weak local context only.				present	char_tracker_stage05	phoebe|rachel	present			low	low_speaker_confidence
18	263	622.3	623.82	Why didn't you tell me?	Phoebe	high	qa_review_resolved_bridge	0.9	dialogue	True	False	Phoebe | Rachel	Phoebe	Phoebe	True	speaker_offscreen	Same speaker appears on both sides within the same scene. | QA resolved prior review by same-speaker bridge.				present	char_tracker_stage05	rachel	absent			low	speaker_offscreen
18	264	625.98	627.34	We thought you knew.	Phoebe	high	community_transcript_match	1.0	dialogue	False	True	Phoebe | Rachel	Phoebe	Rachel	False		Speaker agrees with available community-transcript mapping.	We thought you knew!	Phoebe	Phoebe	present	char_tracker_stage05	phoebe	present	1.0		high	
18	265	627.34	627.74	We?	Rachel	high	community_transcript_match	1.0	dialogue	False	True	Phoebe | Rachel	Phoebe	Phoebe	False		Speaker agrees with available community-transcript mapping.	We?!	Rachel	Rachel	present	char_tracker_stage05	phoebe|rachel	present	1.0		high	
18	266	627.9	628.86	Yeah, we all know.	Phoebe	high	community_transcript_match	1.0	dialogue	False	True	Phoebe | Rachel	Rachel	Phoebe	False		Speaker agrees with available community-transcript mapping.	Yeah, we all know	Phoebe	Phoebe	present	char_tracker_stage05	phoebe|rachel	present	1.0		high	
18	267	628.86	630.14	We talk about it all the time.	Phoebe	high	community_transcript_match	1.0	dialogue	False	True	Phoebe | Rachel	Phoebe	Rachel	False		Speaker agrees with available community-transcript mapping.	Yeah, we all know! We talk about it all the time!	Phoebe	Phoebe	present	char_tracker_stage05	phoebe|rachel	present	1.0		high	
18	268	633.0	633.88	You all know?	Rachel	high	community_transcript_match	1.0	dialogue	False	True	Phoebe | Rachel	Phoebe	Rachel	False		Speaker agrees with available community-transcript mapping.	You all know	Rachel	Rachel	present	char_tracker_stage05	rachel	present	1.0		high	
18	269	633.88	634.92	Does Ross know?	Rachel	high	community_transcript_match	1.0	dialogue	False	True	Phoebe | Rachel	Rachel	Phoebe	False		Speaker agrees with available community-transcript mapping.	You all know? Does Ross know?	Rachel	Rachel	present	char_tracker_stage05	phoebe|rachel	present	1.0		high	
18	270	634.92	635.6	Oh, no.	Phoebe	high	community_transcript_match	1.0	dialogue	False	True	Phoebe | Rachel	Rachel	Phoebe	False		Speaker agrees with available community-transcript mapping.	oh no	Phoebe	Phoebe	present	char_tracker_stage05	phoebe|rachel	present	1.0		high	
18	271	635.6	636.92	Ross doesn't know anything.	Phoebe	high	community_transcript_match	1.0	dialogue	False	True	Phoebe | Rachel	Phoebe	Rachel	False		Speaker agrees with available community-transcript mapping.	Oh no, Ross doesn't know anything.	Phoebe	Phoebe	present	char_tracker_stage05	phoebe	present	1.0		high	
18	272	637.96	640.12	Oh, I cannot believe you didn't tell me.	Rachel	high	community_transcript_match	1.0	dialogue	False	True	Phoebe | Rachel	Phoebe	Phoebe	False		Speaker agrees with available community-transcript mapping.	Oh, I can not believe you didn't tell me!	Rachel	Rachel	present	char_tracker_stage05	phoebe|rachel	present	0.75		high	
18	273	640.12	641.56	Because we thought you knew.	Phoebe	high	community_transcript_match	1.0	dialogue	False	True	Phoebe | Rachel	Rachel	Phoebe	False		Speaker agrees with available community-transcript mapping.	Well, because we thought you knew	Phoebe	Phoebe	present	char_tracker_stage05	phoebe|rachel	present	1.0		high	
18	274	641.56	642.68	It's so obvious.	Phoebe	high	community_transcript_match	1.0	dialogue	False	True	Phoebe | Rachel	Phoebe	Phoebe	False		Speaker agrees with available community-transcript mapping.	It's so obvious	Phoebe	Phoebe	present	char_tracker_stage05	phoebe	present	1.0		high	
18	275	643.16	647.96	God, it would be like, you know, telling Monica, hey, you know, you like things clean.	Phoebe	high	community_transcript_match	1.0	dialogue	False	True	Phoebe | Rachel	Phoebe	Phoebe	False		Speaker agrees with available community-transcript mapping.	"Well, because we thought you knew!! It's so obvious! God, that would be like telling Monica, ""Hey, you like things clean."" Or, y'know, ""Hey, Joey, you're gay."""	Phoebe	Phoebe	present	char_tracker_stage05	phoebe	present	1.0		high	
18	276	651.16	653.72	Or, you know, hey, Joey, you're gay.	Phoebe	high	community_transcript_match	1.0	dialogue	False	True	Phoebe | Rachel	Phoebe		False		Speaker agrees with available community-transcript mapping.	""" Or, y'know, ""Hey, Joey, you're gay"	Phoebe	Phoebe	present	char_tracker_stage05	phoebe|rachel	present	1.0		high	
19	277	655.88	656.28	What?	Rachel	high	community_transcript_match	1.0	dialogue	False	True	Rachel | Phoebe		Phoebe	False		Speaker agrees with available community-transcript mapping.	What?!	Rachel	Rachel	present	char_tracker_stage05	phoebe|rachel	present	1.0		high	
19	278	657.21	657.85	Oh, please.	Phoebe	high	community_transcript_match	1.0	dialogue	False	True	Rachel | Phoebe	Rachel	Phoebe	False		Speaker agrees with available community-transcript mapping.	Oh, please	Phoebe	Phoebe	present	char_tracker_stage05	phoebe	present	1.0		high	
19	279	657.93	659.77	She's always got a broom in her hand.	Phoebe	high	community_transcript_match	1.0	dialogue	False	True	Rachel | Phoebe	Phoebe		False		Speaker agrees with available community-transcript mapping.	Oh, please! She's always got a broom in her hand!	Phoebe	Phoebe	present	char_tracker_stage05	phoebe	present	1.0		high	
20	280	668.41	671.53	Hey, so, what do you fine gentlemen in the market for?	Joey	medium	scene_context_inference	0.68	dialogue	True	False	Joey | Chandler | The Vendor		Joey	True	medium_confidence_context_fill | speaker_no_face	Filled from next same-scene context.				absent	char_tracker_stage05		absent			medium	speaker_no_face
20	281	671.53	674.25	We got scarves, souvenir postcards.	Joey	high	scene_context_bridge	0.88	dialogue	True	False	Joey | Chandler | The Vendor	Joey	Joey	False		Same speaker appears on both sides within the same scene.				present	char_tracker_stage05	chandler|joey	present			high	
20	282	674.81	676.17	Check this out, huh?	Joey	high	community_transcript_match	1.0	dialogue	False	True	Joey | Chandler | The Vendor	Joey	Joey	False		Speaker agrees with available community-transcript mapping.	check this out huh what do you think	Joey	Joey	present	char_tracker_stage05	chandler|joey	present	1.0		high	
20	283	677.37	679.77	Yeah, that's the stuff.	Joey	high	community_transcript_match	1.0	dialogue	False	True	Joey | Chandler | The Vendor	Joey	Joey	False		Speaker agrees with available community-transcript mapping.	Check this out? Huh? (Joey has this big tall hat with a British flag on the front of it.) Yeah. That's the stuff. What do you think?	Joey	Joey	present	char_tracker_stage05	joey	present	1.0		high	
20	284	680.17	680.97	What do you think?	Joey	high	community_transcript_match	1.0	dialogue	False	True	Joey | Chandler | The Vendor	Joey	Chandler	False		Speaker agrees with available community-transcript mapping.	What do you think	Joey	Joey	present	char_tracker_stage05	joey	present	1.0		high	
20	285	681.29	684.33	Well, I'm not gonna have to buy that I'm with stupid T shirt anymore.	Chandler	high	community_transcript_match	1.0	dialogue	False	True	Joey | Chandler | The Vendor	Joey	Joey	False		Speaker agrees with available community-transcript mapping.	"Well, I don't have to buy that, ""I'm with stupid"" T-shirt anymore."	Chandler	Chandler	present	char_tracker_stage05	chandler	present	1.0		high	
20	286	686.01	686.89	I like it.	Joey	high	community_transcript_match	1.0	dialogue	False	True	Joey | Chandler | The Vendor	Chandler	Joey	False		Speaker agrees with available community-transcript mapping.	Well, I like it. Here you go. (He pays for the hat.)	Joey	Joey	present	char_tracker_stage05	joey	present	1.0		high	
20	287	687.5	688.06	There you go.	Joey	high	community_transcript_match	1.0	dialogue	False	True	Joey | Chandler | The Vendor	Joey	Chandler	False		Speaker agrees with available community-transcript mapping.	Here you go	Joey	Joey	present	char_tracker_stage05	chandler|joey	present	1.0		high	
20	288	688.14	688.66	All right, look.	Chandler	high	community_transcript_match	1.0	dialogue	False	True	Joey | Chandler | The Vendor	Joey	Chandler	False		Speaker agrees with available community-transcript mapping.	all right look	Chandler	Chandler	present	char_tracker_stage05	chandler|joey	present	1.0		high	
20	289	688.66	689.94	You're not really gonna buy that, are you?	Chandler	high	community_transcript_match	1.0	dialogue	False	True	Joey | Chandler | The Vendor	Chandler	Chandler	False		Speaker agrees with available community-transcript mapping.	All right, look, you're not really gonna buy that are you	Chandler	Chandler	present	char_tracker_stage05	chandler|joey	present	1.0		high	
20	290	689.94	691.98	Don't you think you've embarrassed me enough for one day?	Chandler	high	community_transcript_match	1.0	dialogue	False	True	Joey | Chandler | The Vendor	Chandler	Joey	False		Speaker agrees with available community-transcript mapping.	All right, look, you're not really gonna buy that are you? Don't you think you've embarrassed me enough for one day?	Chandler	Chandler	present	char_tracker_stage05	chandler|joey	present	1.0		high	
20	291	691.98	693.34	Oh, I embarrass you?	Joey	high	community_transcript_match	1.0	dialogue	False	True	Joey | Chandler | The Vendor	Chandler	Chandler	False		Speaker agrees with available community-transcript mapping.	Oh, I embarrass you?	Joey	Joey	present	char_tracker_stage05	chandler|joey	present	1.0		high	
20	292	693.66	695.98	How can I answer that when I'm pretending I don't know you?	Chandler	high	community_transcript_match	1.0	dialogue	False	True	Joey | Chandler | The Vendor	Joey	The Vendor	False		Speaker agrees with available community-transcript mapping.	How can I answer that when I'm pretending I don't know you?	Chandler	Chandler	present	char_tracker_stage05	chandler|joey	present	1.0		high	
20	293	697.66	698.58	He's just jealous.	The Vendor	high	community_transcript_match	1.0	dialogue	False	True	Joey | Chandler | The Vendor	Chandler	The Vendor	False		Speaker agrees with available community-transcript mapping.	He's just jealous	The Vendor	The Vendor	absent	char_tracker_stage05		unobserved			high	
20	294	698.58	699.38	You'll fit right in.	The Vendor	high	community_transcript_match	1.0	dialogue	False	True	Joey | Chandler | The Vendor	The Vendor	The Vendor	False		Speaker agrees with available community-transcript mapping.	You'll fit right in	The Vendor	The Vendor	absent	char_tracker_stage05		unobserved			high	
20	295	699.38	700.54	All Londoners wear them.	The Vendor	high	community_transcript_match	1.0	dialogue	False	True	Joey | Chandler | The Vendor	The Vendor	Chandler	False		Speaker agrees with available community-transcript mapping.	He's just jealous. You'll fit right in; all Londoners wear them!	The Vendor	The Vendor	absent	char_tracker_stage05		unobserved			high	
20	296	700.54	701.18	Oh, really?	Chandler	high	qa_review_resolved_ct_support	1.0	dialogue	False	True	Joey | Chandler | The Vendor	The Vendor	Chandler	True	speaker_no_face	Speaker agrees with available community-transcript mapping. | QA resolved prior review with community-transcript support.	Oh really	Chandler	Chandler	absent	char_tracker_stage05		absent	0.0		medium	speaker_no_face
20	297	701.26	703.9	Then how come no one here anywhere is wearing one?	Chandler	high	qa_review_resolved_ct_support	1.0	dialogue	False	True	Joey | Chandler | The Vendor	Chandler	The Vendor	True	speaker_no_face	Speaker agrees with available community-transcript mapping. | QA resolved prior review with community-transcript support.	Oh really? Then how come no one here is wearing them?	Chandler	Chandler	absent	char_tracker_stage05		absent	0.0		medium	speaker_no_face
20	298	705.1	706.22	They're all tourists.	The Vendor	high	community_transcript_match	1.0	dialogue	False	True	Joey | Chandler | The Vendor	Chandler	Chandler	False		Speaker agrees with available community-transcript mapping.	(looks around) They're all tourists.	The Vendor	The Vendor	present	char_tracker_stage05	joey	unobserved			high	
20	299	708.14	708.66	All right, look.	Chandler	high	community_transcript_match	1.0	dialogue	False	True	Joey | Chandler | The Vendor	The Vendor	Chandler	False		Speaker agrees with available community-transcript mapping.	all right look	Chandler	Chandler	present	char_tracker_stage05	chandler|joey	present	1.0		high	
20	300	708.66	714.05	If you insist on wearing that in public you know you're gonna spend the rest of the afternoon all by yourself.	Chandler	high	community_transcript_match	1.0	dialogue	False	True	Joey | Chandler | The Vendor	Chandler	Joey	False		Speaker agrees with available community-transcript mapping.	All right, look, if you insist on wearing that, in public, y'know, you're gonna spend the rest of the afternoon all by yourself.	Chandler	Chandler	present	char_tracker_stage05	chandler	present	1.0		high	
20	301	720.93	723.09	You're gonna make me choose between you and the hat?	Joey	high	community_transcript_match	1.0	dialogue	False	True	Joey | Chandler | The Vendor	Chandler	Joey	False		Speaker agrees with available community-transcript mapping.	Oh yeah? (Puts the hat on.) If you're gonna make me choose between you and the hat? I choose the hat.	Joey	Joey	present	char_tracker_stage05	joey	present	1.0		high	
20	302	723.41	724.45	I choose the hat.	Joey	high	community_transcript_match	1.0	dialogue	False	True	Joey | Chandler | The Vendor	Joey	The Vendor	False		Speaker agrees with available community-transcript mapping.	I choose the hat	Joey	Joey	present	char_tracker_stage05	joey	present	1.0		high	
20	303	724.53	725.17	Good choice.	The Vendor	high	community_transcript_match	1.0	dialogue	False	True	Joey | Chandler | The Vendor	Joey	Joey	False		Speaker agrees with available community-transcript mapping.	Good choice.	The Vendor	The Vendor	present	char_tracker_stage05	joey	unobserved			high	
20	304	725.17	725.53	Thanks.	Joey	high	community_transcript_match	1.0	dialogue	False	True	Joey | Chandler | The Vendor	The Vendor	Chandler	False		Speaker agrees with available community-transcript mapping.	Thanks.	Joey	Joey	present	char_tracker_stage05	joey	present	1.0		high	
20	305	725.53	726.13	Okay, look.	Chandler	medium	short_turn_alternation	0.7	dialogue	True	False	Joey | Chandler | The Vendor	Joey	Chandler	True	short_utterance_between_two_speakers	Short utterance inferred from local turn alternation.				present	char_tracker_stage05	chandler|joey	present			medium	
20	306	726.77	727.65	All right, that's it.	Chandler	high	community_transcript_match	1.0	dialogue	False	True	Joey | Chandler | The Vendor	Chandler	Chandler	False		Speaker agrees with available community-transcript mapping.	okay wait all right that's it i am not going to be embarrassed anymore	Chandler	Chandler	present	char_tracker_stage05	chandler|joey	present	1.0		high	
20	307	727.65	728.57	Okay, I'm out of here.	Chandler	high	community_transcript_match	1.0	dialogue	False	True	Joey | Chandler | The Vendor	Chandler	Chandler	False		Speaker agrees with available community-transcript mapping.	Okay, wait. All right, that's it, okay, I'm out of here. I am not going to be embarrassed anymore! (He trips over a box, falls into a flower stand and walks away trying to be cool.)	Chandler	Chandler	present	char_tracker_stage05	chandler	present	1.0		high	
20	308	728.57	730.13	I'm not gonna be embarrassed any.	Chandler	medium	scene_context_inference	0.68	dialogue	True	False	Joey | Chandler | The Vendor	Chandler		True	medium_confidence_context_fill	Filled from previous same-scene context.				present	char_tracker_stage05	chandler	present			medium	
21	309	739.66	740.22	How you doing?	Joey	high	community_transcript_match	1.0	dialogue	False	True	Joey		Joey	False		Speaker agrees with available community-transcript mapping.	How you doin'	Joey	Joey	present	char_tracker_stage05	joey	present	1.0		high	
21	310	740.46	742.22	Joey Tribbiani, America.	Joey	high	community_transcript_match	1.0	dialogue	False	True	Joey	Joey		False		Speaker agrees with available community-transcript mapping.	How you doin'? Joey Tribbiani, America.	Joey	Joey	present	char_tracker_stage05	joey	present	1.0		high	
