scene_id	sentence_id	start	end	utterance	speaker	speaker_confidence	speaker_method	alignment_score	row_type	filled_from_missing	matched_to_ct	scene_speaker_set	prev_speaker_scene	next_speaker_scene	review_flag	review_reason	notes	utterance_ct	speaker_ct	speaker_original	visual_presence	visual_presence_source	visual_presence_chars	speaker_visual_presence	speaker_visual_ratio	visual_presence_note	annotation_confidence	annotation_review_reason
1	1	4.64	6.96	Doctor Johnson, do you have a call on flying stuff?	Ross	medium	scene_context_inference	0.68	dialogue	True	False	Ross | Monica		Ross	True	medium_confidence_context_fill | speaker_no_face	Filled from next same-scene context.				absent	char_tracker_stage05		absent			medium	speaker_no_face
1	2	7.28	8.28	She's not here yet.	Ross	high	community_transcript_match	1.0	dialogue	False	True	Ross | Monica	Ross	Ross	True	speaker_no_face	Speaker agrees with available community-transcript mapping.	She's not here yet	Ross	Ross	absent	char_tracker_stage05		absent	0.0		medium	speaker_no_face
1	3	8.28	8.96	She's not here?	Ross	high	community_transcript_match	1.0	dialogue	False	True	Ross | Monica	Ross	Ross	True	speaker_no_face	Speaker agrees with available community-transcript mapping.	She's not here	Ross	Ross	absent	char_tracker_stage05		absent	0.0		medium	speaker_no_face
1	4	8.96	10.48	She's having my baby and she's not here.	Ross	high	community_transcript_match	1.0	dialogue	False	True	Ross | Monica	Ross	Monica	True	speaker_no_face	Speaker agrees with available community-transcript mapping.	She's not here yet. She's not here. She's having my baby and she's not here.	Ross	Ross	partial	char_tracker_stage05		absent	0.3333		medium	speaker_no_face
1	5	10.48	11.52	I'm sure everything's fine.	Monica	high	community_transcript_match	1.0	dialogue	False	True	Ross | Monica	Ross	Monica	False		Speaker agrees with available community-transcript mapping.	I'm sure everything's fine. Has her water broke yet?	Monica	Monica	present	char_tracker_stage05	monica|ross	present	0.5		high	
1	6	11.52	12.72	Has her water broken yet?	Monica	high	community_transcript_match	1.0	dialogue	False	True	Ross | Monica	Monica	Ross	False		Speaker agrees with available community-transcript mapping.	Has her water broke yet	Monica	Monica	present	char_tracker_stage05	monica|ross	present	1.0		high	
1	7	12.72	13.44	I don't know.	Ross	high	community_transcript_match	1.0	dialogue	False	True	Ross | Monica	Monica	Ross	False		Speaker agrees with available community-transcript mapping.	i don't know	Ross	Ross	present	char_tracker_stage05	monica|ross	present	1.0		high	
1	8	13.6	16.72	But when I spoke to her, she said she had already passed the mucus plug.	Ross	high	community_transcript_match	1.0	dialogue	False	True	Ross | Monica	Ross		False		Speaker agrees with available community-transcript mapping.	I don't know, but when I spoke to her, she said she had already passed the mucus plug.	Ross	Ross	present	char_tracker_stage05	ross	present	1.0		high	
2	9	20.16	21.76	Do we have to know about that?	Joey	high	community_transcript_match	1.0	dialogue	False	True	Joey | Monica | Chandler | Ross | Rachel		Monica	True	speaker_no_face	Speaker agrees with available community-transcript mapping.	Do we have to know about that?	Joey	Joey	absent	char_tracker_stage05		absent	0.0		medium	speaker_no_face
2	10	22.8	24.88	Joey, what are you gonna do when you have a baby?	Monica	high	community_transcript_match	1.0	dialogue	False	True	Joey | Monica | Chandler | Ross | Rachel	Joey	Joey	True	speaker_no_face	Speaker agrees with available community-transcript mapping.	Joey, what are you gonna do when you have a baby?	Monica	Monica	absent	char_tracker_stage05		absent	0.0		medium	speaker_no_face
2	11	24.88	27.36	I'm gonna be in the waiting room handing out cigars.	Joey	high	community_transcript_match	1.0	dialogue	False	True	Joey | Monica | Chandler | Ross | Rachel	Monica	Chandler	False		Speaker agrees with available community-transcript mapping.	I'm gonna be in the waitin' room, handing out cigars.	Joey	Joey	present	char_tracker_stage05	joey|monica	present	0.75		high	
2	12	29.04	29.4	Yes.	Chandler	medium	visual_disambiguation	0.74	dialogue	True	False	Joey | Monica | Chandler | Ross | Rachel	Joey	Chandler	False		Only one of the two text-context candidates was visually present in the window.				present	char_tracker_stage05	chandler	present			medium	
2	13	29.4	31.68	Joey's made arrangements to have his baby in a movie.	Chandler	high	community_transcript_match	1.0	dialogue	False	True	Joey | Monica | Chandler | Ross | Rachel	Chandler	Ross	False		Speaker agrees with available community-transcript mapping.	Yes, Joey's made arrangements to have his baby in a movie from the 50's.	Chandler	Chandler	present	char_tracker_stage05	chandler	present	1.0		high	
2	14	35.1	36.06	I don't believe this.	Ross	high	community_transcript_match	1.0	dialogue	False	True	Joey | Monica | Chandler | Ross | Rachel	Chandler	Ross	True	speaker_offscreen	Speaker agrees with available community-transcript mapping.	God, I don't believe this	Ross	Ross	present	char_tracker_stage05	chandler	absent	0.0		low	speaker_offscreen
2	15	36.06	38.06	I mean, she could be giving birth in the cab.	Ross	high	community_transcript_match	1.0	dialogue	False	True	Joey | Monica | Chandler | Ross | Rachel	Ross	Rachel	True	speaker_offscreen	Speaker agrees with available community-transcript mapping.	God, I don't believe this. She could be giving birth in the cab.	Ross	Ross	present	char_tracker_stage05	chandler	absent	0.0		low	speaker_offscreen
2	16	38.3	39.54	Oh, Ross, relax.	Rachel	high	community_transcript_match	1.0	dialogue	False	True	Joey | Monica | Chandler | Ross | Rachel	Ross	Rachel	False		Speaker agrees with available community-transcript mapping.	Oh, Ross, relax	Rachel	Rachel	present	char_tracker_stage05	rachel	present	1.0		high	
2	17	39.54	41.98	It's probably like, $2 for the first contraction.	Rachel	high	community_transcript_match	1.0	dialogue	False	True	Joey | Monica | Chandler | Ross | Rachel	Rachel	Rachel	False		Speaker agrees with available community-transcript mapping.	Oh, Ross, relax. It's probably like two dollars for the first contraction, and then fifty cents for each additional contraction.	Rachel	Rachel	present	char_tracker_stage05	rachel	present	1.0		high	
2	18	41.98	43.74	And then in $0.50 each additional.	Rachel	high	scene_context_bridge	0.88	dialogue	True	False	Joey | Monica | Chandler | Ross | Rachel	Rachel	Rachel	False		Same speaker appears on both sides within the same scene.				present	char_tracker_stage05	rachel	present			high	
2	19	46.22	46.54	What?	Rachel	high	community_transcript_match	1.0	dialogue	False	True	Joey | Monica | Chandler | Ross | Rachel	Rachel		False		Speaker agrees with available community-transcript mapping.	what	Rachel	Rachel	present	char_tracker_stage05	chandler|rachel|ross	present	1.0		high	
3	20	46.54	48.06	It's okay when Chandler does it?	Rachel	high	community_transcript_match	1.0	dialogue	False	True	Rachel | Chandler		Chandler	False		Speaker agrees with available community-transcript mapping.	What, it's ok when Chandler does it?	Rachel	Rachel	present	char_tracker_stage05	chandler|rachel	present	1.0		high	
3	21	49.82	51.18	You have to pick your moments.	Chandler	high	community_transcript_match	1.0	dialogue	False	True	Rachel | Chandler	Rachel	Chandler	False		Speaker agrees with available community-transcript mapping.	You have to pick your moments.	Chandler	Chandler	present	char_tracker_stage05	chandler	present	1.0		high	
3	22	53.02	53.42	Hi.	Chandler	medium	scene_context_inference	0.68	dialogue	True	False	Rachel | Chandler	Chandler		True	scene_end_short_utterance | speaker_no_face	Filled from previous same-scene context.				absent	char_tracker_stage05		absent			medium	speaker_no_face
4	23	53.42	54.02	Did I miss it?	Phoebe	high	community_transcript_match	1.0	dialogue	False	True	Phoebe | Ross | Monica		Phoebe	True	speaker_no_face	Speaker agrees with available community-transcript mapping.	Did I miss it, did I miss it?	Phoebe	Phoebe	absent	char_tracker_stage05		absent	0.0		medium	speaker_no_face
4	24	54.02	54.5	Did I miss it?	Phoebe	high	community_transcript_match	1.0	dialogue	False	True	Phoebe | Ross | Monica	Phoebe	Ross	True	speaker_no_face	Speaker agrees with available community-transcript mapping.	did i miss it	Phoebe	Phoebe	absent	char_tracker_stage05		absent	0.0		medium	speaker_no_face
4	25	54.5	55.66	Oh, she's not even here yet.	Ross	high	community_transcript_match	1.0	dialogue	False	True	Phoebe | Ross | Monica	Phoebe	Monica	True	speaker_no_face	Speaker agrees with available community-transcript mapping.	She's not even here yet.	Ross	Ross	absent	char_tracker_stage05		absent	0.0		medium	speaker_no_face
4	26	55.66	57.26	Oh, what's with the guitar?	Monica	high	community_transcript_match	1.0	dialogue	False	True	Phoebe | Ross | Monica	Ross	Phoebe	True	speaker_offscreen	Speaker agrees with available community-transcript mapping.	What's with the guitar?	Monica	Monica	present	char_tracker_stage05	ross	absent	0.0		low	speaker_offscreen
4	27	57.51	58.95	Well, I just thought we might be here for a while.	Phoebe	high	community_transcript_match	1.0	dialogue	False	True	Phoebe | Ross | Monica	Monica	Phoebe	False		Speaker agrees with available community-transcript mapping.	I just thought we might be here for awhile	Phoebe	Phoebe	present	char_tracker_stage05	phoebe|ross	present	1.0		high	
4	28	58.95	60.71	So, you know, things might get musical.	Phoebe	high	community_transcript_match	1.0	dialogue	False	True	Phoebe | Ross | Monica	Phoebe		False		Speaker agrees with available community-transcript mapping.	I just thought we might be here for awhile. You know, things might get musical.	Phoebe	Phoebe	present	char_tracker_stage05	phoebe|ross	present	1.0		high	
5	29	63.03	63.99	Where the hell have you been?	Ross	high	community_transcript_match	1.0	dialogue	False	True	Ross | Susan | Carol | Chandler		Susan	True	speaker_no_face	Speaker agrees with available community-transcript mapping.	(to Carol) Where the hell have you been?	Ross	Ross	absent	char_tracker_stage05		absent	0.0		medium	speaker_no_face
5	30	63.99	65.35	Oh, we stopped at the gift shop.	Susan	high	community_transcript_match	1.0	dialogue	False	True	Ross | Susan | Carol | Chandler	Ross	Carol	False		Speaker agrees with available community-transcript mapping.	We stopped at the gift shop.	Susan	Susan	partial	char_tracker_stage05		unobserved			high	
5	31	66.23	68.51	I was looking at stuffed animals and Susan wanted a Chunky.	Carol	high	community_transcript_match	1.0	dialogue	False	True	Ross | Susan | Carol | Chandler	Susan	Ross	False		Speaker agrees with available community-transcript mapping.	I was looking at stuffed animals, and Susan wanted a Chunky.	Carol	Carol	present	char_tracker_stage05	chandler	unobserved			high	
5	32	68.51	69.43	Oh, Susan wanted a ch.	Ross	medium	visual_disambiguation	0.74	dialogue	True	False	Ross | Susan | Carol | Chandler	Carol	Ross	False		Only one of the two text-context candidates was visually present in the window.				present	char_tracker_stage05	ross	present			medium	
5	33	69.43	70.35	They're having a baby.	Ross	high	scene_context_bridge	0.88	dialogue	True	False	Ross | Susan | Carol | Chandler	Ross	Ross	False		Same speaker appears on both sides within the same scene.				present	char_tracker_stage05	ross	present			high	
5	34	70.35	71.07	Okay, A baby.	Ross	high	scene_context_bridge	0.88	dialogue	True	False	Ross | Susan | Carol | Chandler	Ross	Ross	False		Same speaker appears on both sides within the same scene.				present	char_tracker_stage05	ross	present			high	
5	35	71.07	72.47	You don't stop for Chunkies.	Ross	high	community_transcript_match	1.0	dialogue	False	True	Ross | Susan | Carol | Chandler	Ross	Chandler	False		Speaker agrees with available community-transcript mapping.	Susan wanted a Chunky. We're having a baby, ok, a baby, you don't stop for Chunkys.	Ross	Ross	present	char_tracker_stage05	chandler|ross	present	0.5		high	
5	36	72.71	74.31	I used to have that bumper sticker.	Chandler	high	community_transcript_match	1.0	dialogue	False	True	Ross | Susan | Carol | Chandler	Ross		False		Speaker agrees with available community-transcript mapping.	I used to have that bumper sticker.	Chandler	Chandler	present	char_tracker_stage05	chandler	present	1.0		high	
6	37	76.39	77.43	You see what I mean?	Chandler	high	community_transcript_match	1.0	dialogue	False	True	Chandler			False		Speaker agrees with available community-transcript mapping.	(to Rachel) You see what I mean.	Chandler	Chandler	present	char_tracker_stage05	chandler|joey|rachel	present	1.0		high	
8	38	84.88	86.4	Stop for a Chunky.	Ross	high	community_transcript_match	1.0	dialogue	False	True	Ross | Carol | Susan		Carol	True	speaker_no_face	Speaker agrees with available community-transcript mapping.	Stopped for a Chunky.	Ross	Ross	absent	char_tracker_stage05		absent	0.0		medium	speaker_no_face
8	39	86.88	88.08	Let it go, Ross.	Carol	high	community_transcript_match	1.0	dialogue	False	True	Ross | Carol | Susan	Ross	Susan	False		Speaker agrees with available community-transcript mapping.	Let it go, Ross.	Carol	Carol	partial	char_tracker_stage05		unobserved			high	
8	40	88.24	89.2	I got an extra one.	Susan	high	community_transcript_match	1.0	dialogue	False	True	Ross | Carol | Susan	Carol	Susan	False		Speaker agrees with available community-transcript mapping.	I got an extra one. You want this? (holds the candy in front of Ross' face)	Susan	Susan	present	char_tracker_stage05	ross	unobserved			high	
8	41	89.2	89.92	You want this?	Susan	high	community_transcript_match	1.0	dialogue	False	True	Ross | Carol | Susan	Susan	Ross	False		Speaker agrees with available community-transcript mapping.	You want this	Susan	Susan	present	char_tracker_stage05	ross	unobserved			high	
8	42	91.36	91.76	No.	Ross	high	community_transcript_match	1.0	dialogue	False	True	Ross | Carol | Susan	Susan		False		Speaker agrees with available community-transcript mapping.	(weakly) No.	Ross	Ross	present	char_tracker_stage05	ross	present	1.0		high	
9	43	94.4	96.48	Hey, how's my favorite parenting team doing?	Dr. Franzblau	high	community_transcript_match	1.0	dialogue	False	True	Dr. Franzblau | Ross | Carol | Susan | Rachel		Ross	False		Speaker agrees with available community-transcript mapping.	Hey, how's my favorite parenting team doing?	Dr. Franzblau	Dr. Franzblau	absent	char_tracker_stage05		unobserved			high	
9	44	96.48	97.64	Dr. Franz Blau.	Ross	high	community_transcript_match	1.0	dialogue	False	True	Dr. Franzblau | Ross | Carol | Susan | Rachel	Dr. Franzblau	Ross	True	speaker_no_face	Speaker agrees with available community-transcript mapping.	Dr	Ross	Ross	absent	char_tracker_stage05		absent	0.0		medium	speaker_no_face
9	45	97.64	98.08	Hi.	Ross	high	community_transcript_match	1.0	dialogue	False	True	Dr. Franzblau | Ross | Carol | Susan | Rachel	Ross	Dr. Franzblau	True	speaker_no_face	Speaker agrees with available community-transcript mapping.	Dr. Franzblau, hi.	Ross	Ross	absent	char_tracker_stage05		absent	0.0		medium	speaker_no_face
9	46	98.4	100.56	So I understand you're thinking of having a baby.	Dr. Franzblau	high	community_transcript_match	1.0	dialogue	False	True	Dr. Franzblau | Ross | Carol | Susan | Rachel	Ross	Dr. Franzblau	False		Speaker agrees with available community-transcript mapping.	So, I understand you're thinking of having a baby? Well, I see you're nine months pregnant. That's a good start. How you doing with your contractions?	Dr. Franzblau	Dr. Franzblau	absent	char_tracker_stage05		unobserved			high	
9	47	102.88	104.4	I see you're nine months pregnant.	Dr. Franzblau	high	community_transcript_match	1.0	dialogue	False	True	Dr. Franzblau | Ross | Carol | Susan | Rachel	Dr. Franzblau	Dr. Franzblau	False		Speaker agrees with available community-transcript mapping.	Well, I see you're nine months pregnant	Dr. Franzblau	Dr. Franzblau	absent	char_tracker_stage05		unobserved			high	
9	48	104.4	105.2	That's a good start.	Dr. Franzblau	high	community_transcript_match	1.0	dialogue	False	True	Dr. Franzblau | Ross | Carol | Susan | Rachel	Dr. Franzblau	Dr. Franzblau	False		Speaker agrees with available community-transcript mapping.	That's a good start	Dr. Franzblau	Dr. Franzblau	absent	char_tracker_stage05		unobserved			high	
9	49	106.16	107.6	How you doing with your contractions?	Dr. Franzblau	high	community_transcript_match	1.0	dialogue	False	True	Dr. Franzblau | Ross | Carol | Susan | Rachel	Dr. Franzblau	Carol	False		Speaker agrees with available community-transcript mapping.	How you doing with your contractions	Dr. Franzblau	Dr. Franzblau	absent	char_tracker_stage05		unobserved			high	
9	50	107.68	109.16	Oh, I love them.	Carol	high	community_transcript_match	1.0	dialogue	False	True	Dr. Franzblau | Ross | Carol | Susan | Rachel	Dr. Franzblau	Carol	False		Speaker agrees with available community-transcript mapping.	Oh, I love them	Carol	Carol	absent	char_tracker_stage05		unobserved			high	
9	51	109.16	111.52	Each one's like a little party in my uterus.	Carol	high	community_transcript_match	1.0	dialogue	False	True	Dr. Franzblau | Ross | Carol | Susan | Rachel	Carol	Susan	False		Speaker agrees with available community-transcript mapping.	Oh, I love them. Each one's like a little party in my uterus.	Carol	Carol	absent	char_tracker_stage05		unobserved			high	
9	52	112.72	114.87	They're every four minutes and last 55 seconds.	Susan	high	community_transcript_match	1.0	dialogue	False	True	Dr. Franzblau | Ross | Carol | Susan | Rachel	Carol	Ross	False		Speaker agrees with available community-transcript mapping.	They're every four minutes and last 55 seconds.	Susan	Susan	absent	char_tracker_stage05		unobserved			high	
9	53	115.34	116.26	59 seconds.	Ross	high	community_transcript_match	1.0	dialogue	False	True	Dr. Franzblau | Ross | Carol | Susan | Rachel	Susan	Ross	False		Speaker agrees with available community-transcript mapping.	59 seconds. (holds up his watch) Quartz, ha.	Ross	Ross	present	char_tracker_stage05	ross	present	0.5		high	
9	54	116.26	116.78	Quartz.	Ross	high	community_transcript_match	1.0	dialogue	False	True	Dr. Franzblau | Ross | Carol | Susan | Rachel	Ross	Ross	False		Speaker agrees with available community-transcript mapping.	Quartz, ha	Ross	Ross	present	char_tracker_stage05	ross	present	1.0		high	
9	55	116.78	117.1	Ha.	Ross	high	community_transcript_match	1.0	reaction	False	True	Dr. Franzblau | Ross | Carol | Susan | Rachel	Ross	Susan	False		Speaker agrees with available community-transcript mapping.	ha	Ross	Ross	present	char_tracker_stage05	ross	present	1.0		high	
9	56	118.22	119.1	Swiss quartz.	Susan	high	community_transcript_match	1.0	dialogue	False	True	Dr. Franzblau | Ross | Carol | Susan | Rachel	Ross	Susan	False		Speaker agrees with available community-transcript mapping.	Swiss quartz, ha, ha.	Susan	Susan	present	char_tracker_stage05	ross	unobserved			high	
9	57	119.1	119.66	Ha, ha.	Susan	high	community_transcript_match	1.0	dialogue	False	True	Dr. Franzblau | Ross | Carol | Susan | Rachel	Susan	Carol	False		Speaker agrees with available community-transcript mapping.	ha ha	Susan	Susan	present	char_tracker_stage05	ross	unobserved			high	
9	58	121.66	123.26	Am I allowed to drink anything?	Carol	high	community_transcript_match	1.0	dialogue	False	True	Dr. Franzblau | Ross | Carol | Susan | Rachel	Susan	Dr. Franzblau	False		Speaker agrees with available community-transcript mapping.	Am I allowed to drink anything?	Carol	Carol	partial	char_tracker_stage05		unobserved			high	
9	59	123.5	124.3	Ice chips.	Dr. Franzblau	high	community_transcript_match	1.0	dialogue	False	True	Dr. Franzblau | Ross | Carol | Susan | Rachel	Carol	Dr. Franzblau	False		Speaker agrees with available community-transcript mapping.	ice chips	Dr. Franzblau	Dr. Franzblau	absent	char_tracker_stage05		unobserved			high	
9	60	124.3	125.1	Just ice chips.	Dr. Franzblau	high	community_transcript_match	1.0	dialogue	False	True	Dr. Franzblau | Ross | Carol | Susan | Rachel	Dr. Franzblau	Dr. Franzblau	False		Speaker agrees with available community-transcript mapping.	Ice chips, just ice chips	Dr. Franzblau	Dr. Franzblau	absent	char_tracker_stage05		unobserved			high	
9	61	125.1	126.14	They're at the nurse's station.	Dr. Franzblau	high	community_transcript_match	1.0	dialogue	False	True	Dr. Franzblau | Ross | Carol | Susan | Rachel	Dr. Franzblau	Ross	False		Speaker agrees with available community-transcript mapping.	Ice chips, just ice chips. They're at the nurses' station.	Dr. Franzblau	Dr. Franzblau	absent	char_tracker_stage05		unobserved			high	
9	62	126.14	126.7	I'll get it.	Ross	high	community_transcript_match	1.0	dialogue	False	True	Dr. Franzblau | Ross | Carol | Susan | Rachel	Dr. Franzblau	Susan	True	speaker_no_face	Speaker agrees with available community-transcript mapping.	I'll get it.	Ross	Ross	absent	char_tracker_stage05		absent	0.0		medium	speaker_no_face
9	63	126.7	127.26	I'm getting it.	Susan	low	scene_context_inference	0.58	dialogue	True	False	Dr. Franzblau | Ross | Carol | Susan | Rachel	Ross	Susan	True	two_sided_context_ambiguous | low_speaker_confidence	No direct transcript match; weak local context only.				absent	char_tracker_stage05		unobserved			low	low_speaker_confidence
9	64	127.82	128.46	I'm getting it.	Susan	high	community_transcript_match	1.0	dialogue	False	True	Dr. Franzblau | Ross | Carol | Susan | Rachel	Susan	Ross	False		Speaker agrees with available community-transcript mapping.	No, I'm getting it. I'll be right back.	Susan	Susan	absent	char_tracker_stage05		unobserved			high	
9	65	128.46	129.18	I'm getting it.	Ross	high	community_transcript_match	1.0	dialogue	False	True	Dr. Franzblau | Ross | Carol | Susan | Rachel	Susan	Rachel	True	speaker_no_face	Speaker agrees with available community-transcript mapping.	I got it—I'm getting it!	Ross	Ross	absent	char_tracker_stage05		absent	0.0		medium	speaker_no_face
9	66	131.66	132.14	Hi.	Rachel	high	community_transcript_match	1.0	dialogue	False	True	Dr. Franzblau | Ross | Carol | Susan | Rachel	Ross		False		Speaker agrees with available community-transcript mapping.	hi i	Rachel	Rachel	present	char_tracker_stage05	rachel	present	1.0		high	
10	67	132.38	134.06	Thought you might like some ice chips.	Rachel	high	community_transcript_match	1.0	dialogue	False	True	Rachel | Carol | Dr. Franzblau		Carol	False		Speaker agrees with available community-transcript mapping.	Hi, I thought you might like some ice chips.	Rachel	Rachel	present	char_tracker_stage05	rachel	present	1.0		high	
10	68	135.66	136.22	Thanks.	Carol	high	community_transcript_match	1.0	dialogue	False	True	Rachel | Carol | Dr. Franzblau	Rachel	Rachel	False		Speaker agrees with available community-transcript mapping.	Thanks.	Carol	Carol	present	char_tracker_stage05	rachel	unobserved			high	
10	69	136.46	140.34	And if you need anything else, I do not believe we have met.	Rachel	high	community_transcript_match	1.0	dialogue	False	True	Rachel | Carol | Dr. Franzblau	Carol	Rachel	False		Speaker agrees with available community-transcript mapping.	and if you need anything else i do not believe we've met	Rachel	Rachel	present	char_tracker_stage05	rachel	present	1.0		high	
10	70	140.34	144.06	Hi, I'm Rachel Green.	Rachel	high	community_transcript_match	1.0	dialogue	False	True	Rachel | Carol | Dr. Franzblau	Rachel	Rachel	False		Speaker agrees with available community-transcript mapping.	and if you need anything else i do not believe we've met hi i'm uh rachel green	Rachel	Rachel	present	char_tracker_stage05	rachel	present	0.6		high	
10	71	144.06	147.37	I'm Carol's ex husband's sister's roommate.	Rachel	high	community_transcript_match	1.0	dialogue	False	True	Rachel | Carol | Dr. Franzblau	Rachel	Rachel	False		Speaker agrees with available community-transcript mapping.	And if you need anything else, I—(notices the handsome Dr. Franzblau)—do not believe we've met. Hi. I'm, uh, Rachel Green. I'm Carol's... ex-husband's... sister's roommate.	Rachel	Rachel	present	char_tracker_stage05	rachel	present	1.0		high	
10	72	147.93	149.13	It's nice to meet you.	Rachel	medium	scene_context_inference	0.66	dialogue	True	False	Rachel | Carol | Dr. Franzblau	Rachel	Rachel	True	two_sided_context_ambiguous | speaker_no_face	No direct transcript match; longer line defaulted to previous speaker in same scene.				partial	char_tracker_stage05		absent			medium	speaker_no_face
10	73	149.13	150.41	I'm Dr. Franz Blount.	Rachel	medium	scene_context_inference	0.66	dialogue	True	False	Rachel | Carol | Dr. Franzblau	Rachel	Dr. Franzblau	True	two_sided_context_ambiguous | speaker_no_face	No direct transcript match; longer line defaulted to previous speaker in same scene.				absent	char_tracker_stage05		absent			medium	speaker_no_face
10	74	150.57	153.25	I'm your roommate's brother's ex wife.	Dr. Franzblau	high	community_transcript_match	1.0	dialogue	False	True	Rachel | Carol | Dr. Franzblau	Rachel	Dr. Franzblau	False		Speaker agrees with available community-transcript mapping.	It is nice to meet you. I'm Dr. Franzblau. I'm your roommate's... brother's... ex-wife's obstetrician.	Dr. Franzblau	Dr. Franzblau	absent	char_tracker_stage05		unobserved			high	
10	75	153.25	154.09	Substitution.	Dr. Franzblau	medium	scene_context_inference	0.68	dialogue	True	False	Rachel | Carol | Dr. Franzblau	Dr. Franzblau	Dr. Franzblau	True	scene_end_short_utterance	Filled from previous same-scene context.				present	char_tracker_stage05	rachel	unobserved			medium	
10	76	156.01	157.05	Thanks, honey.	Dr. Franzblau	medium	scene_context_inference	0.68	dialogue	True	False	Rachel | Carol | Dr. Franzblau	Dr. Franzblau	Dr. Franzblau	True	scene_end_short_utterance	Filled from previous same-scene context.				present	char_tracker_stage05	rachel	unobserved			medium	
10	77	161.05	164.37	201 Food Services to West 201.	Dr. Franzblau	medium	scene_context_inference	0.68	dialogue	True	False	Rachel | Carol | Dr. Franzblau	Dr. Franzblau		True	medium_confidence_context_fill	Filled from previous same-scene context.				present	char_tracker_stage05	chandler|monica	unobserved			medium	
11	78	164.37	165.45	I want a baby.	Monica	high	community_transcript_match	1.0	dialogue	False	True	Monica | Chandler		Chandler	False		Speaker agrees with available community-transcript mapping.	I want a baby.	Monica	Monica	present	char_tracker_stage05	chandler|monica	present	1.0		high	
11	79	166.81	167.85	Not tonight, honey.	Chandler	high	community_transcript_match	1.0	dialogue	False	True	Monica | Chandler	Monica	Chandler	False		Speaker agrees with available community-transcript mapping.	Mmmm. Not tonight, honey. I got an early day tomorrow.	Chandler	Chandler	present	char_tracker_stage05	chandler|monica	present	1.0		high	
11	80	167.85	170.49	I got an early day tomorrow, you know.	Chandler	high	community_transcript_match	1.0	dialogue	False	True	Monica | Chandler	Chandler	Monica	False		Speaker agrees with available community-transcript mapping.	I got an early day tomorrow	Chandler	Chandler	present	char_tracker_stage05	chandler|monica	present	1.0		high	
11	81	170.73	172.09	Come on, let's get some coffee.	Monica	high	community_transcript_match	1.0	dialogue	False	True	Monica | Chandler	Chandler	Chandler	False		Speaker agrees with available community-transcript mapping.	Get up. Come on. Let's get some coffee.	Monica	Monica	present	char_tracker_stage05	chandler|monica	present	0.6667		high	
11	82	172.09	172.89	Oh, okay.	Chandler	high	community_transcript_match	1.0	dialogue	False	True	Monica | Chandler	Monica	Chandler	True	speaker_no_face	Speaker agrees with available community-transcript mapping.	oh ok	Chandler	Chandler	absent	char_tracker_stage05		absent	0.0		medium	speaker_no_face
11	83	172.89	177.99	Cause we never do shoot, shoot, shoot, shoot.	Chandler	high	community_transcript_match	1.0	dialogue	False	True	Monica | Chandler	Chandler		True	speaker_no_face	Speaker agrees with available community-transcript mapping.	Oh, ok, 'cause we never do that.	Chandler	Chandler	partial	char_tracker_stage05		absent	0.0		medium	speaker_no_face
12	84	178.23	179.71	Or just fall down.	Joey	high	community_transcript_match	1.0	dialogue	False	True	Joey		Joey	False		Speaker agrees with available community-transcript mapping.	(to the screen) Shoot! Shoot! Shoot! Shoot, or just fall down. That's good too.	Joey	Joey	present	char_tracker_stage05	joey	present	1.0		high	
12	85	179.71	180.55	That's good too.	Joey	high	community_transcript_match	1.0	dialogue	False	True	Joey	Joey		False		Speaker agrees with available community-transcript mapping.	That's good too	Joey	Joey	present	char_tracker_stage05	joey	present	1.0		high	
13	86	181.43	182.19	Lick fan.	Lydia	high	community_transcript_match	1.0	dialogue	False	True	Lydia | Joey		Joey	False		Speaker agrees with available community-transcript mapping.	Knick fan?	Lydia	Lydia	absent	char_tracker_stage05		unobserved			high	
13	87	182.19	182.79	Oh, yeah.	Joey	high	community_transcript_match	1.0	dialogue	False	True	Lydia | Joey	Lydia	Lydia	True	speaker_no_face	Speaker agrees with available community-transcript mapping.	Oh, yeah.	Joey	Joey	absent	char_tracker_stage05		absent	0.0		medium	speaker_no_face
13	88	182.95	184.63	Oh, boy, do they suck.	Lydia	high	community_transcript_match	1.0	dialogue	False	True	Lydia | Joey	Joey	Joey	False		Speaker agrees with available community-transcript mapping.	Oh, boy, do they suck.	Lydia	Lydia	partial	char_tracker_stage05		unobserved			high	
13	89	185.03	186.23	Hey, listen, lady.	Joey	high	community_transcript_match	1.0	dialogue	False	True	Lydia | Joey	Lydia	Joey	False		Speaker agrees with available community-transcript mapping.	Hey, listen, lady....(sees that she's pregnant)...whoa.	Joey	Joey	present	char_tracker_stage05	joey	present	1.0		high	
13	90	186.31	186.79	Whoa.	Joey	high	community_transcript_match	1.0	dialogue	False	True	Lydia | Joey	Joey	Lydia	False		Speaker agrees with available community-transcript mapping.	whoa	Joey	Joey	present	char_tracker_stage05	joey	present	1.0		high	
13	91	188.95	189.35	Look.	Lydia	high	community_transcript_match	1.0	dialogue	False	True	Lydia | Joey	Joey	Lydia	False		Speaker agrees with available community-transcript mapping.	look	Lydia	Lydia	present	char_tracker_stage05	joey	unobserved			high	
13	92	189.67	191.11	Look at your man Ewing.	Lydia	high	community_transcript_match	1.0	dialogue	False	True	Lydia | Joey	Lydia	Lydia	False		Speaker agrees with available community-transcript mapping.	look look at your man ewing	Lydia	Lydia	partial	char_tracker_stage05		unobserved			high	
13	93	191.35	192.07	Nice shot.	Lydia	high	community_transcript_match	1.0	dialogue	False	True	Lydia | Joey	Lydia	Lydia	False		Speaker agrees with available community-transcript mapping.	look look at your man ewing nice shot	Lydia	Lydia	absent	char_tracker_stage05		unobserved			high	
13	94	192.07	192.51	You know what?	Lydia	high	community_transcript_match	1.0	dialogue	False	True	Lydia | Joey	Lydia	Lydia	False		Speaker agrees with available community-transcript mapping.	look look at your man ewing nice shot you know what	Lydia	Lydia	absent	char_tracker_stage05		unobserved			high	
13	95	192.51	194.71	He couldn't hit water if he was standing on a boat.	Lydia	high	community_transcript_match	1.0	dialogue	False	True	Lydia | Joey	Lydia	Joey	False		Speaker agrees with available community-transcript mapping.	Look, look at your man, Ewing. Nice shot. You know what, he couldn't hit water if he was standing on a boat.	Lydia	Lydia	partial	char_tracker_stage05		unobserved			high	
13	96	194.95	195.59	Oh, yeah?	Joey	high	community_transcript_match	1.0	dialogue	False	True	Lydia | Joey	Lydia	Joey	False		Speaker agrees with available community-transcript mapping.	Oh yeah	Joey	Joey	present	char_tracker_stage05	joey	present	1.0		high	
13	97	195.59	196.55	And who do you like?	Joey	high	community_transcript_match	1.0	dialogue	False	True	Lydia | Joey	Joey	Joey	False		Speaker agrees with available community-transcript mapping.	Oh yeah? And who do you like?	Joey	Joey	present	char_tracker_stage05	joey	present	1.0		high	
13	98	196.79	197.51	Celtics.	Joey	medium	visual_disambiguation	0.74	dialogue	True	False	Lydia | Joey	Joey	Lydia	False		Only one of the two text-context candidates was visually present in the window.				present	char_tracker_stage05	joey	present			medium	
13	99	197.67	198.39	Celtics.	Lydia	high	community_transcript_match	1.0	dialogue	False	True	Lydia | Joey	Joey	Joey	False		Speaker agrees with available community-transcript mapping.	The Celtics.	Lydia	Lydia	present	char_tracker_stage05	joey	unobserved			high	
13	100	198.47	198.87	Ha.	Joey	high	community_transcript_match	1.0	reaction	False	True	Lydia | Joey	Lydia	Joey	False		Speaker agrees with available community-transcript mapping.	Ha	Joey	Joey	present	char_tracker_stage05	joey	present	1.0		high	
13	101	199.03	200.39	They couldn't hit a boat if.	Joey	high	community_transcript_match	1.0	dialogue	False	True	Lydia | Joey	Joey	Joey	False		Speaker agrees with available community-transcript mapping.	The Celtics? Ha. They couldn't hit a boat if...wait. They suck, all right?	Joey	Joey	present	char_tracker_stage05	joey	present	1.0		high	
13	102	201.19	201.67	Wait.	Joey	high	community_transcript_match	1.0	dialogue	False	True	Lydia | Joey	Joey	Joey	False		Speaker agrees with available community-transcript mapping.	wait	Joey	Joey	present	char_tracker_stage05	joey	present	1.0		high	
13	103	203.91	204.55	They suck.	Joey	high	community_transcript_match	1.0	dialogue	False	True	Lydia | Joey	Joey	Joey	False		Speaker agrees with available community-transcript mapping.	They suck, all right	Joey	Joey	present	char_tracker_stage05	joey	present	1.0		high	
13	104	204.55	204.95	All right.	Joey	high	community_transcript_match	1.0	dialogue	False	True	Lydia | Joey	Joey	Lydia	False		Speaker agrees with available community-transcript mapping.	all right	Joey	Joey	present	char_tracker_stage05	joey	present	1.0		high	
13	105	206.63	207.15	Shut up.	Lydia	high	community_transcript_match	1.0	dialogue	False	True	Lydia | Joey	Joey	Lydia	False		Speaker agrees with available community-transcript mapping.	Oh, shut up	Lydia	Lydia	absent	char_tracker_stage05		unobserved			high	
13	106	207.15	208.23	You know, it's a rebuilding.	Lydia	high	community_transcript_match	1.0	dialogue	False	True	Lydia | Joey	Lydia	Joey	False		Speaker agrees with available community-transcript mapping.	Oh, shut up. You know, it's a rebuilding year. You... waah!	Lydia	Lydia	absent	char_tracker_stage05		unobserved			high	
13	107	210.77	211.49	Let me get the father.	Joey	high	community_transcript_match	1.0	dialogue	False	True	Lydia | Joey	Lydia	Joey	True	speaker_no_face	Speaker agrees with available community-transcript mapping.	Let me get the father	Joey	Joey	absent	char_tracker_stage05		absent	0.0		medium	speaker_no_face
13	108	211.49	213.57	Hey, we need a father over here.	Joey	high	community_transcript_match	1.0	dialogue	False	True	Lydia | Joey	Joey	Joey	True	speaker_no_face	Speaker agrees with available community-transcript mapping.	Wha? Wha..aa? Let me get the father. Hey, we need a father over here! We need a father!	Joey	Joey	absent	char_tracker_stage05		absent	0.0		medium	speaker_no_face
13	109	213.57	214.45	We need a father.	Joey	high	community_transcript_match	1.0	dialogue	False	True	Lydia | Joey	Joey	Lydia	False		Speaker agrees with available community-transcript mapping.	We need a father	Joey	Joey	present	char_tracker_stage05	joey	present	0.5		high	
13	110	214.53	216.01	There's no father.	Lydia	high	community_transcript_match	1.0	dialogue	False	True	Lydia | Joey	Joey	Joey	False		Speaker agrees with available community-transcript mapping.	There is no father.	Lydia	Lydia	present	char_tracker_stage05	joey	unobserved			high	
13	111	216.01	216.45	Oh.	Joey	high	community_transcript_match	1.0	reaction	False	True	Lydia | Joey	Lydia	Joey	False		Speaker agrees with available community-transcript mapping.	oh	Joey	Joey	present	char_tracker_stage05	joey	present	1.0		high	
13	112	217.01	217.49	Oh.	Joey	high	community_transcript_match	1.0	reaction	False	True	Lydia | Joey	Joey	Joey	False		Speaker agrees with available community-transcript mapping.	oh oh	Joey	Joey	present	char_tracker_stage05	joey	present	1.0		high	
13	113	217.89	218.37	Oh.	Joey	high	community_transcript_match	1.0	reaction	False	True	Lydia | Joey	Joey	Joey	False		Speaker agrees with available community-transcript mapping.	oh oh oh	Joey	Joey	present	char_tracker_stage05	joey	present	1.0		high	
13	114	218.45	218.93	Sorry.	Joey	high	community_transcript_match	1.0	dialogue	False	True	Lydia | Joey	Joey	Lydia	False		Speaker agrees with available community-transcript mapping.	Oh, oh, oh, sorry.	Joey	Joey	present	char_tracker_stage05	joey	present	1.0		high	
13	115	219.97	220.69	That's okay.	Lydia	high	community_transcript_match	1.0	dialogue	False	True	Lydia | Joey	Joey	Lydia	False		Speaker agrees with available community-transcript mapping.	Ok, that's ok	Lydia	Lydia	present	char_tracker_stage05	joey	unobserved			high	
13	116	220.85	221.57	I'm fine.	Lydia	high	community_transcript_match	1.0	dialogue	False	True	Lydia | Joey	Lydia	Lydia	False		Speaker agrees with available community-transcript mapping.	Ok, that's ok. I'm fine. I'm... oh!	Lydia	Lydia	absent	char_tracker_stage05		unobserved			high	
13	117	221.65	222.13	I'm.	Lydia	high	community_transcript_match	1.0	dialogue	False	True	Lydia | Joey	Lydia	Joey	False		Speaker agrees with available community-transcript mapping.	I'm	Lydia	Lydia	absent	char_tracker_stage05		unobserved			high	
13	118	222.13	222.69	Oh.	Joey	high	community_transcript_match	1.0	reaction	False	True	Lydia | Joey	Lydia	Joey	True	speaker_no_face	Speaker agrees with available community-transcript mapping.	Oh, uh, ok. Right this way. All the other pregnant women seem to be goin' in here.	Joey	Joey	absent	char_tracker_stage05		absent	0.0		medium	speaker_no_face
13	119	223.89	224.409	Okay.	Joey	medium	scene_context_inference	0.68	dialogue	True	False	Lydia | Joey	Joey	Joey	True	scene_end_short_utterance | speaker_no_face	Filled from previous same-scene context.				absent	char_tracker_stage05		absent			medium	speaker_no_face
13	120	224.409	224.93	All right.	Joey	medium	scene_context_inference	0.68	dialogue	True	False	Lydia | Joey	Joey	Joey	True	scene_end_short_utterance | speaker_no_face	Filled from previous same-scene context.				absent	char_tracker_stage05		absent			medium	speaker_no_face
13	121	225.01	225.89	Right this way.	Joey	medium	scene_context_inference	0.68	dialogue	True	False	Lydia | Joey	Joey	Joey	True	medium_confidence_context_fill | speaker_no_face	Filled from previous same-scene context.				absent	char_tracker_stage05		absent			medium	speaker_no_face
13	122	225.89	228.13	All the other pregnant women seem to be going in here.	Joey	medium	scene_context_inference	0.68	dialogue	True	False	Lydia | Joey	Joey		True	medium_confidence_context_fill | speaker_no_face	Filled from previous same-scene context.				absent	char_tracker_stage05		absent			medium	speaker_no_face
15	123	235.65	257.81	They're tiny and chubby and so sweet to touch soon they'll grow up and resent you so much now they're yelling at you and you don't know why you cry and you cry and you cry and you cry and you cry and you cry thanks, Ross.	Phoebe	high	community_transcript_match	1.0	dialogue	False	True	Phoebe			False		Speaker agrees with available community-transcript mapping.	(singing) They're tiny and chubby and so sweet to touch, and soon they'll grow up and resent you so much. Now they're yelling at you and you don't know why, you cry and you cry and you cry. And you cry and you cry and you cry...	Phoebe	Phoebe	present	char_tracker_stage05	phoebe	present	0.5652		high	
16	124	257.81	258.09	Yeah.	Ross	high	community_transcript_match	1.0	dialogue	False	True	Ross		Ross	False		Speaker agrees with available community-transcript mapping.	Yeah	Ross	Ross	present	char_tracker_stage05	ross	present	0.5		high	
16	125	258.09	259.05	I'm paying you to stop.	Ross	high	community_transcript_match	1.0	dialogue	False	True	Ross	Ross	Ross	False		Speaker agrees with available community-transcript mapping.	Yeah. I'm paying you to stop.	Ross	Ross	present	char_tracker_stage05	ross	present	1.0		high	
16	126	259.93	260.49	Okay.	Ross	medium	scene_context_inference	0.68	dialogue	True	False	Ross	Ross		True	scene_end_short_utterance	Filled from previous same-scene context.				present	char_tracker_stage05	ross	present			medium	
17	127	262.73	263.69	Oh, look, twins.	Phoebe	high	community_transcript_match	1.0	dialogue	False	True	Phoebe | Monica | Chandler		Phoebe	True	speaker_no_face	Speaker agrees with available community-transcript mapping.	Oh, look, twins. Hi, guys. Oh, cute, cute.	Phoebe	Phoebe	absent	char_tracker_stage05		absent	0.0		medium	speaker_no_face
17	128	264.1	264.62	Hi, guys.	Phoebe	high	community_transcript_match	1.0	dialogue	False	True	Phoebe | Monica | Chandler	Phoebe	Phoebe	True	speaker_no_face	Speaker agrees with available community-transcript mapping.	Hi, guys	Phoebe	Phoebe	absent	char_tracker_stage05		absent	0.0		medium	speaker_no_face
17	129	264.62	265.78	Oh, cute, cute.	Phoebe	high	community_transcript_match	1.0	dialogue	False	True	Phoebe | Monica | Chandler	Phoebe	Monica	True	speaker_no_face	Speaker agrees with available community-transcript mapping.	Oh, cute, cute	Phoebe	Phoebe	absent	char_tracker_stage05		absent	0.0		medium	speaker_no_face
17	130	267.86	268.58	No fair.	Monica	high	community_transcript_match	1.0	dialogue	False	True	Phoebe | Monica | Chandler	Phoebe	Monica	False		Speaker agrees with available community-transcript mapping.	No fair	Monica	Monica	present	char_tracker_stage05	monica	present	1.0		high	
17	131	269.06	270.34	I don't even have one.	Monica	high	community_transcript_match	1.0	dialogue	False	True	Phoebe | Monica | Chandler	Monica	Monica	False		Speaker agrees with available community-transcript mapping.	I don't even have one	Monica	Monica	present	char_tracker_stage05	monica	present	1.0		high	
17	132	270.34	271.62	How come they get two?	Monica	high	community_transcript_match	1.0	dialogue	False	True	Phoebe | Monica | Chandler	Monica	Chandler	False		Speaker agrees with available community-transcript mapping.	No fair. I don't even have one. How come they get two?	Monica	Monica	present	char_tracker_stage05	chandler|monica	present	1.0		high	
17	133	272.18	273.14	You'll get one.	Chandler	high	community_transcript_match	1.0	dialogue	False	True	Phoebe | Monica | Chandler	Monica	Monica	False		Speaker agrees with available community-transcript mapping.	You'll get one.	Chandler	Chandler	present	char_tracker_stage05	chandler|monica	present	1.0		high	
17	134	273.38	274.1	Oh, yeah?	Monica	high	community_transcript_match	1.0	dialogue	False	True	Phoebe | Monica | Chandler	Chandler	Monica	False		Speaker agrees with available community-transcript mapping.	Oh yeah? When?	Monica	Monica	present	char_tracker_stage05	chandler|monica	present	1.0		high	
17	135	274.34	274.74	When?	Monica	high	community_transcript_match	1.0	dialogue	False	True	Phoebe | Monica | Chandler	Monica	Chandler	False		Speaker agrees with available community-transcript mapping.	When	Monica	Monica	present	char_tracker_stage05	monica	present	1.0		high	
17	136	274.98	276.1	All right, I'll tell you What.	Chandler	high	community_transcript_match	1.0	dialogue	False	True	Phoebe | Monica | Chandler	Monica	Chandler	True	speaker_offscreen	Speaker agrees with available community-transcript mapping.	I'll tell you what	Chandler	Chandler	present	char_tracker_stage05	monica	absent	0.3333		low	speaker_offscreen
17	137	276.26	281.62	When we're 40, if neither of us are married what do you say you and I get together and have one?	Chandler	high	community_transcript_match	1.0	dialogue	False	True	Phoebe | Monica | Chandler	Chandler	Monica	False		Speaker agrees with available community-transcript mapping.	All right. I'll tell you what. When we're 40, if neither one of us are married, what do you say you and I get together and have one?	Chandler	Chandler	present	char_tracker_stage05	chandler|monica	present	1.0		high	
17	138	282.02	283.78	Why won't I be married when I'm 40?	Monica	high	community_transcript_match	1.0	dialogue	False	True	Phoebe | Monica | Chandler	Chandler	Chandler	False		Speaker agrees with available community-transcript mapping.	Why won't I be married when I'm 40?	Monica	Monica	present	char_tracker_stage05	chandler|monica	present	1.0		high	
17	139	285.06	286.18	Oh, no, no, no.	Chandler	high	community_transcript_match	1.0	dialogue	False	True	Phoebe | Monica | Chandler	Monica	Chandler	False		Speaker agrees with available community-transcript mapping.	Oh, no, no	Chandler	Chandler	present	char_tracker_stage05	chandler	present	1.0		high	
17	140	286.34	287.5	I just meant hypothetically.	Chandler	high	community_transcript_match	1.0	dialogue	False	True	Phoebe | Monica | Chandler	Chandler	Monica	False		Speaker agrees with available community-transcript mapping.	Oh, no, no. I just meant hypothetically.	Chandler	Chandler	present	char_tracker_stage05	chandler|monica	present	1.0		high	
17	141	287.5	290.1	Okay, hypothetically, why won't I be married when I'm 40?	Monica	high	community_transcript_match	1.0	dialogue	False	True	Phoebe | Monica | Chandler	Chandler	Chandler	False		Speaker agrees with available community-transcript mapping.	Ok, hypothetically, why won't I be married when I'm 40?	Monica	Monica	present	char_tracker_stage05	chandler|monica	present	1.0		high	
17	142	290.74	292.3	No, no, no, no, no.	Chandler	high	community_transcript_match	1.0	dialogue	False	True	Phoebe | Monica | Chandler	Monica	Monica	False		Speaker agrees with available community-transcript mapping.	No, no, no.	Chandler	Chandler	present	char_tracker_stage05	chandler|monica	present	0.6667		high	
17	143	292.3	292.74	What is it?	Monica	high	community_transcript_match	1.0	dialogue	False	True	Phoebe | Monica | Chandler	Chandler	Monica	False		Speaker agrees with available community-transcript mapping.	What is it	Monica	Monica	present	char_tracker_stage05	monica	present	1.0		high	
17	144	292.97	295.61	Seriously, is there something fundamentally unmarriable about me?	Monica	high	community_transcript_match	1.0	dialogue	False	True	Phoebe | Monica | Chandler	Monica	Monica	False		Speaker agrees with available community-transcript mapping.	What is it? Is there something fundamentally unmarriable about me?	Monica	Monica	present	char_tracker_stage05	monica	present	1.0		high	
17	145	297.53	297.93	Well.	Monica	high	community_transcript_match	1.0	dialogue	False	True	Phoebe | Monica | Chandler	Monica	Chandler	False		Speaker agrees with available community-transcript mapping.	Well?	Monica	Monica	present	char_tracker_stage05	chandler|monica	present	1.0		high	
17	146	299.13	301.61	Dear God, this parachute is a knapsack.	Chandler	high	community_transcript_match	1.0	dialogue	False	True	Phoebe | Monica | Chandler	Monica	Chandler	False		Speaker agrees with available community-transcript mapping.	Dear God! This parachute is a knapsack! (throws himself over the back of the chair he was sitting in)	Chandler	Chandler	present	char_tracker_stage05	chandler	present	1.0		high	
17	147	305.37	305.85	Hey.	Chandler	medium	scene_context_inference	0.68	dialogue	True	False	Phoebe | Monica | Chandler	Chandler		True	scene_end_short_utterance | speaker_no_face	Filled from previous same-scene context.				absent	char_tracker_stage05		absent			medium	speaker_no_face
18	148	306.33	306.73	Hey.	Rachel	high	community_transcript_match	1.0	dialogue	False	True	Rachel | Phoebe | Monica | Chandler		Phoebe	True	speaker_no_face	Speaker agrees with available community-transcript mapping.	Hey.	Rachel	Rachel	absent	char_tracker_stage05		absent	0.0		medium	speaker_no_face
18	149	306.73	307.81	Ooh, look at you.	Phoebe	high	community_transcript_match	1.0	dialogue	False	True	Rachel | Phoebe | Monica | Chandler	Rachel	Phoebe	True	speaker_no_face	Speaker agrees with available community-transcript mapping.	Hey. Ooh, look at you, dressy-dress.	Phoebe	Phoebe	absent	char_tracker_stage05		absent	0.0		medium	speaker_no_face
18	150	307.81	308.65	Dressy dress.	Phoebe	high	community_transcript_match	1.0	dialogue	False	True	Rachel | Phoebe | Monica | Chandler	Phoebe	Monica	True	speaker_no_face	Speaker agrees with available community-transcript mapping.	hey dressy dress	Phoebe	Phoebe	absent	char_tracker_stage05		absent	0.0		medium	speaker_no_face
18	151	309.37	310.65	Did you go home and change?	Monica	high	community_transcript_match	1.0	dialogue	False	True	Rachel | Phoebe | Monica | Chandler	Phoebe	Rachel	False		Speaker agrees with available community-transcript mapping.	Did you go home and change?	Monica	Monica	present	char_tracker_stage05	monica	present	1.0		high	
18	152	311.29	312.73	Oh, well, it's an important day.	Rachel	high	community_transcript_match	1.0	dialogue	False	True	Rachel | Phoebe | Monica | Chandler	Monica	Rachel	False		Speaker agrees with available community-transcript mapping.	Yeah, well, it's an important day. I wanna look nice. Um, has uh Dr. Franzblau been by?	Rachel	Rachel	present	char_tracker_stage05	monica|phoebe|rachel	present	1.0		high	
18	153	312.73	313.77	I want to look nice.	Rachel	high	community_transcript_match	1.0	dialogue	False	True	Rachel | Phoebe | Monica | Chandler	Rachel	Rachel	False		Speaker agrees with available community-transcript mapping.	I wanna look nice	Rachel	Rachel	present	char_tracker_stage05	phoebe|rachel	present	1.0		high	
18	154	315.29	317.29	Has Dr. Franzblau been following?	Rachel	medium	visual_disambiguation	0.74	dialogue	True	False	Rachel | Phoebe | Monica | Chandler	Rachel	Monica	False		Only one of the two text-context candidates was visually present in the window.				present	char_tracker_stage05	phoebe|rachel	present			medium	
18	155	318.97	320.17	No, I haven't seen him.	Monica	high	community_transcript_match	1.0	dialogue	False	True	Rachel | Phoebe | Monica | Chandler	Rachel	Rachel	True	speaker_offscreen	Speaker agrees with available community-transcript mapping.	No, I haven't seen him.	Monica	Monica	present	char_tracker_stage05	chandler	absent	0.0		low	speaker_offscreen
18	156	320.51	321.07	Well, where is he?	Rachel	high	community_transcript_match	1.0	dialogue	False	True	Rachel | Phoebe | Monica | Chandler	Monica	Rachel	True	speaker_offscreen	Speaker agrees with available community-transcript mapping.	Well, where is he	Rachel	Rachel	present	char_tracker_stage05	chandler|phoebe	absent	0.0		low	speaker_offscreen
18	157	321.07	322.27	He is supposed to be here.	Rachel	high	community_transcript_match	1.0	dialogue	False	True	Rachel | Phoebe | Monica | Chandler	Rachel	Rachel	True	speaker_offscreen	Speaker agrees with available community-transcript mapping.	He is supposed to be here	Rachel	Rachel	present	char_tracker_stage05	phoebe	absent	0.0		low	speaker_offscreen
18	158	325.39	326.75	What if the baby needs him?	Rachel	high	community_transcript_match	1.0	dialogue	False	True	Rachel | Phoebe | Monica | Chandler	Rachel	Chandler	False		Speaker agrees with available community-transcript mapping.	Well, where is he? He is supposed to be here. (Pause) What if the baby needs him?	Rachel	Rachel	present	char_tracker_stage05	phoebe|rachel	present	1.0		high	
18	159	327.55	329.87	Rachel, what is the deal with you and doctors anyway?	Chandler	high	community_transcript_match	1.0	dialogue	False	True	Rachel | Phoebe | Monica | Chandler	Rachel	Chandler	False		Speaker agrees with available community-transcript mapping.	Rachel, what is the deal with you and doctors, anyway? Was, like, your father a doctor?	Chandler	Chandler	present	char_tracker_stage05	chandler	present	0.6667		high	
18	160	329.87	331.71	Is, like, your father a doctor?	Chandler	high	community_transcript_match	1.0	dialogue	False	True	Rachel | Phoebe | Monica | Chandler	Chandler	Rachel	False		Speaker agrees with available community-transcript mapping.	Was, like, your father a doctor	Chandler	Chandler	present	char_tracker_stage05	chandler	present	1.0		high	
18	161	332.11	332.91	Yeah, why?	Rachel	high	community_transcript_match	1.0	dialogue	False	True	Rachel | Phoebe | Monica | Chandler	Chandler	Chandler	False		Speaker agrees with available community-transcript mapping.	Yeah, why?	Rachel	Rachel	present	char_tracker_stage05	rachel	present	1.0		high	
18	162	334.75	335.31	No reason.	Chandler	high	community_transcript_match	1.0	dialogue	False	True	Rachel | Phoebe | Monica | Chandler	Rachel		True	speaker_offscreen	Speaker agrees with available community-transcript mapping.	No reason. (turns around, makes an 'Oh my God' gesture with his eyes)	Chandler	Chandler	present	char_tracker_stage05	rachel	absent	0.0		low	speaker_offscreen
19	163	338.03	339.71	Mom, we've been through this.	Lydia	high	community_transcript_match	1.0	dialogue	False	True	Lydia | Joey		Lydia	False		Speaker agrees with available community-transcript mapping.	Mom, we've been through this	Lydia	Lydia	present	char_tracker_stage05	joey	unobserved			high	
19	164	340.75	342.59	No, I am not calling him.	Lydia	high	community_transcript_match	1.0	dialogue	False	True	Lydia | Joey	Lydia	Lydia	False		Speaker agrees with available community-transcript mapping.	No, I'm not calling him	Lydia	Lydia	present	char_tracker_stage05	joey	unobserved			high	
19	165	343.15	344.63	I don't care if it is his kid.	Lydia	high	community_transcript_match	1.0	dialogue	False	True	Lydia | Joey	Lydia	Joey	False		Speaker agrees with available community-transcript mapping.	Mom, we've been through this. No, I'm not calling him. I don't care if it is his kid, the guy's a jerk. No, I'm not alone. Joey's here. (pause) What do you mean, Joey who? (covers the phone, to Joey) Joey who?	Lydia	Lydia	present	char_tracker_stage05	joey	unobserved			high	
19	166	344.63	345.63	The guy's a jerk.	Joey	medium	visual_disambiguation	0.74	dialogue	True	False	Lydia | Joey	Lydia	Joey	False		Only one of the two text-context candidates was visually present in the window.				present	char_tracker_stage05	joey	present			medium	
19	167	346.84	348.24	No, I am not alone.	Joey	high	scene_context_bridge	0.88	dialogue	True	False	Lydia | Joey	Joey	Joey	False		Same speaker appears on both sides within the same scene.				present	char_tracker_stage05	joey	present			high	
19	168	348.24	349.16	Joey's here.	Joey	high	scene_context_bridge	0.88	dialogue	True	False	Lydia | Joey	Joey	Joey	False		Same speaker appears on both sides within the same scene.				present	char_tracker_stage05	joey	present			high	
19	169	351.24	351.96	What do you mean?	Joey	high	scene_context_bridge	0.88	dialogue	True	False	Lydia | Joey	Joey	Joey	False		Same speaker appears on both sides within the same scene.				present	char_tracker_stage05	joey	present			high	
19	170	351.96	352.76	Joey who?	Joey	high	scene_context_bridge	0.88	dialogue	True	False	Lydia | Joey	Joey	Joey	False		Same speaker appears on both sides within the same scene.				present	char_tracker_stage05	joey	present			high	
19	171	354.6	355.52	Tribbiani.	Joey	high	community_transcript_match	1.0	dialogue	False	True	Lydia | Joey	Joey	Lydia	False		Speaker agrees with available community-transcript mapping.	Tribbiani.	Joey	Joey	present	char_tracker_stage05	joey	present	1.0		high	
19	172	355.52	357.0	Joey Tribbiani?	Lydia	high	community_transcript_match	1.0	dialogue	False	True	Lydia | Joey	Joey	Lydia	False		Speaker agrees with available community-transcript mapping.	Joey Tribbiani	Lydia	Lydia	present	char_tracker_stage05	joey	unobserved			high	
19	173	358.68	359.24	Yes.	Lydia	high	community_transcript_match	1.0	dialogue	False	True	Lydia | Joey	Lydia	Lydia	False		Speaker agrees with available community-transcript mapping.	Yes, ok	Lydia	Lydia	absent	char_tracker_stage05		unobserved			high	
19	174	360.12	362.04	Okay, hold on.	Lydia	high	community_transcript_match	1.0	dialogue	False	True	Lydia | Joey	Lydia	Lydia	False		Speaker agrees with available community-transcript mapping.	Hold on	Lydia	Lydia	absent	char_tracker_stage05		unobserved			high	
19	175	362.84	363.96	She wants to talk to you.	Lydia	high	community_transcript_match	1.0	dialogue	False	True	Lydia | Joey	Lydia	Joey	False		Speaker agrees with available community-transcript mapping.	Joey Tribbiani. Yes, ok. Hold on. (to Joey) She wants to talk to you. Take the phone.	Lydia	Lydia	present	char_tracker_stage05	joey	unobserved			high	
19	176	367.56	368.04	Hi.	Joey	medium	visual_disambiguation	0.74	dialogue	True	False	Lydia | Joey	Lydia	Joey	False		Only one of the two text-context candidates was visually present in the window.				present	char_tracker_stage05	joey	present			medium	
19	177	368.36	369.32	Yeah, it's me.	Joey	high	scene_context_bridge	0.88	dialogue	True	False	Lydia | Joey	Joey	Joey	False		Same speaker appears on both sides within the same scene.				present	char_tracker_stage05	joey	present			high	
19	178	371.4	372.4	Oh, no, no, no, no.	Joey	high	community_transcript_match	1.0	dialogue	False	True	Lydia | Joey	Joey	Joey	False		Speaker agrees with available community-transcript mapping.	oh no no no	Joey	Joey	present	char_tracker_stage05	joey	present	1.0		high	
19	179	372.4	373.16	We're just friends.	Joey	high	community_transcript_match	1.0	dialogue	False	True	Lydia | Joey	Joey	Joey	False		Speaker agrees with available community-transcript mapping.	Oh, no no no, we're just friends	Joey	Joey	present	char_tracker_stage05	joey	present	1.0		high	
19	180	374.63	379.59	Yeah, I'm single, 25, an actor.	Joey	high	community_transcript_match	1.0	dialogue	False	True	Lydia | Joey	Joey	Joey	False		Speaker agrees with available community-transcript mapping.	(takes phone) Hi, yeah, it's me. (Listens) Oh, no no no, we're just friends. (Listens) Yeah, I'm single. (Listens) 25. (Listens) An actor. (Listens) Hello?	Joey	Joey	present	char_tracker_stage05	joey	present	1.0		high	
19	181	380.23	380.71	Hello.	Joey	medium	visual_disambiguation	0.74	dialogue	True	False	Lydia | Joey	Joey	Lydia	False		Only one of the two text-context candidates was visually present in the window.				present	char_tracker_stage05	joey	present			medium	
19	182	386.63	388.23	She's not much of a phone person.	Lydia	high	community_transcript_match	1.0	dialogue	False	True	Lydia | Joey	Joey	Joey	False		Speaker agrees with available community-transcript mapping.	She's not much of a phone person.	Lydia	Lydia	present	char_tracker_stage05	joey	unobserved			high	
19	183	388.39	389.99	Yeah, so.	Joey	high	community_transcript_match	1.0	dialogue	False	True	Lydia | Joey	Lydia	Joey	False		Speaker agrees with available community-transcript mapping.	yeah so uh	Joey	Joey	present	char_tracker_stage05	joey	present	1.0		high	
19	184	390.55	393.31	So what's the deal with this father guy?	Joey	high	community_transcript_match	1.0	dialogue	False	True	Lydia | Joey	Joey	Joey	False		Speaker agrees with available community-transcript mapping.	yeah so uh so uh what's the deal with this father guy	Joey	Joey	present	char_tracker_stage05	joey	present	1.0		high	
19	185	393.31	397.11	I mean, if someone was having my baby somewhere, I'd want to know about it, you know?	Joey	high	community_transcript_match	1.0	dialogue	False	True	Lydia | Joey	Joey	Joey	False		Speaker agrees with available community-transcript mapping.	Yeah, so, uh, so, uh, what's the deal with this father guy, I mean, if someone was havin' my baby somewhere, I'd wanna know about it, you know?	Joey	Joey	present	char_tracker_stage05	joey	present	1.0		high	
19	186	397.27	397.99	Hey, Nick.	Joey	medium	visual_disambiguation	0.74	dialogue	True	False	Lydia | Joey	Joey	Joey	False		Only one of the two text-context candidates was visually present in the window.				present	char_tracker_stage05	joey	present			medium	
19	187	397.99	398.39	Finn.	Joey	medium	visual_disambiguation	0.74	dialogue	True	False	Lydia | Joey	Joey	Lydia	False		Only one of the two text-context candidates was visually present in the window.				present	char_tracker_stage05	joey	present			medium	
19	188	398.39	400.63	Am I interested in your views on fatherhood?	Lydia	high	community_transcript_match	1.0	dialogue	False	True	Lydia | Joey	Joey	Lydia	False		Speaker agrees with available community-transcript mapping.	Hey, Knick fan, am I interested in your views on fatherhood? Uh, no.	Lydia	Lydia	absent	char_tracker_stage05		unobserved			high	
19	189	400.63	401.35	Uh, no.	Lydia	high	community_transcript_match	1.0	dialogue	False	True	Lydia | Joey	Lydia	Joey	False		Speaker agrees with available community-transcript mapping.	Uh, no	Lydia	Lydia	present	char_tracker_stage05	joey	unobserved			high	
19	190	403.91	406.69	Ok, look, maybe I should just go.	Joey	high	community_transcript_match	1.0	dialogue	False	True	Lydia | Joey	Lydia	Lydia	False		Speaker agrees with available community-transcript mapping.	Ok, look, maybe I should just go.	Joey	Joey	present	char_tracker_stage05	joey	present	1.0		high	
19	191	406.77	407.57	Maybe you should.	Lydia	high	community_transcript_match	1.0	dialogue	False	True	Lydia | Joey	Joey	Joey	False		Speaker agrees with available community-transcript mapping.	Maybe you should.	Lydia	Lydia	present	char_tracker_stage05	joey	unobserved			high	
19	192	408.37	409.09	Good luck.	Joey	high	community_transcript_match	1.0	dialogue	False	True	Lydia | Joey	Lydia	Joey	False		Speaker agrees with available community-transcript mapping.	good luck	Joey	Joey	present	char_tracker_stage05	joey	present	1.0		high	
19	193	409.57	412.13	And take care, huh?	Joey	high	community_transcript_match	1.0	dialogue	False	True	Lydia | Joey	Joey		False		Speaker agrees with available community-transcript mapping.	Good luck, and uh, take care, huh?	Joey	Joey	present	char_tracker_stage05	joey	present	1.0		high	
20	194	419.57	421.17	You know what the Celtics problem is?	Joey	high	community_transcript_match	1.0	dialogue	False	True	Joey | Lydia		Joey	False		Speaker agrees with available community-transcript mapping.	You know what the Celtics problem is? They let the players run the team.	Joey	Joey	present	char_tracker_stage05	joey	present	1.0		high	
20	195	421.41	422.85	They let the players run the team.	Joey	high	community_transcript_match	1.0	dialogue	False	True	Joey | Lydia	Joey	Lydia	False		Speaker agrees with available community-transcript mapping.	They let the players run the team	Joey	Joey	present	char_tracker_stage05	joey	present	1.0		high	
20	196	422.85	424.13	Oh, that is so not true.	Lydia	high	community_transcript_match	1.0	dialogue	False	True	Joey | Lydia	Joey	Joey	False		Speaker agrees with available community-transcript mapping.	Oh, that is so not true.	Lydia	Lydia	present	char_tracker_stage05	joey	unobserved			high	
20	197	424.13	424.73	Oh, it is.	Joey	high	community_transcript_match	1.0	dialogue	False	True	Joey | Lydia	Lydia	Lydia	False		Speaker agrees with available community-transcript mapping.	Oh, it is.	Joey	Joey	present	char_tracker_stage05	joey	present	1.0		high	
20	198	424.73	425.33	It isn't.	Lydia	high	community_transcript_match	1.0	dialogue	False	True	Joey | Lydia	Joey	Joey	False		Speaker agrees with available community-transcript mapping.	It isn't.	Lydia	Lydia	present	char_tracker_stage05	joey	unobserved			high	
20	199	425.33	425.65	It is.	Joey	high	community_transcript_match	1.0	dialogue	False	True	Joey | Lydia	Lydia	Lydia	False		Speaker agrees with available community-transcript mapping.	It is.	Joey	Joey	present	char_tracker_stage05	joey	present	1.0		high	
20	200	425.65	426.21	It isn't.	Lydia	high	community_transcript_match	1.0	dialogue	False	True	Joey | Lydia	Joey		False		Speaker agrees with available community-transcript mapping.	Isn't!	Lydia	Lydia	present	char_tracker_stage05	joey|ross	unobserved			high	
21	201	426.21	429.05	Breathe, breathe, breathe, breathe, breathe, breathe, breathe.	Carol	medium	scene_context_inference	0.68	dialogue	True	False	Carol | Ross | Susan		Carol	True	medium_confidence_context_fill	Filled from next same-scene context.				present	char_tracker_stage05	ross	unobserved			medium	
21	202	429.05	430.05	They're gonna kill me.	Carol	high	community_transcript_match	1.0	dialogue	False	True	Carol | Ross | Susan	Carol	Ross	False		Speaker agrees with available community-transcript mapping.	You're gonna kill me!	Carol	Carol	present	char_tracker_stage05	ross	unobserved			high	
21	203	431.01	432.05	15 more seconds.	Ross	high	community_transcript_match	1.0	dialogue	False	True	Carol | Ross | Susan	Carol	Ross	False		Speaker agrees with available community-transcript mapping.	15 more seconds, 14, 13, 12...	Ross	Ross	present	char_tracker_stage05	ross	present	1.0		high	
21	204	432.43	434.03	14, 13, 12.	Ross	high	community_transcript_match	1.0	dialogue	False	True	Carol | Ross | Susan	Ross	Carol	False		Speaker agrees with available community-transcript mapping.	14 13 12	Ross	Ross	present	char_tracker_stage05	ross	present	1.0		high	
21	205	434.11	434.67	Count down.	Carol	high	community_transcript_match	1.0	dialogue	False	True	Carol | Ross | Susan	Ross	Susan	False		Speaker agrees with available community-transcript mapping.	Count faster.	Carol	Carol	present	char_tracker_stage05	ross	unobserved			high	
21	206	434.67	435.07	Sir.	Susan	medium	short_turn_alternation	0.7	dialogue	True	False	Carol | Ross | Susan	Carol	Susan	True	short_utterance_between_two_speakers	Short utterance inferred from local turn alternation.				present	char_tracker_stage05	ross	unobserved			medium	
21	207	435.07	435.83	It's gonna be okay.	Susan	high	community_transcript_match	1.0	dialogue	False	True	Carol | Ross | Susan	Susan	Susan	False		Speaker agrees with available community-transcript mapping.	it's gonna be ok this for jordie	Susan	Susan	present	char_tracker_stage05	ross	unobserved			high	
21	208	435.83	437.11	Just remember, we're doing it for Jordy.	Susan	high	community_transcript_match	1.0	dialogue	False	True	Carol | Ross | Susan	Susan	Susan	False		Speaker agrees with available community-transcript mapping.	It's gonna be ok, just remember, we're doing this for Jordie	Susan	Susan	partial	char_tracker_stage05		unobserved			high	
21	209	437.11	438.27	Just keep focusing on Jordy.	Susan	high	community_transcript_match	1.0	dialogue	False	True	Carol | Ross | Susan	Susan	Susan	False		Speaker agrees with available community-transcript mapping.	Just keep focusing on Jordie	Susan	Susan	absent	char_tracker_stage05		unobserved			high	
21	210	438.27	439.35	He'll be here before you know it.	Susan	high	community_transcript_match	1.0	dialogue	False	True	Carol | Ross | Susan	Susan	Ross	False		Speaker agrees with available community-transcript mapping.	It's gonna be ok, just remember, we're doing this for Jordie. Just keep focusing on Jordie.  He’ll be here before you know it.	Susan	Susan	present	char_tracker_stage05	ross	unobserved			high	
21	211	439.35	442.11	4, 3, 2. Who the hell is Jordy?	Ross	high	community_transcript_match	1.0	dialogue	False	True	Carol | Ross | Susan	Susan	Susan	False		Speaker agrees with available community-transcript mapping.	4-3-2-…Who the hell is Jordie?	Ross	Ross	present	char_tracker_stage05	ross	present	1.0		high	
21	212	443.07	443.79	Your son.	Susan	high	community_transcript_match	1.0	dialogue	False	True	Carol | Ross | Susan	Ross	Ross	False		Speaker agrees with available community-transcript mapping.	Your son.	Susan	Susan	present	char_tracker_stage05	ross	unobserved			high	
21	213	443.79	444.51	Whoa, whoa, whoa.	Ross	medium	visual_disambiguation	0.74	dialogue	True	False	Carol | Ross | Susan	Susan	Ross	False		Only one of the two text-context candidates was visually present in the window.				present	char_tracker_stage05	ross	present			medium	
21	214	444.51	445.87	I don't have a son named Jordie.	Ross	high	community_transcript_match	1.0	dialogue	False	True	Carol | Ross | Susan	Ross	Ross	False		Speaker agrees with available community-transcript mapping.	No-no-no. I don't have a son named Jordie. We all agreed, my son's name is Jamie.	Ross	Ross	present	char_tracker_stage05	ross	present	1.0		high	
21	215	445.87	446.67	We all agreed.	Ross	high	community_transcript_match	1.0	dialogue	False	True	Carol | Ross | Susan	Ross	Ross	False		Speaker agrees with available community-transcript mapping.	We all agreed, my son's name is Jamie	Ross	Ross	present	char_tracker_stage05	ross	present	1.0		high	
21	216	446.67	448.189	My son's name is Jamie.	Ross	high	community_transcript_match	1.0	dialogue	False	True	Carol | Ross | Susan	Ross	Carol	False		Speaker agrees with available community-transcript mapping.	my son's name is jamie	Ross	Ross	present	char_tracker_stage05	ross	present	1.0		high	
21	217	448.189	452.75	Well, Jamie was the name of Susan's first girlfriend, so we went back to Jordan.	Carol	high	community_transcript_match	1.0	dialogue	False	True	Carol | Ross | Susan	Ross	Ross	False		Speaker agrees with available community-transcript mapping.	Well, Jamie was the name of Susan's first girlfriend, so we went back to Jordie.	Carol	Carol	partial	char_tracker_stage05		unobserved			high	
21	218	454.03	454.83	Whoa, whoa, whoa, whoa.	Ross	high	community_transcript_match	1.0	dialogue	False	True	Carol | Ross | Susan	Carol	Ross	False		Speaker agrees with available community-transcript mapping.	whoa whoa whoa whoa jordie	Ross	Ross	present	char_tracker_stage05	ross	present	1.0		high	
21	219	454.83	456.15	What do you mean, back to Jordan?	Ross	high	community_transcript_match	1.0	dialogue	False	True	Carol | Ross | Susan	Ross	Ross	False		Speaker agrees with available community-transcript mapping.	Whoa, whoa whoa whoa, what do you mean, back to Jordie	Ross	Ross	present	char_tracker_stage05	ross	present	1.0		high	
21	220	456.15	457.79	We never landed on Jordan.	Ross	high	community_transcript_match	1.0	dialogue	False	True	Carol | Ross | Susan	Ross	Ross	False		Speaker agrees with available community-transcript mapping.	We never landed on Jordie	Ross	Ross	present	char_tracker_stage05	ross	present	1.0		high	
21	221	458.27	462.92	We just passed by it during the whole Jesse Cody Dylan fiasco.	Ross	high	community_transcript_match	1.0	dialogue	False	True	Carol | Ross | Susan	Ross	Carol	False		Speaker agrees with available community-transcript mapping.	What? Whoa, whoa whoa whoa, what do you mean, back to Jordie? We never landed on Jordie. We just passed by it during the whole Jessy, Cody, Dylan fiasco.	Ross	Ross	present	char_tracker_stage05	ross	present	1.0		high	
21	222	463.48	465.24	Ow, ow, ow, ow, ow, ow.	Carol	high	community_transcript_match	1.0	dialogue	False	True	Carol | Ross | Susan	Ross	Carol	False		Speaker agrees with available community-transcript mapping.	Ow, ow, ow, ow, leg cramp, leg cramp, leg cramp.	Carol	Carol	present	char_tracker_stage05	ross	unobserved			high	
21	223	465.24	466.08	Light crab leg cramp.	Carol	high	community_transcript_match	1.0	dialogue	False	True	Carol | Ross | Susan	Carol	Susan	False		Speaker agrees with available community-transcript mapping.	leg cramp leg cramp leg cramp	Carol	Carol	present	char_tracker_stage05	ross	unobserved			high	
21	224	466.08	466.56	Like crab.	Susan	medium	short_turn_alternation	0.7	dialogue	True	False	Carol | Ross | Susan	Carol	Susan	True	short_utterance_between_two_speakers	Short utterance inferred from local turn alternation.				present	char_tracker_stage05	ross	unobserved			medium	
21	225	466.56	467.88	I got it, I got it, I got it.	Susan	high	community_transcript_match	1.0	dialogue	False	True	Carol | Ross | Susan	Susan	Ross	False		Speaker agrees with available community-transcript mapping.	I got it.	Susan	Susan	present	char_tracker_stage05	ross	unobserved			high	
21	226	468.04	469.68	Hey, you have to sleep with her.	Ross	high	community_transcript_match	1.0	dialogue	False	True	Carol | Ross | Susan	Susan	Ross	False		Speaker agrees with available community-transcript mapping.	I got it! Hey, you get to sleep with her, I get the cramps.	Ross	Ross	present	char_tracker_stage05	ross	present	1.0		high	
21	227	469.68	470.52	I get the cramps.	Ross	high	community_transcript_match	1.0	dialogue	False	True	Carol | Ross | Susan	Ross	Susan	False		Speaker agrees with available community-transcript mapping.	i got it i get the cramps	Ross	Ross	present	char_tracker_stage05	ross	present	1.0		high	
21	228	470.52	472.2	Oh, no, you don't.	Susan	high	community_transcript_match	1.0	dialogue	False	True	Carol | Ross | Susan	Ross	Carol	False		Speaker agrees with available community-transcript mapping.	No, you don't.	Susan	Susan	partial	char_tracker_stage05		unobserved			high	
21	229	472.52	473.44	All right, that is it.	Carol	high	community_transcript_match	1.0	dialogue	False	True	Carol | Ross | Susan	Susan	Carol	False		Speaker agrees with available community-transcript mapping.	All right, that's it	Carol	Carol	absent	char_tracker_stage05		unobserved			high	
21	230	473.44	474.44	I want both of you out.	Carol	high	community_transcript_match	1.0	dialogue	False	True	Carol | Ross | Susan	Carol	Ross	False		Speaker agrees with available community-transcript mapping.	All right, that's it. I want both of you out.	Carol	Carol	absent	char_tracker_stage05		unobserved			high	
21	231	474.44	474.8	What?	Ross	medium	short_turn_alternation	0.7	dialogue	True	False	Carol | Ross | Susan	Carol	Ross	True	short_utterance_between_two_speakers | speaker_no_face	Short utterance inferred from local turn alternation.				absent	char_tracker_stage05		absent			medium	speaker_no_face
21	232	474.8	475.4	Just stop.	Ross	high	scene_context_bridge	0.88	dialogue	True	False	Carol | Ross | Susan	Ross	Ross	True	speaker_no_face	Same speaker appears on both sides within the same scene.				absent	char_tracker_stage05		absent			medium	speaker_no_face
21	233	475.4	476.2	No, you start.	Ross	high	community_transcript_match	1.0	dialogue	False	True	Carol | Ross | Susan	Ross	Carol	True	speaker_no_face	Speaker agrees with available community-transcript mapping.	No, you started it.	Ross	Ross	absent	char_tracker_stage05		absent	0.0		medium	speaker_no_face
21	234	476.68	477.48	I don't care.	Carol	high	community_transcript_match	1.0	dialogue	False	True	Carol | Ross | Susan	Ross	Carol	False		Speaker agrees with available community-transcript mapping.	I don't care	Carol	Carol	present	char_tracker_stage05	ross	unobserved			high	
21	235	477.48	481.48	I'm trying to get a person out of my body here, and you're not making it any easier.	Carol	high	community_transcript_match	1.0	dialogue	False	True	Carol | Ross | Susan	Carol	Carol	False		Speaker agrees with available community-transcript mapping.	I don't care. I am trying to get a person out of my body here, and you're not making it any easier.	Carol	Carol	present	char_tracker_stage05	ross	unobserved			high	
21	236	481.8	482.44	Now go.	Carol	high	community_transcript_match	1.0	dialogue	False	True	Carol | Ross | Susan	Carol	Ross	False		Speaker agrees with available community-transcript mapping.	Now go!	Carol	Carol	present	char_tracker_stage05	ross	unobserved			high	
21	237	486.04	486.76	Thanks a lot.	Ross	high	community_transcript_match	1.0	dialogue	False	True	Carol | Ross | Susan	Carol	Susan	True	speaker_no_face	Speaker agrees with available community-transcript mapping.	(to Susan) Thanks a lot.	Ross	Ross	absent	char_tracker_stage05		absent	0.0		medium	speaker_no_face
21	238	486.76	487.68	See what you did?	Susan	high	community_transcript_match	1.0	dialogue	False	True	Carol | Ross | Susan	Ross	Ross	False		Speaker agrees with available community-transcript mapping.	(to Ross) See what you did.	Susan	Susan	absent	char_tracker_stage05		unobserved			high	
21	239	487.68	488.12	Yeah.	Ross	high	community_transcript_match	1.0	dialogue	False	True	Carol | Ross | Susan	Susan	Ross	True	speaker_no_face	Speaker agrees with available community-transcript mapping.	yeah	Ross	Ross	absent	char_tracker_stage05		absent	0.0		medium	speaker_no_face
21	240	488.12	488.64	Listen.	Ross	high	community_transcript_match	1.0	dialogue	False	True	Carol | Ross | Susan	Ross	Ross	True	speaker_no_face	Speaker agrees with available community-transcript mapping.	(to Carol) Yeah, listen...	Ross	Ross	absent	char_tracker_stage05		absent	0.0		medium	speaker_no_face
21	241	488.64	489.16	Ouch.	Ross	medium	scene_context_inference	0.68	dialogue	True	False	Carol | Ross | Susan	Ross		True	scene_end_short_utterance | speaker_no_face	Filled from previous same-scene context.				absent	char_tracker_stage05		absent			medium	speaker_no_face
23	242	492.28	496.05	Breathe, breathe, breathe.	Nurse	high	community_transcript_match	1.0	dialogue	False	True	Nurse | Lydia		Lydia	False		Speaker agrees with available community-transcript mapping.	Breathe, breathe, breathe...	Nurse	Nurse	present	char_tracker_stage05	joey	unobserved			high	
23	243	496.77	497.49	Oh, no.	Lydia	high	community_transcript_match	1.0	dialogue	False	True	Nurse | Lydia	Nurse		False		Speaker agrees with available community-transcript mapping.	Oh, no.	Lydia	Lydia	present	char_tracker_stage05	joey	unobserved			high	
24	244	501.09	501.89	What is that?	Joey	high	community_transcript_match	1.0	dialogue	False	True	Joey | Nurse		Joey	False		Speaker agrees with available community-transcript mapping.	What is that	Joey	Joey	present	char_tracker_stage05	joey	present	1.0		high	
24	245	502.45	503.73	Something exploded.	Joey	high	community_transcript_match	1.0	dialogue	False	True	Joey | Nurse	Joey	Joey	False		Speaker agrees with available community-transcript mapping.	Something exploded	Joey	Joey	present	char_tracker_stage05	joey	present	1.0		high	
24	246	505.49	506.77	That's not the baby, is it?	Joey	high	community_transcript_match	1.0	dialogue	False	True	Joey | Nurse	Joey	Nurse	False		Speaker agrees with available community-transcript mapping.	Ew! What is that? Something exploded! That’s not the baby is it?	Joey	Joey	present	char_tracker_stage05	joey	present	1.0		high	
24	247	506.85	508.33	It's just a water breaking.	Nurse	high	community_transcript_match	1.0	dialogue	False	True	Joey | Nurse	Joey	Nurse	False		Speaker agrees with available community-transcript mapping.	It's just her water breaking	Nurse	Nurse	partial	char_tracker_stage05		unobserved			high	
24	248	508.33	509.249	Calm down, will you?	Nurse	high	community_transcript_match	1.0	dialogue	False	True	Joey | Nurse	Nurse	Joey	False		Speaker agrees with available community-transcript mapping.	It's just her water breaking. Calm down, will you?	Nurse	Nurse	present	char_tracker_stage05	joey	unobserved			high	
24	249	509.33	510.25	Water breaking?	Joey	high	community_transcript_match	1.0	dialogue	False	True	Joey | Nurse	Nurse	Joey	False		Speaker agrees with available community-transcript mapping.	water breaking what's that water breaking	Joey	Joey	present	char_tracker_stage05	joey	present	1.0		high	
24	250	510.25	510.85	What do you mean?	Joey	high	community_transcript_match	1.0	dialogue	False	True	Joey | Nurse	Joey	Joey	False		Speaker agrees with available community-transcript mapping.	(panicked) Water breaking, what do you mean? What's that, water breaking?	Joey	Joey	present	char_tracker_stage05	joey	present	1.0		high	
24	251	510.93	511.57	What's that?	Joey	high	community_transcript_match	1.0	dialogue	False	True	Joey | Nurse	Joey	Joey	False		Speaker agrees with available community-transcript mapping.	What's that, water breaking	Joey	Joey	present	char_tracker_stage05	joey	present	1.0		high	
24	252	511.57	512.53	Water breaking?	Joey	high	community_transcript_match	1.0	dialogue	False	True	Joey | Nurse	Joey	Nurse	False		Speaker agrees with available community-transcript mapping.	water breaking	Joey	Joey	present	char_tracker_stage05	joey	present	1.0		high	
24	253	512.53	514.21	Breathe, breathe.	Nurse	high	community_transcript_match	1.0	dialogue	False	True	Joey | Nurse	Joey	Joey	False		Speaker agrees with available community-transcript mapping.	(to Joey) Breathe, breathe, breathe.	Nurse	Nurse	present	char_tracker_stage05	joey	unobserved			high	
24	254	516.69	517.49	I'm okay.	Joey	medium	visual_disambiguation	0.74	dialogue	True	False	Joey | Nurse	Nurse	Joey	False		Only one of the two text-context candidates was visually present in the window.				present	char_tracker_stage05	joey	present			medium	
24	255	517.65	518.37	I'm okay.	Joey	high	scene_context_bridge	0.88	dialogue	True	False	Joey | Nurse	Joey	Joey	False		Same speaker appears on both sides within the same scene.				present	char_tracker_stage05	joey	present			high	
24	256	518.699	519.499	That's disgusting.	Joey	high	community_transcript_match	1.0	dialogue	False	True	Joey | Nurse	Joey		False		Speaker agrees with available community-transcript mapping.	Ok (breathes) I’m ok (breathes), that’s disgusting. (breathes) I’m ok.	Joey	Joey	present	char_tracker_stage05	joey	present	1.0		high	
25	257	522.459	523.179	Oh, please.	Ross	high	community_transcript_match	1.0	dialogue	False	True	Ross | Susan		Ross	False		Speaker agrees with available community-transcript mapping.	Please	Ross	Ross	present	char_tracker_stage05	joey|ross	present	0.5		high	
25	258	523.179	524.619	This is so your fault.	Ross	high	community_transcript_match	1.0	dialogue	False	True	Ross | Susan	Ross	Susan	False		Speaker agrees with available community-transcript mapping.	Please. This is so your fault.	Ross	Ross	present	char_tracker_stage05	ross	present	1.0		high	
25	259	524.619	524.979	How?	Susan	high	community_transcript_match	1.0	dialogue	False	True	Ross | Susan	Ross	Susan	False		Speaker agrees with available community-transcript mapping.	how	Susan	Susan	present	char_tracker_stage05	ross	unobserved			high	
25	260	524.979	526.019	How is this my fault?	Susan	high	community_transcript_match	1.0	dialogue	False	True	Ross | Susan	Susan	Ross	False		Speaker agrees with available community-transcript mapping.	How, how is this my fault?	Susan	Susan	present	char_tracker_stage05	ross	unobserved			high	
25	261	526.019	528.619	Look, Carol never threw me out of a room before you came along.	Ross	high	community_transcript_match	1.0	dialogue	False	True	Ross | Susan	Susan	Susan	False		Speaker agrees with available community-transcript mapping.	Look, Carol never threw me out of a room before you came along.	Ross	Ross	present	char_tracker_stage05	ross	present	1.0		high	
25	262	528.779	531.979	Yeah, well, there's a lot of things Carol never did before I came along.	Susan	high	community_transcript_match	1.0	dialogue	False	True	Ross | Susan	Ross	Ross	False		Speaker agrees with available community-transcript mapping.	Yeah? Well, there's a lot of things Carol never did before I came along.	Susan	Susan	partial	char_tracker_stage05		unobserved			high	
25	263	533.659	534.579	You try to be clever.	Ross	high	community_transcript_match	1.0	dialogue	False	True	Ross | Susan	Susan	Ross	False		Speaker agrees with available community-transcript mapping.	You tryin' to be clever? A funny lady?	Ross	Ross	present	char_tracker_stage05	ross	present	1.0		high	
25	264	534.579	534.939	Plenty.	Ross	medium	visual_disambiguation	0.74	dialogue	True	False	Ross | Susan	Ross	Susan	False		Only one of the two text-context candidates was visually present in the window.				present	char_tracker_stage05	ross	present			medium	
25	265	534.939	535.979	No, you know what your problem is?	Susan	high	community_transcript_match	1.0	dialogue	False	True	Ross | Susan	Ross	Susan	False		Speaker agrees with available community-transcript mapping.	You know what your problem is? You're threatened by me.	Susan	Susan	present	char_tracker_stage05	ross	unobserved			high	
25	266	535.979	538.939	You're so threatened by me, everything I say is problem.	Susan	high	community_transcript_match	1.0	dialogue	False	True	Ross | Susan	Susan		False		Speaker agrees with available community-transcript mapping.	You're threatened by me	Susan	Susan	present	char_tracker_stage05	ross	unobserved			high	
26	267	540.539	540.979	That's it.	Phoebe	high	community_transcript_match	1.0	dialogue	False	True	Phoebe		Phoebe	False		Speaker agrees with available community-transcript mapping.	Hey, hey, ok, all right, that's it	Phoebe	Phoebe	present	char_tracker_stage05	phoebe|ross	present	1.0		high	
26	268	540.979	541.419	Get in here.	Phoebe	high	community_transcript_match	1.0	dialogue	False	True	Phoebe	Phoebe	Phoebe	False		Speaker agrees with available community-transcript mapping.	Get in here	Phoebe	Phoebe	present	char_tracker_stage05	phoebe|ross	present	0.5		high	
26	269	541.419	541.979	Come on.	Phoebe	high	community_transcript_match	1.0	dialogue	False	True	Phoebe	Phoebe	Phoebe	True	speaker_no_face	Speaker agrees with available community-transcript mapping.	Come on	Phoebe	Phoebe	absent	char_tracker_stage05		absent	0.0		medium	speaker_no_face
26	270	542.139	545.79	My God, you guys, I don't believe you.	Phoebe	high	community_transcript_match	1.0	dialogue	False	True	Phoebe	Phoebe	Phoebe	False		Speaker agrees with available community-transcript mapping.	My god, you guys, I don't believe you	Phoebe	Phoebe	present	char_tracker_stage05	phoebe|ross	present	0.5		high	
26	271	546.19	553.15	There are children coming into the world in this very building, and your negative fighting noises are not the first thing they should be hearing.	Phoebe	high	community_transcript_match	1.0	dialogue	False	True	Phoebe	Phoebe	Phoebe	False		Speaker agrees with available community-transcript mapping.	Hey, hey, ok, all right, that's it! Get in here. Come on. My god, you guys, I don't believe you. There are children coming into the world in this very building and your negative fighting noises are not the first thing they should be hearing. So just stop all the yelling, just stop it!	Phoebe	Phoebe	present	char_tracker_stage05	phoebe|ross	present	1.0		high	
26	272	553.31	554.75	So just stop all the yelling.	Phoebe	high	community_transcript_match	1.0	dialogue	False	True	Phoebe	Phoebe	Phoebe	False		Speaker agrees with available community-transcript mapping.	So just stop all the yelling, just stop it	Phoebe	Phoebe	present	char_tracker_stage05	phoebe|ross	present	1.0		high	
26	273	554.75	555.47	Just stop it.	Phoebe	high	community_transcript_match	1.0	dialogue	False	True	Phoebe	Phoebe	Phoebe	False		Speaker agrees with available community-transcript mapping.	just stop it	Phoebe	Phoebe	present	char_tracker_stage05	phoebe|ross	present	1.0		high	
26	274	558.67	560.19	Don't make me do this again.	Phoebe	high	community_transcript_match	1.0	dialogue	False	True	Phoebe	Phoebe	Phoebe	False		Speaker agrees with available community-transcript mapping.	don't make me do this again	Phoebe	Phoebe	present	char_tracker_stage05	phoebe	present	1.0		high	
26	275	560.19	561.71	I don't like my voice like this.	Phoebe	high	community_transcript_match	1.0	dialogue	False	True	Phoebe	Phoebe		False		Speaker agrees with available community-transcript mapping.	Don't make me do this again, I don't like my voice like this.	Phoebe	Phoebe	present	char_tracker_stage05	phoebe	present	1.0		high	
27	276	567.39	569.47	Okay, who wants to hear something ironic?	Phoebe	high	community_transcript_match	1.0	dialogue	False	True	Phoebe			False		Speaker agrees with available community-transcript mapping.	Ok, who wants to hear something ironic?	Phoebe	Phoebe	present	char_tracker_stage05	phoebe	present	1.0		high	
28	277	574.91	577.05	Are they here yet?	Carol	high	community_transcript_match	1.0	dialogue	False	True	Carol | Rachel | Dr. Franzblau		Carol	False		Speaker agrees with available community-transcript mapping.	Are they here yet?	Carol	Carol	absent	char_tracker_stage05		unobserved			high	
28	278	577.13	578.21	No, honey, they're not.	Carol	medium	scene_context_inference	0.66	dialogue	True	False	Carol | Rachel | Dr. Franzblau	Carol	Carol	True	two_sided_context_ambiguous	No direct transcript match; longer line defaulted to previous speaker in same scene.				absent	char_tracker_stage05		unobserved			medium	
28	279	578.21	579.73	But don't worry, we're gonna find them.	Carol	medium	scene_context_inference	0.7100000000000001	dialogue	True	False	Carol | Rachel | Dr. Franzblau	Carol	Rachel	True	medium_confidence_context_fill	Continuation-style opener favors previous speaker within the same scene.				absent	char_tracker_stage05		unobserved			medium	
28	280	579.73	583.05	And until we do, we are all here for you, okay?	Rachel	high	community_transcript_match	1.0	dialogue	False	True	Carol | Rachel | Dr. Franzblau	Carol	Rachel	True	speaker_no_face	Speaker agrees with available community-transcript mapping.	No, honey, they're not, but don't worry, because we are going to find them, and until we do, we are all here for you, ok?	Rachel	Rachel	absent	char_tracker_stage05		absent	0.0		medium	speaker_no_face
28	281	583.05	583.57	Okay.	Rachel	high	scene_context_bridge	0.88	dialogue	True	False	Carol | Rachel | Dr. Franzblau	Rachel	Rachel	True	speaker_no_face	Same speaker appears on both sides within the same scene.				absent	char_tracker_stage05		absent			medium	speaker_no_face
28	282	583.57	584.05	Okay.	Rachel	high	scene_context_bridge	0.88	dialogue	True	False	Carol | Rachel | Dr. Franzblau	Rachel	Rachel	True	speaker_no_face	Same speaker appears on both sides within the same scene.				absent	char_tracker_stage05		absent			medium	speaker_no_face
28	283	584.05	584.49	Okay.	Rachel	high	scene_context_bridge	0.88	dialogue	True	False	Carol | Rachel | Dr. Franzblau	Rachel	Rachel	True	speaker_no_face	Same speaker appears on both sides within the same scene.				absent	char_tracker_stage05		absent			medium	speaker_no_face
28	284	584.49	584.81	Okay.	Rachel	high	scene_context_bridge	0.88	dialogue	True	False	Carol | Rachel | Dr. Franzblau	Rachel	Rachel	True	speaker_no_face	Same speaker appears on both sides within the same scene.				absent	char_tracker_stage05		absent			medium	speaker_no_face
28	285	584.81	586.13	So anyway, you were telling me about Paris.	Rachel	high	community_transcript_match	1.0	dialogue	False	True	Carol | Rachel | Dr. Franzblau	Rachel	Rachel	False		Speaker agrees with available community-transcript mapping.	(to Dr. Franzblau) Ok, so anyway, you were telling me about Paris, it sounds fascinating.	Rachel	Rachel	present	char_tracker_stage05	rachel	present	0.6667		high	
28	286	586.13	587.29	It sounds wonderful.	Rachel	medium	visual_disambiguation	0.74	dialogue	True	False	Carol | Rachel | Dr. Franzblau	Rachel	Rachel	False		Only one of the two text-context candidates was visually present in the window.				present	char_tracker_stage05	rachel	present			medium	
28	287	588.25	588.61	Really?	Rachel	medium	visual_disambiguation	0.74	dialogue	True	False	Carol | Rachel | Dr. Franzblau	Rachel	Rachel	False		Only one of the two text-context candidates was visually present in the window.				present	char_tracker_stage05	rachel	present			medium	
28	288	588.61	588.97	What?	Rachel	medium	visual_disambiguation	0.74	dialogue	True	False	Carol | Rachel | Dr. Franzblau	Rachel	Dr. Franzblau	False		Only one of the two text-context candidates was visually present in the window.				present	char_tracker_stage05	rachel	present			medium	
28	289	588.97	591.93	There was this great little pastry shop right by my hotel.	Dr. Franzblau	high	community_transcript_match	1.0	dialogue	False	True	Carol | Rachel | Dr. Franzblau	Rachel	Dr. Franzblau	False		Speaker agrees with available community-transcript mapping.	It really was. There was this great little pastry shop right by my hotel. (Carol sits up in pain, Rachel and Dr. Franzblau casually lay her back down) There you go, dear.	Dr. Franzblau	Dr. Franzblau	present	char_tracker_stage05	rachel	unobserved			high	
28	290	593.21	594.09	There you go.	Dr. Franzblau	high	community_transcript_match	1.0	dialogue	False	True	Carol | Rachel | Dr. Franzblau	Dr. Franzblau		False		Speaker agrees with available community-transcript mapping.	There you go, dear	Dr. Franzblau	Dr. Franzblau	present	char_tracker_stage05	rachel	unobserved			high	
29	291	596.17	596.93	Can you find them?	Monica	high	community_transcript_match	1.0	dialogue	False	True	Monica | Chandler		Chandler	False		Speaker agrees with available community-transcript mapping.	You find ‘em?	Monica	Monica	present	char_tracker_stage05	monica|rachel	present	1.0		high	
29	292	596.93	599.13	I checked the gift shop, I checked the cafeteria.	Chandler	high	community_transcript_match	1.0	dialogue	False	True	Monica | Chandler	Monica	Monica	True	speaker_offscreen	Speaker agrees with available community-transcript mapping.	I checked the gift-shop. I checked the cafeteria.	Chandler	Chandler	present	char_tracker_stage05	monica	absent	0.25		low	speaker_offscreen
29	293	599.77	601.05	Where are Phoebe and Joey?	Monica	high	community_transcript_match	1.0	dialogue	False	True	Monica | Chandler	Chandler	Chandler	False		Speaker agrees with available community-transcript mapping.	(looks in the lounge) Where are Phoebe and Joey?!	Monica	Monica	present	char_tracker_stage05	chandler|monica	present	1.0		high	
29	294	602.98	605.3	I think there's something sinister going on in this hospital.	Chandler	high	community_transcript_match	1.0	dialogue	False	True	Monica | Chandler	Monica	Chandler	False		Speaker agrees with available community-transcript mapping.	I think there's something sinister going on in here	Chandler	Chandler	present	char_tracker_stage05	chandler|monica	present	1.0		high	
29	295	605.86	610.42	If you find anyone or parts of anyone, scream.	Chandler	high	community_transcript_match	1.0	dialogue	False	True	Monica | Chandler	Chandler	Chandler	False		Speaker agrees with available community-transcript mapping.	(looks) I think there’s something sinister going on in here. If you find anyone or parts…of anyone, scream.  And scream again.	Chandler	Chandler	present	char_tracker_stage05	chandler	present	1.0		high	
29	296	611.54	612.74	And scream again.	Chandler	high	community_transcript_match	1.0	dialogue	False	True	Monica | Chandler	Chandler		False		Speaker agrees with available community-transcript mapping.	of anyone, scream	Chandler	Chandler	present	char_tracker_stage05	chandler	present	1.0		high	
31	297	619.14	619.54	Help.	All	high	community_transcript_match	1.0	dialogue	False	True	All | Ross | Phoebe		Ross	False		Speaker agrees with available community-transcript mapping.	Help!	All	All	absent	char_tracker_stage05		unobserved			high	
31	298	619.62	621.14	I'm having a baby in the end.	Ross	high	community_transcript_match	1.0	dialogue	False	True	All | Ross | Phoebe	All	Phoebe	True	speaker_no_face	Speaker agrees with available community-transcript mapping.	I'm having a baby in here! Ok, everyone stand back. (Walks backwards as if he is going to break down the door, but steps in a bucket and falls) Ow.	Ross	Ross	absent	char_tracker_stage05		absent	0.0		medium	speaker_no_face
31	299	622.66	623.06	Help.	Phoebe	medium	short_turn_alternation	0.7	dialogue	True	False	All | Ross | Phoebe	Ross	Phoebe	True	short_utterance_between_two_speakers | speaker_no_face	Short utterance inferred from local turn alternation.				absent	char_tracker_stage05		absent			medium	speaker_no_face
31	300	623.38	624.74	Okay, everyone stand back.	Phoebe	high	scene_context_bridge	0.88	dialogue	True	False	All | Ross | Phoebe	Phoebe	Phoebe	True	speaker_no_face	Same speaker appears on both sides within the same scene.				absent	char_tracker_stage05		absent			medium	speaker_no_face
31	301	629.3	632.46	Alright, alright.	Phoebe	high	community_transcript_match	1.0	dialogue	False	True	All | Ross | Phoebe	Phoebe	Phoebe	False		Speaker agrees with available community-transcript mapping.	All right, all right	Phoebe	Phoebe	present	char_tracker_stage05	phoebe|ross	present	0.75		high	
31	302	632.46	633.38	Good thing we're in a hospital.	Phoebe	high	community_transcript_match	1.0	dialogue	False	True	All | Ross | Phoebe	Phoebe	Phoebe	False		Speaker agrees with available community-transcript mapping.	All right, all right. Good thing we are in a hospital.	Phoebe	Phoebe	present	char_tracker_stage05	phoebe	present	1.0		high	
31	303	635.6	636.96	Come on, Lydia, you can do it.	Phoebe	medium	scene_context_inference	0.68	dialogue	True	False	All | Ross | Phoebe	Phoebe	Phoebe	True	medium_confidence_context_fill	Filled from previous same-scene context.				present	char_tracker_stage05	phoebe	present			medium	
31	304	637.12	637.6	Push.	Phoebe	medium	scene_context_inference	0.68	dialogue	True	False	All | Ross | Phoebe	Phoebe	Phoebe	True	scene_end_short_utterance | speaker_no_face	Filled from previous same-scene context.				absent	char_tracker_stage05		absent			medium	speaker_no_face
31	305	637.84	639.6	Push him out, push him out.	Phoebe	medium	scene_context_inference	0.68	dialogue	True	False	All | Ross | Phoebe	Phoebe	Phoebe	True	medium_confidence_context_fill | speaker_offscreen	Filled from previous same-scene context.				present	char_tracker_stage05	joey	absent			low	speaker_offscreen
31	306	639.6	641.0	Harder, harder.	Phoebe	medium	scene_context_inference	0.68	dialogue	True	False	All | Ross | Phoebe	Phoebe		True	scene_end_short_utterance | speaker_offscreen	Filled from previous same-scene context.				present	char_tracker_stage05	joey	absent			low	speaker_offscreen
32	307	641.0	641.8	Push him out.	Joey	high	community_transcript_match	1.0	dialogue	False	True	Joey | Susan		Joey	False		Speaker agrees with available community-transcript mapping.	Push	Joey	Joey	present	char_tracker_stage05	joey	present	1.0		high	
32	308	641.8	642.52	Push him out.	Joey	high	community_transcript_match	1.0	dialogue	False	True	Joey | Susan	Joey	Joey	False		Speaker agrees with available community-transcript mapping.	Push 'em out, push 'em out, harder, harder	Joey	Joey	present	char_tracker_stage05	joey	present	1.0		high	
32	309	642.52	643.44	Way out.	Joey	high	community_transcript_match	1.0	dialogue	False	True	Joey | Susan	Joey	Joey	False		Speaker agrees with available community-transcript mapping.	Push 'em out, push 'em out, way out	Joey	Joey	present	char_tracker_stage05	joey	present	1.0		high	
32	310	643.52	645.16	Let's get that ball and really move.	Joey	high	community_transcript_match	1.0	dialogue	False	True	Joey | Susan	Joey	Joey	False		Speaker agrees with available community-transcript mapping.	Come on, Lydia, you can do it. Push! Push 'em out, push 'em out, harder, harder. Push 'em out, push 'em out, way out! Let's get that ball and really move, hey, hey, ho, ho. Let's— (notices the nurse looking at him strangely) I was just—yeah, right. Push! Push!	Joey	Joey	present	char_tracker_stage05	joey	present	1.0		high	
32	311	645.16	645.76	Hey, hey.	Joey	medium	visual_disambiguation	0.74	dialogue	True	False	Joey | Susan	Joey	Joey	False		Only one of the two text-context candidates was visually present in the window.				present	char_tracker_stage05	joey	present			medium	
32	312	645.84	646.56	Ho, ho.	Joey	medium	visual_disambiguation	0.74	dialogue	True	False	Joey | Susan	Joey	Joey	False		Only one of the two text-context candidates was visually present in the window.				present	char_tracker_stage05	joey	present			medium	
32	313	646.56	647.04	Let's.	Joey	medium	visual_disambiguation	0.74	dialogue	True	False	Joey | Susan	Joey	Joey	False		Only one of the two text-context candidates was visually present in the window.				present	char_tracker_stage05	joey	present			medium	
32	314	649.76	650.48	I was just.	Joey	medium	visual_disambiguation	0.74	dialogue	True	False	Joey | Susan	Joey	Joey	False		Only one of the two text-context candidates was visually present in the window.				present	char_tracker_stage05	joey	present			medium	
32	315	651.28	652.08	Yeah, okay.	Joey	medium	visual_disambiguation	0.74	dialogue	True	False	Joey | Susan	Joey	Susan	False		Only one of the two text-context candidates was visually present in the window.				present	char_tracker_stage05	joey	present			medium	
32	316	652.08	654.16	Push, push, push.	Susan	low	scene_context_inference	0.58	dialogue	True	False	Joey | Susan	Joey	Susan	True	two_sided_context_ambiguous | low_speaker_confidence	No direct transcript match; weak local context only.				absent	char_tracker_stage05		unobserved			low	low_speaker_confidence
32	317	656.24	657.04	What are you gonna do?	Susan	high	community_transcript_match	1.0	dialogue	False	True	Joey | Susan	Susan		False		Speaker agrees with available community-transcript mapping.	what're you gonna do	Susan	Susan	absent	char_tracker_stage05		unobserved			high	
33	318	657.04	658.16	Suck the door open?	Susan	high	community_transcript_match	1.0	dialogue	False	True	Susan | Ross | Susan and Ross		Ross	False		Speaker agrees with available community-transcript mapping.	What're you gonna do, suck the door open?	Susan	Susan	present	char_tracker_stage05	ross	unobserved			high	
33	319	661.96	662.2	Help.	Ross	high	community_transcript_match	1.0	dialogue	False	True	Susan | Ross | Susan and Ross	Susan	Susan and Ross	True	speaker_no_face	Speaker agrees with available community-transcript mapping.	Help! Help!	Ross	Ross	absent	char_tracker_stage05		absent	0.0		medium	speaker_no_face
33	320	663.08	663.48	Help.	Susan and Ross	high	community_transcript_match	1.0	dialogue	False	True	Susan | Ross | Susan and Ross	Ross	Susan and Ross	False		Speaker agrees with available community-transcript mapping.	(even louder) Help!	Susan and Ross	Susan and Ross	absent	char_tracker_stage05		unobserved			high	
33	321	664.12	664.52	Help.	Susan and Ross	medium	scene_context_inference	0.68	dialogue	True	False	Susan | Ross | Susan and Ross	Susan and Ross	Susan and Ross	True	scene_end_short_utterance	Filled from previous same-scene context.				absent	char_tracker_stage05		unobserved			medium	
33	322	665.32	668.84	And they found their bodies the very next.	Susan and Ross	medium	scene_context_inference	0.7100000000000001	dialogue	True	False	Susan | Ross | Susan and Ross	Susan and Ross	Susan and Ross	True	medium_confidence_context_fill	Continuation-style opener favors previous speaker within the same scene.				absent	char_tracker_stage05		unobserved			medium	
33	323	669.64	672.28	They found their bodies the very.	Susan and Ross	medium	scene_context_inference	0.68	dialogue	True	False	Susan | Ross | Susan and Ross	Susan and Ross	Susan and Ross	True	medium_confidence_context_fill	Filled from previous same-scene context.				present	char_tracker_stage05	phoebe	unobserved			medium	
33	324	678.28	679.96	No, mom, everything's going fine.	Susan and Ross	medium	scene_context_inference	0.68	dialogue	True	False	Susan | Ross | Susan and Ross	Susan and Ross		True	medium_confidence_context_fill	Filled from previous same-scene context.				unknown	char_tracker_stage05		unknown		sentence_outside_visual_data_range	medium	visual_presence_unknown
36	325	679.96	680.28	Really?	Dr. Franzblau	high	community_transcript_match	1.0	dialogue	False	True	Dr. Franzblau | Rachel		Rachel	False		Speaker agrees with available community-transcript mapping.	No, no, really. I suppose it's because I spend so much time, you know, where I do.	Dr. Franzblau	Dr. Franzblau	unknown	char_tracker_stage05		unknown		sentence_outside_visual_data_range	medium	visual_presence_unknown
36	326	680.6	681.04	Yeah.	Rachel	high	community_transcript_match	1.0	dialogue	False	True	Dr. Franzblau | Rachel	Dr. Franzblau	Rachel	False		Speaker agrees with available community-transcript mapping.	(getting the point) Yeah. Gotcha.	Rachel	Rachel	unknown	char_tracker_stage05		unknown		sentence_outside_visual_data_range	medium	visual_presence_unknown
36	327	681.04	681.56	Ross is.	Rachel	medium	scene_context_inference	0.68	dialogue	True	False	Dr. Franzblau | Rachel	Rachel		True	scene_end_short_utterance	Filled from previous same-scene context.				unknown	char_tracker_stage05		unknown		sentence_outside_visual_data_range	medium	visual_presence_unknown
