scene_id	sentence_id	start	end	utterance	speaker	speaker_confidence	speaker_method	alignment_score	row_type	filled_from_missing	matched_to_ct	scene_speaker_set	prev_speaker_scene	next_speaker_scene	review_flag	review_reason	notes	utterance_ct	speaker_ct	speaker_original	visual_presence	visual_presence_source	visual_presence_chars	speaker_visual_presence	speaker_visual_ratio	visual_presence_note	annotation_confidence	annotation_review_reason
1	1	4.8	5.36	Hi, guys.	Phoebe	high	community_transcript_match	1.0	dialogue	False	True	Phoebe | All | Ross | Rachel | Monica | Joey | Chandler		All	False		Speaker agrees with available community-transcript mapping.	(entering) Hi guys!	Phoebe	Phoebe	present	char_tracker_stage05	chandler|phoebe	present	1.0		high	
1	2	5.44	6.12	Hey, Phoebe.	All	medium	name_address_rule	0.74	dialogue	True	False	Phoebe | All | Ross | Rachel | Monica | Joey | Chandler	Phoebe	All	False		Utterance names the previous speaker, so the next speaker is more likely.				present	char_tracker_stage05	chandler|phoebe	unobserved			medium	
1	3	6.12	6.52	Hey.	All	high	scene_context_bridge	0.88	dialogue	True	False	Phoebe | All | Ross | Rachel | Monica | Joey | Chandler	All	All	False		Same speaker appears on both sides within the same scene.				present	char_tracker_stage05	chandler|phoebe	unobserved			high	
1	4	6.52	6.96	Hey.	All	high	community_transcript_match	1.0	dialogue	False	True	Phoebe | All | Ross | Rachel | Monica | Joey | Chandler	All	Ross	False		Speaker agrees with available community-transcript mapping.	Hey, Pheebs! Hi!	All	All	present	char_tracker_stage05	chandler|phoebe	unobserved			high	
1	5	7.2	8.0	How'd it go?	Ross	high	qa_review_resolved_ct_support	1.0	dialogue	False	True	Phoebe | All | Ross | Rachel | Monica | Joey | Chandler	All	Phoebe	True	speaker_offscreen	Speaker agrees with available community-transcript mapping. | QA resolved prior review with community-transcript support.	Hey. Oh, oh, how'd it go?	Ross	Ross	present	char_tracker_stage05	chandler|phoebe	absent	0.0		low	speaker_offscreen
1	6	8.0	9.12	Um, not so good.	Phoebe	high	community_transcript_match	1.0	dialogue	False	True	Phoebe | All | Ross | Rachel | Monica | Joey | Chandler	Ross	Phoebe	False		Speaker agrees with available community-transcript mapping.	Um, not so good	Phoebe	Phoebe	present	char_tracker_stage05	chandler|phoebe	present	1.0		high	
1	7	9.2	11.6	He walked me to the subway and said, we should do this again.	Phoebe	high	community_transcript_match	1.0	dialogue	False	True	Phoebe | All | Ross | Rachel | Monica | Joey | Chandler	Phoebe	Phoebe	False		Speaker agrees with available community-transcript mapping.	Um, not so good. He walked me to the subway and said 'We should do this again!'	Phoebe	Phoebe	present	char_tracker_stage05	chandler|phoebe	present	1.0		high	
1	8	11.68	12.16	Oh.	Phoebe	medium	visual_disambiguation	0.74	reaction	True	False	Phoebe | All | Ross | Rachel | Monica | Joey | Chandler	Phoebe	Rachel	False		Only one of the two text-context candidates was visually present in the window.				present	char_tracker_stage05	chandler|phoebe|ross	present			medium	
1	9	13.2	13.6	What?	Rachel	high	qa_review_resolved_ct_support	1.0	dialogue	False	True	Phoebe | All | Ross | Rachel | Monica | Joey | Chandler	Phoebe	Rachel	True	speaker_offscreen	Speaker agrees with available community-transcript mapping. | QA resolved prior review with community-transcript support.	what again'	Rachel	Rachel	present	char_tracker_stage05	phoebe|ross	absent	0.0		low	speaker_offscreen
1	10	13.92	15.2	He said we should do it again.	Rachel	high	qa_review_resolved_bridge	1.0	dialogue	False	True	Phoebe | All | Ross | Rachel | Monica | Joey | Chandler	Rachel	Rachel	True	speaker_offscreen	Speaker agrees with available community-transcript mapping. | QA resolved prior review by same-speaker bridge.	what he said 'we should do it again'	Rachel	Rachel	present	char_tracker_stage05	monica|phoebe	absent	0.0		low	speaker_offscreen
1	11	15.28	16.32	That's good, right?	Rachel	high	qa_review_resolved_ct_support	1.0	dialogue	False	True	Phoebe | All | Ross | Rachel | Monica | Joey | Chandler	Rachel	Monica	True	speaker_offscreen	Speaker agrees with available community-transcript mapping. | QA resolved prior review with community-transcript support.	What? He said 'we should do it again', that's good, right?	Rachel	Rachel	present	char_tracker_stage05	monica|ross	absent	0.0		low	speaker_offscreen
1	12	16.4	17.28	Uh, no.	Monica	high	community_transcript_match	1.0	dialogue	False	True	Phoebe | All | Ross | Rachel | Monica | Joey | Chandler	Rachel	Monica	False		Speaker agrees with available community-transcript mapping.	Uh, no	Monica	Monica	present	char_tracker_stage05	monica|ross	present	0.5		high	
1	13	17.28	21.28	Loosely translated, we should do this again means you will never see me naked.	Monica	high	qa_review_resolved_ct_support	1.0	dialogue	False	True	Phoebe | All | Ross | Rachel | Monica | Joey | Chandler	Monica	Rachel	True	speaker_offscreen	Speaker agrees with available community-transcript mapping. | QA resolved prior review with community-transcript support.	Uh, no. Loosely translated 'We should do this again' means 'You will never see me naked'.	Monica	Monica	present	char_tracker_stage05	chandler|ross	absent	0.0		low	speaker_offscreen
1	14	23.2	24.0	Since when?	Rachel	high	qa_review_resolved_ct_support	1.0	dialogue	False	True	Phoebe | All | Ross | Rachel | Monica | Joey | Chandler	Monica	Joey	True	speaker_offscreen	Speaker agrees with available community-transcript mapping. | QA resolved prior review with community-transcript support.	Since when?	Rachel	Rachel	present	char_tracker_stage05	chandler	absent	0.0		low	speaker_offscreen
1	15	24.56	25.28	Since always.	Joey	high	qa_review_resolved_ct_support	1.0	dialogue	False	True	Phoebe | All | Ross | Rachel | Monica | Joey | Chandler	Rachel	Joey	True	speaker_offscreen	Speaker agrees with available community-transcript mapping. | QA resolved prior review with community-transcript support.	Since always	Joey	Joey	present	char_tracker_stage05	chandler|ross	absent	0.0		low	speaker_offscreen
1	16	25.96	28.4	It's like dating language, you know?	Joey	high	qa_review_resolved_bridge	1.0	dialogue	False	True	Phoebe | All | Ross | Rachel | Monica | Joey | Chandler	Joey	Joey	True	speaker_offscreen	Speaker agrees with available community-transcript mapping. | QA resolved prior review by same-speaker bridge.	It's like dating language	Joey	Joey	present	char_tracker_stage05	rachel|ross	absent	0.0		low	speaker_offscreen
1	17	28.4	31.32	Like, it's not you, means it is you.	Joey	high	qa_review_resolved_ct_support	1.0	dialogue	False	True	Phoebe | All | Ross | Rachel | Monica | Joey | Chandler	Joey	Chandler	True	speaker_offscreen	Speaker agrees with available community-transcript mapping. | QA resolved prior review with community-transcript support.	Since always. It's like dating language. Y'know, like 'It's not you' means 'It is you'.	Joey	Joey	present	char_tracker_stage05	ross	absent	0.0		low	speaker_offscreen
1	18	32.04	37.88	Or you're such a nice guy, means I'm gonna be dating leather wearing alcoholics and complaining about them to you.	Chandler	high	qa_review_resolved_ct_support	1.0	dialogue	False	True	Phoebe | All | Ross | Rachel | Monica | Joey | Chandler	Joey	Phoebe	True	speaker_offscreen	Speaker agrees with available community-transcript mapping. | QA resolved prior review with community-transcript support.	Or 'You're such a nice guy' means 'I'm gonna be dating leather-wearing alcoholics and complaining about them to you'.	Chandler	Chandler	present	char_tracker_stage05	monica	absent	0.0		low	speaker_offscreen
1	19	39.48	39.84	Or.	Phoebe	medium	short_turn_alternation	0.7	dialogue	True	False	Phoebe | All | Ross | Rachel | Monica | Joey | Chandler	Chandler	Phoebe	True	short_utterance_between_two_speakers | speaker_offscreen	Short utterance inferred from local turn alternation.				present	char_tracker_stage05	joey	absent			low	speaker_offscreen
1	20	39.84	43.08	Or, you know, I think we should see other people means, ha, ha.	Phoebe	high	qa_review_resolved_ct_support	1.0	dialogue	False	True	Phoebe | All | Ross | Rachel | Monica | Joey | Chandler	Phoebe	Rachel	True	speaker_offscreen	Speaker agrees with available community-transcript mapping. | QA resolved prior review with community-transcript support.	Or, or, y'know, um, 'I think we should see other people' means 'Ha, ha, I already am'.	Phoebe	Phoebe	present	char_tracker_stage05	joey|monica	absent	0.0		low	speaker_offscreen
1	21	43.08	43.8	I already am.	Rachel	low	scene_context_inference	0.58	dialogue	True	False	Phoebe | All | Ross | Rachel | Monica | Joey | Chandler	Phoebe	Rachel	True	two_sided_context_ambiguous | speaker_offscreen	No direct transcript match; weak local context only.				present	char_tracker_stage05	joey	absent			low	speaker_offscreen
1	22	45.4	46.68	And everybody knows this.	Rachel	high	community_transcript_match	1.0	dialogue	False	True	Phoebe | All | Ross | Rachel | Monica | Joey | Chandler	Rachel	Joey	False		Speaker agrees with available community-transcript mapping.	And everybody knows this?	Rachel	Rachel	present	char_tracker_stage05	joey|rachel	present	0.5		high	
1	23	46.68	47.4	Oh, yeah.	Joey	high	community_transcript_match	1.0	dialogue	False	True	Phoebe | All | Ross | Rachel | Monica | Joey | Chandler	Rachel	Joey	False		Speaker agrees with available community-transcript mapping.	Yeah	Joey	Joey	present	char_tracker_stage05	joey|rachel	present	0.5		high	
1	24	47.88	48.92	Cushion's the blow.	Joey	high	qa_review_resolved_bridge	1.0	dialogue	False	True	Phoebe | All | Ross | Rachel | Monica | Joey | Chandler	Joey	Joey	True	speaker_offscreen	Speaker agrees with available community-transcript mapping. | QA resolved prior review by same-speaker bridge.	Yeah. Cushions the blow.	Joey	Joey	present	char_tracker_stage05	rachel	absent	0.0		low	speaker_offscreen
1	25	49.0	49.32	Yeah.	Joey	high	qa_review_resolved_ct_support	1.0	dialogue	False	True	Phoebe | All | Ross | Rachel | Monica | Joey | Chandler	Joey	Chandler	True	speaker_no_face	Speaker agrees with available community-transcript mapping. | QA resolved prior review with community-transcript support.	yeah	Joey	Joey	absent	char_tracker_stage05		absent	0.0		medium	speaker_no_face
1	26	49.32	53.72	It's like when you're a kid and your parents put your dog to sleep and they tell you it went off to live on some farm.	Chandler	high	qa_review_resolved_ct_support	1.0	dialogue	False	True	Phoebe | All | Ross | Rachel | Monica | Joey | Chandler	Joey	Ross	True	speaker_offscreen	Speaker agrees with available community-transcript mapping. | QA resolved prior review with community-transcript support.	Yeah, it's like when you're a kid, and your parents put your dog to sleep, and they tell you it went off to live on some farm.	Chandler	Chandler	present	char_tracker_stage05	joey	absent	0.0		low	speaker_offscreen
1	27	54.44	55.16	That's funny.	Ross	high	community_transcript_match	1.0	dialogue	False	True	Phoebe | All | Ross | Rachel | Monica | Joey | Chandler	Chandler	Ross	False		Speaker agrees with available community-transcript mapping.	that's funny that	Ross	Ross	present	char_tracker_stage05	joey|ross	present	0.5		high	
1	28	55.32	60.1	No, because our par did send our dog off to live on a farm.	Ross	high	qa_review_resolved_ct_support	1.0	dialogue	False	True	Phoebe | All | Ross | Rachel | Monica | Joey | Chandler	Ross	Monica	True	speaker_offscreen	Speaker agrees with available community-transcript mapping. | QA resolved prior review with community-transcript support.	That's funny, that, no, because, uh, our parents actually did, uh, send our dog off to live on a farm.	Ross	Ross	present	char_tracker_stage05	chandler|joey	absent	0.0		low	speaker_offscreen
1	29	61.86	62.42	Ross.	Monica	high	qa_review_resolved_ct_support	1.0	dialogue	False	True	Phoebe | All | Ross | Rachel | Monica | Joey | Chandler	Ross	Ross	True	speaker_no_face	Speaker agrees with available community-transcript mapping. | QA resolved prior review with community-transcript support.	Uh, Ross.	Monica	Monica	absent	char_tracker_stage05		absent	0.0		medium	speaker_no_face
1	30	64.82	65.18	What?	Ross	medium	short_turn_alternation	0.7	dialogue	True	False	Phoebe | All | Ross | Rachel | Monica | Joey | Chandler	Monica	Ross	True	short_utterance_between_two_speakers | speaker_no_face	Short utterance inferred from local turn alternation.				absent	char_tracker_stage05		absent			medium	speaker_no_face
1	31	65.18	65.78	Hello.	Ross	high	qa_review_resolved_bridge	0.9	dialogue	True	False	Phoebe | All | Ross | Rachel | Monica | Joey | Chandler	Ross	Ross	True	speaker_no_face	Same speaker appears on both sides within the same scene. | QA resolved prior review by same-speaker bridge.				absent	char_tracker_stage05		absent			medium	speaker_no_face
1	32	65.78	67.66	The Milner's farm in Connecticut.	Ross	high	qa_review_resolved_bridge	1.0	dialogue	False	True	Phoebe | All | Ross | Rachel | Monica | Joey | Chandler	Ross	Ross	True	speaker_no_face	Speaker agrees with available community-transcript mapping. | QA resolved prior review by same-speaker bridge.	farm in connecticut	Ross	Ross	absent	char_tracker_stage05		absent	0.0		medium	speaker_no_face
1	33	67.66	68.3	The Milners.	Ross	high	qa_review_resolved_bridge	1.0	dialogue	False	True	Phoebe | All | Ross | Rachel | Monica | Joey | Chandler	Ross	Ross	True	speaker_no_face	Speaker agrees with available community-transcript mapping. | QA resolved prior review by same-speaker bridge.	The Millners' farm in Connecticut	Ross	Ross	absent	char_tracker_stage05		absent	0.0		medium	speaker_no_face
1	34	68.3	73.78	They had this unbelievable farm that they had horses and then rabbits that he could chase and it would.	Ross	high	community_transcript_match	1.0	dialogue	False	True	Phoebe | All | Ross | Rachel | Monica | Joey | Chandler	Ross	Ross	False		Speaker agrees with available community-transcript mapping.	What? Wh- hello? The Millners' farm in Connecticut? The Millners, they had this unbelievable farm, they had horses, and, and rabbits that he could chase and it was- it w- .....Oh my God, Chi Chi!	Ross	Ross	present	char_tracker_stage05	phoebe|ross	present	0.6667		high	
1	35	77.46	78.22	Oh, my God.	Ross	high	qa_review_resolved_bridge	1.0	dialogue	False	True	Phoebe | All | Ross | Rachel | Monica | Joey | Chandler	Ross	Ross	True	speaker_offscreen	Speaker agrees with available community-transcript mapping. | QA resolved prior review by same-speaker bridge.	Oh my God, Chi Chi	Ross	Ross	present	char_tracker_stage05	monica	absent	0.0		low	speaker_offscreen
1	36	78.22	78.7	Cheek.	Ross	high	qa_review_resolved_bridge	0.9	dialogue	True	False	Phoebe | All | Ross | Rachel | Monica | Joey | Chandler	Ross	Ross	True	speaker_offscreen	Filled from previous same-scene context. | QA resolved prior review by same-speaker bridge.				present	char_tracker_stage05	monica	absent			low	speaker_offscreen
1	37	78.7	78.98	Ch.	Ross	medium	scene_context_inference	0.68	dialogue	True	False	Phoebe | All | Ross | Rachel | Monica | Joey | Chandler	Ross		True	scene_end_short_utterance | speaker_offscreen	Filled from previous same-scene context.				present	char_tracker_stage05	monica	absent			low	speaker_offscreen
3	38	92.27	94.35	So how does it feel knowing you're about to die?	Chandler	high	qa_review_resolved_ct_support	1.0	dialogue	False	True	Chandler | Joey		Joey	True	speaker_offscreen	Speaker agrees with available community-transcript mapping. | QA resolved prior review with community-transcript support.	"""So how does it feel knowing you're about to die?"""	Chandler	Chandler	present	char_tracker_stage05	phoebe|ross	absent	0.0		low	speaker_offscreen
3	39	95.23	98.35	Warden, in five minutes my pain will be over.	Joey	high	qa_review_resolved_ct_support	1.0	dialogue	False	True	Chandler | Joey	Chandler	Joey	True	speaker_offscreen	Speaker agrees with available community-transcript mapping. | QA resolved prior review with community-transcript support.	"""Warden, in five minutes my pain will be over"	Joey	Joey	present	char_tracker_stage05	phoebe|ross	absent	0.0		low	speaker_offscreen
3	40	98.67	103.39	But you'll have to live with the knowledge that you sent an honest man to die.	Joey	high	qa_review_resolved_ct_support	1.0	dialogue	False	True	Chandler | Joey	Joey	Chandler	True	speaker_offscreen	Speaker agrees with available community-transcript mapping. | QA resolved prior review with community-transcript support.	"""Warden, in five minutes my pain will be over. But you'll have to live with the knowledge that you sent an honest man to die."""	Joey	Joey	present	char_tracker_stage05	monica|phoebe	absent	0.0		low	speaker_offscreen
3	41	104.67	105.79	Hey, that was really good.	Chandler	high	qa_review_resolved_ct_support	1.0	dialogue	False	True	Chandler | Joey	Joey	Joey	True	speaker_offscreen	Speaker agrees with available community-transcript mapping. | QA resolved prior review with community-transcript support.	Hey, that was really good!	Chandler	Chandler	present	char_tracker_stage05	phoebe	absent	0.0		low	speaker_offscreen
3	42	106.35	107.51	Yeah, thanks.	Joey	high	qa_review_resolved_ct_support	1.0	dialogue	False	True	Chandler | Joey	Chandler	Joey	True	speaker_offscreen	Speaker agrees with available community-transcript mapping. | QA resolved prior review with community-transcript support.	Thanks	Joey	Joey	present	char_tracker_stage05	phoebe	absent	0.0		low	speaker_offscreen
3	43	107.51	108.19	Let's keep going.	Joey	high	qa_review_resolved_ct_support	1.0	dialogue	False	True	Chandler | Joey	Joey	Chandler	True	speaker_offscreen	Speaker agrees with available community-transcript mapping. | QA resolved prior review with community-transcript support.	Thanks! Let's keep going.	Joey	Joey	present	char_tracker_stage05	phoebe	absent	0.0		low	speaker_offscreen
3	44	108.19	112.63	Okay, so what do you want from me, Damone, huh?	Chandler	high	qa_review_resolved_ct_support	1.0	dialogue	False	True	Chandler | Joey	Joey	Joey	True	speaker_offscreen	Speaker agrees with available community-transcript mapping. | QA resolved prior review with community-transcript support.	"Okay. ""So. Whaddya want from me, Damone, huh?"""	Chandler	Chandler	present	char_tracker_stage05	phoebe	absent	0.0		low	speaker_offscreen
3	45	115.59	117.43	I just want to go back to my cell.	Joey	high	qa_review_resolved_ct_support	1.0	dialogue	False	True	Chandler | Joey	Chandler	Joey	True	speaker_offscreen	Speaker agrees with available community-transcript mapping. | QA resolved prior review with community-transcript support.	"""I just wanna go back to my cell. 'Cause in my cell, I can smoke."""	Joey	Joey	present	char_tracker_stage05	phoebe	absent	0.0		low	speaker_offscreen
3	46	117.43	119.59	Cause in my cell I can smoke.	Joey	high	qa_review_resolved_ct_support	1.0	dialogue	False	True	Chandler | Joey	Joey	Chandler	True	speaker_offscreen	Speaker agrees with available community-transcript mapping. | QA resolved prior review with community-transcript support.	'Cause in my cell, I can smoke	Joey	Joey	present	char_tracker_stage05	phoebe	absent	0.0		low	speaker_offscreen
3	47	119.75	120.47	Smoke away.	Chandler	high	qa_review_resolved_ct_support	1.0	dialogue	False	True	Chandler | Joey	Joey		True	speaker_offscreen	Speaker agrees with available community-transcript mapping. | QA resolved prior review with community-transcript support.	"""Smoke away."""	Chandler	Chandler	present	char_tracker_stage05	phoebe|ross	absent	0.0		low	speaker_offscreen
4	48	134.71	137.83	I think this is probably why Damone smokes in his cell alone.	Chandler	high	qa_review_resolved_ct_support	1.0	dialogue	False	True	Chandler		Chandler	True	speaker_no_face	Speaker agrees with available community-transcript mapping. | QA resolved prior review with community-transcript support.	I think this is probably why Damone smokes in his cell alone.	Chandler	Chandler	absent	char_tracker_stage05		absent	0.0		medium	speaker_no_face
4	49	140.15	140.94	Relax your head.	Chandler	high	qa_review_resolved_bridge	1.0	dialogue	False	True	Chandler	Chandler	Chandler	True	speaker_offscreen	Speaker agrees with available community-transcript mapping. | QA resolved prior review by same-speaker bridge.	Relax your hand	Chandler	Chandler	present	char_tracker_stage05	joey|ross	absent	0.0		low	speaker_offscreen
4	50	141.65	142.45	Let your wrist go.	Chandler	high	qa_review_resolved_ct_support	1.0	dialogue	False	True	Chandler	Chandler		True	speaker_offscreen	Speaker agrees with available community-transcript mapping. | QA resolved prior review with community-transcript support.	Relax your hand! Let your wrist go.	Chandler	Chandler	present	char_tracker_stage05	joey|ross	absent	0.0		low	speaker_offscreen
5	51	143.17	143.89	Not so much.	Chandler	high	qa_review_resolved_ct_support	1.0	dialogue	False	True	Chandler | Joey		Joey	True	speaker_offscreen	Speaker agrees with available community-transcript mapping. | QA resolved prior review with community-transcript support.	Not so much!	Chandler	Chandler	present	char_tracker_stage05	ross	absent	0.0		low	speaker_offscreen
5	52	143.89	144.37	Whoa.	Joey	high	qa_review_resolved_ct_support	1.0	dialogue	False	True	Chandler | Joey	Chandler	Chandler	True	speaker_offscreen	Speaker agrees with available community-transcript mapping. | QA resolved prior review with community-transcript support.	Whoah!	Joey	Joey	present	char_tracker_stage05	ross	absent	0.0		low	speaker_offscreen
5	53	146.77	148.13	All right, now try taking a puff.	Chandler	high	qa_review_resolved_ct_support	1.0	dialogue	False	True	Chandler | Joey	Joey	Chandler	True	speaker_offscreen	Speaker agrees with available community-transcript mapping. | QA resolved prior review with community-transcript support.	Alright, now try taking a puff.	Chandler	Chandler	present	char_tracker_stage05	joey|ross	absent	0.0		low	speaker_offscreen
5	54	149.49	149.89	Right.	Chandler	high	qa_review_resolved_bridge	0.9	dialogue	True	False	Chandler | Joey	Chandler	Chandler	True	speaker_offscreen	Same speaker appears on both sides within the same scene. | QA resolved prior review by same-speaker bridge.				present	char_tracker_stage05	joey|ross	absent			low	speaker_offscreen
5	55	152.69	153.21	Okay.	Chandler	high	qa_review_resolved_ct_support	1.0	dialogue	False	True	Chandler | Joey	Chandler		True	speaker_offscreen	Speaker agrees with available community-transcript mapping. | QA resolved prior review with community-transcript support.	alright okay	Chandler	Chandler	present	char_tracker_stage05	joey|ross	absent	0.0		low	speaker_offscreen
6	56	153.21	153.89	No, give it to me.	Chandler	high	qa_review_resolved_ct_support	1.0	dialogue	False	True	Chandler | Joey		Joey	True	speaker_offscreen	Speaker agrees with available community-transcript mapping. | QA resolved prior review with community-transcript support.	Alright.. okay. No. Give it to me.	Chandler	Chandler	present	char_tracker_stage05	joey|ross	absent	0.0		low	speaker_offscreen
6	57	153.89	154.61	No, no, no.	Joey	high	community_transcript_match	1.0	dialogue	False	True	Chandler | Joey	Chandler	Joey	False		Speaker agrees with available community-transcript mapping.	no no no i am	Joey	Joey	present	char_tracker_stage05	joey|ross	present	1.0		high	
6	58	154.61	156.33	I'm not giving you a cigarette.	Joey	high	community_transcript_match	1.0	dialogue	False	True	Chandler | Joey	Joey	Chandler	False		Speaker agrees with available community-transcript mapping.	No no no, I am not giving you a cigarette.	Joey	Joey	present	char_tracker_stage05	chandler|joey|ross	present	0.6667		high	
6	59	156.33	157.169	It's fine, it's fine.	Chandler	high	community_transcript_match	1.0	dialogue	False	True	Chandler | Joey	Joey	Chandler	False		Speaker agrees with available community-transcript mapping.	It's fine, it's fine	Chandler	Chandler	present	char_tracker_stage05	chandler	present	1.0		high	
6	60	157.169	158.69	Look, do you want to get this part or not?	Chandler	high	community_transcript_match	1.0	dialogue	False	True	Chandler | Joey	Chandler	Chandler	False		Speaker agrees with available community-transcript mapping.	It's fine, it's fine. Look, do you wanna get this part, or not? Here.	Chandler	Chandler	present	char_tracker_stage05	chandler	present	1.0		high	
6	61	158.85	159.25	Here.	Chandler	high	community_transcript_match	1.0	dialogue	False	True	Chandler | Joey	Chandler		False		Speaker agrees with available community-transcript mapping.	Here	Chandler	Chandler	present	char_tracker_stage05	chandler	present	1.0		high	
7	62	160.29	163.61	All right, now don't think of it as a cigarette.	Chandler	high	qa_review_resolved_ct_support	1.0	dialogue	False	True	Chandler | Joey		Chandler	True	speaker_offscreen	Speaker agrees with available community-transcript mapping. | QA resolved prior review with community-transcript support.	Don't think of it as a cigarette	Chandler	Chandler	present	char_tracker_stage05	joey|ross	absent	0.25		low	speaker_offscreen
7	63	163.61	166.77	Think of it as the thing that has been missing from your hand.	Chandler	high	qa_review_resolved_bridge	1.0	dialogue	False	True	Chandler | Joey	Chandler	Chandler	True	speaker_offscreen	Speaker agrees with available community-transcript mapping. | QA resolved prior review by same-speaker bridge.	Don't think of it as a cigarette. Think of it as the thing that's been missing from your hand. When you're holding it, you feel right. You feel complete.	Chandler	Chandler	present	char_tracker_stage05	joey|monica|ross	absent	0.0		low	speaker_offscreen
7	64	168.53	170.37	When you're holding it, you feel right.	Chandler	high	community_transcript_match	1.0	dialogue	False	True	Chandler | Joey	Chandler	Chandler	False		Speaker agrees with available community-transcript mapping.	When you're holding it, you feel right	Chandler	Chandler	present	char_tracker_stage05	chandler|joey|ross	present	0.6667		high	
7	65	171.2	172.24	You feel complete.	Chandler	high	community_transcript_match	1.0	dialogue	False	True	Chandler | Joey	Chandler	Joey	False		Speaker agrees with available community-transcript mapping.	You feel complete	Chandler	Chandler	present	char_tracker_stage05	chandler|joey|ross	present	1.0		high	
7	66	172.8	173.56	You miss it?	Joey	high	community_transcript_match	1.0	dialogue	False	True	Chandler | Joey	Chandler	Joey	False		Speaker agrees with available community-transcript mapping.	Y'miss it?	Joey	Joey	present	char_tracker_stage05	chandler|joey|ross	present	1.0		high	
7	67	173.56	174.4	No, not so much.	Joey	medium	visual_disambiguation	0.74	dialogue	True	False	Chandler | Joey	Joey	Joey	False		Only one of the two text-context candidates was visually present in the window.				present	char_tracker_stage05	joey|ross	present			medium	
7	68	176.96	178.48	All right, now we smoke.	Joey	medium	visual_disambiguation	0.74	dialogue	True	False	Chandler | Joey	Joey	Chandler	False		Only one of the two text-context candidates was visually present in the window.				present	char_tracker_stage05	joey|ross	present			medium	
7	69	182.0	183.6	Oh, my God.	Chandler	high	qa_review_resolved_ct_support	1.0	dialogue	False	True	Chandler | Joey	Joey	Joey	True	speaker_offscreen	Speaker agrees with available community-transcript mapping. | QA resolved prior review with community-transcript support.	Nah, not so much. Alright, now we smoke. (Takes a puff.) Oh.. my.. God. (He continues to smoke.)	Chandler	Chandler	present	char_tracker_stage05	joey|ross	absent	0.0		low	speaker_offscreen
7	70	185.28	186.2	Chandler, give me that.	Joey	high	community_transcript_match	1.0	dialogue	False	True	Chandler | Joey	Chandler	Chandler	False		Speaker agrees with available community-transcript mapping.	Chandler give me that. (starts chasing him into the kitchen)	Joey	Joey	present	char_tracker_stage05	joey|monica|ross	present	1.0		high	
7	71	186.2	186.68	No, no, no.	Chandler	high	qa_review_resolved_ct_support	1.0	dialogue	False	True	Chandler | Joey	Joey	Chandler	True	speaker_offscreen	Speaker agrees with available community-transcript mapping. | QA resolved prior review with community-transcript support.	no no you've	Chandler	Chandler	present	char_tracker_stage05	joey|monica|ross	absent	0.0		low	speaker_offscreen
7	72	186.68	187.4	You got your options.	Chandler	high	qa_review_resolved_bridge	1.0	dialogue	False	True	Chandler | Joey	Chandler	Chandler	True	speaker_offscreen	Speaker agrees with available community-transcript mapping. | QA resolved prior review by same-speaker bridge.	No no, you've got your options	Chandler	Chandler	present	char_tracker_stage05	joey|monica|ross	absent	0.0		low	speaker_offscreen
7	73	187.4	188.48	You can smoke it like this.	Chandler	high	qa_review_resolved_ct_support	1.0	dialogue	False	True	Chandler | Joey	Chandler	Joey	True	speaker_offscreen	Speaker agrees with available community-transcript mapping. | QA resolved prior review with community-transcript support.	No no, you’ve got your options.  You can smoke it like this (demonstrates).	Chandler	Chandler	present	char_tracker_stage05	joey|monica|ross	absent	0.0		low	speaker_offscreen
7	74	189.12	189.6	Chandler.	Joey	high	community_transcript_match	1.0	dialogue	False	True	Chandler | Joey	Chandler	Chandler	False		Speaker agrees with available community-transcript mapping.	Chandler!	Joey	Joey	present	char_tracker_stage05	joey|ross	present	1.0		high	
7	75	189.6	191.56	Or you can just hold it in your mouth and smoke it like this.	Chandler	high	qa_review_resolved_ct_support	1.0	dialogue	False	True	Chandler | Joey	Joey	Joey	True	speaker_offscreen	Speaker agrees with available community-transcript mapping. | QA resolved prior review with community-transcript support.	Or you can hold it in your mouth and smoke it like this (demonstrates).	Chandler	Chandler	present	char_tracker_stage05	joey|ross	absent	0.0		low	speaker_offscreen
7	76	191.56	192.76	Chandler, give me this cigarette.	Joey	high	community_transcript_match	1.0	dialogue	False	True	Chandler | Joey	Chandler	Joey	False		Speaker agrees with available community-transcript mapping.	Chandler, give me the cigarette. Give me it, give me it!	Joey	Joey	present	char_tracker_stage05	joey|ross	present	1.0		high	
7	77	192.76	193.08	Give me.	Joey	high	community_transcript_match	1.0	dialogue	False	True	Chandler | Joey	Joey	Joey	False		Speaker agrees with available community-transcript mapping.	Give me it, give me it	Joey	Joey	present	char_tracker_stage05	joey|ross	present	1.0		high	
7	78	193.08	193.4	Give me.	Joey	high	community_transcript_match	1.0	dialogue	False	True	Chandler | Joey	Joey	Chandler	False		Speaker agrees with available community-transcript mapping.	it give me it	Joey	Joey	present	char_tracker_stage05	joey|ross	present	1.0		high	
7	79	193.4	194.08	All right, you try.	Chandler	high	qa_review_resolved_ct_support	1.0	dialogue	False	True	Chandler | Joey	Joey	Joey	True	speaker_offscreen	Speaker agrees with available community-transcript mapping. | QA resolved prior review with community-transcript support.	(gives Joey the cigarette) All right you try.	Chandler	Chandler	present	char_tracker_stage05	joey|ross	absent	0.0		low	speaker_offscreen
7	80	194.16	194.8	Thank you.	Joey	high	community_transcript_match	1.0	dialogue	False	True	Chandler | Joey	Chandler	Joey	False		Speaker agrees with available community-transcript mapping.	Thank you. Ok, how’s this? (takes another drag).	Joey	Joey	present	char_tracker_stage05	joey|ross	present	1.0		high	
7	81	194.88	195.84	Okay, how's this?	Joey	high	community_transcript_match	1.0	dialogue	False	True	Chandler | Joey	Joey	Chandler	False		Speaker agrees with available community-transcript mapping.	Ok, how's this	Joey	Joey	present	char_tracker_stage05	joey|ross	present	1.0		high	
7	82	199.85	200.73	Okay, that's not bad.	Chandler	high	qa_review_resolved_ct_support	1.0	dialogue	False	True	Chandler | Joey	Joey	Chandler	True	speaker_offscreen	Speaker agrees with available community-transcript mapping. | QA resolved prior review with community-transcript support.	That's not bad	Chandler	Chandler	present	char_tracker_stage05	joey|ross	absent	0.0		low	speaker_offscreen
7	83	202.17	204.69	All right, now when you're finished, it's really cool if you flick it.	Chandler	high	qa_review_resolved_bridge	1.0	dialogue	False	True	Chandler | Joey	Chandler	Chandler	True	speaker_no_face	Speaker agrees with available community-transcript mapping. | QA resolved prior review by same-speaker bridge.	That’s not bad. All right, now when you’re finished it’s really cool if you flick it. You kinda flick it. You flick it. (Joey does do) That’s good. Now you keep practicing and uh-I’ll go put out the sofa.	Chandler	Chandler	partial	char_tracker_stage05		absent	0.0		medium	speaker_no_face
7	84	204.69	205.49	You kind of flick it.	Chandler	high	qa_review_resolved_bridge	1.0	dialogue	False	True	Chandler | Joey	Chandler	Chandler	True	speaker_no_face	Speaker agrees with available community-transcript mapping. | QA resolved prior review by same-speaker bridge.	You kinda flick it	Chandler	Chandler	absent	char_tracker_stage05		absent	0.0		medium	speaker_no_face
7	85	205.49	206.25	You flick it.	Chandler	high	qa_review_resolved_bridge	1.0	dialogue	False	True	Chandler | Joey	Chandler	Chandler	True	speaker_no_face	Speaker agrees with available community-transcript mapping. | QA resolved prior review by same-speaker bridge.	You flick it	Chandler	Chandler	absent	char_tracker_stage05		absent	0.0		medium	speaker_no_face
7	86	208.17	208.81	That's good.	Chandler	high	community_transcript_match	1.0	dialogue	False	True	Chandler | Joey	Chandler	Chandler	False		Speaker agrees with available community-transcript mapping.	That's good	Chandler	Chandler	present	char_tracker_stage05	chandler	present	1.0		high	
7	87	209.21	209.57	All right.	Chandler	high	qa_review_resolved_bridge	0.9	dialogue	True	False	Chandler | Joey	Chandler	Chandler	False		Filled from previous same-scene context. | QA resolved prior review by same-speaker bridge.				present	char_tracker_stage05	chandler	present			high	
7	88	209.57	212.729	You keep practicing and I'll go put out the sofa.	Chandler	medium	scene_context_inference	0.68	dialogue	True	False	Chandler | Joey	Chandler		True	medium_confidence_context_fill	Filled from previous same-scene context.				present	char_tracker_stage05	chandler|ross	present			medium	
8	89	217.85	219.97	I thought it had to do with the size of a guy's feet.	Chandler	high	qa_review_resolved_ct_support	1.0	dialogue	False	True	Chandler | Monica		Monica	True	speaker_offscreen	Speaker agrees with available community-transcript mapping. | QA resolved prior review with community-transcript support.	I thought it had to do with size of a guy’s feet.	Chandler	Chandler	present	char_tracker_stage05	joey|ross	absent	0.3333		low	speaker_offscreen
8	90	219.97	221.01	No, no, no, no, no.	Monica	high	qa_review_resolved_ct_support	1.0	dialogue	False	True	Chandler | Monica	Chandler	Monica	True	speaker_offscreen	Speaker agrees with available community-transcript mapping. | QA resolved prior review with community-transcript support.	No, no, no	Monica	Monica	present	char_tracker_stage05	ross	absent	0.0		low	speaker_offscreen
8	91	221.01	226.14	They say it's the same as the distance from the tip of a guy's thumb to the tip of his index finger.	Monica	high	qa_review_resolved_ct_support	1.0	dialogue	False	True	Chandler | Monica	Monica		True	speaker_offscreen	Speaker agrees with available community-transcript mapping. | QA resolved prior review with community-transcript support.	No, no, no. They say it's the same as the distance from the tip of a guy's thumb to the tip of his index finger.	Monica	Monica	present	char_tracker_stage05	ross	absent	0.0		low	speaker_offscreen
9	92	232.62	233.82	That's ridiculous.	Joey	high	qa_review_resolved_ct_support	1.0	dialogue	False	True	Joey | Ross | Chandler | Rachel | All		Ross	True	speaker_no_face	Speaker agrees with available community-transcript mapping. | QA resolved prior review with community-transcript support.	That's ridiculous!	Joey	Joey	absent	char_tracker_stage05		absent	0.0		medium	speaker_no_face
9	93	235.82	237.58	Can I use either thumb?	Ross	high	qa_review_resolved_ct_support	1.0	dialogue	False	True	Joey | Ross | Chandler | Rachel | All	Joey	Chandler	True	speaker_offscreen	Speaker agrees with available community-transcript mapping. | QA resolved prior review with community-transcript support.	Can I use.. either thumb?	Ross	Ross	present	char_tracker_stage05	phoebe	absent	0.0		low	speaker_offscreen
9	94	238.94	240.62	I'd rather go at the foot theory.	Chandler	high	qa_review_resolved_ct_support	1.0	dialogue	False	True	Joey | Ross | Chandler | Rachel | All	Ross	Chandler	True	speaker_offscreen	Speaker agrees with available community-transcript mapping. | QA resolved prior review with community-transcript support.	(comparing the size of his foot with his stretched fingers) I’m going to go with the foot theory.	Chandler	Chandler	present	char_tracker_stage05	monica|rachel	absent	0.0		low	speaker_offscreen
9	95	241.82	243.34	All right, don't tell me, don't tell me.	Chandler	high	qa_review_resolved_bridge	0.9	dialogue	True	False	Joey | Ross | Chandler | Rachel | All	Chandler	Chandler	True	speaker_offscreen	No direct transcript match; longer line defaulted to previous speaker in same scene. | QA resolved prior review by same-speaker bridge.				present	char_tracker_stage05	phoebe	absent			low	speaker_offscreen
9	96	245.1	247.18	Decaf cappuccino for Joey.	Chandler	medium	visual_disambiguation	0.74	dialogue	True	False	Joey | Ross | Chandler | Rachel | All	Chandler	Rachel	False		Only one of the two text-context candidates was visually present in the window.				present	char_tracker_stage05	chandler|joey|ross	present			medium	
9	97	249.9	257.41	Coffee, black latte and a nice tea.	Rachel	medium	visual_disambiguation	0.74	dialogue	True	False	Joey | Ross | Chandler | Rachel | All	Chandler	Rachel	False		Only one of the two text-context candidates was visually present in the window.				present	char_tracker_stage05	rachel	present			medium	
9	98	257.81	259.17	I'm getting pretty good at this.	Rachel	high	community_transcript_match	1.0	dialogue	False	True	Joey | Ross | Chandler | Rachel | All	Rachel	All	False		Speaker agrees with available community-transcript mapping.	(carrying a tray of drinks) Alright, don't tell me, don't tell me! (Starts handing them out.) Decaf cappucino for Joey.. Coffee black.. Late.. And an iced tea. I'm getting pretty good at this!	Rachel	Rachel	present	char_tracker_stage05	rachel	present	1.0		high	
9	99	259.17	259.89	Excellent.	All	high	community_transcript_match	1.0	dialogue	False	True	Joey | Ross | Chandler | Rachel | All	Rachel	Rachel	False		Speaker agrees with available community-transcript mapping.	Yeah. Yeah, excellent.	All	All	present	char_tracker_stage05	rachel	unobserved			high	
9	100	261.25	262.21	Good for me.	Rachel	high	community_transcript_match	1.0	dialogue	False	True	Joey | Ross | Chandler | Rachel | All	All	Rachel	False		Speaker agrees with available community-transcript mapping.	(leaving to serve others) Good for me!	Rachel	Rachel	present	char_tracker_stage05	chandler|joey|rachel	present	0.5		high	
9	101	271.57	272.61	I don't have to do that.	Rachel	high	qa_review_resolved_bridge	0.9	dialogue	True	False	Joey | Ross | Chandler | Rachel | All	Rachel	Rachel	True	speaker_no_face	Filled from previous same-scene context. | QA resolved prior review by same-speaker bridge.				absent	char_tracker_stage05		absent			medium	speaker_no_face
9	102	275.17	275.73	Okay.	Rachel	medium	scene_context_inference	0.68	dialogue	True	False	Joey | Ross | Chandler | Rachel | All	Rachel		True	scene_end_short_utterance | speaker_no_face	Filled from previous same-scene context.				absent	char_tracker_stage05		absent			medium	speaker_no_face
10	103	276.85	277.33	Phoebe?	Joey	high	community_transcript_match	1.0	dialogue	False	True	Joey | Phoebe | Monica | Chandler | Rachel		Phoebe	False		Speaker agrees with available community-transcript mapping.	Y'okay, Phoebe?	Joey	Joey	present	char_tracker_stage05	chandler|joey|phoebe|rachel|ross	present	0.5		high	
10	104	277.33	277.69	Yeah.	Phoebe	medium	short_turn_alternation	0.7	dialogue	True	False	Joey | Phoebe | Monica | Chandler | Rachel	Joey	Phoebe	True	short_utterance_between_two_speakers	Short utterance inferred from local turn alternation.				present	char_tracker_stage05	chandler|joey|phoebe|rachel|ross	present			medium	
10	105	277.69	278.25	No, I'm just.	Phoebe	high	scene_context_bridge	0.88	dialogue	True	False	Joey | Phoebe | Monica | Chandler | Rachel	Phoebe	Phoebe	False		Same speaker appears on both sides within the same scene.				present	char_tracker_stage05	chandler|joey|phoebe|rachel|ross	present			high	
10	106	278.25	278.57	It's not.	Phoebe	high	scene_context_bridge	0.88	dialogue	True	False	Joey | Phoebe | Monica | Chandler | Rachel	Phoebe	Phoebe	False		Same speaker appears on both sides within the same scene.				present	char_tracker_stage05	chandler|joey|phoebe|ross	present			high	
10	107	278.57	279.3	It's not even worth it.	Phoebe	high	scene_context_bridge	0.88	dialogue	True	False	Joey | Phoebe | Monica | Chandler | Rachel	Phoebe	Phoebe	False		Same speaker appears on both sides within the same scene.				present	char_tracker_stage05	chandler|joey|phoebe|ross	present			high	
10	108	279.53	280.09	It's my bank.	Phoebe	high	community_transcript_match	1.0	dialogue	False	True	Joey | Phoebe | Monica | Chandler | Rachel	Phoebe	Monica	False		Speaker agrees with available community-transcript mapping.	Yeah- no- I'm just- it's, I haven't worked- It's my bank.	Phoebe	Phoebe	present	char_tracker_stage05	chandler|joey|phoebe|ross	present	1.0		high	
10	109	281.13	282.29	What did they do to you?	Monica	high	qa_review_resolved_ct_support	1.0	dialogue	False	True	Joey | Phoebe | Monica | Chandler | Rachel	Phoebe	Phoebe	True	speaker_offscreen	Speaker agrees with available community-transcript mapping. | QA resolved prior review with community-transcript support.	What did they do to you?	Monica	Monica	present	char_tracker_stage05	joey|phoebe|ross	absent	0.0		low	speaker_offscreen
10	110	282.29	282.85	It's not.	Phoebe	low	scene_context_inference	0.58	dialogue	True	False	Joey | Phoebe | Monica | Chandler | Rachel	Monica	Phoebe	True	two_sided_context_ambiguous | speaker_no_face	No direct transcript match; weak local context only.				absent	char_tracker_stage05		absent			low	speaker_no_face
10	111	282.85	283.37	It's just.	Phoebe	high	qa_review_resolved_bridge	1.0	dialogue	False	True	Joey | Phoebe | Monica | Chandler | Rachel	Phoebe	Phoebe	True	speaker_no_face	Speaker agrees with available community-transcript mapping. | QA resolved prior review by same-speaker bridge.	It's nothing, it's just- Okay. I'm going through my mail, and I open up their monthly, you know, STATEMENT-	Phoebe	Phoebe	absent	char_tracker_stage05		absent	0.0		medium	speaker_no_face
10	112	283.37	287.93	Okay, I'm going through my mail and I open up their monthly, you know, statement, easy.	Phoebe	high	qa_review_resolved_bridge	1.0	dialogue	False	True	Joey | Phoebe | Monica | Chandler | Rachel	Phoebe	Phoebe	True	speaker_no_face	Speaker agrees with available community-transcript mapping. | QA resolved prior review by same-speaker bridge.	I'm going through my mail, and I open up their monthly, you know, STATEMENT	Phoebe	Phoebe	absent	char_tracker_stage05		absent	0.0		medium	speaker_no_face
10	113	290.81	293.45	And there's 500 extra dollars in my account.	Phoebe	high	qa_review_resolved_ct_support	1.0	dialogue	False	True	Joey | Phoebe | Monica | Chandler | Rachel	Phoebe	Chandler	True	speaker_offscreen	Speaker agrees with available community-transcript mapping. | QA resolved prior review with community-transcript support.	- and there's five hundred extra dollars in my account.	Phoebe	Phoebe	present	char_tracker_stage05	ross	absent	0.25		low	speaker_offscreen
10	114	293.61	295.93	Oh, Satan's minions at work again.	Chandler	high	qa_review_resolved_ct_support	1.0	dialogue	False	True	Joey | Phoebe | Monica | Chandler | Rachel	Phoebe	Phoebe	True	speaker_offscreen	Speaker agrees with available community-transcript mapping. | QA resolved prior review with community-transcript support.	Oh, Satan's minions at work again...	Chandler	Chandler	present	char_tracker_stage05	phoebe|ross	absent	0.3333		low	speaker_offscreen
10	115	297.45	297.85	Yes.	Phoebe	high	qa_review_resolved_ct_support	1.0	dialogue	False	True	Joey | Phoebe | Monica | Chandler | Rachel	Chandler	Phoebe	True	speaker_offscreen	Speaker agrees with available community-transcript mapping. | QA resolved prior review with community-transcript support.	yes 'cause	Phoebe	Phoebe	present	char_tracker_stage05	chandler|joey|ross	absent	0.0		low	speaker_offscreen
10	116	297.85	300.09	Cause now I have to go down there and deal with them.	Phoebe	high	qa_review_resolved_ct_support	1.0	dialogue	False	True	Joey | Phoebe | Monica | Chandler | Rachel	Phoebe	Joey	True	speaker_offscreen	Speaker agrees with available community-transcript mapping. | QA resolved prior review with community-transcript support.	Yes, 'cause now I have to go down there, and deal with them.	Phoebe	Phoebe	present	char_tracker_stage05	chandler|joey|ross	absent	0.0		low	speaker_offscreen
10	117	300.17	301.29	What are you talking about?	Joey	high	qa_review_resolved_ct_support	1.0	dialogue	False	True	Joey | Phoebe | Monica | Chandler | Rachel	Phoebe	Joey	True	speaker_no_face	Speaker agrees with available community-transcript mapping. | QA resolved prior review with community-transcript support.	What are you talking about? Keep it!	Joey	Joey	absent	char_tracker_stage05		absent	0.0		medium	speaker_no_face
10	118	301.45	302.09	Keep it.	Joey	high	qa_review_resolved_ct_support	1.0	dialogue	False	True	Joey | Phoebe | Monica | Chandler | Rachel	Joey	Phoebe	True	speaker_no_face	Speaker agrees with available community-transcript mapping. | QA resolved prior review with community-transcript support.	Keep it	Joey	Joey	absent	char_tracker_stage05		absent	0.0		medium	speaker_no_face
10	119	302.33	303.29	It's not mine.	Phoebe	high	qa_review_resolved_ct_support	1.0	dialogue	False	True	Joey | Phoebe | Monica | Chandler | Rachel	Joey	Phoebe	True	speaker_offscreen	Speaker agrees with available community-transcript mapping. | QA resolved prior review with community-transcript support.	it's not mine	Phoebe	Phoebe	present	char_tracker_stage05	rachel	absent	0.0		low	speaker_offscreen
10	120	303.61	304.57	I didn't earn it.	Phoebe	high	qa_review_resolved_bridge	1.0	dialogue	False	True	Joey | Phoebe | Monica | Chandler | Rachel	Phoebe	Phoebe	True	speaker_offscreen	Speaker agrees with available community-transcript mapping. | QA resolved prior review by same-speaker bridge.	it's not mine i didn't earn it	Phoebe	Phoebe	present	char_tracker_stage05	rachel	absent	0.0		low	speaker_offscreen
10	121	304.57	306.41	If I kept it, it would be like stealing.	Phoebe	high	qa_review_resolved_ct_support	1.0	dialogue	False	True	Joey | Phoebe | Monica | Chandler | Rachel	Phoebe	Rachel	True	speaker_offscreen	Speaker agrees with available community-transcript mapping. | QA resolved prior review with community-transcript support.	It's not mine, I didn't earn it, if I kept it, it would be like stealing.	Phoebe	Phoebe	present	char_tracker_stage05	rachel	absent	0.0		low	speaker_offscreen
10	122	306.41	309.07	Yeah, but if you spit, it would be like shopping.	Rachel	high	qa_review_resolved_ct_support	1.0	dialogue	False	True	Joey | Phoebe | Monica | Chandler | Rachel	Phoebe	Phoebe	True	speaker_offscreen	Speaker agrees with available community-transcript mapping. | QA resolved prior review with community-transcript support.	Yeah, but if you spent it, it would be like shopping!	Rachel	Rachel	present	char_tracker_stage05	monica|phoebe	absent	0.25		low	speaker_offscreen
10	123	311.31	312.67	Okay, okay.	Phoebe	high	qa_review_resolved_ct_support	1.0	dialogue	False	True	Joey | Phoebe | Monica | Chandler | Rachel	Rachel	Phoebe	True	speaker_offscreen	Speaker agrees with available community-transcript mapping. | QA resolved prior review with community-transcript support.	Okay	Phoebe	Phoebe	present	char_tracker_stage05	monica	absent	0.0		low	speaker_offscreen
10	124	312.67	314.87	Let's say I bought a really great pair of shoes.	Phoebe	high	qa_review_resolved_bridge	1.0	dialogue	False	True	Joey | Phoebe | Monica | Chandler | Rachel	Phoebe	Phoebe	True	speaker_offscreen	Speaker agrees with available community-transcript mapping. | QA resolved prior review by same-speaker bridge.	Okay, let's say I bought a really great pair of shoes	Phoebe	Phoebe	present	char_tracker_stage05	monica	absent	0.0		low	speaker_offscreen
10	125	314.87	317.15	Do you know what I'd hear with every step I took?	Phoebe	high	qa_review_resolved_bridge	1.0	dialogue	False	True	Joey | Phoebe | Monica | Chandler | Rachel	Phoebe	Phoebe	True	speaker_offscreen	Speaker agrees with available community-transcript mapping. | QA resolved prior review by same-speaker bridge.	Okay. Okay, let's say I bought a really great pair of shoes. Do you know what I'd hear, with every step I took? 'Not-mine. Not-mine. Not-mine.' And even if I was happy, okay, and, and skipping- 'Not-not-mine, not-not-mine, not-not-mine, not-not-mine'...	Phoebe	Phoebe	present	char_tracker_stage05	monica	absent	0.0		low	speaker_offscreen
10	126	317.39	320.03	Not mine, not mine, not mine.	Phoebe	high	qa_review_resolved_bridge	0.9	dialogue	True	False	Joey | Phoebe | Monica | Chandler | Rachel	Phoebe	Phoebe	True	speaker_no_face	No direct transcript match; longer line defaulted to previous speaker in same scene. | QA resolved prior review by same-speaker bridge.				absent	char_tracker_stage05		absent			medium	speaker_no_face
10	127	320.27	321.99	And even if I was happy, okay.	Phoebe	high	qa_review_resolved_bridge	0.9	dialogue	True	False	Joey | Phoebe | Monica | Chandler | Rachel	Phoebe	Phoebe	True	speaker_no_face	Continuation-style opener favors previous speaker within the same scene. | QA resolved prior review by same-speaker bridge.				absent	char_tracker_stage05		absent			medium	speaker_no_face
10	128	321.99	325.31	And skipping I'd hear, not, not mine, not, not mine.	Phoebe	medium	scene_context_inference	0.7100000000000001	dialogue	True	False	Joey | Phoebe | Monica | Chandler | Rachel	Phoebe	Monica	True	medium_confidence_context_fill | speaker_no_face	Continuation-style opener favors previous speaker within the same scene.				partial	char_tracker_stage05		absent			medium	speaker_no_face
10	129	326.51	327.31	We're with you.	Monica	high	qa_review_resolved_ct_support	1.0	dialogue	False	True	Joey | Phoebe | Monica | Chandler | Rachel	Phoebe	Monica	True	speaker_offscreen	Speaker agrees with available community-transcript mapping. | QA resolved prior review with community-transcript support.	We're with you. We got it.	Monica	Monica	present	char_tracker_stage05	rachel	absent	0.0		low	speaker_offscreen
10	130	327.39	328.19	We got it.	Monica	high	qa_review_resolved_ct_support	1.0	dialogue	False	True	Joey | Phoebe | Monica | Chandler | Rachel	Monica	Phoebe	True	speaker_no_face	Speaker agrees with available community-transcript mapping. | QA resolved prior review with community-transcript support.	We got it	Monica	Monica	absent	char_tracker_stage05		absent	0.0		medium	speaker_no_face
10	131	328.43	328.99	Okay.	Phoebe	medium	short_turn_alternation	0.7	dialogue	True	False	Joey | Phoebe | Monica | Chandler | Rachel	Monica	Phoebe	True	short_utterance_between_two_speakers | speaker_no_face	Short utterance inferred from local turn alternation.				absent	char_tracker_stage05		absent			medium	speaker_no_face
10	132	329.31	329.75	I just.	Phoebe	high	qa_review_resolved_ct_support	1.0	dialogue	False	True	Joey | Phoebe | Monica | Chandler | Rachel	Phoebe		True	speaker_no_face	Speaker agrees with available community-transcript mapping. | QA resolved prior review with community-transcript support.	i'd just	Phoebe	Phoebe	absent	char_tracker_stage05		absent	0.0		medium	speaker_no_face
11	133	329.75	331.11	I'd never be able to enjoy it.	Phoebe	high	qa_review_resolved_ct_support	1.0	dialogue	False	True	Phoebe | Rachel | Monica		Phoebe	True	speaker_offscreen	Speaker agrees with available community-transcript mapping. | QA resolved prior review with community-transcript support.	I'd- just- I'd never be able to enjoy it	Phoebe	Phoebe	present	char_tracker_stage05	rachel	absent	0.0		low	speaker_offscreen
11	134	331.11	332.99	It would be like this giant karmic debt.	Phoebe	high	qa_review_resolved_ct_support	1.0	dialogue	False	True	Phoebe | Rachel | Monica	Phoebe	Rachel	True	speaker_offscreen	Speaker agrees with available community-transcript mapping. | QA resolved prior review with community-transcript support.	Okay. I'd- just- I'd never be able to enjoy it. It would be like this giant karmic debt.	Phoebe	Phoebe	present	char_tracker_stage05	rachel	absent	0.0		low	speaker_offscreen
11	135	333.72	334.52	Chandler, what are you doing?	Rachel	high	qa_review_resolved_ct_support	1.0	dialogue	False	True	Phoebe | Rachel | Monica	Phoebe	Monica	True	speaker_no_face	Speaker agrees with available community-transcript mapping. | QA resolved prior review with community-transcript support.	Chandler, what are you doing?	Rachel	Rachel	absent	char_tracker_stage05		absent	0.0		medium	speaker_no_face
11	136	335.08	337.08	Hey, what are you doing?	Monica	high	qa_review_resolved_ct_support	1.0	dialogue	False	True	Phoebe | Rachel | Monica	Rachel		True	speaker_no_face	Speaker agrees with available community-transcript mapping. | QA resolved prior review with community-transcript support.	(pulling him up) Hey. Whaddya doing?	Monica	Monica	absent	char_tracker_stage05		absent	0.0		medium	speaker_no_face
12	137	340.76	341.48	Oh, no.	All	high	community_transcript_match	1.0	dialogue	False	True	All | Ross | Chandler | Phoebe | Monica | Rachel | Joey		Ross	False		Speaker agrees with available community-transcript mapping.	Oh! Oh, God!	All	All	present	char_tracker_stage05	rachel	unobserved			high	
12	138	343.88	344.52	What is this?	Ross	high	qa_review_resolved_ct_support	1.0	dialogue	False	True	All | Ross | Chandler | Phoebe | Monica | Rachel | Joey	All	Chandler	True	speaker_no_face	Speaker agrees with available community-transcript mapping. | QA resolved prior review with community-transcript support.	What is this?!	Ross	Ross	absent	char_tracker_stage05		absent	0.0		medium	speaker_no_face
12	139	344.52	345.2	I'm smoking.	Chandler	high	qa_review_resolved_ct_support	1.0	dialogue	False	True	All | Ross | Chandler | Phoebe | Monica | Rachel | Joey	Ross	Chandler	True	speaker_offscreen	Speaker agrees with available community-transcript mapping. | QA resolved prior review with community-transcript support.	i'm smoking i'm smoking	Chandler	Chandler	present	char_tracker_stage05	rachel	absent	0.0		low	speaker_offscreen
12	140	345.2	345.8	I'm smoking.	Chandler	high	qa_review_resolved_ct_support	1.0	dialogue	False	True	All | Ross | Chandler | Phoebe | Monica | Rachel | Joey	Chandler	Phoebe	True	speaker_offscreen	Speaker agrees with available community-transcript mapping. | QA resolved prior review with community-transcript support.	I'm smoking. I'm smoking, I'm smoking.	Chandler	Chandler	present	char_tracker_stage05	rachel	absent	0.0		low	speaker_offscreen
12	141	346.04	347.2	Oh, I can't believe you.	Phoebe	high	qa_review_resolved_ct_support	1.0	dialogue	False	True	All | Ross | Chandler | Phoebe | Monica | Rachel | Joey	Chandler	Chandler	True	speaker_offscreen	Speaker agrees with available community-transcript mapping. | QA resolved prior review with community-transcript support.	Oh, I can't believe you! You've been so good, for three years!	Phoebe	Phoebe	present	char_tracker_stage05	rachel	absent	0.0		low	speaker_offscreen
12	142	347.2	350.76	You've been so good for three years, and this is my reward.	Chandler	high	qa_review_resolved_ct_support	1.0	dialogue	False	True	All | Ross | Chandler | Phoebe | Monica | Rachel | Joey	Phoebe	Ross	True	speaker_offscreen	Speaker agrees with available community-transcript mapping. | QA resolved prior review with community-transcript support.	And this- is my reward!	Chandler	Chandler	present	char_tracker_stage05	rachel	absent	0.0		low	speaker_offscreen
12	143	352.92	354.2	Hold on a second, all right?	Ross	high	qa_review_resolved_ct_support	1.0	dialogue	False	True	All | Ross | Chandler | Phoebe | Monica | Rachel | Joey	Chandler	Ross	True	speaker_offscreen	Speaker agrees with available community-transcript mapping. | QA resolved prior review with community-transcript support.	Hold on a second, alright	Ross	Ross	present	char_tracker_stage05	rachel	absent	0.0		low	speaker_offscreen
12	144	354.2	356.68	Just think about what you went through the last time you quit.	Ross	high	qa_review_resolved_bridge	1.0	dialogue	False	True	All | Ross | Chandler | Phoebe | Monica | Rachel | Joey	Ross	Ross	True	speaker_no_face	Speaker agrees with available community-transcript mapping. | QA resolved prior review by same-speaker bridge.	Hold on a second, alright? Just think about what you went through the last time you quit. Nah you know what? Forget about you! Think about what we went through the last time you quit.	Ross	Ross	partial	char_tracker_stage05		absent	0.0		medium	speaker_no_face
12	145	356.68	357.16	You know what?	Ross	high	qa_review_resolved_bridge	1.0	dialogue	False	True	All | Ross | Chandler | Phoebe | Monica | Rachel | Joey	Ross	Ross	True	speaker_no_face	Speaker agrees with available community-transcript mapping. | QA resolved prior review by same-speaker bridge.	Nah you know what	Ross	Ross	absent	char_tracker_stage05		absent	0.0		medium	speaker_no_face
12	146	357.16	357.88	Forget about you.	Ross	high	qa_review_resolved_bridge	1.0	dialogue	False	True	All | Ross | Chandler | Phoebe | Monica | Rachel | Joey	Ross	Ross	True	speaker_no_face	Speaker agrees with available community-transcript mapping. | QA resolved prior review by same-speaker bridge.	Forget about you	Ross	Ross	absent	char_tracker_stage05		absent	0.0		medium	speaker_no_face
12	147	357.96	360.36	Think about what we went through the last time you quit.	Ross	high	qa_review_resolved_ct_support	1.0	dialogue	False	True	All | Ross | Chandler | Phoebe | Monica | Rachel | Joey	Ross	Chandler	True	speaker_offscreen	Speaker agrees with available community-transcript mapping. | QA resolved prior review with community-transcript support.	Think about what we went through the last time you quit	Ross	Ross	present	char_tracker_stage05	monica|phoebe	absent	0.0		low	speaker_offscreen
12	148	360.68	362.52	Okay, so this time I won't quit.	Chandler	high	qa_review_resolved_ct_support	1.0	dialogue	False	True	All | Ross | Chandler | Phoebe | Monica | Rachel | Joey	Ross	All	True	speaker_offscreen	Speaker agrees with available community-transcript mapping. | QA resolved prior review with community-transcript support.	Okay, so this time I won't quit!	Chandler	Chandler	present	char_tracker_stage05	monica|phoebe	absent	0.0		low	speaker_offscreen
12	149	362.68	363.32	Put it out.	All	high	community_transcript_match	1.0	dialogue	False	True	All | Ross | Chandler | Phoebe | Monica | Rachel | Joey	Chandler	Chandler	False		Speaker agrees with available community-transcript mapping.	Ohhh! Put it out!	All	All	absent	char_tracker_stage05		unobserved			high	
12	150	363.4	363.84	All right.	Chandler	high	qa_review_resolved_ct_support	1.0	dialogue	False	True	All | Ross | Chandler | Phoebe | Monica | Rachel | Joey	All	Chandler	True	speaker_no_face	Speaker agrees with available community-transcript mapping. | QA resolved prior review with community-transcript support.	All right	Chandler	Chandler	absent	char_tracker_stage05		absent	0.0		medium	speaker_no_face
12	151	363.84	364.44	Putting it out.	Chandler	high	qa_review_resolved_bridge	1.0	dialogue	False	True	All | Ross | Chandler | Phoebe | Monica | Rachel | Joey	Chandler	Chandler	True	speaker_no_face	Speaker agrees with available community-transcript mapping. | QA resolved prior review by same-speaker bridge.	All right! I'm putting it out, I'm putting it out. (He drops it in Phoebe's coffee.)	Chandler	Chandler	absent	char_tracker_stage05		absent	0.0		medium	speaker_no_face
12	152	364.44	364.99	Putting it.	Chandler	high	qa_review_resolved_ct_support	1.0	dialogue	False	True	All | Ross | Chandler | Phoebe | Monica | Rachel | Joey	Chandler	Phoebe	True	speaker_no_face	Speaker agrees with available community-transcript mapping. | QA resolved prior review with community-transcript support.	all right i'm i'm putting it out	Chandler	Chandler	absent	char_tracker_stage05		absent	0.0		medium	speaker_no_face
12	153	366.5	369.3	Oh, no, I can't drink this now.	Phoebe	high	qa_review_resolved_ct_support	1.0	dialogue	False	True	All | Ross | Chandler | Phoebe | Monica | Rachel | Joey	Chandler	Monica	True	speaker_offscreen	Speaker agrees with available community-transcript mapping. | QA resolved prior review with community-transcript support.	Oh, no! I- I can't drink this now!	Phoebe	Phoebe	present	char_tracker_stage05	rachel	absent	0.0		low	speaker_offscreen
12	154	374.26	375.78	All right, I'm gonna go change.	Monica	high	qa_review_resolved_ct_support	1.0	dialogue	False	True	All | Ross | Chandler | Phoebe | Monica | Rachel | Joey	Phoebe	Monica	True	speaker_offscreen	Speaker agrees with available community-transcript mapping. | QA resolved prior review with community-transcript support.	alright i'm gonna go change	Monica	Monica	present	char_tracker_stage05	phoebe	absent	0.0		low	speaker_offscreen
12	155	375.78	376.5	I've got a date.	Monica	high	qa_review_resolved_ct_support	1.0	dialogue	False	True	All | Ross | Chandler | Phoebe | Monica | Rachel | Joey	Monica	Rachel	True	speaker_offscreen	Speaker agrees with available community-transcript mapping. | QA resolved prior review with community-transcript support.	Alright. I'm gonna go change, I've got a date.	Monica	Monica	present	char_tracker_stage05	phoebe	absent	0.0		low	speaker_offscreen
12	156	376.5	377.62	Is this Alan again?	Rachel	high	qa_review_resolved_ct_support	1.0	dialogue	False	True	All | Ross | Chandler | Phoebe | Monica | Rachel | Joey	Monica	Rachel	True	speaker_no_face	Speaker agrees with available community-transcript mapping. | QA resolved prior review with community-transcript support.	This Alan again? How's it goin'?	Rachel	Rachel	absent	char_tracker_stage05		absent	0.0		medium	speaker_no_face
12	157	378.1	378.98	How's it going?	Rachel	high	qa_review_resolved_ct_support	1.0	dialogue	False	True	All | Ross | Chandler | Phoebe | Monica | Rachel | Joey	Rachel	Monica	True	speaker_no_face	Speaker agrees with available community-transcript mapping. | QA resolved prior review with community-transcript support.	How's it goin'	Rachel	Rachel	absent	char_tracker_stage05		absent	0.0		medium	speaker_no_face
12	158	379.94	380.7	Going pretty good.	Monica	low	scene_context_inference	0.58	dialogue	True	False	All | Ross | Chandler | Phoebe | Monica | Rachel | Joey	Rachel	Monica	True	two_sided_context_ambiguous | speaker_no_face	No direct transcript match; weak local context only.				absent	char_tracker_stage05		absent			low	speaker_no_face
12	159	380.7	382.5	You know, it's nice.	Monica	high	qa_review_resolved_bridge	0.9	dialogue	True	False	All | Ross | Chandler | Phoebe | Monica | Rachel | Joey	Monica	Monica	True	speaker_no_face	Same speaker appears on both sides within the same scene. | QA resolved prior review by same-speaker bridge.				absent	char_tracker_stage05		absent			medium	speaker_no_face
12	160	382.58	383.38	We're having fun.	Monica	high	qa_review_resolved_ct_support	1.0	dialogue	False	True	All | Ross | Chandler | Phoebe | Monica | Rachel | Joey	Monica	Joey	True	speaker_no_face	Speaker agrees with available community-transcript mapping. | QA resolved prior review with community-transcript support.	'S'going pretty good, y'know? It's nice, and, we're having fun.	Monica	Monica	absent	char_tracker_stage05		absent	0.0		medium	speaker_no_face
12	161	383.46	384.9	So when do we get to meet the guy?	Joey	high	qa_review_resolved_ct_support	1.0	dialogue	False	True	All | Ross | Chandler | Phoebe | Monica | Rachel | Joey	Monica	Joey	True	speaker_offscreen	Speaker agrees with available community-transcript mapping. | QA resolved prior review with community-transcript support.	So when do we get to meet the guy?	Joey	Joey	present	char_tracker_stage05	chandler|ross	absent	0.0		low	speaker_offscreen
12	162	384.9	386.74	Yeah, I say today's Monday.	Joey	medium	scene_context_inference	0.66	dialogue	True	False	All | Ross | Chandler | Phoebe | Monica | Rachel | Joey	Joey	Monica	True	two_sided_context_ambiguous | speaker_offscreen	No direct transcript match; longer line defaulted to previous speaker in same scene.				present	char_tracker_stage05	chandler|ross	absent			low	speaker_offscreen
12	163	387.78	388.18	Never.	Monica	high	qa_review_resolved_ct_support	1.0	dialogue	False	True	All | Ross | Chandler | Phoebe | Monica | Rachel | Joey	Joey	Monica	True	speaker_offscreen	Speaker agrees with available community-transcript mapping. | QA resolved prior review with community-transcript support.	Let's see, today's Monday... Never.	Monica	Monica	present	char_tracker_stage05	ross	absent	0.0		low	speaker_offscreen
12	164	389.7	390.5	No, no.	Monica	high	qa_review_resolved_bridge	1.0	dialogue	False	True	All | Ross | Chandler | Phoebe | Monica | Rachel | Joey	Monica	Monica	True	speaker_offscreen	Speaker agrees with available community-transcript mapping. | QA resolved prior review by same-speaker bridge.	No	Monica	Monica	present	char_tracker_stage05	ross	absent	0.0		low	speaker_offscreen
12	165	390.5	391.9	Not after what happened with Steve.	Monica	high	qa_review_resolved_ct_support	1.0	dialogue	False	True	All | Ross | Chandler | Phoebe | Monica | Rachel | Joey	Monica	Chandler	True	speaker_offscreen	Speaker agrees with available community-transcript mapping. | QA resolved prior review with community-transcript support.	No. Not after what happened with Steve.	Monica	Monica	present	char_tracker_stage05	ross	absent	0.0		low	speaker_offscreen
12	166	391.9	392.94	What are you talking about?	Chandler	high	community_transcript_match	1.0	dialogue	False	True	All | Ross | Chandler | Phoebe | Monica | Rachel | Joey	Monica	Chandler	False		Speaker agrees with available community-transcript mapping.	What are you talking about? We love Schhteve! Schhteve was schhexy!.. Sorry.	Chandler	Chandler	present	char_tracker_stage05	chandler	present	0.5		high	
12	167	392.94	394.26	We love Steve.	Chandler	high	community_transcript_match	1.0	dialogue	False	True	All | Ross | Chandler | Phoebe | Monica | Rachel | Joey	Chandler	Chandler	False		Speaker agrees with available community-transcript mapping.	We love Schhteve	Chandler	Chandler	present	char_tracker_stage05	chandler	present	1.0		high	
12	168	394.42	395.06	Steve.	Chandler	medium	visual_disambiguation	0.74	dialogue	True	False	All | Ross | Chandler | Phoebe | Monica | Rachel | Joey	Chandler	Chandler	False		Only one of the two text-context candidates was visually present in the window.				present	char_tracker_stage05	chandler|ross	present			medium	
12	169	399.68	400.0	Sorry.	Chandler	medium	visual_disambiguation	0.74	dialogue	True	False	All | Ross | Chandler | Phoebe | Monica | Rachel | Joey	Chandler	Monica	False		Only one of the two text-context candidates was visually present in the window.				present	char_tracker_stage05	chandler|ross	present			medium	
12	170	400.48	402.32	Look, I don't even know how I feel about him yet.	Monica	high	qa_review_resolved_ct_support	1.0	dialogue	False	True	All | Ross | Chandler | Phoebe | Monica | Rachel | Joey	Chandler	Monica	True	speaker_no_face	Speaker agrees with available community-transcript mapping. | QA resolved prior review with community-transcript support.	Look, I don't even know how I feel about him yet. Just give me a chance to figure that out.	Monica	Monica	partial	char_tracker_stage05		absent	0.0		medium	speaker_no_face
12	171	402.32	403.84	Just give me a chance to figure that out.	Monica	high	qa_review_resolved_ct_support	1.0	dialogue	False	True	All | Ross | Chandler | Phoebe | Monica | Rachel | Joey	Monica	Rachel	True	speaker_no_face	Speaker agrees with available community-transcript mapping. | QA resolved prior review with community-transcript support.	Just give me a chance to figure that out	Monica	Monica	absent	char_tracker_stage05		absent	0.0		medium	speaker_no_face
12	172	403.92	405.28	Well, then can we meet him?	Rachel	high	qa_review_resolved_ct_support	1.0	dialogue	False	True	All | Ross | Chandler | Phoebe | Monica | Rachel | Joey	Monica	Monica	True	speaker_no_face	Speaker agrees with available community-transcript mapping. | QA resolved prior review with community-transcript support.	Well, then can we meet him?	Rachel	Rachel	absent	char_tracker_stage05		absent	0.0		medium	speaker_no_face
12	173	406.08	406.72	Nope.	Monica	high	qa_review_resolved_ct_support	1.0	dialogue	False	True	All | Ross | Chandler | Phoebe | Monica | Rachel | Joey	Rachel	Monica	True	speaker_no_face	Speaker agrees with available community-transcript mapping. | QA resolved prior review with community-transcript support.	Nope. Schhorry.	Monica	Monica	absent	char_tracker_stage05		absent	0.0		medium	speaker_no_face
12	174	407.44	408.0	Sorry.	Monica	high	qa_review_resolved_ct_support	1.0	dialogue	False	True	All | Ross | Chandler | Phoebe | Monica | Rachel | Joey	Monica		True	speaker_offscreen	Speaker agrees with available community-transcript mapping. | QA resolved prior review with community-transcript support.	Schhorry	Monica	Monica	present	char_tracker_stage05	ross	absent	0.0		low	speaker_offscreen
13	175	411.12	413.44	Joey, Joey, let it go.	Ross	high	qa_review_resolved_ct_support	1.0	dialogue	False	True	Ross			True	speaker_no_face	Speaker agrees with available community-transcript mapping. | QA resolved prior review with community-transcript support.	Joey-joey. Let it go.	Ross	Ross	absent	char_tracker_stage05		absent	0.0		medium	speaker_no_face
14	176	418.32	419.56	Why should I let them meet him?	Monica	high	qa_review_resolved_ct_support	1.0	dialogue	False	True	Monica | Paula		Monica	True	speaker_offscreen	Speaker agrees with available community-transcript mapping. | QA resolved prior review with community-transcript support.	I mean, why should I let them meet him	Monica	Monica	present	char_tracker_stage05	chandler|joey|ross	absent	0.0		low	speaker_offscreen
14	177	419.56	422.2	I mean, I bring a guy home and within five minutes they're all over him.	Monica	high	qa_review_resolved_bridge	1.0	dialogue	False	True	Monica | Paula	Monica	Monica	True	speaker_offscreen	Speaker agrees with available community-transcript mapping. | QA resolved prior review by same-speaker bridge.	I mean, why should I let them meet him? I mean, I bring a guy home, and within five minutes they're all over him. I mean, they're like- coyotes, picking off the weak members of the herd.	Monica	Monica	present	char_tracker_stage05	joey|ross	absent	0.0		low	speaker_offscreen
14	178	422.2	425.85	I mean, they're like coyotes picking off the weak members of the herd.	Monica	high	qa_review_resolved_ct_support	1.0	dialogue	False	True	Monica | Paula	Monica	Paula	True	speaker_offscreen	Speaker agrees with available community-transcript mapping. | QA resolved prior review with community-transcript support.	I mean, they're like- coyotes, picking off the weak members of the herd	Monica	Monica	present	char_tracker_stage05	ross	absent	0.0		low	speaker_offscreen
14	179	427.21	435.69	Listen, as someone who's seen more than her share of bad beef I'll tell you, that is not such a terrible thing.	Paula	high	community_transcript_match	1.0	dialogue	False	True	Monica | Paula	Monica	Monica	False		Speaker agrees with available community-transcript mapping.	Listen. As someone who's seen more than her fair share of bad beef, I'll tell you. That is not such a terrible thing. I mean, they're your friends, they're just looking out after you.	Paula	Paula	present	char_tracker_stage05	chandler	unobserved			high	
14	180	435.85	436.77	Come on, now, though.	Monica	low	scene_context_inference	0.58	dialogue	True	False	Monica | Paula	Paula	Monica	True	two_sided_context_ambiguous | speaker_offscreen	No direct transcript match; weak local context only.				present	char_tracker_stage05	chandler|ross	absent			low	speaker_offscreen
14	181	436.77	438.57	Your friends are just looking out after you.	Monica	high	qa_review_resolved_bridge	0.9	dialogue	True	False	Monica | Paula	Monica	Monica	True	speaker_offscreen	Same speaker appears on both sides within the same scene. | QA resolved prior review by same-speaker bridge.				present	char_tracker_stage05	chandler|joey|ross	absent			low	speaker_offscreen
14	182	439.29	442.09	I just wish that once I'd bring a guy home they actually liked.	Monica	high	qa_review_resolved_ct_support	1.0	dialogue	False	True	Monica | Paula	Monica	Paula	True	speaker_offscreen	Speaker agrees with available community-transcript mapping. | QA resolved prior review with community-transcript support.	I know. I just wish that once, I'd bring a guy home that they actually liked.	Monica	Monica	present	char_tracker_stage05	joey	absent	0.0		low	speaker_offscreen
14	183	442.17	448.01	Well, you do realize that the odds of that happening are a little slimmer if they never get to meet the guy, so.	Paula	high	community_transcript_match	1.0	dialogue	False	True	Monica | Paula	Monica	Monica	False		Speaker agrees with available community-transcript mapping.	Well, you do realize the odds of that happening are a little slimmer if they never get to meet the guy..	Paula	Paula	partial	char_tracker_stage05		unobserved			high	
14	184	448.81	449.37	I know.	Monica	high	qa_review_resolved_ct_support	1.0	dialogue	False	True	Monica | Paula	Paula	Monica	True	speaker_no_face	Speaker agrees with available community-transcript mapping. | QA resolved prior review with community-transcript support.	I know. I know!  You mind if I whimper a little bit?	Monica	Monica	absent	char_tracker_stage05		absent	0.0		medium	speaker_no_face
14	185	449.61	451.13	Do you mind if I whimper a little bit?	Monica	high	qa_review_resolved_bridge	1.0	dialogue	False	True	Monica | Paula	Monica	Monica	True	speaker_no_face	Speaker agrees with available community-transcript mapping. | QA resolved prior review by same-speaker bridge.	i know you mind if i whimper a little bit	Monica	Monica	absent	char_tracker_stage05		absent	0.0		medium	speaker_no_face
14	186	451.31	451.87	Wempa.	Monica	high	qa_review_resolved_bridge	0.9	dialogue	True	False	Monica | Paula	Monica	Monica	True	speaker_no_face	Same speaker appears on both sides within the same scene. | QA resolved prior review by same-speaker bridge.				absent	char_tracker_stage05		absent			medium	speaker_no_face
14	187	454.75	455.63	Okay, I'm done.	Monica	high	qa_review_resolved_ct_support	1.0	dialogue	False	True	Monica | Paula	Monica		True	speaker_no_face	Speaker agrees with available community-transcript mapping. | QA resolved prior review with community-transcript support.	(does a fake short whimper). K, I’m done.	Monica	Monica	absent	char_tracker_stage05		absent	0.0		medium	speaker_no_face
15	188	458.35	459.55	Let it go, Ross.	Joey	high	qa_review_resolved_ct_support	1.0	dialogue	False	True	Joey | Ross | Monica | All		Ross	True	speaker_offscreen	Speaker agrees with available community-transcript mapping. | QA resolved prior review with community-transcript support.	Let it go, Ross.	Joey	Joey	present	char_tracker_stage05	rachel	absent	0.0		low	speaker_offscreen
15	189	460.11	461.95	Yeah, well, you didn't know Chi Chi.	Ross	high	qa_review_resolved_ct_support	1.0	dialogue	False	True	Joey | Ross | Monica | All	Joey	Monica	True	speaker_offscreen	Speaker agrees with available community-transcript mapping. | QA resolved prior review with community-transcript support.	Yeah, well, you didn't know Chi Chi.	Ross	Ross	present	char_tracker_stage05	rachel	absent	0.0		low	speaker_offscreen
15	190	465.87	467.07	You all promise?	Monica	high	qa_review_resolved_ct_support	1.0	dialogue	False	True	Joey | Ross | Monica | All	Ross	All	True	speaker_offscreen	Speaker agrees with available community-transcript mapping. | QA resolved prior review with community-transcript support.	Do you all promise?	Monica	Monica	present	char_tracker_stage05	rachel	absent	0.0		low	speaker_offscreen
15	191	467.39	468.67	Yeah, we promise.	All	high	community_transcript_match	1.0	dialogue	False	True	Joey | Ross | Monica | All	Monica	All	False		Speaker agrees with available community-transcript mapping.	Yeah! We promise! We'll be good!	All	All	present	char_tracker_stage05	rachel	unobserved			high	
15	192	468.91	469.63	We'll be good.	All	high	community_transcript_match	1.0	dialogue	False	True	Joey | Ross | Monica | All	All	Monica	False		Speaker agrees with available community-transcript mapping.	We'll be good	All	All	present	char_tracker_stage05	rachel	unobserved			high	
15	193	470.27	472.35	Chandler, do you promise to be good?	Monica	high	qa_review_resolved_ct_support	1.0	dialogue	False	True	Joey | Ross | Monica | All	All		True	speaker_no_face	Speaker agrees with available community-transcript mapping. | QA resolved prior review with community-transcript support.	(shouts to Chandler) Chandler? Do you promise to be good?	Monica	Monica	partial	char_tracker_stage05		absent	0.0		medium	speaker_no_face
16	194	481.08	484.36	You can come in, but your filter tip little buddy has to stay outside.	Joey	high	qa_review_resolved_ct_support	1.0	dialogue	False	True	Joey			True	speaker_offscreen	Speaker agrees with available community-transcript mapping. | QA resolved prior review with community-transcript support.	You can come in, but your filter-tipped little buddy has to stay outside!	Joey	Joey	present	char_tracker_stage05	rachel	absent	0.0		low	speaker_offscreen
18	195	491.4	492.2	Hey, Phoebs.	Ross	high	qa_review_resolved_ct_support	1.0	dialogue	False	True	Ross | Phoebe | Rachel		Phoebe	True	speaker_no_face	Speaker agrees with available community-transcript mapping. | QA resolved prior review with community-transcript support.	Hey, Pheebs.	Ross	Ross	absent	char_tracker_stage05		absent	0.0		medium	speaker_no_face
18	196	494.919	498.2	Dear Ms. Buffet, thank you for calling attention to our error.	Phoebe	high	qa_review_resolved_ct_support	1.0	dialogue	False	True	Ross | Phoebe | Rachel	Ross	Phoebe	True	speaker_offscreen	Speaker agrees with available community-transcript mapping. | QA resolved prior review with community-transcript support.	Thank you for calling attention to our error	Phoebe	Phoebe	present	char_tracker_stage05	rachel	absent	0.0		low	speaker_offscreen
18	197	498.2	500.84	We have credited your account to $500.	Phoebe	high	qa_review_resolved_bridge	1.0	dialogue	False	True	Ross | Phoebe | Rachel	Phoebe	Phoebe	True	speaker_offscreen	Speaker agrees with available community-transcript mapping. | QA resolved prior review by same-speaker bridge.	We have credited your account with five hundred dollars	Phoebe	Phoebe	present	char_tracker_stage05	rachel	absent	0.0		low	speaker_offscreen
18	198	500.92	509.85	We're sorry for the inconvenience and hope you'll accept this football phone as our free gift.	Phoebe	high	qa_review_resolved_bridge	1.0	dialogue	False	True	Ross | Phoebe | Rachel	Phoebe	Phoebe	True	speaker_offscreen	Speaker agrees with available community-transcript mapping. | QA resolved prior review by same-speaker bridge.	'Dear Ms. Buffay. Thank you for calling attention to our error. We have credited your account with five hundred dollars. We're sorry for the inconvenience, and hope you'll accept this- (Searches in her purse) -football phone as our free gift.' Do you believe this?! Now I have a thousand dollars, and a football phone!	Phoebe	Phoebe	present	char_tracker_stage05	rachel	absent	0.0		low	speaker_offscreen
18	199	509.85	510.77	Do you believe this?	Phoebe	high	qa_review_resolved_bridge	1.0	dialogue	False	True	Ross | Phoebe | Rachel	Phoebe	Phoebe	True	speaker_no_face	Speaker agrees with available community-transcript mapping. | QA resolved prior review by same-speaker bridge.	' Do you believe this	Phoebe	Phoebe	absent	char_tracker_stage05		absent	0.0		medium	speaker_no_face
18	200	510.93	513.73	Now I have $1,000 and a football phone.	Phoebe	high	qa_review_resolved_ct_support	1.0	dialogue	False	True	Ross | Phoebe | Rachel	Phoebe	Rachel	True	speaker_no_face	Speaker agrees with available community-transcript mapping. | QA resolved prior review with community-transcript support.	Now I have a thousand dollars, and a football phone	Phoebe	Phoebe	absent	char_tracker_stage05		absent	0.0		medium	speaker_no_face
18	201	515.81	517.25	What bank is this?	Rachel	high	community_transcript_match	1.0	dialogue	False	True	Ross | Phoebe | Rachel	Phoebe	Rachel	False		Speaker agrees with available community-transcript mapping.	What bank is this?	Rachel	Rachel	present	char_tracker_stage05	phoebe|rachel	present	0.6667		high	
18	202	519.09	520.13	Hey, Tim.	Rachel	medium	scene_context_inference	0.68	dialogue	True	False	Ross | Phoebe | Rachel	Rachel		True	scene_end_short_utterance	Filled from previous same-scene context.				present	char_tracker_stage05	monica|phoebe|rachel	present			medium	
19	203	522.77	523.49	Who is it?	Monica	high	community_transcript_match	1.0	dialogue	False	True	Monica | Alan | Joey		Alan	False		Speaker agrees with available community-transcript mapping.	Hey. It's him. (On the intercom) Who is it?	Monica	Monica	present	char_tracker_stage05	monica|phoebe	present	1.0		high	
19	204	523.49	524.09	Alan?	Alan	high	community_transcript_match	1.0	dialogue	False	True	Monica | Alan | Joey	Monica	Joey	False		Speaker agrees with available community-transcript mapping.	(on the intercom) It's Alan.	Alan	Alan	present	char_tracker_stage05	monica|phoebe|rachel	unobserved			high	
19	205	524.09	524.69	Chandler.	Joey	high	qa_review_resolved_ct_support	1.0	dialogue	False	True	Monica | Alan | Joey	Alan	Joey	True	speaker_offscreen	Speaker agrees with available community-transcript mapping. | QA resolved prior review with community-transcript support.	Chandler	Joey	Joey	present	char_tracker_stage05	monica|phoebe|rachel	absent	0.0		low	speaker_offscreen
19	206	525.41	526.13	He's here.	Joey	high	qa_review_resolved_ct_support	1.0	dialogue	False	True	Monica | Alan | Joey	Joey		True	speaker_offscreen	Speaker agrees with available community-transcript mapping. | QA resolved prior review with community-transcript support.	(shouting to Chandler) Chandler! He's here!	Joey	Joey	present	char_tracker_stage05	rachel	absent	0.0		low	speaker_offscreen
20	207	529.01	529.97	Do I look okay?	Monica	high	qa_review_resolved_ct_support	1.0	dialogue	False	True	Monica | Ross		Ross	True	speaker_no_face	Speaker agrees with available community-transcript mapping. | QA resolved prior review with community-transcript support.	(to Ross) Do I look ok?	Monica	Monica	absent	char_tracker_stage05		absent	0.0		medium	speaker_no_face
20	208	530.77	531.65	One more button.	Ross	high	qa_review_resolved_ct_support	1.0	dialogue	False	True	Monica | Ross	Monica	Ross	True	speaker_offscreen	Speaker agrees with available community-transcript mapping. | QA resolved prior review with community-transcript support.	Um-um one more button.	Ross	Ross	present	char_tracker_stage05	monica|phoebe	absent	0.0		low	speaker_offscreen
20	209	531.88	532.24	Okay.	Ross	high	qa_review_resolved_bridge	0.9	dialogue	True	False	Monica | Ross	Ross	Ross	True	speaker_offscreen	Same speaker appears on both sides within the same scene. | QA resolved prior review by same-speaker bridge.				present	char_tracker_stage05	monica|phoebe	absent			low	speaker_offscreen
20	210	532.24	532.68	Clothes.	Ross	high	qa_review_resolved_bridge	1.0	dialogue	False	True	Monica | Ross	Ross	Ross	True	speaker_offscreen	Speaker agrees with available community-transcript mapping. | QA resolved prior review by same-speaker bridge.	Closed	Ross	Ross	present	char_tracker_stage05	monica|phoebe	absent	0.0		low	speaker_offscreen
20	211	532.68	533.56	How about clothes?	Ross	high	qa_review_resolved_ct_support	1.0	dialogue	False	True	Monica | Ross	Ross	Monica	True	speaker_offscreen	Speaker agrees with available community-transcript mapping. | QA resolved prior review with community-transcript support.	Closed.  How about closed?	Ross	Ross	present	char_tracker_stage05	monica|phoebe	absent	0.0		low	speaker_offscreen
20	212	535.32	536.0	I didn't know.	Monica	high	community_transcript_match	1.0	dialogue	False	True	Monica | Ross	Ross	Monica	False		Speaker agrees with available community-transcript mapping.	(buttons back up) All right.  I didn’t know.	Monica	Monica	present	char_tracker_stage05	monica|phoebe|rachel	present	1.0		high	
20	213	536.0	540.6	Yeah, please be good, okay?	Monica	high	community_transcript_match	1.0	dialogue	False	True	Monica | Ross	Monica	Monica	False		Speaker agrees with available community-transcript mapping.	Okay, please be good, please	Monica	Monica	present	char_tracker_stage05	monica|phoebe	present	0.6		high	
20	214	540.68	542.44	Remember how much you all like me?	Monica	high	qa_review_resolved_ct_support	1.0	dialogue	False	True	Monica | Ross	Monica		True	speaker_no_face	Speaker agrees with available community-transcript mapping. | QA resolved prior review with community-transcript support.	(to all) Okay, please be good, please. Just remember how much you all like me.	Monica	Monica	absent	char_tracker_stage05		absent	0.0		medium	speaker_no_face
21	215	545.0	545.48	Hi.	Monica	high	qa_review_resolved_ct_support	1.0	dialogue	False	True	Monica | Alan | All		Monica	True	speaker_offscreen	Speaker agrees with available community-transcript mapping. | QA resolved prior review with community-transcript support.	Hi	Monica	Monica	present	char_tracker_stage05	phoebe	absent	0.0		low	speaker_offscreen
21	216	545.72	547.2	Alan, this is everybody.	Monica	high	qa_review_resolved_bridge	1.0	dialogue	False	True	Monica | Alan | All	Monica	Monica	True	speaker_offscreen	Speaker agrees with available community-transcript mapping. | QA resolved prior review by same-speaker bridge.	Alan, this is everybody	Monica	Monica	present	char_tracker_stage05	phoebe	absent	0.0		low	speaker_offscreen
21	217	547.2	548.36	Everybody, this is Alan.	Monica	high	qa_review_resolved_ct_support	1.0	dialogue	False	True	Monica | Alan | All	Monica	Alan	True	speaker_offscreen	Speaker agrees with available community-transcript mapping. | QA resolved prior review with community-transcript support.	Hi. Alan, this is everybody. Everybody, this is Alan.	Monica	Monica	present	char_tracker_stage05	phoebe	absent	0.0		low	speaker_offscreen
21	218	549.88	550.36	Hi.	Alan	high	community_transcript_match	1.0	dialogue	False	True	Monica | Alan | All	Monica	All	False		Speaker agrees with available community-transcript mapping.	Hi.	Alan	Alan	present	char_tracker_stage05	phoebe	unobserved			high	
21	219	550.76	551.88	Hi, Alan.	All	high	community_transcript_match	1.0	dialogue	False	True	Monica | Alan | All	Alan	Alan	False		Speaker agrees with available community-transcript mapping.	Hi, Alan.	All	All	present	char_tracker_stage05	phoebe	unobserved			high	
21	220	553.32	555.4	I've heard so much about all you guys.	Alan	high	community_transcript_match	1.0	dialogue	False	True	Monica | Alan | All	All	Alan	False		Speaker agrees with available community-transcript mapping.	I've heard schho much about all you guyschh!	Alan	Alan	present	char_tracker_stage05	rachel	unobserved			high	
21	221	563.7	564.42	Call you tomorrow.	Alan	high	qa_review_resolved_bridge	0.9	dialogue	True	False	Monica | Alan | All	Alan	Alan	False		Filled from previous same-scene context. | QA resolved prior review by same-speaker bridge.				present	char_tracker_stage05	monica|rachel	unobserved			high	
21	222	564.5	564.98	Thanks.	Alan	medium	scene_context_inference	0.68	dialogue	True	False	Monica | Alan | All	Alan		True	scene_end_short_utterance	Filled from previous same-scene context.				present	char_tracker_stage05	monica|rachel	unobserved			medium	
23	223	568.1	568.74	Okay.	Monica	high	community_transcript_match	1.0	dialogue	False	True	Monica		Monica	False		Speaker agrees with available community-transcript mapping.	Okay	Monica	Monica	present	char_tracker_stage05	monica	present	1.0		high	
23	224	569.7	572.18	Okay, let's let the Allen bashing begin.	Monica	high	community_transcript_match	1.0	dialogue	False	True	Monica	Monica	Monica	False		Speaker agrees with available community-transcript mapping.	Okay, let's let the Alan-bashing begin	Monica	Monica	present	char_tracker_stage05	monica|rachel	present	0.5		high	
23	225	573.46	574.9	Who's gonna take the first shot?	Monica	high	qa_review_resolved_bridge	1.0	dialogue	False	True	Monica	Monica	Monica	True	speaker_offscreen	Speaker agrees with available community-transcript mapping. | QA resolved prior review by same-speaker bridge.	(to Alan) Thanks. I'll call you tomorrow. (Alan exits, to all) Okay. Okay, let's let the Alan-bashing begin. Who's gonna take the first shot, hmm?	Monica	Monica	present	char_tracker_stage05	rachel	absent	0.0		low	speaker_offscreen
23	226	575.14	575.7	Hmm?	Monica	high	qa_review_resolved_bridge	0.9	reaction	True	False	Monica	Monica	Monica	True	speaker_offscreen	Filled from previous same-scene context. | QA resolved prior review by same-speaker bridge.				present	char_tracker_stage05	rachel	absent			low	speaker_offscreen
23	227	577.06	577.7	Come on.	Monica	medium	scene_context_inference	0.68	dialogue	True	False	Monica	Monica		True	scene_end_short_utterance | speaker_offscreen	Filled from previous same-scene context.				present	char_tracker_stage05	rachel	absent			low	speaker_offscreen
24	228	579.3	579.939	I'll go.	Ross	high	qa_review_resolved_ct_support	1.0	dialogue	False	True	Ross | All | Monica | Rachel | Chandler | The Guys | Joey | Phoebe		Ross	True	speaker_offscreen	Speaker agrees with available community-transcript mapping. | QA resolved prior review with community-transcript support.	I'll go	Ross	Ross	present	char_tracker_stage05	rachel	absent	0.0		low	speaker_offscreen
24	229	583.38	585.98	Let's start with the way he kept picking at.	Ross	high	qa_review_resolved_bridge	1.0	dialogue	False	True	Ross | All | Monica | Rachel | Chandler | The Guys | Joey | Phoebe	Ross	Ross	True	speaker_offscreen	Speaker agrees with available community-transcript mapping. | QA resolved prior review by same-speaker bridge.	...I'll go. Let's start with the way he kept picking at- no, I'm sorry, I can't do this, can't do this. We loved him.	Ross	Ross	present	char_tracker_stage05	rachel	absent	0.0		low	speaker_offscreen
24	230	585.98	587.02	You know, I. I'm sorry.	Ross	high	qa_review_resolved_bridge	0.9	dialogue	True	False	Ross | All | Monica | Rachel | Chandler | The Guys | Joey | Phoebe	Ross	Ross	True	speaker_offscreen	No direct transcript match; longer line defaulted to previous speaker in same scene. | QA resolved prior review by same-speaker bridge.				present	char_tracker_stage05	rachel	absent			low	speaker_offscreen
24	231	587.02	587.62	I can't do this.	Ross	medium	scene_context_inference	0.66	dialogue	True	False	Ross | All | Monica | Rachel | Chandler | The Guys | Joey | Phoebe	Ross	All	True	two_sided_context_ambiguous | speaker_offscreen	No direct transcript match; longer line defaulted to previous speaker in same scene.				present	char_tracker_stage05	rachel	absent			low	speaker_offscreen
24	232	587.7	588.26	Can't do it.	All	low	scene_context_inference	0.58	dialogue	True	False	Ross | All | Monica | Rachel | Chandler | The Guys | Joey | Phoebe	Ross	All	True	two_sided_context_ambiguous | low_speaker_confidence	No direct transcript match; weak local context only.				present	char_tracker_stage05	rachel	unobserved			low	low_speaker_confidence
24	233	588.26	588.98	We loved him.	All	high	community_transcript_match	1.0	dialogue	False	True	Ross | All | Monica | Rachel | Chandler | The Guys | Joey | Phoebe	All	Monica	False		Speaker agrees with available community-transcript mapping.	Loved him! Yeah! He's great!	All	All	present	char_tracker_stage05	rachel	unobserved			high	
24	234	589.31	590.11	He loves it.	Monica	low	scene_context_inference	0.58	dialogue	True	False	Ross | All | Monica | Rachel | Chandler | The Guys | Joey | Phoebe	All	Monica	True	two_sided_context_ambiguous | speaker_offscreen	No direct transcript match; weak local context only.				present	char_tracker_stage05	rachel	absent			low	speaker_offscreen
24	235	591.63	592.19	Wait a minute.	Monica	high	community_transcript_match	1.0	dialogue	False	True	Ross | All | Monica | Rachel | Chandler | The Guys | Joey | Phoebe	Monica	Monica	False		Speaker agrees with available community-transcript mapping.	Wait a minute	Monica	Monica	present	char_tracker_stage05	monica|rachel	present	0.5		high	
24	236	592.19	593.87	We're talking about someone that I am going out with.	Monica	high	community_transcript_match	1.0	dialogue	False	True	Ross | All | Monica | Rachel | Chandler | The Guys | Joey | Phoebe	Monica	Rachel	False		Speaker agrees with available community-transcript mapping.	Wait a minute! We're talking about someone that I'm going out with?	Monica	Monica	present	char_tracker_stage05	monica|rachel	present	1.0		high	
24	237	595.39	596.75	That pimento trick.	Rachel	high	qa_review_resolved_ct_support	1.0	dialogue	False	True	Ross | All | Monica | Rachel | Chandler | The Guys | Joey | Phoebe	Monica	Chandler	True	speaker_offscreen	Speaker agrees with available community-transcript mapping. | QA resolved prior review with community-transcript support.	With that olive trick…..	Rachel	Rachel	present	char_tracker_stage05	monica	absent	0.0		low	speaker_offscreen
24	238	596.99	599.23	I will never look at an olive the same way again.	Chandler	high	qa_review_resolved_ct_support	1.0	dialogue	False	True	Ross | All | Monica | Rachel | Chandler | The Guys | Joey | Phoebe	Rachel	Rachel	True	speaker_offscreen	Speaker agrees with available community-transcript mapping. | QA resolved prior review with community-transcript support.	I will never look at an olive the same way again.	Chandler	Chandler	present	char_tracker_stage05	monica	absent	0.0		low	speaker_offscreen
24	239	600.27	601.31	And did you notice?	Rachel	high	community_transcript_match	1.0	dialogue	False	True	Ross | All | Monica | Rachel | Chandler | The Guys | Joey | Phoebe	Chandler	The Guys	False		Speaker agrees with available community-transcript mapping.	And did you notice...? (She spreads her thumb and index finger.)	Rachel	Rachel	present	char_tracker_stage05	monica|rachel	present	1.0		high	
24	240	601.39	601.75	Yeah.	The Guys	high	community_transcript_match	1.0	dialogue	False	True	Ross | All | Monica | Rachel | Chandler | The Guys | Joey | Phoebe	Rachel	Joey	False		Speaker agrees with available community-transcript mapping.	(reluctantly) Yeah.	The Guys	The Guys	present	char_tracker_stage05	rachel	unobserved			high	
24	241	601.75	602.43	Yeah, that's great.	Joey	low	scene_context_inference	0.58	dialogue	True	False	Ross | All | Monica | Rachel | Chandler | The Guys | Joey | Phoebe	The Guys	Joey	True	two_sided_context_ambiguous | speaker_offscreen	No direct transcript match; weak local context only.				present	char_tracker_stage05	rachel	absent			low	speaker_offscreen
24	242	607.07	607.95	Know what was great?	Joey	high	qa_review_resolved_bridge	1.0	dialogue	False	True	Ross | All | Monica | Rachel | Chandler | The Guys | Joey | Phoebe	Joey	Joey	True	speaker_offscreen	Speaker agrees with available community-transcript mapping. | QA resolved prior review by same-speaker bridge.	Know what was great? The way his smile was kinda crooked.	Joey	Joey	present	char_tracker_stage05	rachel	absent	0.0		low	speaker_offscreen
24	243	608.27	610.51	The way his smile was kind of crooked.	Joey	high	qa_review_resolved_ct_support	1.0	dialogue	False	True	Ross | All | Monica | Rachel | Chandler | The Guys | Joey | Phoebe	Joey	Phoebe	True	speaker_no_face	Speaker agrees with available community-transcript mapping. | QA resolved prior review with community-transcript support.	The way his smile was kinda crooked	Joey	Joey	absent	char_tracker_stage05		absent	0.0		medium	speaker_no_face
24	244	610.51	610.91	Yes.	Phoebe	high	qa_review_resolved_ct_support	1.0	dialogue	False	True	Ross | All | Monica | Rachel | Chandler | The Guys | Joey | Phoebe	Joey	Phoebe	True	speaker_no_face	Speaker agrees with available community-transcript mapping. | QA resolved prior review with community-transcript support.	yes	Phoebe	Phoebe	absent	char_tracker_stage05		absent	0.0		medium	speaker_no_face
24	245	610.91	611.23	Yes.	Phoebe	high	qa_review_resolved_bridge	1.0	dialogue	False	True	Ross | All | Monica | Rachel | Chandler | The Guys | Joey | Phoebe	Phoebe	Phoebe	True	speaker_no_face	Speaker agrees with available community-transcript mapping. | QA resolved prior review by same-speaker bridge.	Yes, yes	Phoebe	Phoebe	absent	char_tracker_stage05		absent	0.0		medium	speaker_no_face
24	246	611.23	612.43	Like the man in the shoe.	Phoebe	high	qa_review_resolved_ct_support	1.0	dialogue	False	True	Ross | All | Monica | Rachel | Chandler | The Guys | Joey | Phoebe	Phoebe	Ross	True	speaker_no_face	Speaker agrees with available community-transcript mapping. | QA resolved prior review with community-transcript support.	Yes, yes! Like the man in the shoe!	Phoebe	Phoebe	absent	char_tracker_stage05		absent	0.0		medium	speaker_no_face
24	247	613.15	614.03	What shoe?	Ross	high	qa_review_resolved_ct_support	1.0	dialogue	False	True	Ross | All | Monica | Rachel | Chandler | The Guys | Joey | Phoebe	Phoebe	Phoebe	True	speaker_no_face	Speaker agrees with available community-transcript mapping. | QA resolved prior review with community-transcript support.	...What shoe?	Ross	Ross	absent	char_tracker_stage05		absent	0.0		medium	speaker_no_face
24	248	615.79	616.99	From the nursery rhyme.	Phoebe	high	qa_review_resolved_ct_support	1.0	dialogue	False	True	Ross | All | Monica | Rachel | Chandler | The Guys | Joey | Phoebe	Ross	Phoebe	True	speaker_offscreen	Speaker agrees with available community-transcript mapping. | QA resolved prior review with community-transcript support.	From the nursery rhyme	Phoebe	Phoebe	present	char_tracker_stage05	chandler|ross	absent	0.0		low	speaker_offscreen
24	249	617.56	621.56	There was a crooked man who had a crooked smile who lived in a shoe for a while.	Phoebe	high	qa_review_resolved_ct_support	1.0	dialogue	False	True	Ross | All | Monica | Rachel | Chandler | The Guys | Joey | Phoebe	Phoebe		True	speaker_offscreen	Speaker agrees with available community-transcript mapping. | QA resolved prior review with community-transcript support.	From the nursery rhyme. 'There was a crooked man, Who had a crooked smile, Who lived in a shoe, For a... while...'	Phoebe	Phoebe	present	char_tracker_stage05	chandler|joey	absent	0.0		low	speaker_offscreen
25	250	625.64	632.2	So I think Alan will become the yardstick against which all future boyfriends will be measured.	Ross	high	community_transcript_match	1.0	dialogue	False	True	Ross | Rachel | Monica | Chandler | All		Rachel	False		Speaker agrees with available community-transcript mapping.	...So I think Alan will become the yardstick against which all future boyfriends will be measured.	Ross	Ross	present	char_tracker_stage05	chandler|joey|ross	present	0.875		high	
25	251	632.44	633.72	What future boyfriends.	Rachel	high	qa_review_resolved_ct_support	1.0	dialogue	False	True	Ross | Rachel | Monica | Chandler | All	Ross	Monica	True	speaker_offscreen	Speaker agrees with available community-transcript mapping. | QA resolved prior review with community-transcript support.	What future boyfriends? Nono, I th- I think this could be, y'know, it.	Rachel	Rachel	present	char_tracker_stage05	chandler|joey|ross	absent	0.0		low	speaker_offscreen
25	252	633.72	634.2	No, no.	Monica	medium	short_turn_alternation	0.7	dialogue	True	False	Ross | Rachel | Monica | Chandler | All	Rachel	Monica	True	short_utterance_between_two_speakers | speaker_offscreen	Short utterance inferred from local turn alternation.				present	char_tracker_stage05	chandler|joey|ross	absent			low	speaker_offscreen
25	253	634.28	636.44	I think this could be, you know, it.	Monica	high	qa_review_resolved_bridge	0.9	dialogue	True	False	Ross | Rachel | Monica | Chandler | All	Monica	Monica	True	speaker_offscreen	Same speaker appears on both sides within the same scene. | QA resolved prior review by same-speaker bridge.				present	char_tracker_stage05	chandler|joey|ross	absent			low	speaker_offscreen
25	254	636.6	637.0	Really?	Monica	high	qa_review_resolved_ct_support	1.0	dialogue	False	True	Ross | Rachel | Monica | Chandler | All	Monica	Chandler	True	speaker_offscreen	Speaker agrees with available community-transcript mapping. | QA resolved prior review with community-transcript support.	Really!	Monica	Monica	present	char_tracker_stage05	chandler|joey|ross	absent	0.0		low	speaker_offscreen
25	255	637.16	637.64	Oh, yeah.	Chandler	high	community_transcript_match	1.0	dialogue	False	True	Ross | Rachel | Monica | Chandler | All	Monica	Chandler	False		Speaker agrees with available community-transcript mapping.	Oh, yeah	Chandler	Chandler	present	char_tracker_stage05	chandler|joey|ross	present	1.0		high	
25	256	637.64	640.28	I'd marry him just for his David Hasselhoff impression alone.	Chandler	high	qa_review_resolved_bridge	1.0	dialogue	False	True	Ross | Rachel | Monica | Chandler | All	Chandler	Chandler	True	speaker_offscreen	Speaker agrees with available community-transcript mapping. | QA resolved prior review by same-speaker bridge.	I'd marry him just for his David Hasselhof impression alone	Chandler	Chandler	present	char_tracker_stage05	ross	absent	0.25		low	speaker_offscreen
25	257	641.4	643.16	You know I'm gonna be doing that at parties, right?	Chandler	high	qa_review_resolved_ct_support	1.0	dialogue	False	True	Ross | Rachel | Monica | Chandler | All	Chandler	Ross	True	speaker_offscreen	Speaker agrees with available community-transcript mapping. | QA resolved prior review with community-transcript support.	Oh, yeah. I'd marry him just for his David Hasselhof impression alone. You know I'm gonna be doing that at parties, right? (Does the impression)	Chandler	Chandler	present	char_tracker_stage05	monica|rachel	absent	0.0		low	speaker_offscreen
25	258	647.86	649.74	You know what I like most about him, though?	Ross	high	qa_review_resolved_ct_support	1.0	dialogue	False	True	Ross | Rachel | Monica | Chandler | All	Chandler	All	True	speaker_offscreen	Speaker agrees with available community-transcript mapping. | QA resolved prior review with community-transcript support.	You know what I like most about him, though?	Ross	Ross	present	char_tracker_stage05	monica|rachel	absent	0.0		low	speaker_offscreen
25	259	649.74	650.1	What?	All	high	community_transcript_match	1.0	dialogue	False	True	Ross | Rachel | Monica | Chandler | All	Ross	Ross	False		Speaker agrees with available community-transcript mapping.	What?	All	All	present	char_tracker_stage05	monica|rachel	unobserved			high	
25	260	651.06	653.38	The way he makes me feel about myself.	Ross	high	qa_review_resolved_ct_support	1.0	dialogue	False	True	Ross | Rachel | Monica | Chandler | All	All		True	speaker_offscreen	Speaker agrees with available community-transcript mapping. | QA resolved prior review with community-transcript support.	The way he makes me feel about myself.	Ross	Ross	present	char_tracker_stage05	monica|phoebe|rachel	absent	0.0		low	speaker_offscreen
26	261	672.58	673.06	Hi.	Monica	high	qa_review_resolved_ct_support	1.0	dialogue	False	True	Monica | Ross | Joey		Monica	True	speaker_offscreen	Speaker agrees with available community-transcript mapping. | QA resolved prior review with community-transcript support.	Hi	Monica	Monica	present	char_tracker_stage05	phoebe	absent	0.0		low	speaker_offscreen
26	262	676.68	677.48	How was the game?	Monica	high	community_transcript_match	1.0	dialogue	False	True	Monica | Ross | Joey	Monica	Ross	False		Speaker agrees with available community-transcript mapping.	Hi.. how was the game?	Monica	Monica	present	char_tracker_stage05	monica|phoebe|rachel	present	0.5		high	
26	263	678.92	681.48	Well, we belong.	Ross	high	qa_review_resolved_ct_support	1.0	dialogue	False	True	Monica | Ross | Joey	Monica	Monica	True	speaker_offscreen	Speaker agrees with available community-transcript mapping. | QA resolved prior review with community-transcript support.	Well..	Ross	Ross	present	char_tracker_stage05	monica|rachel	absent	0.0		low	speaker_offscreen
26	264	684.04	684.68	Fantastic.	Monica	high	community_transcript_match	1.0	dialogue	False	True	Monica | Ross | Joey	Ross	Monica	False		Speaker agrees with available community-transcript mapping.	Fantastic	Monica	Monica	present	char_tracker_stage05	monica|rachel	present	1.0		high	
26	265	684.68	685.48	I have one question.	Monica	high	community_transcript_match	1.0	dialogue	False	True	Monica | Ross | Joey	Monica	Monica	False		Speaker agrees with available community-transcript mapping.	I have one question	Monica	Monica	present	char_tracker_stage05	monica|rachel	present	1.0		high	
26	266	685.72	686.68	How is that possible?	Monica	high	community_transcript_match	1.0	dialogue	False	True	Monica | Ross | Joey	Monica	Joey	False		Speaker agrees with available community-transcript mapping.	Fantastic! I have one question. How is that possible?	Monica	Monica	present	char_tracker_stage05	monica|phoebe|rachel	present	1.0		high	
26	267	687.88	688.44	Alan.	Joey	high	qa_review_resolved_ct_support	1.0	dialogue	False	True	Monica | Ross | Joey	Monica	Ross	True	speaker_offscreen	Speaker agrees with available community-transcript mapping. | QA resolved prior review with community-transcript support.	Alan.	Joey	Joey	present	char_tracker_stage05	phoebe	absent	0.0		low	speaker_offscreen
26	268	688.68	690.36	He was unbelievable.	Ross	high	qa_review_resolved_ct_support	1.0	dialogue	False	True	Monica | Ross | Joey	Joey	Ross	True	speaker_offscreen	Speaker agrees with available community-transcript mapping. | QA resolved prior review with community-transcript support.	He was unbelievable	Ross	Ross	present	char_tracker_stage05	monica|phoebe|rachel	absent	0.0		low	speaker_offscreen
26	269	690.36	694.32	He was like that Bugs Bunny cartoon where Bugs is playing all the positions, Right?	Ross	high	qa_review_resolved_bridge	1.0	dialogue	False	True	Monica | Ross | Joey	Ross	Ross	True	speaker_offscreen	Speaker agrees with available community-transcript mapping. | QA resolved prior review by same-speaker bridge.	He was unbelievable. He was like that-that-that Bugs Bunny cartoon where Bugs is playing all the positions, right, but instead of Bugs it was first base-Alan, second base-Alan, third base-...	Ross	Ross	present	char_tracker_stage05	monica|rachel	absent	0.0		low	speaker_offscreen
26	270	694.32	695.76	But instead of Bugs, it was first base, Alan.	Ross	high	qa_review_resolved_bridge	1.0	dialogue	False	True	Monica | Ross | Joey	Ross	Ross	True	speaker_offscreen	Speaker agrees with available community-transcript mapping. | QA resolved prior review by same-speaker bridge.	he was unbelievable but instead of bugs it was first base alan second base alan third base	Ross	Ross	present	char_tracker_stage05	monica|rachel	absent	0.0		low	speaker_offscreen
26	271	695.76	696.44	Second base, Alan.	Ross	high	qa_review_resolved_ct_support	1.0	dialogue	False	True	Monica | Ross | Joey	Ross		True	speaker_offscreen	Speaker agrees with available community-transcript mapping. | QA resolved prior review with community-transcript support.	he was unbelievable second base alan third base	Ross	Ross	present	char_tracker_stage05	monica|phoebe|rachel	absent	0.0		low	speaker_offscreen
