scene_id	sentence_id	start	end	utterance	speaker	speaker_confidence	speaker_method	alignment_score	row_type	filled_from_missing	matched_to_ct	scene_speaker_set	prev_speaker_scene	next_speaker_scene	review_flag	review_reason	notes	utterance_ct	speaker_ct	speaker_original	visual_presence	visual_presence_source	visual_presence_chars	speaker_visual_presence	speaker_visual_ratio	visual_presence_note	annotation_confidence	annotation_review_reason
1	1	0.16	1.6	That is why we don't do it.	Joey	medium	scene_context_inference	0.68	dialogue	True	False	Joey		Joey	True	medium_confidence_context_fill | speaker_offscreen	Filled from next same-scene context.				present	char_tracker_stage05	chandler|ross	absent			low	speaker_offscreen
1	2	3.76	5.2	I don't think that was my point.	Joey	high	qa_review_resolved_bridge	0.9	dialogue	True	False	Joey	Joey	Joey	True	speaker_offscreen	Same speaker appears on both sides within the same scene. | QA resolved prior review by same-speaker bridge.				present	char_tracker_stage05	chandler	absent			low	speaker_offscreen
1	3	7.28	9.0	You know what the scariest part is?	Joey	high	qa_review_resolved_bridge	0.9	dialogue	True	False	Joey	Joey	Joey	True	speaker_offscreen	Same speaker appears on both sides within the same scene. | QA resolved prior review by same-speaker bridge.				present	char_tracker_stage05	chandler|ross	absent			low	speaker_offscreen
1	4	9.0	11.36	What if there's only one woman for everybody?	Joey	high	qa_review_resolved_bridge	0.9	dialogue	True	False	Joey	Joey	Joey	True	speaker_offscreen	Same speaker appears on both sides within the same scene. | QA resolved prior review by same-speaker bridge.				present	char_tracker_stage05	chandler|ross	absent			low	speaker_offscreen
1	5	11.36	11.76	You know?	Joey	high	qa_review_resolved_bridge	0.9	dialogue	True	False	Joey	Joey	Joey	True	speaker_offscreen	Same speaker appears on both sides within the same scene. | QA resolved prior review by same-speaker bridge.				present	char_tracker_stage05	chandler|ross	absent			low	speaker_offscreen
1	6	11.76	14.32	I mean, what if you get one woman and that's it?	Joey	high	qa_review_resolved_bridge	0.9	dialogue	True	False	Joey	Joey	Joey	True	speaker_offscreen	Same speaker appears on both sides within the same scene. | QA resolved prior review by same-speaker bridge.				present	char_tracker_stage05	ross	absent			low	speaker_offscreen
1	7	15.12	19.2	Unfortunately, in my case, there was only one woman for her.	Joey	high	qa_review_resolved_bridge	0.9	dialogue	True	False	Joey	Joey	Joey	True	speaker_offscreen	Same speaker appears on both sides within the same scene. | QA resolved prior review by same-speaker bridge.				present	char_tracker_stage05	ross	absent			low	speaker_offscreen
1	8	21.92	23.2	What are you talking about?	Joey	high	scene_context_bridge	0.88	dialogue	True	False	Joey	Joey	Joey	False		Same speaker appears on both sides within the same scene.				present	char_tracker_stage05	joey	present			high	
1	9	23.52	24.32	One woman.	Joey	high	scene_context_bridge	0.88	dialogue	True	False	Joey	Joey	Joey	False		Same speaker appears on both sides within the same scene.				present	char_tracker_stage05	chandler|joey	present			high	
1	10	26.0	29.44	That's like saying there's only one flavor of ice cream for you.	Joey	high	qa_review_resolved_bridge	0.9	dialogue	True	False	Joey	Joey	Joey	True	speaker_offscreen	Same speaker appears on both sides within the same scene. | QA resolved prior review by same-speaker bridge.				present	char_tracker_stage05	ross	absent			low	speaker_offscreen
1	11	29.68	31.04	Let me tell you something, Ross.	Joey	high	scene_context_bridge	0.88	dialogue	True	False	Joey	Joey	Joey	False		Same speaker appears on both sides within the same scene.				present	char_tracker_stage05	joey|ross	present			high	
1	12	31.28	33.08	There's lots of flavors out there.	Joey	high	scene_context_bridge	0.88	dialogue	True	False	Joey	Joey	Joey	False		Same speaker appears on both sides within the same scene.				present	char_tracker_stage05	joey|ross	present			high	
1	13	33.08	38.24	There's rocky road and cookie dough and bing cherry vanilla.	Joey	high	scene_context_bridge	0.88	dialogue	True	False	Joey	Joey	Joey	False		Same speaker appears on both sides within the same scene.				present	char_tracker_stage05	joey|ross	present			high	
1	14	38.64	42.88	You could get them with jimmies or knots or whipped cream.	Joey	high	scene_context_bridge	0.88	dialogue	True	False	Joey	Joey	Joey	False		Same speaker appears on both sides within the same scene.				present	char_tracker_stage05	joey|ross	present			high	
1	15	43.44	45.76	This is the best thing that ever happened to you.	Joey	high	scene_context_bridge	0.88	dialogue	True	False	Joey	Joey	Joey	False		Same speaker appears on both sides within the same scene.				present	char_tracker_stage05	joey|ross	present			high	
1	16	46.24	47.24	You got married.	Joey	high	community_transcript_match	1.0	dialogue	False	True	Joey	Joey		False		Speaker agrees with available community-transcript mapping.	you got married	Joey	Joey	present	char_tracker_stage05	joey|ross	present	1.0		high	
19	17	47.24	48.88	You were like, what, eight?	Joey	high	community_transcript_match	1.0	dialogue	False	True	Joey | Ross | Chandler | Paul | Monica		Joey	False		Speaker agrees with available community-transcript mapping.	You got married, you were, like, what, eight	Joey	Joey	present	char_tracker_stage05	joey|ross	present	1.0		high	
19	18	51.2	52.64	Welcome back to the world.	Joey	high	qa_review_resolved_bridge	1.0	dialogue	False	True	Joey | Ross | Chandler | Paul | Monica	Joey	Joey	True	speaker_offscreen	Speaker agrees with available community-transcript mapping. | QA resolved prior review by same-speaker bridge.	What are you talking about? 'One woman'? That's like saying there's only one flavor of ice cream for you. Lemme tell you something, Ross. There's lots of flavors out there. There's Rocky Road, and Cookie Dough, and Bing! Cherry Vanilla. You could get 'em with Jimmies, or nuts, or whipped cream! This is the best thing that ever happened to you! You got married, you were, like, what, eight? Welcome back to the world! Grab a spoon!	Joey	Joey	present	char_tracker_stage05	ross	absent	0.0		low	speaker_offscreen
19	19	52.72	53.92	Grab a spoon.	Joey	high	qa_review_resolved_ct_support	1.0	dialogue	False	True	Joey | Ross | Chandler | Paul | Monica	Joey	Ross	True	speaker_offscreen	Speaker agrees with available community-transcript mapping. | QA resolved prior review with community-transcript support.	Grab a spoon	Joey	Joey	present	char_tracker_stage05	ross	absent	0.0		low	speaker_offscreen
19	20	55.37	57.93	I honestly don't know if I'm hungry or horny.	Ross	high	community_transcript_match	1.0	dialogue	False	True	Joey | Ross | Chandler | Paul | Monica	Joey	Chandler	False		Speaker agrees with available community-transcript mapping.	I honestly don't know if I'm hungry or horny.	Ross	Ross	present	char_tracker_stage05	chandler|joey|ross	present	1.0		high	
19	21	58.49	59.77	Stay out of my freezer.	Chandler	high	community_transcript_match	1.0	dialogue	False	True	Joey | Ross | Chandler | Paul | Monica	Ross	Paul	False		Speaker agrees with available community-transcript mapping.	Stay out of my freezer! [Scene: A Restaurant, Monica and Paul are still eating.]	Chandler	Chandler	present	char_tracker_stage05	chandler|joey|ross	present	1.0		high	
19	22	64.09	66.33	Ever since she walked out on me, I.	Paul	high	community_transcript_match	1.0	dialogue	False	True	Joey | Ross | Chandler | Paul | Monica	Chandler	Monica	False		Speaker agrees with available community-transcript mapping.	Ever since she walked out on me, I, uh...	Paul	Paul	absent	char_tracker_stage05		unobserved			high	
19	23	67.53	67.93	What?	Monica	medium	visual_disambiguation	0.74	dialogue	True	False	Joey | Ross | Chandler | Paul | Monica	Paul	Monica	False		Only one of the two text-context candidates was visually present in the window.				present	char_tracker_stage05	monica	present			medium	
19	24	69.05	69.41	What?	Monica	high	scene_context_bridge	0.88	dialogue	True	False	Joey | Ross | Chandler | Paul | Monica	Monica	Monica	False		Same speaker appears on both sides within the same scene.				present	char_tracker_stage05	monica	present			high	
19	25	69.41	69.77	What?	Monica	high	community_transcript_match	1.0	dialogue	False	True	Joey | Ross | Chandler | Paul | Monica	Monica	Monica	False		Speaker agrees with available community-transcript mapping.	What	Monica	Monica	present	char_tracker_stage05	monica	present	1.0		high	
19	26	69.93	71.61	You want to spell it out with noodles?	Monica	high	community_transcript_match	1.0	dialogue	False	True	Joey | Ross | Chandler | Paul | Monica	Monica	Paul	False		Speaker agrees with available community-transcript mapping.	What?..... What, you wanna spell it out with noodles?	Monica	Monica	present	char_tracker_stage05	monica	present	1.0		high	
19	27	72.17	75.77	No, it's more of a fifth date kind of revelation.	Paul	high	community_transcript_match	1.0	dialogue	False	True	Joey | Ross | Chandler | Paul | Monica	Monica	Monica	False		Speaker agrees with available community-transcript mapping.	No, it's, it's more of a fifth date kinda revelation.	Paul	Paul	partial	char_tracker_stage05		unobserved			high	
19	28	77.13	80.09	Oh, so there's gonna be a fifth date?	Monica	high	community_transcript_match	1.0	dialogue	False	True	Joey | Ross | Chandler | Paul | Monica	Paul	Paul	False		Speaker agrees with available community-transcript mapping.	Oh, so there is gonna be a fifth date?	Monica	Monica	present	char_tracker_stage05	monica	present	1.0		high	
19	29	81.91	82.47	Isn't there?	Paul	high	community_transcript_match	1.0	dialogue	False	True	Joey | Ross | Chandler | Paul | Monica	Monica	Monica	False		Speaker agrees with available community-transcript mapping.	Isn't there?	Paul	Paul	present	char_tracker_stage05	monica	unobserved			high	
19	30	83.67	84.15	Yeah.	Monica	high	community_transcript_match	1.0	dialogue	False	True	Joey | Ross | Chandler | Paul | Monica	Paul	Monica	False		Speaker agrees with available community-transcript mapping.	Yeah	Monica	Monica	present	char_tracker_stage05	monica	present	1.0		high	
19	31	84.15	85.67	Yeah, I think there is.	Monica	high	community_transcript_match	1.0	dialogue	False	True	Joey | Ross | Chandler | Paul | Monica	Monica	Monica	False		Speaker agrees with available community-transcript mapping.	yeah, I think there is	Monica	Monica	present	char_tracker_stage05	monica	present	1.0		high	
19	32	87.11	88.15	What were you gonna say?	Monica	high	community_transcript_match	1.0	dialogue	False	True	Joey | Ross | Chandler | Paul | Monica	Monica	Paul	False		Speaker agrees with available community-transcript mapping.	Yeah... yeah, I think there is. -What were you gonna say?	Monica	Monica	present	char_tracker_stage05	monica	present	1.0		high	
19	33	90.95	101.83	Well, ever since she left me, I haven't been able to perform sexually.	Paul	high	community_transcript_match	1.0	dialogue	False	True	Joey | Ross | Chandler | Paul | Monica	Monica	Monica	False		Speaker agrees with available community-transcript mapping.	Well, ever-ev-... ever since she left me, um, I haven't been able to, uh, perform. (Monica takes a sip of her drink.) ...Sexually.	Paul	Paul	present	char_tracker_stage05	monica	unobserved			high	
19	34	105.19	105.83	Oh, God.	Monica	high	community_transcript_match	1.0	dialogue	False	True	Joey | Ross | Chandler | Paul | Monica	Paul	Monica	False		Speaker agrees with available community-transcript mapping.	oh god i am sorry	Monica	Monica	present	char_tracker_stage05	monica	present	1.0		high	
19	35	105.83	106.27	Oh, God.	Monica	high	community_transcript_match	1.0	dialogue	False	True	Joey | Ross | Chandler | Paul | Monica	Monica	Monica	False		Speaker agrees with available community-transcript mapping.	Oh God, oh God, I am sorry	Monica	Monica	present	char_tracker_stage05	monica	present	1.0		high	
19	36	106.27	106.95	I am so.	Monica	high	community_transcript_match	1.0	dialogue	False	True	Joey | Ross | Chandler | Paul | Monica	Monica	Monica	False		Speaker agrees with available community-transcript mapping.	(spitting out her drink in shock) Oh God, oh God, I am sorry... I am so sorry...	Monica	Monica	present	char_tracker_stage05	monica	present	1.0		high	
19	37	107.19	108.07	I'm so sorry.	Monica	high	scene_context_bridge	0.88	dialogue	True	False	Joey | Ross | Chandler | Paul | Monica	Monica	Monica	False		Same speaker appears on both sides within the same scene.				present	char_tracker_stage05	monica	present			high	
19	38	108.39	110.79	I know being spit on is probably not what you need.	Monica	high	community_transcript_match	1.0	dialogue	False	True	Joey | Ross | Chandler | Paul | Monica	Monica	Monica	False		Speaker agrees with available community-transcript mapping.	I know being spit on is probably not what you need right now. Um... how long?	Monica	Monica	present	char_tracker_stage05	monica	present	1.0		high	
19	39	114.61	115.17	How long?	Monica	high	community_transcript_match	1.0	dialogue	False	True	Joey | Ross | Chandler | Paul | Monica	Monica	Paul	False		Speaker agrees with available community-transcript mapping.	right now um how long	Monica	Monica	present	char_tracker_stage05	monica	present	1.0		high	
19	40	116.05	116.69	Two years.	Paul	high	community_transcript_match	1.0	dialogue	False	True	Joey | Ross | Chandler | Paul | Monica	Monica	Monica	False		Speaker agrees with available community-transcript mapping.	Two years.	Paul	Paul	present	char_tracker_stage05	monica	unobserved			high	
19	41	117.89	118.37	Wow.	Monica	high	community_transcript_match	1.0	dialogue	False	True	Joey | Ross | Chandler | Paul | Monica	Paul	Monica	False		Speaker agrees with available community-transcript mapping.	Wow	Monica	Monica	present	char_tracker_stage05	monica	present	1.0		high	
19	42	119.81	122.13	I'm glad you smashed your watch.	Monica	high	community_transcript_match	1.0	dialogue	False	True	Joey | Ross | Chandler | Paul | Monica	Monica	Paul	False		Speaker agrees with available community-transcript mapping.	Wow! I'm-I'm-I'm glad you smashed her watch!	Monica	Monica	present	char_tracker_stage05	monica	present	1.0		high	
19	43	124.45	128.05	So you still think you might want that fifth date?	Paul	high	community_transcript_match	1.0	dialogue	False	True	Joey | Ross | Chandler | Paul | Monica	Monica	Monica	False		Speaker agrees with available community-transcript mapping.	So you still think you, um... might want that fifth date?	Paul	Paul	partial	char_tracker_stage05		unobserved			high	
19	44	130.85	131.33	Yeah.	Monica	high	community_transcript_match	1.0	dialogue	False	True	Joey | Ross | Chandler | Paul | Monica	Paul	Monica	False		Speaker agrees with available community-transcript mapping.	Yeah	Monica	Monica	present	char_tracker_stage05	monica	present	1.0		high	
19	45	132.45	133.25	Yeah, I do.	Monica	high	community_transcript_match	1.0	dialogue	False	True	Joey | Ross | Chandler | Paul | Monica	Monica		False		Speaker agrees with available community-transcript mapping.	(pause)...Yeah. Yeah, I do.	Monica	Monica	present	char_tracker_stage05	monica	present	1.0		high	
20	46	135.33	143.11	We are gathered here to join together Joanie Louise Cunningham and Charles Chachi.	Priest on TV	high	community_transcript_match	1.0	dialogue	False	True	Priest on TV | Rachel		Rachel	False		Speaker agrees with available community-transcript mapping.	We are gathered here today to join Joanne Louise Cunningham and Charles, Chachi-Chachi-Chachi, Arcola in the bound of holy matrimony.	Priest on TV	Priest on TV	present	char_tracker_stage05	rachel	unobserved			high	
20	47	143.11	143.83	Chachi.	Rachel	medium	visual_disambiguation	0.74	dialogue	True	False	Priest on TV | Rachel	Priest on TV	Rachel	False		Only one of the two text-context candidates was visually present in the window.				present	char_tracker_stage05	rachel	present			medium	
20	48	143.83	144.51	Chachi.	Rachel	high	scene_context_bridge	0.88	dialogue	True	False	Priest on TV | Rachel	Rachel	Rachel	False		Same speaker appears on both sides within the same scene.				present	char_tracker_stage05	rachel	present			high	
20	49	145.31	148.75	Our color in the bond of holy matrimony.	Rachel	high	scene_context_bridge	0.88	dialogue	True	False	Priest on TV | Rachel	Rachel	Rachel	False		Same speaker appears on both sides within the same scene.				present	char_tracker_stage05	rachel	present			high	
20	50	149.55	151.15	Marriage is the most sacred.	Rachel	high	scene_context_bridge	0.88	dialogue	True	False	Priest on TV | Rachel	Rachel	Rachel	False		Same speaker appears on both sides within the same scene.				present	char_tracker_stage05	rachel	present			high	
20	51	151.15	154.11	See, but Joanie loved Chachi.	Rachel	high	community_transcript_match	1.0	dialogue	False	True	Priest on TV | Rachel	Rachel	Rachel	False		Speaker agrees with available community-transcript mapping.	but Joanne loved Chachi	Rachel	Rachel	present	char_tracker_stage05	rachel	present	1.0		high	
20	52	154.91	156.11	That's the difference.	Rachel	high	community_transcript_match	1.0	dialogue	False	True	Priest on TV | Rachel	Rachel		False		Speaker agrees with available community-transcript mapping.	Oh...see... but Joanne loved Chachi! That's the difference!	Rachel	Rachel	present	char_tracker_stage05	rachel	present	1.0		high	
21	53	159.07	160.35	Grab a spoon.	Ross	high	community_transcript_match	1.0	dialogue	False	True	Ross | Joey | Chandler | Song		Ross	False		Speaker agrees with available community-transcript mapping.	Grab a spoon	Ross	Ross	present	char_tracker_stage05	ross	present	1.0		high	
21	54	160.99	163.79	Do you know how long it's been since I grabbed a spoon?	Ross	high	community_transcript_match	1.0	dialogue	False	True	Ross | Joey | Chandler | Song	Ross	Ross	False		Speaker agrees with available community-transcript mapping.	(scornful) Grab a spoon. Do you know how long it's been since I've grabbed a spoon? Do the words 'Billy, don't be a hero' mean anything to you?	Ross	Ross	present	char_tracker_stage05	ross	present	1.0		high	
21	55	164.76	167.24	Did the words, Billy, don't be a hero mean anything to you?	Ross	high	community_transcript_match	1.0	dialogue	False	True	Ross | Joey | Chandler | Song	Ross	Joey	False		Speaker agrees with available community-transcript mapping.	Do the words 'Billy, don't be a hero' mean anything to you	Ross	Ross	present	char_tracker_stage05	ross	present	1.0		high	
21	56	172.84	175.64	Great story, but I gotta go.	Joey	high	community_transcript_match	1.0	dialogue	False	True	Ross | Joey | Chandler | Song	Ross	Joey	False		Speaker agrees with available community-transcript mapping.	Great story!  But, I uh, I gotta go, I got a date with Andrea--Angela--Andrea...  Oh man, (looks to Chandler)	Joey	Joey	present	char_tracker_stage05	joey	present	1.0		high	
21	57	175.96	177.56	I gotta date with Andrea.	Joey	high	qa_review_resolved_bridge	1.0	dialogue	False	True	Ross | Joey | Chandler | Song	Joey	Joey	True	speaker_no_face	Speaker agrees with available community-transcript mapping. | QA resolved prior review by same-speaker bridge.	But, I uh, I gotta go, I got a date with Andrea--Angela--Andrea	Joey	Joey	partial	char_tracker_stage05		absent	0.3333		medium	speaker_no_face
21	58	177.72	178.52	Angela.	Joey	high	qa_review_resolved_bridge	1.0	dialogue	False	True	Ross | Joey | Chandler | Song	Joey	Joey	True	speaker_no_face	Speaker agrees with available community-transcript mapping. | QA resolved prior review by same-speaker bridge.	but i uh i angela andrea	Joey	Joey	absent	char_tracker_stage05		absent	0.0		medium	speaker_no_face
21	59	178.84	179.56	Andrea.	Joey	high	community_transcript_match	1.0	dialogue	False	True	Ross | Joey | Chandler | Song	Joey	Chandler	False		Speaker agrees with available community-transcript mapping.	but i uh i andrea	Joey	Joey	present	char_tracker_stage05	joey	present	0.5		high	
21	60	180.2	180.92	Oh, man.	Chandler	medium	short_turn_alternation	0.7	dialogue	True	False	Ross | Joey | Chandler | Song	Joey	Chandler	True	short_utterance_between_two_speakers	Short utterance inferred from local turn alternation.				present	char_tracker_stage05	chandler|joey	present			medium	
21	61	181.0	182.32	Andrea's the screamer.	Chandler	high	community_transcript_match	1.0	dialogue	False	True	Ross | Joey | Chandler | Song	Chandler	Chandler	False		Speaker agrees with available community-transcript mapping.	Angela's the screamer, Andrea has cats.	Chandler	Chandler	present	char_tracker_stage05	chandler	present	1.0		high	
21	62	182.32	183.48	Angela has cats.	Chandler	high	community_transcript_match	1.0	dialogue	False	True	Ross | Joey | Chandler | Song	Chandler	Joey	False		Speaker agrees with available community-transcript mapping.	angela's andrea has cats	Chandler	Chandler	present	char_tracker_stage05	chandler	present	1.0		high	
21	63	184.68	185.08	Right.	Joey	high	community_transcript_match	1.0	dialogue	False	True	Ross | Joey | Chandler | Song	Chandler	Joey	False		Speaker agrees with available community-transcript mapping.	Right	Joey	Joey	present	char_tracker_stage05	chandler|joey	present	1.0		high	
21	64	185.08	185.56	Thanks.	Joey	high	community_transcript_match	1.0	dialogue	False	True	Ross | Joey | Chandler | Song	Joey	Joey	False		Speaker agrees with available community-transcript mapping.	Thanks	Joey	Joey	present	char_tracker_stage05	joey	present	1.0		high	
21	65	185.64	186.68	It's Julie.	Joey	high	community_transcript_match	1.0	dialogue	False	True	Ross | Joey | Chandler | Song	Joey	Joey	False		Speaker agrees with available community-transcript mapping.	It's June	Joey	Joey	present	char_tracker_stage05	joey	present	1.0		high	
21	66	186.68	187.48	I'm outta here.	Joey	high	community_transcript_match	1.0	dialogue	False	True	Ross | Joey | Chandler | Song	Joey	Ross	False		Speaker agrees with available community-transcript mapping.	Right.  Thanks.  It's June.  I'm outta here. (Exits.)	Joey	Joey	present	char_tracker_stage05	joey|ross	present	0.5		high	
21	67	190.68	191.96	You know, here's the thing.	Ross	high	community_transcript_match	1.0	dialogue	False	True	Ross | Joey | Chandler | Song	Joey	Ross	False		Speaker agrees with available community-transcript mapping.	Y'know, here's the thing	Ross	Ross	present	char_tracker_stage05	ross	present	1.0		high	
21	68	192.71	199.35	Even if I could get it together enough, you know, to ask a woman out who am I gonna ask?	Ross	high	community_transcript_match	1.0	dialogue	False	True	Ross | Joey | Chandler | Song	Ross	Song	False		Speaker agrees with available community-transcript mapping.	Y'know, here's the thing. Even if I could get it together enough to- to ask a woman out,... who am I gonna ask? (He gazes out of the window.)	Ross	Ross	present	char_tracker_stage05	ross	present	1.0		high	
21	69	202.15	208.23	If you ever need holding, call my name.	Song	high	non_dialogue_rule	0.98	song	True	False	Ross | Joey | Chandler | Song	Ross	Song	False		Marked as song lyric rather than scene dialogue.				present	char_tracker_stage05	rachel	unobserved			high	
21	70	210.07	211.11	I'll be there.	Song	high	qa_review_resolved_bridge	0.9	dialogue	True	False	Ross | Joey | Chandler | Song	Song	Song	False		Filled from previous same-scene context. | QA resolved prior review by same-speaker bridge.				present	char_tracker_stage05	rachel	unobserved			high	
21	71	213.43	216.79	If you ever need holding.	Song	high	non_dialogue_rule	0.98	song	True	False	Ross | Joey | Chandler | Song	Song		False		Marked as song lyric rather than scene dialogue.				present	char_tracker_stage05	rachel	unobserved			high	
24	72	224.08	225.04	Isn't this amazing?	Rachel	high	qa_review_resolved_ct_support	1.0	dialogue	False	True	Rachel | Chandler | Joey | Monica | All | Paul		Rachel	True	speaker_no_face	Speaker agrees with available community-transcript mapping. | QA resolved prior review with community-transcript support.	Isn't this amazing	Rachel	Rachel	absent	char_tracker_stage05		absent	0.0		medium	speaker_no_face
24	73	225.28	227.84	I mean, I have never made coffee before in my entire life.	Rachel	high	qa_review_resolved_ct_support	1.0	dialogue	False	True	Rachel | Chandler | Joey | Monica | All | Paul	Rachel	Chandler	True	speaker_no_face	Speaker agrees with available community-transcript mapping. | QA resolved prior review with community-transcript support.	Isn't this amazing? I mean, I have never made coffee before in my entire life.	Rachel	Rachel	absent	char_tracker_stage05		absent	0.0		medium	speaker_no_face
24	74	228.16	229.6	That is amazing.	Chandler	high	qa_review_resolved_ct_support	1.0	dialogue	False	True	Rachel | Chandler | Joey | Monica | All | Paul	Rachel	Joey	True	speaker_no_face	Speaker agrees with available community-transcript mapping. | QA resolved prior review with community-transcript support.	That is amazing.	Chandler	Chandler	absent	char_tracker_stage05		absent	0.0		medium	speaker_no_face
24	75	229.76	230.72	Congratulations.	Joey	high	qa_review_resolved_ct_support	1.0	dialogue	False	True	Rachel | Chandler | Joey | Monica | All | Paul	Chandler	Rachel	True	speaker_offscreen	Speaker agrees with available community-transcript mapping. | QA resolved prior review with community-transcript support.	Congratulations.	Joey	Joey	present	char_tracker_stage05	chandler	absent	0.0		low	speaker_offscreen
24	76	230.72	234.8	You know, I figure if I can make coffee, there isn't anything I can't do.	Rachel	high	community_transcript_match	1.0	dialogue	False	True	Rachel | Chandler | Joey | Monica | All | Paul	Joey	Chandler	False		Speaker agrees with available community-transcript mapping.	Y'know, I figure if I can make coffee, there isn't anything I can't do.	Rachel	Rachel	present	char_tracker_stage05	chandler|joey|rachel	present	0.8		high	
24	77	235.2	238.8	No, I think it's if I can invade Poland, there isn't anything I can't do.	Chandler	high	community_transcript_match	1.0	dialogue	False	True	Rachel | Chandler | Joey | Monica | All | Paul	Rachel	Joey	False		Speaker agrees with available community-transcript mapping.	If can invade Poland, there isn't anything I can't do.	Chandler	Chandler	present	char_tracker_stage05	chandler|rachel	present	1.0		high	
24	78	240.0	241.4	Listen, while you're on a roll.	Joey	high	community_transcript_match	1.0	dialogue	False	True	Rachel | Chandler | Joey | Monica | All | Paul	Chandler	Joey	False		Speaker agrees with available community-transcript mapping.	listen while you're on a roll although actually i'm really not that hungry	Joey	Joey	present	char_tracker_stage05	chandler|joey|rachel	present	1.0		high	
24	79	241.4	244.0	If you feel like you gotta make, like, a Western omelette or something.	Joey	high	community_transcript_match	1.0	dialogue	False	True	Rachel | Chandler | Joey | Monica | All | Paul	Joey	Joey	False		Speaker agrees with available community-transcript mapping.	Listen, while you're on a roll, if you feel like you gotta make like a Western omelet or something... (Joey and Chandler taste the coffee, grimace, and pour it into a plant pot.) Although actually I'm really not that hungry...	Joey	Joey	present	char_tracker_stage05	joey	present	1.0		high	
24	80	248.29	250.45	Although, actually, I'm really not that hungry this morning.	Joey	high	community_transcript_match	1.0	dialogue	False	True	Rachel | Chandler | Joey | Monica | All | Paul	Joey	Monica	False		Speaker agrees with available community-transcript mapping.	Although actually I'm really not that hungry	Joey	Joey	present	char_tracker_stage05	chandler|joey	present	0.6667		high	
24	81	252.77	253.41	Oh, good.	Monica	high	qa_review_resolved_ct_support	1.0	dialogue	False	True	Rachel | Chandler | Joey | Monica | All | Paul	Joey	Monica	True	speaker_no_face	Speaker agrees with available community-transcript mapping. | QA resolved prior review with community-transcript support.	oh good	Monica	Monica	absent	char_tracker_stage05		absent	0.0		medium	speaker_no_face
24	82	253.57	255.01	Lenny and Squiggy are here.	Monica	high	qa_review_resolved_ct_support	1.0	dialogue	False	True	Rachel | Chandler | Joey | Monica | All | Paul	Monica	All	True	speaker_no_face	Speaker agrees with available community-transcript mapping. | QA resolved prior review with community-transcript support.	(entering, to herself) Oh good, Lenny and Squigy are here.	Monica	Monica	partial	char_tracker_stage05		absent	0.0		medium	speaker_no_face
24	83	256.69	257.33	Good morning.	All	high	community_transcript_match	1.0	dialogue	False	True	Rachel | Chandler | Joey | Monica | All | Paul	Monica	All	False		Speaker agrees with available community-transcript mapping.	Morning	All	All	present	char_tracker_stage05	chandler|joey|monica|rachel	unobserved			high	
24	84	257.49	258.05	Good morning.	All	high	community_transcript_match	1.0	dialogue	False	True	Rachel | Chandler | Joey | Monica | All | Paul	All	Paul	False		Speaker agrees with available community-transcript mapping.	Morning. Good morning.	All	All	present	char_tracker_stage05	monica|rachel	unobserved			high	
24	85	258.45	258.85	Morning.	Paul	high	community_transcript_match	1.0	dialogue	False	True	Rachel | Chandler | Joey | Monica | All | Paul	All	Joey	False		Speaker agrees with available community-transcript mapping.	(entering from Monica's room) Morning.	Paul	Paul	present	char_tracker_stage05	monica	unobserved			high	
24	86	260.93	261.33	Morning.	Joey	medium	short_turn_alternation	0.7	dialogue	True	False	Rachel | Chandler | Joey | Monica | All | Paul	Paul	Joey	True	short_utterance_between_two_speakers | speaker_no_face	Short utterance inferred from local turn alternation.				absent	char_tracker_stage05		absent			medium	speaker_no_face
24	87	261.81	262.77	Morning, Paul.	Joey	high	qa_review_resolved_ct_support	1.0	dialogue	False	True	Rachel | Chandler | Joey | Monica | All | Paul	Joey	Rachel	True	speaker_offscreen	Speaker agrees with available community-transcript mapping. | QA resolved prior review with community-transcript support.	Morning, Paul.	Joey	Joey	present	char_tracker_stage05	rachel	absent	0.0		low	speaker_offscreen
24	88	262.77	263.65	Hello, Paul.	Rachel	high	community_transcript_match	1.0	dialogue	False	True	Rachel | Chandler | Joey | Monica | All | Paul	Joey	Chandler	False		Speaker agrees with available community-transcript mapping.	Hello, Paul.	Rachel	Rachel	present	char_tracker_stage05	chandler|rachel	present	1.0		high	
24	89	263.65	268.37	Hi, Paul.	Chandler	high	community_transcript_match	1.0	dialogue	False	True	Rachel | Chandler | Joey | Monica | All | Paul	Rachel		False		Speaker agrees with available community-transcript mapping.	Hi, Paul, is it?	Chandler	Chandler	present	char_tracker_stage05	chandler	present	0.6667		high	
25	90	273.0	273.48	Thank you.	Paul	high	community_transcript_match	1.0	dialogue	False	True	Paul | Monica | Joey | Chandler | Rachel		Paul	False		Speaker agrees with available community-transcript mapping.	Thank you	Paul	Paul	absent	char_tracker_stage05		unobserved			high	
25	91	274.12	275.16	Thank you so much.	Paul	high	community_transcript_match	1.0	dialogue	False	True	Paul | Monica | Joey | Chandler | Rachel	Paul	Monica	False		Speaker agrees with available community-transcript mapping.	Thank you!  Thank you so much!	Paul	Paul	present	char_tracker_stage05	chandler|joey	unobserved			high	
25	92	275.32	275.72	Stop.	Monica	high	qa_review_resolved_ct_support	1.0	dialogue	False	True	Paul | Monica | Joey | Chandler | Rachel	Paul	Paul	True	speaker_offscreen	Speaker agrees with available community-transcript mapping. | QA resolved prior review with community-transcript support.	Stop!	Monica	Monica	present	char_tracker_stage05	chandler|joey	absent	0.0		low	speaker_offscreen
25	93	275.72	277.64	No, I'm telling you, last night was like.	Paul	high	community_transcript_match	1.0	dialogue	False	True	Paul | Monica | Joey | Chandler | Rachel	Monica	Paul	False		Speaker agrees with available community-transcript mapping.	no i'm telling you last night was like umm	Paul	Paul	partial	char_tracker_stage05		unobserved			high	
25	94	278.2	280.76	It was like all my birthdays, both graduations.	Paul	high	community_transcript_match	1.0	dialogue	False	True	Paul | Monica | Joey | Chandler | Rachel	Paul	Paul	False		Speaker agrees with available community-transcript mapping.	no i'm telling you last night was like umm all my birthdays both graduations	Paul	Paul	present	char_tracker_stage05	monica	unobserved			high	
25	95	280.76	282.68	Plus the barn raising scene in Witness.	Paul	high	community_transcript_match	1.0	dialogue	False	True	Paul | Monica | Joey | Chandler | Rachel	Paul	Monica	False		Speaker agrees with available community-transcript mapping.	No, I'm telling you last night was like umm, all my birthdays, both graduations, plus the barn raising scene in Witness.	Paul	Paul	present	char_tracker_stage05	monica	unobserved			high	
25	96	289.16	290.04	We'll talk later.	Monica	high	community_transcript_match	1.0	dialogue	False	True	Paul | Monica | Joey | Chandler | Rachel	Paul	Paul	False		Speaker agrees with available community-transcript mapping.	We'll talk later.	Monica	Monica	present	char_tracker_stage05	monica	present	1.0		high	
25	97	290.28	290.84	Yeah.	Paul	high	community_transcript_match	1.0	dialogue	False	True	Paul | Monica | Joey | Chandler | Rachel	Monica	Paul	False		Speaker agrees with available community-transcript mapping.	Yeah	Paul	Paul	present	char_tracker_stage05	monica	unobserved			high	
25	98	295.88	296.44	Thank you.	Paul	high	community_transcript_match	1.0	dialogue	False	True	Paul | Monica | Joey | Chandler | Rachel	Paul	Joey	False		Speaker agrees with available community-transcript mapping.	Yeah. (They kiss) Thank you. (Exits)	Paul	Paul	present	char_tracker_stage05	chandler|joey|monica|rachel	unobserved			high	
25	99	304.91	306.19	That wasn't a real date.	Joey	high	community_transcript_match	1.0	dialogue	False	True	Paul | Monica | Joey | Chandler | Rachel	Paul	Joey	False		Speaker agrees with available community-transcript mapping.	That wasn't a real date	Joey	Joey	present	char_tracker_stage05	chandler|joey|rachel	present	1.0		high	
25	100	308.11	310.03	What the hell do you do on a real date?	Joey	high	community_transcript_match	1.0	dialogue	False	True	Paul | Monica | Joey | Chandler | Rachel	Joey	Monica	False		Speaker agrees with available community-transcript mapping.	That wasn't a real date?! What the hell do you do on a real date?	Joey	Joey	present	char_tracker_stage05	chandler|joey|rachel	present	1.0		high	
25	101	312.59	314.11	Shut up and put my table back.	Monica	high	community_transcript_match	1.0	dialogue	False	True	Paul | Monica | Joey | Chandler | Rachel	Joey	Chandler	False		Speaker agrees with available community-transcript mapping.	Shut up, and put my table back.	Monica	Monica	present	char_tracker_stage05	monica	present	1.0		high	
25	102	316.19	318.03	All right, kids, I gotta get to work.	Chandler	high	qa_review_resolved_ct_support	1.0	dialogue	False	True	Paul | Monica | Joey | Chandler | Rachel	Monica	Chandler	True	speaker_no_face	Speaker agrees with available community-transcript mapping. | QA resolved prior review with community-transcript support.	all right kids i gotta get to work	Chandler	Chandler	partial	char_tracker_stage05		absent	0.3333		medium	speaker_no_face
25	103	318.03	322.43	If I don't input those numbers, doesn't make much of a difference.	Chandler	high	community_transcript_match	1.0	dialogue	False	True	Paul | Monica | Joey | Chandler | Rachel	Chandler	Rachel	False		Speaker agrees with available community-transcript mapping.	All right, kids, I gotta get to work. If I don't input those numbers,... it doesn't make much of a difference...	Chandler	Chandler	present	char_tracker_stage05	chandler|monica	present	1.0		high	
25	104	327.06	329.14	So, like, you guys all have jobs?	Rachel	high	qa_review_resolved_ct_support	1.0	dialogue	False	True	Paul | Monica | Joey | Chandler | Rachel	Chandler	Monica	True	speaker_no_face	Speaker agrees with available community-transcript mapping. | QA resolved prior review with community-transcript support.	So, like, you guys all have jobs?	Rachel	Rachel	partial	char_tracker_stage05		absent	0.0		medium	speaker_no_face
25	105	330.66	332.26	Yeah, we all have jobs.	Monica	high	community_transcript_match	1.0	dialogue	False	True	Paul | Monica | Joey | Chandler | Rachel	Rachel	Monica	False		Speaker agrees with available community-transcript mapping.	Yeah, we all have jobs	Monica	Monica	present	char_tracker_stage05	monica	present	1.0		high	
25	106	332.58	334.58	See, that's how we buy stuff.	Monica	high	community_transcript_match	1.0	dialogue	False	True	Paul | Monica | Joey | Chandler | Rachel	Monica	Joey	False		Speaker agrees with available community-transcript mapping.	Yeah, we all have jobs. See, that's how we buy stuff.	Monica	Monica	present	char_tracker_stage05	monica	present	1.0		high	
25	107	337.22	338.34	Yeah, I'm an actor.	Joey	high	community_transcript_match	1.0	dialogue	False	True	Paul | Monica | Joey | Chandler | Rachel	Monica	Rachel	False		Speaker agrees with available community-transcript mapping.	Yeah, I'm an actor.	Joey	Joey	present	char_tracker_stage05	joey	present	1.0		high	
25	108	339.22	339.78	Wow.	Rachel	high	qa_review_resolved_ct_support	1.0	dialogue	False	True	Paul | Monica | Joey | Chandler | Rachel	Joey	Rachel	True	speaker_no_face	Speaker agrees with available community-transcript mapping. | QA resolved prior review with community-transcript support.	Wow	Rachel	Rachel	absent	char_tracker_stage05		absent	0.0		medium	speaker_no_face
25	109	340.26	341.62	Would I have seen you in anything?	Rachel	high	qa_review_resolved_ct_support	1.0	dialogue	False	True	Paul | Monica | Joey | Chandler | Rachel	Rachel	Joey	True	speaker_offscreen	Speaker agrees with available community-transcript mapping. | QA resolved prior review with community-transcript support.	Wow! Would I have seen you in anything?	Rachel	Rachel	present	char_tracker_stage05	joey	absent	0.0		low	speaker_offscreen
25	110	341.62	342.739	Oh, I doubt it.	Joey	high	community_transcript_match	1.0	dialogue	False	True	Paul | Monica | Joey | Chandler | Rachel	Rachel	Joey	False		Speaker agrees with available community-transcript mapping.	I doubt it	Joey	Joey	present	char_tracker_stage05	joey	present	1.0		high	
25	111	342.82	343.98	Mostly regional work.	Joey	high	community_transcript_match	1.0	dialogue	False	True	Paul | Monica | Joey | Chandler | Rachel	Joey	Joey	False		Speaker agrees with available community-transcript mapping.	I doubt it. Mostly regional work.	Joey	Joey	present	char_tracker_stage05	joey	present	1.0		high	
25	112	343.98	344.58	Okay.	Joey	medium	visual_disambiguation	0.74	dialogue	True	False	Paul | Monica | Joey | Chandler | Rachel	Joey	Monica	False		Only one of the two text-context candidates was visually present in the window.				present	char_tracker_stage05	joey	present			medium	
25	113	344.58	349.22	Unless you happen to catch the Wee One's production of Pinocchio at the Little Theater in the park.	Monica	high	qa_review_resolved_ct_support	1.0	dialogue	False	True	Paul | Monica | Joey | Chandler | Rachel	Joey	Joey	True	speaker_offscreen	Speaker agrees with available community-transcript mapping. | QA resolved prior review with community-transcript support.	Oh wait, wait, unless you happened to catch the Reruns' production of Pinocchio, at the little theater in the park.	Monica	Monica	present	char_tracker_stage05	rachel	absent	0.0		low	speaker_offscreen
25	114	350.9	351.86	It was a job.	Joey	high	community_transcript_match	1.0	dialogue	False	True	Paul | Monica | Joey | Chandler | Rachel	Monica	Joey	False		Speaker agrees with available community-transcript mapping.	Look, it was a job all right?	Joey	Joey	present	char_tracker_stage05	joey	present	1.0		high	
25	115	351.86	352.42	All right.	Joey	high	community_transcript_match	1.0	dialogue	False	True	Paul | Monica | Joey | Chandler | Rachel	Joey	Chandler	False		Speaker agrees with available community-transcript mapping.	look all right	Joey	Joey	present	char_tracker_stage05	chandler|joey	present	1.0		high	
25	116	352.94	355.42	Look, Geppetto, I'm a real live boy.	Chandler	high	community_transcript_match	1.0	dialogue	False	True	Paul | Monica | Joey | Chandler | Rachel	Joey	Joey	False		Speaker agrees with available community-transcript mapping.	'Look, Gippetto, I'm a real live boy.'	Chandler	Chandler	present	char_tracker_stage05	chandler	present	1.0		high	
25	117	358.22	360.1	I will not take this abuse.	Joey	high	qa_review_resolved_ct_support	1.0	dialogue	False	True	Paul | Monica | Joey | Chandler | Rachel	Chandler	Chandler	True	speaker_no_face	Speaker agrees with available community-transcript mapping. | QA resolved prior review with community-transcript support.	I will not take this abuse. (Walks to the door and opens it to leave.)	Joey	Joey	absent	char_tracker_stage05		absent	0.0		medium	speaker_no_face
25	118	360.1	360.7	You're right.	Chandler	high	qa_review_resolved_ct_support	1.0	dialogue	False	True	Paul | Monica | Joey | Chandler | Rachel	Joey	Joey	True	speaker_no_face	Speaker agrees with available community-transcript mapping. | QA resolved prior review with community-transcript support.	"You're right, I'm sorry. (Burst into song and dances out of the door.) ""Once I was a wooden boy, a little wooden boy..."""	Chandler	Chandler	absent	char_tracker_stage05		absent	0.0		medium	speaker_no_face
25	119	360.7	361.42	I'm sorry.	Joey	low	scene_context_inference	0.58	dialogue	True	False	Paul | Monica | Joey | Chandler | Rachel	Chandler	Joey	True	two_sided_context_ambiguous | speaker_no_face	No direct transcript match; weak local context only.				absent	char_tracker_stage05		absent			low	speaker_no_face
25	120	362.46	369.58	Once I was a wooden boy A little wooden boy we should both know that he's a dead man.	Joey	high	community_transcript_match	1.0	dialogue	False	True	Paul | Monica | Joey | Chandler | Rachel	Joey	Joey	False		Speaker agrees with available community-transcript mapping.	You should both know, that he's a dead man.  Oh, Chandler? (Starts after Chandler.)	Joey	Joey	present	char_tracker_stage05	joey	present	0.5		high	
25	121	371.58	372.46	Well, Chandler.	Joey	high	qa_review_resolved_ct_support	1.0	dialogue	False	True	Paul | Monica | Joey | Chandler | Rachel	Joey	Monica	True	speaker_offscreen	Speaker agrees with available community-transcript mapping. | QA resolved prior review with community-transcript support.	Oh, Chandler	Joey	Joey	present	char_tracker_stage05	rachel	absent	0.0		low	speaker_offscreen
25	122	375.98	377.1	So how you doing today?	Monica	high	qa_review_resolved_ct_support	1.0	dialogue	False	True	Paul | Monica | Joey | Chandler | Rachel	Joey	Monica	True	speaker_offscreen	Speaker agrees with available community-transcript mapping. | QA resolved prior review with community-transcript support.	so how you doing today did i can't stop smiling	Monica	Monica	present	char_tracker_stage05	rachel	absent	0.0		low	speaker_offscreen
25	123	377.58	379.7	You sleep okay to talk to Barry?	Monica	high	community_transcript_match	1.0	dialogue	False	True	Paul | Monica | Joey | Chandler | Rachel	Monica	Monica	False		Speaker agrees with available community-transcript mapping.	So how you doing today? Did you sleep okay? Talk to Barry? I can't stop smiling.	Monica	Monica	present	char_tracker_stage05	monica|rachel	present	0.6667		high	
25	124	380.1	381.46	I can't stop smiling.	Monica	high	community_transcript_match	1.0	dialogue	False	True	Paul | Monica | Joey | Chandler | Rachel	Monica	Rachel	False		Speaker agrees with available community-transcript mapping.	I can't stop smiling	Monica	Monica	present	char_tracker_stage05	monica	present	1.0		high	
25	125	382.74	383.62	I can see that.	Rachel	high	community_transcript_match	1.0	dialogue	False	True	Paul | Monica | Joey | Chandler | Rachel	Monica	Rachel	False		Speaker agrees with available community-transcript mapping.	I can see that	Rachel	Rachel	present	char_tracker_stage05	monica|rachel	present	0.5		high	
25	126	383.62	385.62	You look like you slept with a hanger in your mouth.	Rachel	high	community_transcript_match	1.0	dialogue	False	True	Paul | Monica | Joey | Chandler | Rachel	Rachel	Monica	False		Speaker agrees with available community-transcript mapping.	I can see that. You look like you slept with a hanger in your mouth.	Rachel	Rachel	present	char_tracker_stage05	rachel	present	1.0		high	
25	127	391.86	392.34	I know.	Monica	medium	visual_disambiguation	0.74	dialogue	True	False	Paul | Monica | Joey | Chandler | Rachel	Rachel	Monica	False		Only one of the two text-context candidates was visually present in the window.				present	char_tracker_stage05	monica	present			medium	
25	128	392.34	392.66	He.	Monica	high	scene_context_bridge	0.88	dialogue	True	False	Paul | Monica | Joey | Chandler | Rachel	Monica	Monica	False		Same speaker appears on both sides within the same scene.				present	char_tracker_stage05	monica	present			high	
25	129	392.9	393.94	He is just.	Monica	high	community_transcript_match	1.0	dialogue	False	True	Paul | Monica | Joey | Chandler | Rachel	Monica	Monica	False		Speaker agrees with available community-transcript mapping.	I know, he's just so, so	Monica	Monica	present	char_tracker_stage05	monica	present	1.0		high	
25	130	393.94	396.06	So you remember.	Monica	high	community_transcript_match	1.0	dialogue	False	True	Paul | Monica | Joey | Chandler | Rachel	Monica	Rachel	False		Speaker agrees with available community-transcript mapping.	I know, he's just so, so... Do you remember you and Tony DeMarco?	Monica	Monica	present	char_tracker_stage05	monica	present	1.0		high	
25	131	396.06	397.3	You and Tony DiMarco?	Rachel	low	scene_context_inference	0.58	dialogue	True	False	Paul | Monica | Joey | Chandler | Rachel	Monica	Rachel	True	two_sided_context_ambiguous | low_speaker_confidence	No direct transcript match; weak local context only.				present	char_tracker_stage05	monica|rachel	present			low	low_speaker_confidence
25	132	397.46	398.26	Oh, yeah.	Rachel	high	community_transcript_match	1.0	dialogue	False	True	Paul | Monica | Joey | Chandler | Rachel	Rachel	Monica	False		Speaker agrees with available community-transcript mapping.	Oh, yeah.	Rachel	Rachel	present	char_tracker_stage05	monica|rachel	present	1.0		high	
25	133	398.42	399.46	Well, it's like that.	Monica	high	community_transcript_match	1.0	dialogue	False	True	Paul | Monica | Joey | Chandler | Rachel	Rachel	Monica	False		Speaker agrees with available community-transcript mapping.	Well, it's like that. With feelings.	Monica	Monica	present	char_tracker_stage05	monica|rachel	present	1.0		high	
25	134	399.62	400.5	With feelings.	Monica	high	community_transcript_match	1.0	dialogue	False	True	Paul | Monica | Joey | Chandler | Rachel	Monica	Rachel	False		Speaker agrees with available community-transcript mapping.	With feelings	Monica	Monica	present	char_tracker_stage05	monica|rachel	present	1.0		high	
25	135	402.74	403.46	Oh, wow.	Rachel	high	community_transcript_match	1.0	dialogue	False	True	Paul | Monica | Joey | Chandler | Rachel	Monica	Rachel	False		Speaker agrees with available community-transcript mapping.	Oh wow	Rachel	Rachel	present	char_tracker_stage05	monica|rachel	present	1.0		high	
25	136	403.62	404.58	Are you in trouble.	Rachel	high	community_transcript_match	1.0	dialogue	False	True	Paul | Monica | Joey | Chandler | Rachel	Rachel	Monica	False		Speaker agrees with available community-transcript mapping.	Oh wow. Are you in trouble.	Rachel	Rachel	present	char_tracker_stage05	monica|rachel	present	1.0		high	
25	137	404.74	405.38	Big time.	Monica	high	community_transcript_match	1.0	dialogue	False	True	Paul | Monica | Joey | Chandler | Rachel	Rachel	Rachel	False		Speaker agrees with available community-transcript mapping.	Big time!	Monica	Monica	present	char_tracker_stage05	monica|rachel	present	1.0		high	
25	138	406.42	407.46	Want a wedding dress?	Rachel	high	community_transcript_match	1.0	dialogue	False	True	Paul | Monica | Joey | Chandler | Rachel	Monica	Rachel	False		Speaker agrees with available community-transcript mapping.	Want a wedding dress?   Hardly used.	Rachel	Rachel	present	char_tracker_stage05	monica|rachel	present	1.0		high	
25	139	407.79	408.35	Hardly used.	Rachel	high	community_transcript_match	1.0	dialogue	False	True	Paul | Monica | Joey | Chandler | Rachel	Rachel	Rachel	False		Speaker agrees with available community-transcript mapping.	Hardly used	Rachel	Rachel	present	char_tracker_stage05	rachel	present	1.0		high	
25	140	409.95	412.03	I think we're getting a little ahead of ourselves here.	Rachel	medium	scene_context_inference	0.66	dialogue	True	False	Paul | Monica | Joey | Chandler | Rachel	Rachel	Monica	True	two_sided_context_ambiguous	No direct transcript match; longer line defaulted to previous speaker in same scene.				present	char_tracker_stage05	monica|rachel	present			medium	
25	141	412.43	413.71	Okay, okay.	Monica	high	community_transcript_match	1.0	dialogue	False	True	Paul | Monica | Joey | Chandler | Rachel	Rachel	Monica	False		Speaker agrees with available community-transcript mapping.	Okay	Monica	Monica	present	char_tracker_stage05	monica|rachel	present	1.0		high	
25	142	413.71	417.87	I am just going to get up, go to work and not think about him all day.	Monica	high	qa_review_resolved_bridge	1.0	dialogue	False	True	Paul | Monica | Joey | Chandler | Rachel	Monica	Monica	True	speaker_offscreen	Speaker agrees with available community-transcript mapping. | QA resolved prior review by same-speaker bridge.	I think we are getting a little ahead of selves here. Okay. Okay. I am just going to get up, go to work and not think about him all day. Or else I'm just gonna get up and go to work.	Monica	Monica	present	char_tracker_stage05	rachel	absent	0.4		low	speaker_offscreen
25	143	419.23	421.15	Or else I'm just gonna get up and go to work.	Monica	high	qa_review_resolved_ct_support	1.0	dialogue	False	True	Paul | Monica | Joey | Chandler | Rachel	Monica	Rachel	True	speaker_offscreen	Speaker agrees with available community-transcript mapping. | QA resolved prior review with community-transcript support.	Or else I'm just gonna get up and go to work	Monica	Monica	present	char_tracker_stage05	rachel	absent	0.0		low	speaker_offscreen
25	144	422.27	423.39	Oh, wish me luck.	Rachel	high	community_transcript_match	1.0	dialogue	False	True	Paul | Monica | Joey | Chandler | Rachel	Monica	Monica	False		Speaker agrees with available community-transcript mapping.	Oh, look, wish me luck!	Rachel	Rachel	present	char_tracker_stage05	monica|rachel	present	1.0		high	
25	145	423.47	424.11	What for?	Monica	high	community_transcript_match	1.0	dialogue	False	True	Paul | Monica | Joey | Chandler | Rachel	Rachel	Rachel	False		Speaker agrees with available community-transcript mapping.	What for?	Monica	Monica	present	char_tracker_stage05	monica|rachel	present	0.5		high	
25	146	424.19	425.71	I'm gonna go get one of those.	Rachel	high	community_transcript_match	1.0	dialogue	False	True	Paul | Monica | Joey | Chandler | Rachel	Monica		False		Speaker agrees with available community-transcript mapping.	I'm gonna go get one of those (Thinks) job things.	Rachel	Rachel	present	char_tracker_stage05	rachel	present	1.0		high	
27	147	439.0	440.12	Hey, Monica.	Frannie	high	community_transcript_match	1.0	dialogue	False	True	Frannie | Monica		Monica	False		Speaker agrees with available community-transcript mapping.	Hey, Monica!	Frannie	Frannie	present	char_tracker_stage05	monica	unobserved			high	
27	148	440.28	440.8	Franny.	Monica	medium	visual_disambiguation	0.74	dialogue	True	False	Frannie | Monica	Frannie	Monica	False		Only one of the two text-context candidates was visually present in the window.				present	char_tracker_stage05	monica	present			medium	
27	149	440.8	441.4	Welcome back.	Monica	high	community_transcript_match	1.0	dialogue	False	True	Frannie | Monica	Monica	Monica	False		Speaker agrees with available community-transcript mapping.	Hey Frannie, welcome back	Monica	Monica	present	char_tracker_stage05	monica	present	1.0		high	
27	150	441.56	442.6	How was Florida?	Monica	high	community_transcript_match	1.0	dialogue	False	True	Frannie | Monica	Monica	Frannie	False		Speaker agrees with available community-transcript mapping.	Hey Frannie, welcome back! How was Florida?	Monica	Monica	present	char_tracker_stage05	monica	present	1.0		high	
27	151	443.24	444.76	You had sex, didn't you?	Frannie	high	community_transcript_match	1.0	dialogue	False	True	Frannie | Monica	Monica	Monica	False		Speaker agrees with available community-transcript mapping.	You had sex, didn't you?	Frannie	Frannie	present	char_tracker_stage05	monica	unobserved			high	
27	152	446.68	447.72	How did you do that?	Monica	high	community_transcript_match	1.0	dialogue	False	True	Frannie | Monica	Frannie	Frannie	False		Speaker agrees with available community-transcript mapping.	How do you do that?	Monica	Monica	present	char_tracker_stage05	monica	present	1.0		high	
27	153	447.72	448.76	Oh, I hate you.	Frannie	high	community_transcript_match	1.0	dialogue	False	True	Frannie | Monica	Monica	Frannie	False		Speaker agrees with available community-transcript mapping.	oh i hate you so who	Frannie	Frannie	present	char_tracker_stage05	monica	unobserved			high	
27	154	448.76	452.12	I'm pushing my Aunt Roz through Parrot Jungle and you're having sex.	Frannie	high	community_transcript_match	1.0	dialogue	False	True	Frannie | Monica	Frannie	Frannie	False		Speaker agrees with available community-transcript mapping.	Oh, I hate you, I'm pushing my Aunt Roz through Parrot Jungle and you're having sex!  So? Who?	Frannie	Frannie	absent	char_tracker_stage05		unobserved			high	
27	155	453.56	455.0	So who?	Frannie	high	community_transcript_match	1.0	dialogue	False	True	Frannie | Monica	Frannie	Monica	False		Speaker agrees with available community-transcript mapping.	So	Frannie	Frannie	absent	char_tracker_stage05		unobserved			high	
27	156	456.84	457.96	You know, Paul?	Monica	high	qa_review_resolved_ct_support	1.0	dialogue	False	True	Frannie | Monica	Frannie	Frannie	True	speaker_no_face	Speaker agrees with available community-transcript mapping. | QA resolved prior review with community-transcript support.	You know Paul?	Monica	Monica	absent	char_tracker_stage05		absent	0.0		medium	speaker_no_face
27	157	458.77	459.81	Paul, the wine guy.	Frannie	high	community_transcript_match	1.0	dialogue	False	True	Frannie | Monica	Monica	Frannie	False		Speaker agrees with available community-transcript mapping.	Paul the Wine Guy? Oh yeah, I know Paul.	Frannie	Frannie	absent	char_tracker_stage05		unobserved			high	
27	158	460.45	461.21	Oh, yeah.	Frannie	high	community_transcript_match	1.0	dialogue	False	True	Frannie | Monica	Frannie	Frannie	False		Speaker agrees with available community-transcript mapping.	Oh yeah, I know Paul	Frannie	Frannie	absent	char_tracker_stage05		unobserved			high	
27	159	461.21	461.97	I know Paul.	Frannie	high	community_transcript_match	1.0	dialogue	False	True	Frannie | Monica	Frannie	Monica	False		Speaker agrees with available community-transcript mapping.	i know paul	Frannie	Frannie	absent	char_tracker_stage05		unobserved			high	
27	160	464.53	467.17	You mean, you know Paul like I know Paul?	Monica	high	community_transcript_match	1.0	dialogue	False	True	Frannie | Monica	Frannie	Frannie	False		Speaker agrees with available community-transcript mapping.	You mean you know Paul like I know Paul?	Monica	Monica	present	char_tracker_stage05	monica	present	1.0		high	
27	161	467.25	468.13	Are you kidding?	Frannie	high	community_transcript_match	1.0	dialogue	False	True	Frannie | Monica	Monica	Frannie	False		Speaker agrees with available community-transcript mapping.	Are you kidding	Frannie	Frannie	present	char_tracker_stage05	monica	unobserved			high	
27	162	468.21	469.57	I take credit for Paul.	Frannie	high	community_transcript_match	1.0	dialogue	False	True	Frannie | Monica	Frannie	Frannie	False		Speaker agrees with available community-transcript mapping.	I take credit for Paul	Frannie	Frannie	absent	char_tracker_stage05		unobserved			high	
27	163	469.73	473.17	You know, before me, there was no snapping his turtle for two years.	Frannie	high	community_transcript_match	1.0	dialogue	False	True	Frannie | Monica	Frannie		False		Speaker agrees with available community-transcript mapping.	Are you kidding? I take credit for Paul. Y'know before me, there was no snap in his turtle for two years.	Frannie	Frannie	partial	char_tracker_stage05		unobserved			high	
28	164	477.17	478.61	Of course it was a line.	Joey	high	community_transcript_match	1.0	dialogue	False	True	Joey | Monica | Ross | Phoebe		Monica	False		Speaker agrees with available community-transcript mapping.	(sitting on the arm of the couch)Of course it was a line!	Joey	Joey	present	char_tracker_stage05	joey|monica	present	1.0		high	
28	165	480.13	480.53	Why?	Monica	high	qa_review_resolved_ct_support	1.0	dialogue	False	True	Joey | Monica | Ross | Phoebe	Joey	Monica	True	speaker_no_face	Speaker agrees with available community-transcript mapping. | QA resolved prior review with community-transcript support.	Why	Monica	Monica	absent	char_tracker_stage05		absent	0.0		medium	speaker_no_face
28	166	480.53	480.89	Why?	Monica	high	qa_review_resolved_bridge	1.0	dialogue	False	True	Joey | Monica | Ross | Phoebe	Monica	Monica	True	speaker_no_face	Speaker agrees with available community-transcript mapping. | QA resolved prior review by same-speaker bridge.	Why	Monica	Monica	absent	char_tracker_stage05		absent	0.0		medium	speaker_no_face
28	167	480.89	482.85	Why would anybody do something like that?	Monica	high	qa_review_resolved_ct_support	1.0	dialogue	False	True	Joey | Monica | Ross | Phoebe	Monica	Ross	True	speaker_no_face	Speaker agrees with available community-transcript mapping. | QA resolved prior review with community-transcript support.	Why?! Why? Why, why would anybody do something like that?	Monica	Monica	partial	char_tracker_stage05		absent	0.0		medium	speaker_no_face
28	168	482.85	487.44	I assume we're looking for an answer more sophisticated than to get you into Bed.	Ross	high	community_transcript_match	1.0	dialogue	False	True	Joey | Monica | Ross | Phoebe	Monica	Monica	False		Speaker agrees with available community-transcript mapping.	I assume we're looking for an answer more sophisticated than 'to get you into bed'.	Ross	Ross	present	char_tracker_stage05	ross	present	1.0		high	
28	169	489.52	490.4	I hate men.	Monica	high	community_transcript_match	1.0	dialogue	False	True	Joey | Monica | Ross | Phoebe	Ross	Monica	False		Speaker agrees with available community-transcript mapping.	i hate men	Monica	Monica	present	char_tracker_stage05	monica	present	0.5		high	
28	170	490.72	492.0	I hate men.	Monica	high	community_transcript_match	1.0	dialogue	False	True	Joey | Monica | Ross | Phoebe	Monica	Phoebe	False		Speaker agrees with available community-transcript mapping.	I hate men!  I hate men!	Monica	Monica	present	char_tracker_stage05	monica|phoebe	present	1.0		high	
28	171	492.0	493.04	Oh, no, don't hate.	Phoebe	high	community_transcript_match	1.0	dialogue	False	True	Joey | Monica | Ross | Phoebe	Monica	Phoebe	False		Speaker agrees with available community-transcript mapping.	oh no don't hate	Phoebe	Phoebe	present	char_tracker_stage05	phoebe	present	1.0		high	
28	172	493.04	494.88	You don't want to put that out in the universe.	Phoebe	high	community_transcript_match	1.0	dialogue	False	True	Joey | Monica | Ross | Phoebe	Phoebe	Monica	False		Speaker agrees with available community-transcript mapping.	Oh no, don't hate, you don't want to put that out into the universe.	Phoebe	Phoebe	present	char_tracker_stage05	monica|phoebe	present	1.0		high	
28	173	496.32	497.2	Is it me?	Monica	high	community_transcript_match	1.0	dialogue	False	True	Joey | Monica | Ross | Phoebe	Phoebe	Monica	False		Speaker agrees with available community-transcript mapping.	Is it me	Monica	Monica	present	char_tracker_stage05	monica	present	1.0		high	
28	174	498.16	504.48	Is it like I have some sort of beacon that only dogs and men with severe emotional problems can hear?	Monica	high	qa_review_resolved_ct_support	1.0	dialogue	False	True	Joey | Monica | Ross | Phoebe	Monica	Phoebe	True	speaker_offscreen	Speaker agrees with available community-transcript mapping. | QA resolved prior review with community-transcript support.	Is it me? Is it like I have some sort of beacon that only dogs and men with severe emotional problems can hear?	Monica	Monica	present	char_tracker_stage05	chandler|joey	absent	0.1429		low	speaker_offscreen
28	175	504.72	505.48	All right, come here.	Phoebe	high	community_transcript_match	1.0	dialogue	False	True	Joey | Monica | Ross | Phoebe	Monica	Phoebe	False		Speaker agrees with available community-transcript mapping.	All right, c'mere, gimme your feet. (She starts massaging them.)	Phoebe	Phoebe	present	char_tracker_stage05	chandler|joey|phoebe	present	1.0		high	
28	176	505.48	506.32	Give me your feet.	Phoebe	medium	visual_disambiguation	0.74	dialogue	True	False	Joey | Monica | Ross | Phoebe	Phoebe	Monica	False		Only one of the two text-context candidates was visually present in the window.				present	char_tracker_stage05	phoebe	present			medium	
28	177	514.33	515.93	I just thought he was nice, you know?	Monica	high	community_transcript_match	1.0	dialogue	False	True	Joey | Monica | Ross | Phoebe	Phoebe	Joey	False		Speaker agrees with available community-transcript mapping.	I just thought he was nice, y'know?	Monica	Monica	present	char_tracker_stage05	monica	present	1.0		high	
28	178	520.65	522.89	I can't believe you didn't know it was a line.	Joey	high	community_transcript_match	1.0	dialogue	False	True	Joey | Monica | Ross | Phoebe	Monica		False		Speaker agrees with available community-transcript mapping.	(bursts out laughing again) I can't believe you didn't know it was a line!	Joey	Joey	present	char_tracker_stage05	joey|monica	present	1.0		high	
29	179	528.01	528.65	Guess what?	Rachel	high	qa_review_resolved_ct_support	1.0	dialogue	False	True	Rachel | Ross | Chandler | Monica		Ross	True	speaker_offscreen	Speaker agrees with available community-transcript mapping. | QA resolved prior review with community-transcript support.	Guess what?	Rachel	Rachel	present	char_tracker_stage05	ross	absent	0.0		low	speaker_offscreen
29	180	528.97	529.85	You got a job.	Ross	high	community_transcript_match	1.0	dialogue	False	True	Rachel | Ross | Chandler | Monica	Rachel	Rachel	False		Speaker agrees with available community-transcript mapping.	You got a job?	Ross	Ross	present	char_tracker_stage05	ross	present	1.0		high	
29	181	530.17	531.05	Are you kidding?	Rachel	high	qa_review_resolved_ct_support	1.0	dialogue	False	True	Rachel | Ross | Chandler | Monica	Ross	Rachel	True	speaker_no_face	Speaker agrees with available community-transcript mapping. | QA resolved prior review with community-transcript support.	Are you kidding	Rachel	Rachel	absent	char_tracker_stage05		absent	0.0		medium	speaker_no_face
29	182	531.13	532.49	I'm trained for nothing.	Rachel	high	qa_review_resolved_bridge	1.0	dialogue	False	True	Rachel | Ross | Chandler | Monica	Rachel	Rachel	True	speaker_no_face	Speaker agrees with available community-transcript mapping. | QA resolved prior review by same-speaker bridge.	Are you kidding? I'm trained for nothing! I was laughed out of twelve interviews today.	Rachel	Rachel	absent	char_tracker_stage05		absent	0.0		medium	speaker_no_face
29	183	534.65	536.65	I was last out of 12 interviews today.	Rachel	high	community_transcript_match	1.0	dialogue	False	True	Rachel | Ross | Chandler | Monica	Rachel	Chandler	False		Speaker agrees with available community-transcript mapping.	I was laughed out of twelve interviews today	Rachel	Rachel	present	char_tracker_stage05	chandler|rachel	present	1.0		high	
29	184	536.89	538.65	And yet you're surprisingly upbeat.	Chandler	high	community_transcript_match	1.0	dialogue	False	True	Rachel | Ross | Chandler | Monica	Rachel	Rachel	False		Speaker agrees with available community-transcript mapping.	And yet you're surprisingly upbeat.	Chandler	Chandler	present	char_tracker_stage05	chandler	present	1.0		high	
29	185	538.96	543.44	Well, you would be, too, if you found Joan and David boots on sale, 50% off.	Rachel	high	qa_review_resolved_ct_support	1.0	dialogue	False	True	Rachel | Ross | Chandler | Monica	Chandler	Chandler	True	speaker_no_face	Speaker agrees with available community-transcript mapping. | QA resolved prior review with community-transcript support.	You would be too if you found John and David boots on sale, fifty percent off!	Rachel	Rachel	partial	char_tracker_stage05		absent	0.0		medium	speaker_no_face
29	186	544.4	546.08	Oh, how well you know me.	Chandler	high	community_transcript_match	1.0	dialogue	False	True	Rachel | Ross | Chandler | Monica	Rachel	Rachel	False		Speaker agrees with available community-transcript mapping.	Oh, how well you know me...	Chandler	Chandler	present	char_tracker_stage05	chandler	present	1.0		high	
29	187	548.48	549.36	They're my new.	Rachel	high	community_transcript_match	1.0	dialogue	False	True	Rachel | Ross | Chandler | Monica	Chandler	Rachel	False		Speaker agrees with available community-transcript mapping.	they're my new 'i	Rachel	Rachel	present	char_tracker_stage05	rachel|ross	present	1.0		high	
29	188	549.36	550.32	I don't need a job.	Rachel	high	community_transcript_match	1.0	dialogue	False	True	Rachel | Ross | Chandler | Monica	Rachel	Rachel	False		Speaker agrees with available community-transcript mapping.	they're my new 'i don't need a job	Rachel	Rachel	present	char_tracker_stage05	rachel	present	1.0		high	
29	189	550.32	551.36	I don't need my parents.	Rachel	high	community_transcript_match	1.0	dialogue	False	True	Rachel | Ross | Chandler | Monica	Rachel	Rachel	False		Speaker agrees with available community-transcript mapping.	they're my new 'i don't need a job i don't need my parents	Rachel	Rachel	present	char_tracker_stage05	rachel	present	1.0		high	
29	190	551.36	552.72	I've got great boots boots.	Rachel	high	community_transcript_match	1.0	dialogue	False	True	Rachel | Ross | Chandler | Monica	Rachel	Monica	False		Speaker agrees with available community-transcript mapping.	They're my new 'I don't need a job, I don't need my parents, I've got great boots' boots!	Rachel	Rachel	present	char_tracker_stage05	rachel	present	1.0		high	
29	191	554.72	555.76	How'd you pay for them?	Monica	high	community_transcript_match	1.0	dialogue	False	True	Rachel | Ross | Chandler | Monica	Rachel	Rachel	False		Speaker agrees with available community-transcript mapping.	How'd you pay for them?	Monica	Monica	present	char_tracker_stage05	monica|rachel	present	1.0		high	
29	192	556.56	557.28	Credit card.	Rachel	high	community_transcript_match	1.0	dialogue	False	True	Rachel | Ross | Chandler | Monica	Monica	Monica	False		Speaker agrees with available community-transcript mapping.	Uh, credit card.	Rachel	Rachel	present	char_tracker_stage05	monica|rachel	present	1.0		high	
29	193	557.6	558.8	And who pays for that?	Monica	high	community_transcript_match	1.0	dialogue	False	True	Rachel | Ross | Chandler | Monica	Rachel	Rachel	False		Speaker agrees with available community-transcript mapping.	And who pays for that?	Monica	Monica	present	char_tracker_stage05	monica|rachel	present	1.0		high	
29	194	560.56	561.36	My father.	Rachel	high	community_transcript_match	1.0	dialogue	False	True	Rachel | Ross | Chandler | Monica	Monica	Rachel	False		Speaker agrees with available community-transcript mapping.	Um... my... father.	Rachel	Rachel	present	char_tracker_stage05	rachel	present	1.0		high	
29	195	565.53	566.01	Oh, God.	Rachel	high	qa_review_resolved_ct_support	1.0	dialogue	False	True	Rachel | Ross | Chandler | Monica	Rachel		True	speaker_no_face	Speaker agrees with available community-transcript mapping. | QA resolved prior review with community-transcript support.	oh god	Rachel	Rachel	absent	char_tracker_stage05		absent	0.0		medium	speaker_no_face
30	196	566.01	567.77	Come on, you guys, is this really necessary?	Rachel	high	community_transcript_match	1.0	dialogue	False	True	Rachel | Monica | Phoebe		Rachel	False		Speaker agrees with available community-transcript mapping.	Oh God, come on you guys, is this really necessary	Rachel	Rachel	present	char_tracker_stage05	rachel	present	0.5		high	
30	197	567.77	569.69	I mean, I can stop charging anytime I want.	Rachel	high	community_transcript_match	1.0	dialogue	False	True	Rachel | Monica | Phoebe	Rachel	Monica	False		Speaker agrees with available community-transcript mapping.	Oh God, come on you guys, is this really necessary?  I mean, I can stop charging anytime I want.	Rachel	Rachel	present	char_tracker_stage05	rachel	present	1.0		high	
30	198	569.69	571.93	Come on, Rachel, you can't live off your parents your whole life.	Monica	high	qa_review_resolved_ct_support	1.0	dialogue	False	True	Rachel | Monica | Phoebe	Rachel	Rachel	True	speaker_offscreen	Speaker agrees with available community-transcript mapping. | QA resolved prior review with community-transcript support.	C'mon, you can't live off your parents your whole life.	Monica	Monica	present	char_tracker_stage05	joey|rachel	absent	0.0		low	speaker_offscreen
30	199	572.09	572.97	I know that.	Rachel	high	qa_review_resolved_ct_support	1.0	dialogue	False	True	Rachel | Monica | Phoebe	Monica	Rachel	True	speaker_offscreen	Speaker agrees with available community-transcript mapping. | QA resolved prior review with community-transcript support.	I know that	Rachel	Rachel	present	char_tracker_stage05	ross	absent	0.0		low	speaker_offscreen
30	200	573.21	574.73	That's why I was getting married.	Rachel	high	qa_review_resolved_ct_support	1.0	dialogue	False	True	Rachel | Monica | Phoebe	Rachel	Phoebe	True	speaker_no_face	Speaker agrees with available community-transcript mapping. | QA resolved prior review with community-transcript support.	I know that. That's why I was getting married.	Rachel	Rachel	absent	char_tracker_stage05		absent	0.0		medium	speaker_no_face
30	201	576.41	577.65	Come on, give her a break.	Phoebe	high	community_transcript_match	1.0	dialogue	False	True	Rachel | Monica | Phoebe	Rachel	Phoebe	False		Speaker agrees with available community-transcript mapping.	give her a break	Phoebe	Phoebe	present	char_tracker_stage05	phoebe	present	1.0		high	
30	202	577.65	579.61	It's hard being on your own for the first time.	Phoebe	high	community_transcript_match	1.0	dialogue	False	True	Rachel | Monica | Phoebe	Phoebe	Rachel	False		Speaker agrees with available community-transcript mapping.	Give her a break, it's hard being on your own for the first time.	Phoebe	Phoebe	present	char_tracker_stage05	phoebe	present	1.0		high	
30	203	580.33	580.97	Thank you.	Rachel	high	community_transcript_match	1.0	dialogue	False	True	Rachel | Monica | Phoebe	Phoebe	Phoebe	False		Speaker agrees with available community-transcript mapping.	Thank you.	Rachel	Rachel	present	char_tracker_stage05	phoebe|rachel	present	1.0		high	
30	204	581.129	581.85	You're welcome.	Phoebe	medium	visual_disambiguation	0.74	dialogue	True	False	Rachel | Monica | Phoebe	Rachel	Phoebe	False		Only one of the two text-context candidates was visually present in the window.				present	char_tracker_stage05	phoebe	present			medium	
30	205	581.85	583.73	I remember when I first came to this city.	Phoebe	high	scene_context_bridge	0.88	dialogue	True	False	Rachel | Monica | Phoebe	Phoebe	Phoebe	False		Same speaker appears on both sides within the same scene.				present	char_tracker_stage05	phoebe	present			high	
30	206	583.73	584.41	I was 14.	Phoebe	high	scene_context_bridge	0.88	dialogue	True	False	Rachel | Monica | Phoebe	Phoebe	Phoebe	False		Same speaker appears on both sides within the same scene.				present	char_tracker_stage05	phoebe	present			high	
30	207	584.73	587.53	My mom had just killed herself, and my stepdad was back in prison.	Phoebe	high	community_transcript_match	1.0	dialogue	False	True	Rachel | Monica | Phoebe	Phoebe	Phoebe	False		Speaker agrees with available community-transcript mapping.	my mom had just killed herself and my step dad was back in prison	Phoebe	Phoebe	present	char_tracker_stage05	phoebe	present	1.0		high	
30	208	587.77	589.93	And I got here and I didn't know anybody.	Phoebe	high	community_transcript_match	1.0	dialogue	False	True	Rachel | Monica | Phoebe	Phoebe	Phoebe	False		Speaker agrees with available community-transcript mapping.	My mom had just killed herself and my step-dad was back in prison, and I got here, and I didn't know anybody	Phoebe	Phoebe	present	char_tracker_stage05	phoebe	present	1.0		high	
30	209	590.01	594.81	And I ended up living with this albino guy who was, like, cleaning windshields outside Port Authority.	Phoebe	high	community_transcript_match	1.0	dialogue	False	True	Rachel | Monica | Phoebe	Phoebe	Phoebe	False		Speaker agrees with available community-transcript mapping.	You're welcome. I remember when I first came to this city. I was fourteen. My mom had just killed herself and my step-dad was back in prison, and I got here, and I didn't know anybody. And I ended up living with this albino guy who was, like, cleaning windshields outside port authority, and then he killed himself, and then I found aromatherapy. So believe me, I know exactly how you feel.	Phoebe	Phoebe	present	char_tracker_stage05	phoebe	present	1.0		high	
30	210	594.89	595.93	And then he killed.	Phoebe	high	qa_review_resolved_bridge	0.9	dialogue	True	False	Rachel | Monica | Phoebe	Phoebe	Phoebe	False		Continuation-style opener favors previous speaker within the same scene. | QA resolved prior review by same-speaker bridge.				present	char_tracker_stage05	phoebe	present			high	
30	211	597.27	598.71	Then I found aromatherapy.	Phoebe	high	qa_review_resolved_bridge	0.9	dialogue	True	False	Rachel | Monica | Phoebe	Phoebe	Phoebe	False		Filled from previous same-scene context. | QA resolved prior review by same-speaker bridge.				present	char_tracker_stage05	phoebe	present			high	
30	212	598.71	600.79	So believe me, I know exactly how you feel.	Phoebe	medium	scene_context_inference	0.7100000000000001	dialogue	True	False	Rachel | Monica | Phoebe	Phoebe		True	medium_confidence_context_fill	Continuation-style opener favors previous speaker within the same scene.				present	char_tracker_stage05	phoebe	present			medium	
31	213	604.87	608.87	The word you're looking for is anyway.	Ross	high	community_transcript_match	1.0	dialogue	False	True	Ross | Monica | Rachel | All		Monica	False		Speaker agrees with available community-transcript mapping.	The word you're looking for is 'Anyway'...	Ross	Ross	present	char_tracker_stage05	ross	present	1.0		high	
31	214	613.91	615.43	All right, you ready?	Monica	high	community_transcript_match	1.0	dialogue	False	True	Ross | Monica | Rachel | All	Ross	Rachel	False		Speaker agrees with available community-transcript mapping.	All right, you ready?	Monica	Monica	present	char_tracker_stage05	monica	present	0.6667		high	
31	215	615.59	617.39	No, no, no, I'm not ready.	Rachel	high	community_transcript_match	1.0	dialogue	False	True	Ross | Monica | Rachel | All	Monica	Rachel	False		Speaker agrees with available community-transcript mapping.	no no no i'm not ready your parachute come on i can't do this	Rachel	Rachel	present	char_tracker_stage05	rachel	present	1.0		high	
31	216	617.39	618.43	How can I be ready?	Rachel	high	community_transcript_match	1.0	dialogue	False	True	Ross | Monica | Rachel | All	Rachel	Rachel	False		Speaker agrees with available community-transcript mapping.	no no no i'm not ready how can i be ready your parachute come on i can't do this	Rachel	Rachel	present	char_tracker_stage05	rachel	present	1.0		high	
31	217	618.43	621.27	Hey, Rach, you ready to jump out of the airplane without a parachute?	Rachel	high	community_transcript_match	1.0	dialogue	False	True	Ross | Monica | Rachel | All	Rachel	Rachel	False		Speaker agrees with available community-transcript mapping.	"No.  No, no, I'm not ready!  How can I be ready?  ""Hey, Rach!  You ready to jump out the airplane without your parachute?""  Come on, I can't do this!"	Rachel	Rachel	present	char_tracker_stage05	rachel	present	1.0		high	
31	218	621.27	621.79	Come on.	Rachel	high	community_transcript_match	1.0	dialogue	False	True	Ross | Monica | Rachel | All	Rachel	Rachel	False		Speaker agrees with available community-transcript mapping.	""" Come on, I can't do this"	Rachel	Rachel	present	char_tracker_stage05	rachel	present	1.0		high	
31	219	621.79	622.63	I can't do this.	Rachel	high	community_transcript_match	1.0	dialogue	False	True	Ross | Monica | Rachel | All	Rachel	Monica	False		Speaker agrees with available community-transcript mapping.	i can't do this	Rachel	Rachel	present	char_tracker_stage05	monica|rachel	present	1.0		high	
31	220	622.71	623.19	You can.	Monica	high	community_transcript_match	1.0	dialogue	False	True	Ross | Monica | Rachel | All	Rachel	Monica	False		Speaker agrees with available community-transcript mapping.	you can	Monica	Monica	present	char_tracker_stage05	monica|rachel	present	1.0		high	
31	221	623.19	623.99	I know you can.	Monica	high	community_transcript_match	1.0	dialogue	False	True	Ross | Monica | Rachel | All	Monica	Rachel	False		Speaker agrees with available community-transcript mapping.	You can, I know you can!	Monica	Monica	present	char_tracker_stage05	monica|rachel	present	1.0		high	
31	222	623.99	624.83	I don't think so.	Rachel	high	community_transcript_match	1.0	dialogue	False	True	Ross | Monica | Rachel | All	Monica	Ross	False		Speaker agrees with available community-transcript mapping.	I don't think so.	Rachel	Rachel	present	char_tracker_stage05	monica|rachel	present	1.0		high	
31	223	624.83	626.15	Come on, you made coffee.	Ross	high	community_transcript_match	1.0	dialogue	False	True	Ross | Monica | Rachel | All	Rachel	Ross	False		Speaker agrees with available community-transcript mapping.	Come on, you made coffee!   You can do anything! (Chandler slowly tries to hide the now dead plant from that morning when he and Joey poured their coffee into it.)	Ross	Ross	present	char_tracker_stage05	rachel|ross	present	0.6667		high	
31	224	626.32	627.12	You can do anything.	Ross	high	community_transcript_match	1.0	dialogue	False	True	Ross | Monica | Rachel | All	Ross	All	False		Speaker agrees with available community-transcript mapping.	You can do anything	Ross	Ross	present	char_tracker_stage05	chandler|monica|ross	present	1.0		high	
31	225	629.76	635.12	Cut, cut, cut, cut, cut, cut, cut, cut, cut.	All	high	community_transcript_match	1.0	dialogue	False	True	Ross | Monica | Rachel | All	Ross	Rachel	False		Speaker agrees with available community-transcript mapping.	Cut, cut, cut, cut, cut, cut, cut... (She cuts one of them and they cheer.)	All	All	present	char_tracker_stage05	rachel	unobserved			high	
31	226	635.52	638.48	All right, you know what?	Rachel	medium	name_address_rule	0.74	dialogue	True	False	Ross | Monica | Rachel | All	All	Rachel	True	speaker_no_face	Utterance names the previous speaker, so the next speaker is more likely.				partial	char_tracker_stage05		absent			medium	speaker_no_face
31	227	639.36	640.96	I think we can just leave it at that.	Rachel	high	qa_review_resolved_bridge	1.0	dialogue	False	True	Ross | Monica | Rachel | All	Rachel	Rachel	True	speaker_no_face	Speaker agrees with available community-transcript mapping. | QA resolved prior review by same-speaker bridge.	Y'know what?  I think we can just leave it at that.  It's kinda like a symbolic gesture...	Rachel	Rachel	absent	char_tracker_stage05		absent	0.0		medium	speaker_no_face
31	228	641.6	643.52	Kind of like a symbolic gesture.	Rachel	high	qa_review_resolved_ct_support	1.0	dialogue	False	True	Ross | Monica | Rachel | All	Rachel	Monica	True	speaker_no_face	Speaker agrees with available community-transcript mapping. | QA resolved prior review with community-transcript support.	It's kinda like a symbolic gesture	Rachel	Rachel	partial	char_tracker_stage05		absent	0.0		medium	speaker_no_face
31	229	643.52	645.44	Rachel, that was a library card.	Monica	high	community_transcript_match	1.0	dialogue	False	True	Ross | Monica | Rachel | All	Rachel	All	False		Speaker agrees with available community-transcript mapping.	Rachel!  That was a library card!	Monica	Monica	present	char_tracker_stage05	monica	present	1.0		high	
31	230	648.24	652.0	Cut, cut, cut, cut, cut, cut, cut, cut, cut, cut, cut, cut.	All	high	community_transcript_match	1.0	dialogue	False	True	Ross | Monica | Rachel | All	Monica	All	False		Speaker agrees with available community-transcript mapping.	Cut, cut, cut, cut, cut, cut, cut..	All	All	present	char_tracker_stage05	rachel|ross	unobserved			high	
31	231	658.22	658.54	Hey.	All	high	qa_review_resolved_bridge	0.9	dialogue	True	False	Ross | Monica | Rachel | All	All	All	False		Filled from previous same-scene context. | QA resolved prior review by same-speaker bridge.				absent	char_tracker_stage05		unobserved			high	
31	232	659.34	659.82	Hey.	All	medium	scene_context_inference	0.68	dialogue	True	False	Ross | Monica | Rachel | All	All		True	scene_end_short_utterance	Filled from previous same-scene context.				absent	char_tracker_stage05		unobserved			medium	
32	233	660.38	661.82	Welcome to the real world.	Monica	high	qa_review_resolved_ct_support	1.0	dialogue	False	True	Monica		Monica	True	speaker_no_face	Speaker agrees with available community-transcript mapping. | QA resolved prior review with community-transcript support.	Welcome to the real world	Monica	Monica	absent	char_tracker_stage05		absent	0.0		medium	speaker_no_face
32	234	662.22	663.02	It sucks.	Monica	high	community_transcript_match	1.0	dialogue	False	True	Monica	Monica	Monica	False		Speaker agrees with available community-transcript mapping.	It sucks	Monica	Monica	present	char_tracker_stage05	joey|monica|rachel	present	0.5		high	
32	235	663.1	664.06	You're gonna love it.	Monica	high	community_transcript_match	1.0	dialogue	False	True	Monica	Monica	Monica	False		Speaker agrees with available community-transcript mapping.	Welcome to the real world! It sucks. You're gonna love it!	Monica	Monica	present	char_tracker_stage05	joey|monica|rachel	present	1.0		high	
32	236	673.34	673.98	That's it.	Monica	high	qa_review_resolved_ct_support	1.0	dialogue	False	True	Monica	Monica		True	speaker_no_face	Speaker agrees with available community-transcript mapping. | QA resolved prior review with community-transcript support.	well that's it	Monica	Monica	absent	char_tracker_stage05		absent	0.0		medium	speaker_no_face
33	237	675.34	676.62	You gonna crash on the couch?	Monica	high	qa_review_resolved_ct_support	1.0	dialogue	False	True	Monica | Ross | Rachel		Ross	True	speaker_no_face	Speaker agrees with available community-transcript mapping. | QA resolved prior review with community-transcript support.	Well, that's it (To Ross) You gonna crash on the couch?	Monica	Monica	absent	char_tracker_stage05		absent	0.0		medium	speaker_no_face
33	238	676.62	678.62	No, no, I gotta go home sometime.	Ross	high	community_transcript_match	1.0	dialogue	False	True	Monica | Ross | Rachel	Monica	Ross	False		Speaker agrees with available community-transcript mapping.	No. No, I gotta go home sometime.	Ross	Ross	present	char_tracker_stage05	ross	present	0.6667		high	
33	239	678.78	679.18	All right.	Ross	medium	visual_disambiguation	0.74	dialogue	True	False	Monica | Ross | Rachel	Ross	Monica	False		Only one of the two text-context candidates was visually present in the window.				present	char_tracker_stage05	ross	present			medium	
33	240	679.18	680.06	You gonna be okay?	Monica	high	qa_review_resolved_ct_support	1.0	dialogue	False	True	Monica | Ross | Rachel	Ross	Ross	True	speaker_offscreen	Speaker agrees with available community-transcript mapping. | QA resolved prior review with community-transcript support.	You be okay?	Monica	Monica	present	char_tracker_stage05	ross	absent	0.0		low	speaker_offscreen
33	241	680.14	680.62	Yeah.	Ross	high	community_transcript_match	1.0	dialogue	False	True	Monica | Ross | Rachel	Monica	Ross	False		Speaker agrees with available community-transcript mapping.	Yeah.	Ross	Ross	present	char_tracker_stage05	ross	present	1.0		high	
33	242	680.86	681.34	Thanks.	Ross	medium	visual_disambiguation	0.74	dialogue	True	False	Monica | Ross | Rachel	Ross	Rachel	False		Only one of the two text-context candidates was visually present in the window.				present	char_tracker_stage05	ross	present			medium	
33	243	682.62	683.26	Hang on.	Rachel	medium	short_turn_alternation	0.7	dialogue	True	False	Monica | Ross | Rachel	Ross	Rachel	True	short_utterance_between_two_speakers | speaker_no_face	Short utterance inferred from local turn alternation.				absent	char_tracker_stage05		absent			medium	speaker_no_face
33	244	683.26	684.34	Look what I just found on the floor.	Rachel	high	qa_review_resolved_ct_support	1.0	dialogue	False	True	Monica | Ross | Rachel	Rachel	Monica	True	speaker_offscreen	Speaker agrees with available community-transcript mapping. | QA resolved prior review with community-transcript support.	Hey Mon, look what I just found on the floor. (Monica smiles.) What?	Rachel	Rachel	present	char_tracker_stage05	monica|ross	absent	0.0		low	speaker_offscreen
33	245	684.49	684.89	Floor.	Monica	medium	visual_disambiguation	0.74	dialogue	True	False	Monica | Ross | Rachel	Rachel	Monica	False		Only one of the two text-context candidates was visually present in the window.				present	char_tracker_stage05	monica|ross	present			medium	
33	246	686.73	687.13	What?	Monica	high	scene_context_bridge	0.88	dialogue	True	False	Monica | Ross | Rachel	Monica	Monica	False		Same speaker appears on both sides within the same scene.				present	char_tracker_stage05	monica|rachel|ross	present			high	
33	247	688.49	689.77	That's Paul's watch.	Monica	high	community_transcript_match	1.0	dialogue	False	True	Monica | Ross | Rachel	Monica	Monica	False		Speaker agrees with available community-transcript mapping.	That's Paul's watch	Monica	Monica	present	char_tracker_stage05	monica|ross	present	1.0		high	
33	248	690.57	692.17	You just put it back where you found it.	Monica	high	community_transcript_match	1.0	dialogue	False	True	Monica | Ross | Rachel	Monica	Monica	False		Speaker agrees with available community-transcript mapping.	That's Paul's watch. You just put it back where you found it. Oh boy. Alright. Goodnight, everybody.	Monica	Monica	present	char_tracker_stage05	monica|ross	present	1.0		high	
33	249	694.01	694.97	Oh, boy.	Monica	high	qa_review_resolved_bridge	1.0	dialogue	False	True	Monica | Ross | Rachel	Monica	Monica	True	speaker_no_face	Speaker agrees with available community-transcript mapping. | QA resolved prior review by same-speaker bridge.	Oh boy	Monica	Monica	absent	char_tracker_stage05		absent	0.0		medium	speaker_no_face
33	250	694.97	697.53	All right, good night, everybody.	Monica	medium	scene_context_inference	0.68	dialogue	True	False	Monica | Ross | Rachel	Monica		True	medium_confidence_context_fill | speaker_no_face	Filled from previous same-scene context.				absent	char_tracker_stage05		absent			medium	speaker_no_face
34	251	710.02	710.66	Oh, no.	Ross	high	qa_review_resolved_ct_support	1.0	dialogue	False	True	Ross | Rachel		Ross	True	speaker_offscreen	Speaker agrees with available community-transcript mapping. | QA resolved prior review with community-transcript support.	Mmm. (They both reach for the last cookie) Oh, no-	Ross	Ross	present	char_tracker_stage05	rachel	absent	0.0		low	speaker_offscreen
34	252	710.74	711.1	Oh, no.	Ross	high	qa_review_resolved_bridge	0.9	dialogue	True	False	Ross | Rachel	Ross	Ross	True	speaker_offscreen	Same speaker appears on both sides within the same scene. | QA resolved prior review by same-speaker bridge.				present	char_tracker_stage05	rachel	absent			low	speaker_offscreen
34	253	711.1	711.9	No, go, go, go.	Ross	high	qa_review_resolved_ct_support	1.0	dialogue	False	True	Ross | Rachel	Ross	Rachel	True	speaker_offscreen	Speaker agrees with available community-transcript mapping. | QA resolved prior review with community-transcript support.	No no no, go-	Ross	Ross	present	char_tracker_stage05	rachel	absent	0.0		low	speaker_offscreen
34	254	711.9	712.62	Really, I don't want it.	Rachel	high	community_transcript_match	1.0	dialogue	False	True	Ross | Rachel	Ross	Ross	False		Speaker agrees with available community-transcript mapping.	No, you have it, really, I don't want it-	Rachel	Rachel	present	char_tracker_stage05	rachel	present	1.0		high	
34	255	712.62	713.22	Split it.	Ross	high	community_transcript_match	1.0	dialogue	False	True	Ross | Rachel	Rachel	Ross	False		Speaker agrees with available community-transcript mapping.	Split it?	Ross	Ross	present	char_tracker_stage05	rachel|ross	present	0.5		high	
34	256	713.3	713.78	Okay.	Ross	medium	visual_disambiguation	0.74	dialogue	True	False	Ross | Rachel	Ross	Rachel	False		Only one of the two text-context candidates was visually present in the window.				present	char_tracker_stage05	ross	present			medium	
34	257	713.78	714.26	Okay.	Rachel	high	qa_review_resolved_ct_support	1.0	dialogue	False	True	Ross | Rachel	Ross	Ross	True	speaker_offscreen	Speaker agrees with available community-transcript mapping. | QA resolved prior review with community-transcript support.	Okay.	Rachel	Rachel	present	char_tracker_stage05	ross	absent	0.0		low	speaker_offscreen
34	258	717.54	718.02	Thanks.	Ross	medium	short_turn_alternation	0.7	dialogue	True	False	Ross | Rachel	Rachel	Ross	True	short_utterance_between_two_speakers	Short utterance inferred from local turn alternation.				present	char_tracker_stage05	rachel|ross	present			medium	
34	259	718.98	724.66	You know, you probably didn't know this, but back in high school I had a major crush on you.	Ross	high	community_transcript_match	1.0	dialogue	False	True	Ross | Rachel	Ross	Rachel	False		Speaker agrees with available community-transcript mapping.	Okay. (They split it.) You know you probably didn't know this, but back in high school, I had a, um, major crush on you.	Ross	Ross	present	char_tracker_stage05	ross	present	1.0		high	
34	260	726.82	727.46	I knew.	Rachel	high	community_transcript_match	1.0	dialogue	False	True	Ross | Rachel	Ross	Ross	False		Speaker agrees with available community-transcript mapping.	I knew.	Rachel	Rachel	present	char_tracker_stage05	rachel	present	1.0		high	
34	261	728.42	728.98	You did?	Ross	medium	short_turn_alternation	0.7	dialogue	True	False	Ross | Rachel	Rachel	Ross	True	short_utterance_between_two_speakers	Short utterance inferred from local turn alternation.				present	char_tracker_stage05	rachel|ross	present			medium	
34	262	728.98	729.34	Wow.	Ross	high	scene_context_bridge	0.88	dialogue	True	False	Ross | Rachel	Ross	Ross	False		Same speaker appears on both sides within the same scene.				present	char_tracker_stage05	rachel|ross	present			high	
34	263	729.34	729.86	Okay.	Ross	high	scene_context_bridge	0.88	dialogue	True	False	Ross | Rachel	Ross	Ross	False		Same speaker appears on both sides within the same scene.				present	char_tracker_stage05	ross	present			high	
34	264	731.62	734.58	I always figured you just thought I was Monica's geeky older brother.	Ross	high	community_transcript_match	1.0	dialogue	False	True	Ross | Rachel	Ross	Rachel	False		Speaker agrees with available community-transcript mapping.	You did! Oh.... I always figured you just thought I was Monica's geeky older brother.	Ross	Ross	present	char_tracker_stage05	ross	present	1.0		high	
34	265	735.55	735.95	I did.	Rachel	high	community_transcript_match	1.0	dialogue	False	True	Ross | Rachel	Ross	Ross	False		Speaker agrees with available community-transcript mapping.	I did.	Rachel	Rachel	present	char_tracker_stage05	rachel|ross	present	1.0		high	
34	266	736.03	736.51	Oh.	Ross	medium	short_turn_alternation	0.7	reaction	True	False	Ross | Rachel	Rachel	Ross	True	short_utterance_between_two_speakers	Short utterance inferred from local turn alternation.				present	char_tracker_stage05	rachel|ross	present			medium	
34	267	741.87	742.75	Listen, do you think.	Ross	high	community_transcript_match	1.0	dialogue	False	True	Ross | Rachel	Ross	Ross	False		Speaker agrees with available community-transcript mapping.	oh listen do you think but do you think it would be okay if i asked you out sometime maybe	Ross	Ross	present	char_tracker_stage05	ross	present	1.0		high	
34	268	743.87	747.55	And try not to let my intense vulnerability become any kind of a factor here.	Ross	high	community_transcript_match	1.0	dialogue	False	True	Ross | Rachel	Ross	Ross	False		Speaker agrees with available community-transcript mapping.	Oh. Listen, do you think- and try not to let my intense vulnerability become any kind of a factor here- but do you think it would be okay if I asked you out? Sometime? Maybe?	Ross	Ross	present	char_tracker_stage05	ross	present	1.0		high	
34	269	749.31	752.59	But do you think it would be okay if I asked you out sometime, maybe?	Ross	high	community_transcript_match	1.0	dialogue	False	True	Ross | Rachel	Ross	Rachel	False		Speaker agrees with available community-transcript mapping.	oh listen do you think but do you think it would be okay if i asked you out sometime maybe	Ross	Ross	present	char_tracker_stage05	rachel|ross	present	1.0		high	
34	270	754.59	757.47	Yeah, Maybe.	Rachel	high	community_transcript_match	1.0	dialogue	False	True	Ross | Rachel	Ross	Ross	False		Speaker agrees with available community-transcript mapping.	Yeah, maybe...	Rachel	Rachel	present	char_tracker_stage05	rachel	present	1.0		high	
34	271	759.23	759.87	Okay.	Ross	medium	visual_disambiguation	0.74	dialogue	True	False	Ross | Rachel	Rachel	Ross	False		Only one of the two text-context candidates was visually present in the window.				present	char_tracker_stage05	ross	present			medium	
34	272	766.04	766.4	Okay.	Ross	high	community_transcript_match	1.0	dialogue	False	True	Ross | Rachel	Ross	Ross	False		Speaker agrees with available community-transcript mapping.	Okay	Ross	Ross	present	char_tracker_stage05	ross	present	1.0		high	
34	273	766.4	767.08	Maybe I will.	Ross	high	community_transcript_match	1.0	dialogue	False	True	Ross | Rachel	Ross	Rachel	False		Speaker agrees with available community-transcript mapping.	Okay... okay, maybe I will...	Ross	Ross	present	char_tracker_stage05	ross	present	1.0		high	
34	274	772.12	772.68	Good night.	Rachel	high	qa_review_resolved_ct_support	1.0	dialogue	False	True	Ross | Rachel	Ross	Ross	True	speaker_no_face	Speaker agrees with available community-transcript mapping. | QA resolved prior review with community-transcript support.	Goodnight.	Rachel	Rachel	absent	char_tracker_stage05		absent	0.0		medium	speaker_no_face
34	275	772.68	773.24	Good night.	Ross	high	qa_review_resolved_ct_support	1.0	dialogue	False	True	Ross | Rachel	Rachel	Ross	True	speaker_no_face	Speaker agrees with available community-transcript mapping. | QA resolved prior review with community-transcript support.	Goodnight.	Ross	Ross	absent	char_tracker_stage05		absent	0.0		medium	speaker_no_face
34	276	788.68	789.32	See ya.	Ross	high	qa_review_resolved_bridge	0.9	dialogue	True	False	Ross | Rachel	Ross	Ross	True	speaker_no_face	Filled from previous same-scene context. | QA resolved prior review by same-speaker bridge.				absent	char_tracker_stage05		absent			medium	speaker_no_face
34	277	791.17	791.57	Mm.	Ross	high	qa_review_resolved_bridge	0.9	dialogue	True	False	Ross | Rachel	Ross	Ross	True	speaker_no_face	Filled from previous same-scene context. | QA resolved prior review by same-speaker bridge.				absent	char_tracker_stage05		absent			medium	speaker_no_face
34	278	792.05	792.77	Wait, wait.	Ross	high	qa_review_resolved_bridge	0.9	dialogue	True	False	Ross | Rachel	Ross	Ross	True	speaker_no_face	Filled from previous same-scene context. | QA resolved prior review by same-speaker bridge.				absent	char_tracker_stage05		absent			medium	speaker_no_face
34	279	793.25	793.69	Hey.	Ross	medium	scene_context_inference	0.68	dialogue	True	False	Ross | Rachel	Ross		True	scene_end_short_utterance | speaker_offscreen	Filled from previous same-scene context.				present	char_tracker_stage05	monica	absent			low	speaker_offscreen
35	280	793.69	794.45	What's with you?	Monica	high	community_transcript_match	1.0	dialogue	False	True	Monica | Ross		Ross	False		Speaker agrees with available community-transcript mapping.	See ya.... Waitwait, what's with you?	Monica	Monica	present	char_tracker_stage05	monica	present	1.0		high	
35	281	797.25	798.69	I just grabbed a spoon.	Ross	high	qa_review_resolved_ct_support	1.0	dialogue	False	True	Monica | Ross	Monica		True	speaker_no_face	Speaker agrees with available community-transcript mapping. | QA resolved prior review with community-transcript support.	I just grabbed a spoon. (Ross exits and Monica has no idea what that means.)	Ross	Ross	absent	char_tracker_stage05		absent	0.0		medium	speaker_no_face
37	282	808.29	809.89	I can't believe what I'm hearing here.	Joey	high	qa_review_resolved_ct_support	1.0	dialogue	False	True	Joey | Phoebe | Monica | Ross | Rachel | Chandler | All | Customer		Phoebe	True	speaker_no_face	Speaker agrees with available community-transcript mapping. | QA resolved prior review with community-transcript support.	I can't believe what I'm hearing here.	Joey	Joey	absent	char_tracker_stage05		absent	0.0		medium	speaker_no_face
37	283	809.89	811.73	I can't believe what I'm hearing here.	Phoebe	high	community_transcript_match	1.0	dialogue	False	True	Joey | Phoebe | Monica | Ross | Rachel | Chandler | All | Customer	Joey	Monica	False		Speaker agrees with available community-transcript mapping.	(sings) I can't believe what I'm hearing here...	Phoebe	Phoebe	present	char_tracker_stage05	phoebe|ross	present	0.6667		high	
37	284	811.81	812.17	What?	Monica	high	community_transcript_match	1.0	dialogue	False	True	Joey | Phoebe | Monica | Ross | Rachel | Chandler | All | Customer	Phoebe	Monica	False		Speaker agrees with available community-transcript mapping.	What	Monica	Monica	present	char_tracker_stage05	monica|phoebe|ross	present	1.0		high	
37	285	812.17	812.93	I said you had.	Monica	high	community_transcript_match	1.0	dialogue	False	True	Joey | Phoebe | Monica | Ross | Rachel | Chandler | All | Customer	Monica	Phoebe	False		Speaker agrees with available community-transcript mapping.	What? I-I said you had a-	Monica	Monica	present	char_tracker_stage05	monica|phoebe|ross	present	1.0		high	
37	286	813.25	814.21	Said you had.	Phoebe	high	community_transcript_match	1.0	dialogue	False	True	Joey | Phoebe | Monica | Ross | Rachel | Chandler | All | Customer	Monica	Monica	False		Speaker agrees with available community-transcript mapping.	(sings) What I said you had...	Phoebe	Phoebe	present	char_tracker_stage05	monica|phoebe|ross	present	1.0		high	
37	287	815.17	815.97	Would you stop?	Monica	high	community_transcript_match	1.0	dialogue	False	True	Joey | Phoebe | Monica | Ross | Rachel | Chandler | All | Customer	Phoebe	Phoebe	False		Speaker agrees with available community-transcript mapping.	(to Phoebe) Would you stop?	Monica	Monica	present	char_tracker_stage05	monica|phoebe|ross	present	1.0		high	
37	288	816.78	817.82	Oh, was I doing it again?	Phoebe	high	community_transcript_match	1.0	dialogue	False	True	Joey | Phoebe | Monica | Ross | Rachel | Chandler | All | Customer	Monica	Monica	False		Speaker agrees with available community-transcript mapping.	Oh, was I doing it again?	Phoebe	Phoebe	present	char_tracker_stage05	monica|phoebe|ross	present	1.0		high	
37	289	817.82	822.54	Yes, I said that you had a nice butt.	Monica	high	community_transcript_match	1.0	dialogue	False	True	Joey | Phoebe | Monica | Ross | Rachel | Chandler | All | Customer	Phoebe	Monica	False		Speaker agrees with available community-transcript mapping.	i said that you had a nice butt	Monica	Monica	present	char_tracker_stage05	monica	present	0.5		high	
37	290	822.78	824.94	It's just not a great butt.	Monica	high	community_transcript_match	1.0	dialogue	False	True	Joey | Phoebe | Monica | Ross | Rachel | Chandler | All | Customer	Monica	Joey	False		Speaker agrees with available community-transcript mapping.	I said that you had a nice butt, it's just not a great butt.	Monica	Monica	present	char_tracker_stage05	monica	present	1.0		high	
37	291	825.5	828.22	You wouldn't know a great butt if it came up and bit you.	Joey	high	community_transcript_match	1.0	dialogue	False	True	Joey | Phoebe | Monica | Ross | Rachel | Chandler | All | Customer	Monica	Ross	False		Speaker agrees with available community-transcript mapping.	Oh, you wouldn't know a great butt if it came up and bit ya.	Joey	Joey	present	char_tracker_stage05	joey	present	1.0		high	
37	292	828.22	829.1	There's an image.	Ross	high	community_transcript_match	1.0	dialogue	False	True	Joey | Phoebe | Monica | Ross | Rachel | Chandler | All | Customer	Joey	Rachel	False		Speaker agrees with available community-transcript mapping.	There's an image.	Ross	Ross	present	char_tracker_stage05	joey|phoebe|ross	present	1.0		high	
37	293	831.9	833.42	Would anybody like more coffee?	Rachel	high	qa_review_resolved_ct_support	1.0	dialogue	False	True	Joey | Phoebe | Monica | Ross | Rachel | Chandler | All | Customer	Ross	Chandler	True	speaker_no_face	Speaker agrees with available community-transcript mapping. | QA resolved prior review with community-transcript support.	(walks up with a pot of coffee) Would anybody like more coffee?	Rachel	Rachel	partial	char_tracker_stage05		absent	0.3333		medium	speaker_no_face
37	294	835.98	838.06	Did you make it or are you just serving it?	Chandler	high	community_transcript_match	1.0	dialogue	False	True	Joey | Phoebe | Monica | Ross | Rachel | Chandler | All | Customer	Rachel	Rachel	False		Speaker agrees with available community-transcript mapping.	Did you make it, or are you just serving it?	Chandler	Chandler	present	char_tracker_stage05	chandler|rachel	present	0.5		high	
37	295	838.54	839.54	I'm just serving it.	Rachel	high	community_transcript_match	1.0	dialogue	False	True	Joey | Phoebe | Monica | Ross | Rachel | Chandler | All | Customer	Chandler	All	False		Speaker agrees with available community-transcript mapping.	I'm just serving it.	Rachel	Rachel	present	char_tracker_stage05	rachel	present	1.0		high	
37	296	839.54	839.82	Yeah.	All	high	community_transcript_match	1.0	dialogue	False	True	Joey | Phoebe | Monica | Ross | Rachel | Chandler | All | Customer	Rachel	All	False		Speaker agrees with available community-transcript mapping.	Yeah	All	All	present	char_tracker_stage05	rachel	unobserved			high	
37	297	839.82	840.78	I love a cup of coffee.	All	high	community_transcript_match	1.0	dialogue	False	True	Joey | Phoebe | Monica | Ross | Rachel | Chandler | All | Customer	All	Chandler	False		Speaker agrees with available community-transcript mapping.	Yeah. Yeah, I'll have a cup of coffee.	All	All	present	char_tracker_stage05	rachel	unobserved			high	
37	298	842.46	843.88	Kids, new dreams.	Chandler	high	community_transcript_match	1.0	dialogue	False	True	Joey | Phoebe | Monica | Ross | Rachel | Chandler | All | Customer	All	Chandler	False		Speaker agrees with available community-transcript mapping.	Kids, new dream	Chandler	Chandler	present	char_tracker_stage05	chandler|monica	present	0.5		high	
37	299	844.19	845.19	I'm in Las Vegas.	Chandler	high	community_transcript_match	1.0	dialogue	False	True	Joey | Phoebe | Monica | Ross | Rachel | Chandler | All | Customer	Chandler	Customer	False		Speaker agrees with available community-transcript mapping.	Kids, new dream... I'm in Las Vegas. (Rachel sits down to hear Chandler's dream.)	Chandler	Chandler	present	char_tracker_stage05	chandler|monica	present	1.0		high	
37	300	845.19	845.95	Um, miss?	Customer	high	community_transcript_match	1.0	dialogue	False	True	Joey | Phoebe | Monica | Ross | Rachel | Chandler | All | Customer	Chandler	Customer	False		Speaker agrees with available community-transcript mapping.	Ahh, miss	Customer	Customer	present	char_tracker_stage05	chandler|monica	unobserved			high	
37	301	845.95	846.75	More coffee?	Customer	high	community_transcript_match	1.0	dialogue	False	True	Joey | Phoebe | Monica | Ross | Rachel | Chandler | All | Customer	Customer	Rachel	False		Speaker agrees with available community-transcript mapping.	(To Rachel) Ahh, miss?   More coffee?	Customer	Customer	present	char_tracker_stage05	chandler|monica|rachel	unobserved			high	
37	302	848.51	849.23	Excuse me.	Rachel	medium	visual_disambiguation	0.74	dialogue	True	False	Joey | Phoebe | Monica | Ross | Rachel | Chandler | All | Customer	Customer	Rachel	False		Only one of the two text-context candidates was visually present in the window.				present	char_tracker_stage05	rachel	present			medium	
37	303	849.39	850.91	Could you give this to that guy over there?	Rachel	high	qa_review_resolved_bridge	1.0	dialogue	False	True	Joey | Phoebe | Monica | Ross | Rachel | Chandler | All | Customer	Rachel	Rachel	True	speaker_no_face	Speaker agrees with available community-transcript mapping. | QA resolved prior review by same-speaker bridge.	Ugh. (To another customer that's leaving.) Excuse me, could you give this to that guy over there? (Hands him the coffee pot.) Go ahead. (He does so.) Thank you. (To the gang.) Sorry.  Okay, Las Vegas.	Rachel	Rachel	absent	char_tracker_stage05		absent	0.0		medium	speaker_no_face
37	304	852.67	853.23	Go ahead.	Rachel	high	qa_review_resolved_bridge	1.0	dialogue	False	True	Joey | Phoebe | Monica | Ross | Rachel | Chandler | All | Customer	Rachel	Rachel	True	speaker_offscreen	Speaker agrees with available community-transcript mapping. | QA resolved prior review by same-speaker bridge.	Go ahead	Rachel	Rachel	present	char_tracker_stage05	joey	absent	0.0		low	speaker_offscreen
37	305	854.19	854.83	Thank you.	Rachel	high	qa_review_resolved_bridge	1.0	dialogue	False	True	Joey | Phoebe | Monica | Ross | Rachel | Chandler | All | Customer	Rachel	Rachel	True	speaker_no_face	Speaker agrees with available community-transcript mapping. | QA resolved prior review by same-speaker bridge.	Thank you	Rachel	Rachel	absent	char_tracker_stage05		absent	0.0		medium	speaker_no_face
37	306	855.79	856.27	Sorry.	Rachel	high	qa_review_resolved_bridge	1.0	dialogue	False	True	Joey | Phoebe | Monica | Ross | Rachel | Chandler | All | Customer	Rachel	Rachel	True	speaker_no_face	Speaker agrees with available community-transcript mapping. | QA resolved prior review by same-speaker bridge.	Sorry	Rachel	Rachel	absent	char_tracker_stage05		absent	0.0		medium	speaker_no_face
37	307	856.83	857.87	Okay, Las Vegas.	Rachel	high	qa_review_resolved_ct_support	1.0	dialogue	False	True	Joey | Phoebe | Monica | Ross | Rachel | Chandler | All | Customer	Rachel	Chandler	True	speaker_no_face	Speaker agrees with available community-transcript mapping. | QA resolved prior review with community-transcript support.	Okay, Las Vegas	Rachel	Rachel	absent	char_tracker_stage05		absent	0.0		medium	speaker_no_face
37	308	857.87	859.87	Okay, so I'm in Las Vegas.	Chandler	high	qa_review_resolved_ct_support	1.0	dialogue	False	True	Joey | Phoebe | Monica | Ross | Rachel | Chandler | All | Customer	Rachel	Chandler	True	speaker_no_face	Speaker agrees with available community-transcript mapping. | QA resolved prior review with community-transcript support.	Okay, so, I'm in Las Vegas... I'm Liza Minelli-	Chandler	Chandler	absent	char_tracker_stage05		absent	0.0		medium	speaker_no_face
37	309	861.55	862.91	I'm Liza Minnell.	Chandler	high	community_transcript_match	1.0	dialogue	False	True	Joey | Phoebe | Monica | Ross | Rachel | Chandler | All | Customer	Chandler		False		Speaker agrees with available community-transcript mapping.	I'm Liza Minelli	Chandler	Chandler	present	char_tracker_stage05	chandler	present	1.0		high	
