scene_id	sentence_id	start	end	utterance	speaker	speaker_confidence	speaker_method	alignment_score	row_type	filled_from_missing	matched_to_ct	scene_speaker_set	prev_speaker_scene	next_speaker_scene	review_flag	review_reason	notes	utterance_ct	speaker_ct	speaker_original	visual_presence	visual_presence_source	visual_presence_chars	speaker_visual_presence	speaker_visual_ratio	visual_presence_note	annotation_confidence	annotation_review_reason
1	1	1.28	2.16	Oh, that's good.	Monica	medium	scene_context_inference	0.68	dialogue	True	False	Monica | Phoebe | Ross | Chandler | Rachel | All | Joey		Monica	True	medium_confidence_context_fill | speaker_no_face	Filled from next same-scene context.				absent	char_tracker_stage05		absent			medium	speaker_no_face
1	2	2.72	3.52	All right, Phoebe.	Monica	high	qa_review_resolved_ct_support	1.0	dialogue	False	True	Monica | Phoebe | Ross | Chandler | Rachel | All | Joey	Monica	Phoebe	True	speaker_no_face	Speaker agrees with available community-transcript mapping. | QA resolved prior review with community-transcript support.	Alright. Phoebe?	Monica	Monica	absent	char_tracker_stage05		absent	0.0		medium	speaker_no_face
1	3	3.76	4.56	Okay, okay.	Phoebe	high	qa_review_resolved_ct_support	1.0	dialogue	False	True	Monica | Phoebe | Ross | Chandler | Rachel | All | Joey	Monica	Phoebe	True	speaker_no_face	Speaker agrees with available community-transcript mapping. | QA resolved prior review with community-transcript support.	Okay, okay	Phoebe	Phoebe	absent	char_tracker_stage05		absent	0.0		medium	speaker_no_face
1	4	4.56	8.64	If I were omnipotent for a day, I would want world peace.	Phoebe	high	qa_review_resolved_ct_support	1.0	dialogue	False	True	Monica | Phoebe | Ross | Chandler | Rachel | All | Joey	Phoebe	Ross	True	speaker_offscreen	Speaker agrees with available community-transcript mapping. | QA resolved prior review with community-transcript support.	Okay, okay. If I were omnipotent for a day, I would want, um, world peace, no more hunger, good things for the rainforest...And bigger boobs!	Phoebe	Phoebe	present	char_tracker_stage05	ross	absent	0.0		low	speaker_offscreen
1	5	9.2	10.24	No more hunger.	Ross	medium	visual_disambiguation	0.74	dialogue	True	False	Monica | Phoebe | Ross | Chandler | Rachel | All | Joey	Phoebe	Ross	False		Only one of the two text-context candidates was visually present in the window.				present	char_tracker_stage05	ross	present			medium	
1	6	10.96	12.4	Good things for the rainforest.	Ross	high	scene_context_bridge	0.88	dialogue	True	False	Monica | Phoebe | Ross | Chandler | Rachel | All | Joey	Ross	Ross	False		Same speaker appears on both sides within the same scene.				present	char_tracker_stage05	chandler|ross	present			high	
1	7	13.12	14.16	And bigger boobs.	Ross	high	scene_context_bridge	0.88	dialogue	True	False	Monica | Phoebe | Ross | Chandler | Rachel | All | Joey	Ross	Ross	False		Same speaker appears on both sides within the same scene.				present	char_tracker_stage05	chandler|ross	present			high	
1	8	16.24	17.84	Well, so you took mine.	Ross	high	community_transcript_match	1.0	dialogue	False	True	Monica | Phoebe | Ross | Chandler | Rachel | All | Joey	Ross	Ross	False		Speaker agrees with available community-transcript mapping.	you took mine	Ross	Ross	present	char_tracker_stage05	chandler|ross	present	0.5		high	
1	9	19.92	21.04	Chandler, what about you?	Ross	high	qa_review_resolved_ct_support	1.0	dialogue	False	True	Monica | Phoebe | Ross | Chandler | Rachel | All | Joey	Ross	Chandler	True	speaker_no_face	Speaker agrees with available community-transcript mapping. | QA resolved prior review with community-transcript support.	Yeah, see.. you took mine. Chandler, what about you?	Ross	Ross	absent	char_tracker_stage05		absent	0.0		medium	speaker_no_face
1	10	21.28	25.28	If I were omnipotent for a day, I'd make myself omnipotent forever.	Chandler	high	qa_review_resolved_ct_support	1.0	dialogue	False	True	Monica | Phoebe | Ross | Chandler | Rachel | All | Joey	Ross	Rachel	True	speaker_offscreen	Speaker agrees with available community-transcript mapping. | QA resolved prior review with community-transcript support.	Uh, if I were omnipotent for a day, I'd.. make myself omnipotent forever.	Chandler	Chandler	present	char_tracker_stage05	ross	absent	0.0		low	speaker_offscreen
1	11	26.16	26.52	See?	Rachel	high	qa_review_resolved_ct_support	1.0	dialogue	False	True	Monica | Phoebe | Ross | Chandler | Rachel | All | Joey	Chandler	Rachel	True	speaker_offscreen	Speaker agrees with available community-transcript mapping. | QA resolved prior review with community-transcript support.	see	Rachel	Rachel	present	char_tracker_stage05	joey	absent	0.0		low	speaker_offscreen
1	12	26.52	27.76	There's always one guy.	Rachel	high	qa_review_resolved_bridge	1.0	dialogue	False	True	Monica | Phoebe | Ross | Chandler | Rachel | All | Joey	Rachel	Rachel	True	speaker_offscreen	Speaker agrees with available community-transcript mapping. | QA resolved prior review by same-speaker bridge.	See, there's always one guy	Rachel	Rachel	present	char_tracker_stage05	joey	absent	0.0		low	speaker_offscreen
1	13	27.76	30.24	If I had a wish, I'd wish for three more wishes.	Rachel	high	qa_review_resolved_ct_support	1.0	dialogue	False	True	Monica | Phoebe | Ross | Chandler | Rachel | All | Joey	Rachel	All	True	speaker_offscreen	Speaker agrees with available community-transcript mapping. | QA resolved prior review with community-transcript support.	"See, there's always one guy. (Mocking) ""If I had a wish, I'd wish for three more wishes."" (Joey enters.)"	Rachel	Rachel	present	char_tracker_stage05	joey|monica|phoebe	absent	0.0		low	speaker_offscreen
1	14	33.66	34.26	Hey, Joey.	All	high	community_transcript_match	1.0	dialogue	False	True	Monica | Phoebe | Ross | Chandler | Rachel | All | Joey	Rachel	All	False		Speaker agrees with available community-transcript mapping.	hey joey hi	All	All	present	char_tracker_stage05	joey	unobserved			high	
1	15	34.26	34.86	Hey, buddy.	All	high	community_transcript_match	1.0	dialogue	False	True	Monica | Phoebe | Ross | Chandler | Rachel | All | Joey	All	Monica	False		Speaker agrees with available community-transcript mapping.	Hey Joey. Hi. Hey, buddy.	All	All	present	char_tracker_stage05	joey	unobserved			high	
1	16	34.86	37.1	Hey, Joey, what would you do if you were omnipotent?	Monica	high	community_transcript_match	1.0	dialogue	False	True	Monica | Phoebe | Ross | Chandler | Rachel | All | Joey	All	Joey	False		Speaker agrees with available community-transcript mapping.	Hey, Joey, what would you do if you were omnipotent?	Monica	Monica	present	char_tracker_stage05	joey|monica|rachel	present	0.75		high	
1	17	37.66	38.78	Probably kill myself.	Joey	high	qa_review_resolved_ct_support	1.0	dialogue	False	True	Monica | Phoebe | Ross | Chandler | Rachel | All | Joey	Monica	Monica	True	speaker_offscreen	Speaker agrees with available community-transcript mapping. | QA resolved prior review with community-transcript support.	Probably kill myself!	Joey	Joey	present	char_tracker_stage05	monica|phoebe|rachel	absent	0.0		low	speaker_offscreen
1	18	41.34	42.22	Excuse me?	Monica	high	qa_review_resolved_ct_support	1.0	dialogue	False	True	Monica | Phoebe | Ross | Chandler | Rachel | All | Joey	Joey	Joey	True	speaker_offscreen	Speaker agrees with available community-transcript mapping. | QA resolved prior review with community-transcript support.	..,Excuse me?	Monica	Monica	present	char_tracker_stage05	phoebe	absent	0.0		low	speaker_offscreen
1	19	42.38	44.86	Hey, if little Joey's dead, then I got no reason.	Joey	high	qa_review_resolved_ct_support	1.0	dialogue	False	True	Monica | Phoebe | Ross | Chandler | Rachel | All | Joey	Monica	Ross	True	speaker_offscreen	Speaker agrees with available community-transcript mapping. | QA resolved prior review with community-transcript support.	Hey, if Little Joey's dead, then I got no reason to live!	Joey	Joey	present	char_tracker_stage05	monica|phoebe|rachel	absent	0.0		low	speaker_offscreen
1	20	48.06	50.54	Joey, omnipotent.	Ross	high	community_transcript_match	1.0	dialogue	False	True	Monica | Phoebe | Ross | Chandler | Rachel | All | Joey	Joey	Joey	False		Speaker agrees with available community-transcript mapping.	Joey, uh- OMnipotent.	Ross	Ross	present	char_tracker_stage05	ross	present	1.0		high	
1	21	52.14	52.86	You are.	Joey	high	qa_review_resolved_ct_support	1.0	dialogue	False	True	Monica | Phoebe | Ross | Chandler | Rachel | All | Joey	Ross	Joey	True	speaker_offscreen	Speaker agrees with available community-transcript mapping. | QA resolved prior review with community-transcript support.	you are ross i'm sorry	Joey	Joey	present	char_tracker_stage05	ross	absent	0.0		low	speaker_offscreen
1	22	56.22	57.18	I had no idea.	Joey	high	qa_review_resolved_bridge	1.0	dialogue	False	True	Monica | Phoebe | Ross | Chandler | Rachel | All | Joey	Joey	Joey	True	speaker_no_face	Speaker agrees with available community-transcript mapping. | QA resolved prior review by same-speaker bridge.	you are ross i'm sorry i had no idea	Joey	Joey	absent	char_tracker_stage05		absent	0.0		medium	speaker_no_face
1	23	57.18	58.94	I thought it was like a theoretical question.	Joey	high	qa_review_resolved_ct_support	1.0	dialogue	False	True	Monica | Phoebe | Ross | Chandler | Rachel | All | Joey	Joey		True	speaker_no_face	Speaker agrees with available community-transcript mapping. | QA resolved prior review with community-transcript support.	You are? Ross, I'm sorry... I had no idea, I thought it was like a theoretical question.	Joey	Joey	absent	char_tracker_stage05		absent	0.0		medium	speaker_no_face
3	24	69.86	70.82	How does she do that?	Monica	high	qa_review_resolved_ct_support	1.0	dialogue	False	True	Monica | Ross		Ross	True	speaker_no_face	Speaker agrees with available community-transcript mapping. | QA resolved prior review with community-transcript support.	How does she do that?	Monica	Monica	absent	char_tracker_stage05		absent	0.0		medium	speaker_no_face
3	25	71.38	73.14	I cannot sleep in a public place.	Ross	high	qa_review_resolved_ct_support	1.0	dialogue	False	True	Monica | Ross	Monica	Ross	True	speaker_offscreen	Speaker agrees with available community-transcript mapping. | QA resolved prior review with community-transcript support.	I cannot sleep in a public place	Ross	Ross	present	char_tracker_stage05	joey	absent	0.0		low	speaker_offscreen
3	26	74.58	77.14	Libraries, airplanes, movie theaters.	Ross	high	community_transcript_match	1.0	dialogue	False	True	Monica | Ross	Ross	Monica	False		Speaker agrees with available community-transcript mapping.	I cannot sleep in a public place. Libraries, Airplanes, Movie Theaters...	Ross	Ross	present	char_tracker_stage05	chandler|ross	present	1.0		high	
3	27	77.219	79.14	When you were little, you slept through the Grand Canyon.	Monica	high	qa_review_resolved_ct_support	1.0	dialogue	False	True	Monica | Ross	Ross	Ross	True	speaker_offscreen	Speaker agrees with available community-transcript mapping. | QA resolved prior review with community-transcript support.	(pointing at Ross) When you were little, you slept throught the Grand Canyon.	Monica	Monica	present	char_tracker_stage05	chandler	absent	0.0		low	speaker_offscreen
3	28	79.22	79.7	Hello?	Ross	high	qa_review_resolved_ct_support	1.0	dialogue	False	True	Monica | Ross	Monica	Ross	True	speaker_offscreen	Speaker agrees with available community-transcript mapping. | QA resolved prior review with community-transcript support.	Hello	Ross	Ross	present	char_tracker_stage05	chandler	absent	0.0		low	speaker_offscreen
3	29	79.94	82.1	Mom and dad never took us to the Grand Canyon.	Ross	high	community_transcript_match	1.0	dialogue	False	True	Monica | Ross	Ross		False		Speaker agrees with available community-transcript mapping.	(sarcastica) Hello. Mom and dad never took us to the Grand Canyon.	Ross	Ross	present	char_tracker_stage05	monica|ross	present	0.5		high	
4	30	84.26	85.94	Mom and dad took us to the Grand Canyon.	Ross	high	qa_review_resolved_ct_support	1.0	dialogue	False	True	Ross | Monica | Phoebe | Joey		Monica	True	speaker_offscreen	Speaker agrees with available community-transcript mapping. | QA resolved prior review with community-transcript support.	Mom and dad took us to the Grand Canyon?	Ross	Ross	present	char_tracker_stage05	monica	absent	0.0		low	speaker_offscreen
4	31	87.94	89.06	Would you look at her?	Monica	high	community_transcript_match	1.0	dialogue	False	True	Ross | Monica | Phoebe | Joey	Ross	Monica	False		Speaker agrees with available community-transcript mapping.	Would you look at her? She is so peaceful.	Monica	Monica	present	char_tracker_stage05	monica	present	1.0		high	
4	32	89.06	91.27	She is so peaceful.	Monica	high	community_transcript_match	1.0	dialogue	False	True	Ross | Monica | Phoebe | Joey	Monica	Phoebe	False		Speaker agrees with available community-transcript mapping.	She is so peaceful	Monica	Monica	present	char_tracker_stage05	monica	present	0.6667		high	
4	33	95.67	96.15	Hi.	Phoebe	high	qa_review_resolved_ct_support	1.0	dialogue	False	True	Ross | Monica | Phoebe | Joey	Monica	Ross	True	speaker_offscreen	Speaker agrees with available community-transcript mapping. | QA resolved prior review with community-transcript support.	(waking and startling them) Oh! What what what! ...Hi.	Phoebe	Phoebe	present	char_tracker_stage05	chandler|monica	absent	0.0		low	speaker_offscreen
4	34	96.79	97.79	It's okay, you know.	Ross	high	qa_review_resolved_ct_support	1.0	dialogue	False	True	Ross | Monica | Phoebe | Joey	Phoebe	Ross	True	speaker_offscreen	Speaker agrees with available community-transcript mapping. | QA resolved prior review with community-transcript support.	it's okay y'know	Ross	Ross	present	char_tracker_stage05	chandler|monica	absent	0.0		low	speaker_offscreen
4	35	97.79	98.95	You just nodded off again.	Ross	high	qa_review_resolved_ct_support	1.0	dialogue	False	True	Ross | Monica | Phoebe | Joey	Ross	Monica	True	speaker_offscreen	Speaker agrees with available community-transcript mapping. | QA resolved prior review with community-transcript support.	It's okay, y'know, you just nodded off again.	Ross	Ross	present	char_tracker_stage05	chandler	absent	0.0		low	speaker_offscreen
4	36	99.75	100.87	What's going on with you?	Monica	high	qa_review_resolved_ct_support	1.0	dialogue	False	True	Ross | Monica | Phoebe | Joey	Ross	Phoebe	True	speaker_offscreen	Speaker agrees with available community-transcript mapping. | QA resolved prior review with community-transcript support.	What's going on with you?	Monica	Monica	present	char_tracker_stage05	chandler	absent	0.0		low	speaker_offscreen
4	37	100.87	102.47	I got no sleep last night.	Phoebe	high	qa_review_resolved_ct_support	1.0	dialogue	False	True	Ross | Monica | Phoebe | Joey	Monica	Ross	True	speaker_offscreen	Speaker agrees with available community-transcript mapping. | QA resolved prior review with community-transcript support.	I got no sleep last night!	Phoebe	Phoebe	present	char_tracker_stage05	chandler	absent	0.0		low	speaker_offscreen
4	38	102.47	102.87	Why?	Ross	high	community_transcript_match	1.0	dialogue	False	True	Ross | Monica | Phoebe | Joey	Phoebe	Phoebe	False		Speaker agrees with available community-transcript mapping.	Why?	Ross	Ross	present	char_tracker_stage05	chandler|ross	present	1.0		high	
4	39	103.03	105.03	My grandmother has this new boyfriend.	Phoebe	high	qa_review_resolved_ct_support	1.0	dialogue	False	True	Ross | Monica | Phoebe | Joey	Ross	Phoebe	True	speaker_offscreen	Speaker agrees with available community-transcript mapping. | QA resolved prior review with community-transcript support.	my grandmother has this new boyfriend	Phoebe	Phoebe	present	char_tracker_stage05	ross	absent	0.0		low	speaker_offscreen
4	40	106.95	110.43	And they're both kind of insecure in bed, so.	Phoebe	high	qa_review_resolved_bridge	1.0	dialogue	False	True	Ross | Monica | Phoebe | Joey	Phoebe	Phoebe	True	speaker_offscreen	Speaker agrees with available community-transcript mapping. | QA resolved prior review by same-speaker bridge.	My grandmother has this new boyfriend, and they're both kind of insecure in bed	Phoebe	Phoebe	present	char_tracker_stage05	chandler	absent	0.0		low	speaker_offscreen
4	41	110.43	111.11	And deaf.	Phoebe	high	qa_review_resolved_bridge	1.0	dialogue	False	True	Ross | Monica | Phoebe | Joey	Phoebe	Phoebe	True	speaker_offscreen	Speaker agrees with available community-transcript mapping. | QA resolved prior review by same-speaker bridge.	Oh, and deaf	Phoebe	Phoebe	present	char_tracker_stage05	chandler|joey	absent	0.0		low	speaker_offscreen
4	42	113.75	117.51	So they're constantly, like, having to reassure each other that they're having a good time.	Phoebe	high	qa_review_resolved_bridge	1.0	dialogue	False	True	Ross | Monica | Phoebe | Joey	Phoebe	Phoebe	True	speaker_offscreen	Speaker agrees with available community-transcript mapping. | QA resolved prior review by same-speaker bridge.	My grandmother has this new boyfriend, and they're both kind of insecure in bed. Oh, and deaf. So they're constantly, like, having to reassure each other that they're having a good time. You have no idea how loud they are!	Phoebe	Phoebe	present	char_tracker_stage05	chandler|joey	absent	0.2		low	speaker_offscreen
4	43	117.51	119.83	You have no idea how loud they.	Phoebe	high	community_transcript_match	1.0	dialogue	False	True	Ross | Monica | Phoebe | Joey	Phoebe	Monica	False		Speaker agrees with available community-transcript mapping.	You have no idea how loud they are	Phoebe	Phoebe	present	char_tracker_stage05	phoebe	present	1.0		high	
4	44	121.97	123.93	Well, if you want, you can stay with Rachel and me tonight.	Monica	high	qa_review_resolved_ct_support	1.0	dialogue	False	True	Ross | Monica | Phoebe | Joey	Phoebe	Phoebe	True	speaker_offscreen	Speaker agrees with available community-transcript mapping. | QA resolved prior review with community-transcript support.	Well, if you want, you can stay with Rachel and me tonight.	Monica	Monica	present	char_tracker_stage05	chandler	absent	0.0		low	speaker_offscreen
4	45	123.93	124.37	Thanks.	Phoebe	high	community_transcript_match	1.0	dialogue	False	True	Ross | Monica | Phoebe | Joey	Monica	Phoebe	False		Speaker agrees with available community-transcript mapping.	Thanks.	Phoebe	Phoebe	present	char_tracker_stage05	chandler|phoebe	present	1.0		high	
4	46	125.01	127.41	95, 96, 97.	Phoebe	medium	visual_disambiguation	0.74	dialogue	True	False	Ross | Monica | Phoebe | Joey	Phoebe	Joey	False		Only one of the two text-context candidates was visually present in the window.				present	char_tracker_stage05	monica|phoebe	present			medium	
4	47	127.73	128.05	See?	Joey	high	qa_review_resolved_ct_support	1.0	dialogue	False	True	Ross | Monica | Phoebe | Joey	Phoebe		True	speaker_offscreen	Speaker agrees with available community-transcript mapping. | QA resolved prior review with community-transcript support.	see	Joey	Joey	present	char_tracker_stage05	monica|phoebe	absent	0.0		low	speaker_offscreen
5	48	128.05	128.77	I told you.	Joey	high	qa_review_resolved_ct_support	1.0	dialogue	False	True	Joey | Chandler | Ross | Monica		Joey	True	speaker_offscreen	Speaker agrees with available community-transcript mapping. | QA resolved prior review with community-transcript support.	See, I told you	Joey	Joey	present	char_tracker_stage05	monica|phoebe	absent	0.0		low	speaker_offscreen
5	49	128.85	130.93	Less than 100 steps from our place to here.	Joey	high	qa_review_resolved_ct_support	1.0	dialogue	False	True	Joey | Chandler | Ross | Monica	Joey	Chandler	True	speaker_offscreen	Speaker agrees with available community-transcript mapping. | QA resolved prior review with community-transcript support.	...Ninety-five, ninety-six, ninety-seven. See, I told you! Less than a hundred steps from our place to here.	Joey	Joey	present	char_tracker_stage05	phoebe	absent	0.0		low	speaker_offscreen
5	50	131.89	133.81	You got way too much free time.	Chandler	high	qa_review_resolved_ct_support	1.0	dialogue	False	True	Joey | Chandler | Ross | Monica	Joey	Chandler	True	speaker_offscreen	Speaker agrees with available community-transcript mapping. | QA resolved prior review with community-transcript support.	You got waaaay too much free time.	Chandler	Chandler	present	char_tracker_stage05	phoebe	absent	0.0		low	speaker_offscreen
5	51	134.93	136.93	Hey, there's the birthday boy.	Chandler	medium	scene_context_inference	0.66	dialogue	True	False	Joey | Chandler | Ross | Monica	Chandler	Joey	True	two_sided_context_ambiguous | speaker_offscreen	No direct transcript match; longer line defaulted to previous speaker in same scene.				present	char_tracker_stage05	monica	absent			low	speaker_offscreen
5	52	138.21	139.29	Ross, check it out.	Joey	low	scene_context_inference	0.58	dialogue	True	False	Joey | Chandler | Ross | Monica	Chandler	Joey	True	two_sided_context_ambiguous | speaker_offscreen	No direct transcript match; weak local context only.				present	char_tracker_stage05	ross	absent			low	speaker_offscreen
5	53	139.29	140.13	Hockey tickets.	Joey	high	qa_review_resolved_bridge	0.9	dialogue	True	False	Joey | Chandler | Ross | Monica	Joey	Joey	True	speaker_offscreen	Same speaker appears on both sides within the same scene. | QA resolved prior review by same-speaker bridge.				present	char_tracker_stage05	ross	absent			low	speaker_offscreen
5	54	140.13	141.97	Rangers, Penguins, tonight at the Garden.	Joey	high	qa_review_resolved_bridge	1.0	dialogue	False	True	Joey | Chandler | Ross | Monica	Joey	Joey	True	speaker_offscreen	Speaker agrees with available community-transcript mapping. | QA resolved prior review by same-speaker bridge.	(to Ross) Hey! Here's the birthday boy! Ross, check it out. Hockey tickets, Rangers-Penguins, tonight at the Garden, and we're taking you.	Joey	Joey	present	char_tracker_stage05	ross	absent	0.0		low	speaker_offscreen
5	55	141.97	142.77	And we're taking you.	Joey	high	qa_review_resolved_ct_support	1.0	dialogue	False	True	Joey | Chandler | Ross | Monica	Joey	Chandler	True	speaker_offscreen	Speaker agrees with available community-transcript mapping. | QA resolved prior review with community-transcript support.	hey here's the birthday boy ross check it out hockey tickets and we're taking you	Joey	Joey	present	char_tracker_stage05	ross	absent	0.0		low	speaker_offscreen
5	56	142.77	143.97	Happy birthday, pal.	Chandler	high	qa_review_resolved_ct_support	1.0	dialogue	False	True	Joey | Chandler | Ross | Monica	Joey	Joey	True	speaker_offscreen	Speaker agrees with available community-transcript mapping. | QA resolved prior review with community-transcript support.	Happy birthday, pal!	Chandler	Chandler	present	char_tracker_stage05	rachel|ross	absent	0.0		low	speaker_offscreen
5	57	143.97	144.93	We love you, man.	Joey	high	qa_review_resolved_ct_support	1.0	dialogue	False	True	Joey | Chandler | Ross | Monica	Chandler	Ross	True	speaker_offscreen	Speaker agrees with available community-transcript mapping. | QA resolved prior review with community-transcript support.	We love you, man. (Kisses Ross)	Joey	Joey	present	char_tracker_stage05	rachel|ross	absent	0.0		low	speaker_offscreen
5	58	147.25	149.17	It's funny, my birthday was seven months ago.	Ross	high	community_transcript_match	1.0	dialogue	False	True	Joey | Chandler | Ross | Monica	Joey	Joey	False		Speaker agrees with available community-transcript mapping.	Funny, my birthday was seven months ago.	Ross	Ross	present	char_tracker_stage05	rachel|ross	present	0.6667		high	
5	59	151.05	151.29	So?	Joey	high	qa_review_resolved_ct_support	1.0	dialogue	False	True	Joey | Chandler | Ross | Monica	Ross	Ross	True	speaker_offscreen	Speaker agrees with available community-transcript mapping. | QA resolved prior review with community-transcript support.	So?	Joey	Joey	present	char_tracker_stage05	phoebe	absent	0.0		low	speaker_offscreen
5	60	151.61	156.01	So I'm guessing you had an extra ticket and couldn't decide which one of you got to bring a date, huh?	Ross	high	qa_review_resolved_ct_support	1.0	dialogue	False	True	Joey | Chandler | Ross | Monica	Joey	Chandler	True	speaker_no_face	Speaker agrees with available community-transcript mapping. | QA resolved prior review with community-transcript support.	So, I'm guessing you had an extra ticket and couldn't decide which one of you got to bring a date?	Ross	Ross	partial	char_tracker_stage05		absent	0.3333		medium	speaker_no_face
5	61	157.13	158.33	Well, aren't we Mr.	Chandler	high	qa_review_resolved_ct_support	1.0	dialogue	False	True	Joey | Chandler | Ross | Monica	Ross	Chandler	True	speaker_offscreen	Speaker agrees with available community-transcript mapping. | QA resolved prior review with community-transcript support.	Well, aren't we Mr	Chandler	Chandler	present	char_tracker_stage05	ross	absent	0.0		low	speaker_offscreen
5	62	158.33	159.45	The glass is Half Empty.	Chandler	high	qa_review_resolved_ct_support	1.0	dialogue	False	True	Joey | Chandler | Ross | Monica	Chandler	Ross	True	speaker_offscreen	Speaker agrees with available community-transcript mapping. | QA resolved prior review with community-transcript support.	"Well, aren't we Mr. ""The glass is half empty."""	Chandler	Chandler	present	char_tracker_stage05	ross	absent	0.0		low	speaker_offscreen
5	63	160.97	161.77	Oh, my God.	Ross	high	qa_review_resolved_ct_support	1.0	dialogue	False	True	Joey | Chandler | Ross | Monica	Chandler	Monica	True	speaker_offscreen	Speaker agrees with available community-transcript mapping. | QA resolved prior review with community-transcript support.	Oh my God, oh- is today the twentieth, October twentieth?	Ross	Ross	present	char_tracker_stage05	joey	absent	0.0		low	speaker_offscreen
5	64	162.81	163.93	Is today the 20th?	Monica	low	scene_context_inference	0.58	dialogue	True	False	Joey | Chandler | Ross | Monica	Ross	Monica	True	two_sided_context_ambiguous | speaker_offscreen	No direct transcript match; weak local context only.				present	char_tracker_stage05	joey	absent			low	speaker_offscreen
5	65	163.93	164.81	October 20th.	Monica	high	qa_review_resolved_bridge	0.9	dialogue	True	False	Joey | Chandler | Ross | Monica	Monica	Monica	True	speaker_offscreen	Same speaker appears on both sides within the same scene. | QA resolved prior review by same-speaker bridge.				present	char_tracker_stage05	joey	absent			low	speaker_offscreen
5	66	165.13	166.57	I was hoping you wouldn't remember.	Monica	high	qa_review_resolved_ct_support	1.0	dialogue	False	True	Joey | Chandler | Ross | Monica	Monica	Joey	True	speaker_offscreen	Speaker agrees with available community-transcript mapping. | QA resolved prior review with community-transcript support.	Oh, I was hoping you wouldn't remember.	Monica	Monica	present	char_tracker_stage05	chandler	absent	0.0		low	speaker_offscreen
5	67	166.65	169.056	Oh, what's wrong with the 20th?	Joey	high	qa_review_resolved_ct_support	1.0	dialogue	False	True	Joey | Chandler | Ross | Monica	Monica	Chandler	True	speaker_offscreen	Speaker agrees with available community-transcript mapping. | QA resolved prior review with community-transcript support.	What's wrong with the twentieth?	Joey	Joey	present	char_tracker_stage05	chandler	absent	0.0		low	speaker_offscreen
5	68	169.164	170.73	11 days before Halloween.	Chandler	high	community_transcript_match	1.0	dialogue	False	True	Joey | Chandler | Ross | Monica	Joey	Chandler	False		Speaker agrees with available community-transcript mapping.	Eleven days before Halloween	Chandler	Chandler	present	char_tracker_stage05	chandler|monica	present	0.5		high	
5	69	170.81	172.81	All the good costumes are gone.	Chandler	high	qa_review_resolved_ct_support	1.0	dialogue	False	True	Joey | Chandler | Ross | Monica	Chandler	Ross	True	speaker_offscreen	Speaker agrees with available community-transcript mapping. | QA resolved prior review with community-transcript support.	Eleven days before Halloween.. all the good costumes are gone?	Chandler	Chandler	present	char_tracker_stage05	monica	absent	0.0		low	speaker_offscreen
5	70	174.09	181.78	Today's the day Carol and I first consummated our physical relationship.	Ross	high	qa_review_resolved_ct_support	1.0	dialogue	False	True	Joey | Chandler | Ross | Monica	Chandler	Ross	True	speaker_offscreen	Speaker agrees with available community-transcript mapping. | QA resolved prior review with community-transcript support.	Today's the day Carol and I first.. consummated our physical relationship. (Joey is puzzled.) Sex.	Ross	Ross	present	char_tracker_stage05	rachel	absent	0.0		low	speaker_offscreen
5	71	183.62	184.34	And sex.	Ross	high	qa_review_resolved_ct_support	1.0	dialogue	False	True	Joey | Chandler | Ross | Monica	Ross	Joey	True	speaker_no_face	Speaker agrees with available community-transcript mapping. | QA resolved prior review with community-transcript support.	sex	Ross	Ross	absent	char_tracker_stage05		absent	0.0		medium	speaker_no_face
5	72	188.18	189.62	You told your sister that?	Joey	high	qa_review_resolved_ct_support	1.0	dialogue	False	True	Joey | Chandler | Ross | Monica	Ross	Joey	True	speaker_offscreen	Speaker agrees with available community-transcript mapping. | QA resolved prior review with community-transcript support.	You told your sister that?	Joey	Joey	present	char_tracker_stage05	monica	absent	0.0		low	speaker_offscreen
5	73	190.42	191.54	Believe me, I told everyone.	Joey	medium	visual_disambiguation	0.74	dialogue	True	False	Joey | Chandler | Ross | Monica	Joey	Ross	False		Only one of the two text-context candidates was visually present in the window.				present	char_tracker_stage05	joey|monica|phoebe	present			medium	
5	74	193.62	194.26	You know what?	Ross	high	qa_review_resolved_ct_support	1.0	dialogue	False	True	Joey | Chandler | Ross | Monica	Joey	Ross	True	speaker_offscreen	Speaker agrees with available community-transcript mapping. | QA resolved prior review with community-transcript support.	you know what i i'd	Ross	Ross	present	char_tracker_stage05	chandler|joey	absent	0.0		low	speaker_offscreen
5	75	194.26	195.54	I better pass on the game.	Ross	high	qa_review_resolved_bridge	1.0	dialogue	False	True	Joey | Chandler | Ross | Monica	Ross	Ross	True	speaker_offscreen	Speaker agrees with available community-transcript mapping. | QA resolved prior review by same-speaker bridge.	You know what, I-I'd better pass on the game	Ross	Ross	present	char_tracker_stage05	chandler|joey	absent	0.0		low	speaker_offscreen
5	76	195.54	199.54	I think I'm just gonna go home and think about my ex wife and her lesbian lover.	Ross	high	qa_review_resolved_ct_support	1.0	dialogue	False	True	Joey | Chandler | Ross | Monica	Ross	Joey	True	speaker_offscreen	Speaker agrees with available community-transcript mapping. | QA resolved prior review with community-transcript support.	Believe me, I told everyone. You know what, I-I'd better pass on the game. I think I'm just gonna go home and think about my ex-wife and her lesbian lover.	Ross	Ross	present	char_tracker_stage05	chandler|joey	absent	0.0		low	speaker_offscreen
5	77	201.62	202.46	Hell with hockey.	Joey	high	community_transcript_match	1.0	dialogue	False	True	Joey | Chandler | Ross | Monica	Ross	Joey	False		Speaker agrees with available community-transcript mapping.	the hell with hockey	Joey	Joey	present	char_tracker_stage05	joey|phoebe|ross	present	1.0		high	
5	78	202.46	203.3	Let's all do that.	Joey	high	community_transcript_match	1.0	dialogue	False	True	Joey | Chandler | Ross | Monica	Joey	Chandler	False		Speaker agrees with available community-transcript mapping.	The hell with hockey, let's all do that!	Joey	Joey	present	char_tracker_stage05	joey|phoebe|ross	present	1.0		high	
5	79	206.1	207.14	Come on, Ro.	Chandler	high	qa_review_resolved_ct_support	1.0	dialogue	False	True	Joey | Chandler | Ross | Monica	Joey	Chandler	True	speaker_offscreen	Speaker agrees with available community-transcript mapping. | QA resolved prior review with community-transcript support.	C'mon, Ross	Chandler	Chandler	present	char_tracker_stage05	joey|phoebe|ross	absent	0.0		low	speaker_offscreen
5	80	207.6	209.92	You, me, Joey, ice, guys night out.	Chandler	high	qa_review_resolved_ct_support	1.0	dialogue	False	True	Joey | Chandler | Ross | Monica	Chandler	Ross	True	speaker_no_face	Speaker agrees with available community-transcript mapping. | QA resolved prior review with community-transcript support.	(trying to stop Ross leaving) C'mon, Ross! You, me, Joey, ice, guys' night out, c'mon, whaddya say, big guy, (Pretending to punch him in the stomach.) Huh? Huh? Huh?	Chandler	Chandler	partial	char_tracker_stage05		absent	0.0		medium	speaker_no_face
5	81	209.92	210.28	Come on.	Ross	medium	short_turn_alternation	0.7	dialogue	True	False	Joey | Chandler | Ross | Monica	Chandler	Ross	True	short_utterance_between_two_speakers | speaker_offscreen	Short utterance inferred from local turn alternation.				present	char_tracker_stage05	joey	absent			low	speaker_offscreen
5	82	210.28	211.24	What do you say, big guy?	Ross	high	qa_review_resolved_bridge	0.9	dialogue	True	False	Joey | Chandler | Ross | Monica	Ross	Ross	True	speaker_offscreen	Same speaker appears on both sides within the same scene. | QA resolved prior review by same-speaker bridge.				present	char_tracker_stage05	joey	absent			low	speaker_offscreen
5	83	211.24	211.68	Huh?	Ross	high	qa_review_resolved_bridge	0.9	dialogue	True	False	Joey | Chandler | Ross | Monica	Ross	Ross	True	speaker_offscreen	Same speaker appears on both sides within the same scene. | QA resolved prior review by same-speaker bridge.				present	char_tracker_stage05	joey	absent			low	speaker_offscreen
5	84	211.68	212.24	Huh?	Ross	high	qa_review_resolved_bridge	0.9	dialogue	True	False	Joey | Chandler | Ross | Monica	Ross	Ross	True	speaker_offscreen	Same speaker appears on both sides within the same scene. | QA resolved prior review by same-speaker bridge.				present	char_tracker_stage05	joey	absent			low	speaker_offscreen
5	85	212.24	212.72	Huh?	Ross	high	qa_review_resolved_bridge	0.9	dialogue	True	False	Joey | Chandler | Ross | Monica	Ross	Ross	True	speaker_offscreen	Same speaker appears on both sides within the same scene. | QA resolved prior review by same-speaker bridge.				present	char_tracker_stage05	joey	absent			low	speaker_offscreen
5	86	212.72	213.32	What are you doing?	Ross	high	qa_review_resolved_ct_support	1.0	dialogue	False	True	Joey | Chandler | Ross | Monica	Ross	Chandler	True	speaker_offscreen	Speaker agrees with available community-transcript mapping. | QA resolved prior review with community-transcript support.	What are you doing?	Ross	Ross	present	char_tracker_stage05	joey	absent	0.0		low	speaker_offscreen
5	87	213.32	214.24	I have no idea.	Chandler	high	qa_review_resolved_ct_support	1.0	dialogue	False	True	Joey | Chandler | Ross | Monica	Ross	Ross	True	speaker_offscreen	Speaker agrees with available community-transcript mapping. | QA resolved prior review with community-transcript support.	(stops) I have no idea.	Chandler	Chandler	present	char_tracker_stage05	joey	absent	0.0		low	speaker_offscreen
5	88	215.6	216.72	Come on, Russ.	Ross	low	scene_context_inference	0.58	dialogue	True	False	Joey | Chandler | Ross | Monica	Chandler	Ross	True	two_sided_context_ambiguous | speaker_offscreen	No direct transcript match; weak local context only.				present	char_tracker_stage05	joey	absent			low	speaker_offscreen
5	89	217.04	217.92	All right, all right.	Ross	high	qa_review_resolved_bridge	0.9	dialogue	True	False	Joey | Chandler | Ross | Monica	Ross	Ross	True	speaker_no_face	Same speaker appears on both sides within the same scene. | QA resolved prior review by same-speaker bridge.				absent	char_tracker_stage05		absent			medium	speaker_no_face
5	90	217.92	219.6	Maybe it will take my mind off it.	Ross	high	qa_review_resolved_bridge	1.0	dialogue	False	True	Joey | Chandler | Ross | Monica	Ross	Ross	True	speaker_no_face	Speaker agrees with available community-transcript mapping. | QA resolved prior review by same-speaker bridge.	Alright, alright, maybe it'll take my mind off it	Ross	Ross	partial	char_tracker_stage05		absent	0.0		medium	speaker_no_face
5	91	219.92	221.92	You promise to buy me a big foam finger?	Ross	high	qa_review_resolved_ct_support	1.0	dialogue	False	True	Joey | Chandler | Ross | Monica	Ross	Chandler	True	speaker_offscreen	Speaker agrees with available community-transcript mapping. | QA resolved prior review with community-transcript support.	Alright, alright, maybe it'll take my mind off it. Do you promise to buy me a big foam finger?	Ross	Ross	present	char_tracker_stage05	joey	absent	0.0		low	speaker_offscreen
5	92	221.92	222.56	You got it.	Chandler	high	qa_review_resolved_ct_support	1.0	dialogue	False	True	Joey | Chandler | Ross | Monica	Ross	Chandler	True	speaker_offscreen	Speaker agrees with available community-transcript mapping. | QA resolved prior review with community-transcript support.	You got it.	Chandler	Chandler	present	char_tracker_stage05	joey	absent	0.0		low	speaker_offscreen
5	93	222.56	223.04	All right.	Chandler	high	qa_review_resolved_bridge	0.9	dialogue	True	False	Joey | Chandler | Ross | Monica	Chandler	Chandler	True	speaker_offscreen	Filled from previous same-scene context. | QA resolved prior review by same-speaker bridge.				present	char_tracker_stage05	joey	absent			low	speaker_offscreen
5	94	224.08	225.84	That looks like my first paycheck.	Chandler	high	qa_review_resolved_bridge	0.9	dialogue	True	False	Joey | Chandler | Ross | Monica	Chandler	Chandler	True	speaker_offscreen	Filled from previous same-scene context. | QA resolved prior review by same-speaker bridge.				present	char_tracker_stage05	joey	absent			low	speaker_offscreen
5	95	226.56	227.72	Look in the window.	Chandler	medium	scene_context_inference	0.68	dialogue	True	False	Joey | Chandler | Ross | Monica	Chandler		True	medium_confidence_context_fill | speaker_offscreen	Filled from previous same-scene context.				present	char_tracker_stage05	joey	absent			low	speaker_offscreen
6	96	227.72	228.8	There's my name.	Rachel	high	qa_review_resolved_ct_support	1.0	dialogue	False	True	Rachel | Phoebe | Monica | Chandler | Joey | Ross | All | Guys		Rachel	True	speaker_offscreen	Speaker agrees with available community-transcript mapping. | QA resolved prior review with community-transcript support.	Look-look-look-look-look, my first pay check! Look at the window, there's my name! Hi, me!	Rachel	Rachel	present	char_tracker_stage05	joey	absent	0.0		low	speaker_offscreen
6	97	228.96	229.76	Hi, me.	Rachel	high	qa_review_resolved_ct_support	1.0	dialogue	False	True	Rachel | Phoebe | Monica | Chandler | Joey | Ross | All | Guys	Rachel	Phoebe	True	speaker_offscreen	Speaker agrees with available community-transcript mapping. | QA resolved prior review with community-transcript support.	Hi, me	Rachel	Rachel	present	char_tracker_stage05	ross	absent	0.0		low	speaker_offscreen
6	98	232.32	234.58	I remember the day I got my first pay paycheck.	Phoebe	high	qa_review_resolved_ct_support	1.0	dialogue	False	True	Rachel | Phoebe | Monica | Chandler | Joey | Ross | All | Guys	Rachel	Phoebe	True	speaker_offscreen	Speaker agrees with available community-transcript mapping. | QA resolved prior review with community-transcript support.	I remember the day I got my first pay check	Phoebe	Phoebe	present	char_tracker_stage05	rachel|ross	absent	0.0		low	speaker_offscreen
6	99	234.66	237.62	There was a cave in in one of the mines and eight people were killed.	Phoebe	high	qa_review_resolved_ct_support	1.0	dialogue	False	True	Rachel | Phoebe | Monica | Chandler | Joey | Ross | All | Guys	Phoebe	Monica	True	speaker_offscreen	Speaker agrees with available community-transcript mapping. | QA resolved prior review with community-transcript support.	I remember the day I got my first pay check. There was a cave in in one of the mines, and eight people were killed.	Phoebe	Phoebe	present	char_tracker_stage05	rachel|ross	absent	0.0		low	speaker_offscreen
6	100	240.1	240.46	Wow.	Monica	high	qa_review_resolved_ct_support	1.0	dialogue	False	True	Rachel | Phoebe | Monica | Chandler | Joey | Ross | All | Guys	Phoebe	Monica	True	speaker_offscreen	Speaker agrees with available community-transcript mapping. | QA resolved prior review with community-transcript support.	wow	Monica	Monica	present	char_tracker_stage05	ross	absent	0.0		low	speaker_offscreen
6	101	240.46	241.54	You worked in a mine?	Monica	high	qa_review_resolved_ct_support	1.0	dialogue	False	True	Rachel | Phoebe | Monica | Chandler | Joey | Ross | All | Guys	Monica	Phoebe	True	speaker_offscreen	Speaker agrees with available community-transcript mapping. | QA resolved prior review with community-transcript support.	Wow, you worked in a mine?	Monica	Monica	present	char_tracker_stage05	ross	absent	0.0		low	speaker_offscreen
6	102	241.94	243.7	I worked at a Dairy Queen mine.	Phoebe	high	qa_review_resolved_ct_support	1.0	dialogue	False	True	Rachel | Phoebe | Monica | Chandler | Joey | Ross | All | Guys	Monica	Rachel	True	speaker_offscreen	Speaker agrees with available community-transcript mapping. | QA resolved prior review with community-transcript support.	I worked in a Dairy Queen, why?	Phoebe	Phoebe	present	char_tracker_stage05	ross	absent	0.0		low	speaker_offscreen
6	103	247.3	247.94	Oh, God.	Rachel	medium	visual_disambiguation	0.74	dialogue	True	False	Rachel | Phoebe | Monica | Chandler | Joey | Ross | All | Guys	Phoebe	Rachel	False		Only one of the two text-context candidates was visually present in the window.				present	char_tracker_stage05	rachel|ross	present			medium	
6	104	247.94	249.06	Isn't this exciting?	Rachel	high	scene_context_bridge	0.88	dialogue	True	False	Rachel | Phoebe | Monica | Chandler | Joey | Ross | All | Guys	Rachel	Rachel	False		Same speaker appears on both sides within the same scene.				present	char_tracker_stage05	rachel|ross	present			high	
6	105	249.38	250.5	I earned this.	Rachel	high	scene_context_bridge	0.88	dialogue	True	False	Rachel | Phoebe | Monica | Chandler | Joey | Ross | All | Guys	Rachel	Rachel	False		Same speaker appears on both sides within the same scene.				present	char_tracker_stage05	rachel|ross	present			high	
6	106	250.66	252.06	I wiped tables for it.	Rachel	high	qa_review_resolved_bridge	0.9	dialogue	True	False	Rachel | Phoebe | Monica | Chandler | Joey | Ross | All | Guys	Rachel	Rachel	True	speaker_offscreen	Same speaker appears on both sides within the same scene. | QA resolved prior review by same-speaker bridge.				present	char_tracker_stage05	ross	absent			low	speaker_offscreen
6	107	252.06	256.82	I steamed milk for it, and it was totally not worth it.	Rachel	high	qa_review_resolved_bridge	1.0	dialogue	False	True	Rachel | Phoebe | Monica | Chandler | Joey | Ross | All | Guys	Rachel	Rachel	True	speaker_offscreen	Speaker agrees with available community-transcript mapping. | QA resolved prior review by same-speaker bridge.	God, isn't this exciting? I earned this. I wiped tables for it, I steamed milk for it, and it was totally—(opens envelope)—not worth it. Who's FICA? Why's he getting all my money? I mean, what- Chandler, look at that.	Rachel	Rachel	present	char_tracker_stage05	ross	absent	0.0		low	speaker_offscreen
6	108	258.26	259.3	Where's fica?	Rachel	high	qa_review_resolved_bridge	1.0	dialogue	False	True	Rachel | Phoebe | Monica | Chandler | Joey | Ross | All | Guys	Rachel	Rachel	True	speaker_offscreen	Speaker agrees with available community-transcript mapping. | QA resolved prior review by same-speaker bridge.	Who's FICA	Rachel	Rachel	present	char_tracker_stage05	ross	absent	0.0		low	speaker_offscreen
6	109	259.55	260.75	Why is he getting all my money?	Rachel	high	qa_review_resolved_bridge	1.0	dialogue	False	True	Rachel | Phoebe | Monica | Chandler | Joey | Ross | All | Guys	Rachel	Rachel	True	speaker_offscreen	Speaker agrees with available community-transcript mapping. | QA resolved prior review by same-speaker bridge.	Why's he getting all my money	Rachel	Rachel	present	char_tracker_stage05	ross	absent	0.0		low	speaker_offscreen
6	110	262.99	263.71	I mean, what.	Rachel	high	qa_review_resolved_bridge	1.0	dialogue	False	True	Rachel | Phoebe | Monica | Chandler | Joey | Ross | All | Guys	Rachel	Rachel	True	speaker_offscreen	Speaker agrees with available community-transcript mapping. | QA resolved prior review by same-speaker bridge.	I mean, what- Chandler, look at that	Rachel	Rachel	present	char_tracker_stage05	ross	absent	0.0		low	speaker_offscreen
6	111	263.87	265.15	Chandler, look at that.	Rachel	high	qa_review_resolved_ct_support	1.0	dialogue	False	True	Rachel | Phoebe | Monica | Chandler | Joey | Ross | All | Guys	Rachel	Chandler	True	speaker_offscreen	Speaker agrees with available community-transcript mapping. | QA resolved prior review with community-transcript support.	chandler look at that	Rachel	Rachel	present	char_tracker_stage05	ross	absent	0.0		low	speaker_offscreen
6	112	266.67	268.19	Oh, this is not that bad.	Chandler	high	qa_review_resolved_ct_support	1.0	dialogue	False	True	Rachel | Phoebe | Monica | Chandler | Joey | Ross | All | Guys	Rachel	Joey	True	speaker_offscreen	Speaker agrees with available community-transcript mapping. | QA resolved prior review with community-transcript support.	(looking) Oh, this is not that bad.	Chandler	Chandler	present	char_tracker_stage05	ross	absent	0.0		low	speaker_offscreen
6	113	269.07	270.23	Oh, you're fine.	Joey	high	qa_review_resolved_ct_support	1.0	dialogue	False	True	Rachel | Phoebe | Monica | Chandler | Joey | Ross | All | Guys	Chandler	Joey	True	speaker_offscreen	Speaker agrees with available community-transcript mapping. | QA resolved prior review with community-transcript support.	oh you're fine	Joey	Joey	present	char_tracker_stage05	rachel|ross	absent	0.0		low	speaker_offscreen
6	114	270.23	271.47	Yeah, for a first job.	Joey	high	qa_review_resolved_ct_support	1.0	dialogue	False	True	Rachel | Phoebe | Monica | Chandler | Joey | Ross | All | Guys	Joey	Ross	True	speaker_offscreen	Speaker agrees with available community-transcript mapping. | QA resolved prior review with community-transcript support.	Oh, you're fine, yeah, for a first job.	Joey	Joey	present	char_tracker_stage05	rachel|ross	absent	0.0		low	speaker_offscreen
6	115	272.19	274.91	You can totally, totally live on this.	Ross	high	community_transcript_match	1.0	dialogue	False	True	Rachel | Phoebe | Monica | Chandler | Joey | Ross | All | Guys	Joey	Monica	False		Speaker agrees with available community-transcript mapping.	You can totally, totally live on this.	Ross	Ross	present	char_tracker_stage05	ross	present	1.0		high	
6	116	275.07	275.869	Oh, yeah.	Monica	high	qa_review_resolved_ct_support	1.0	dialogue	False	True	Rachel | Phoebe | Monica | Chandler | Joey | Ross | All | Guys	Ross	All	True	speaker_offscreen	Speaker agrees with available community-transcript mapping. | QA resolved prior review with community-transcript support.	Yeah, yeah.	Monica	Monica	present	char_tracker_stage05	ross	absent	0.0		low	speaker_offscreen
6	117	276.35	276.83	Yeah.	All	high	community_transcript_match	1.0	dialogue	False	True	Rachel | Phoebe | Monica | Chandler | Joey | Ross | All | Guys	Monica	All	False		Speaker agrees with available community-transcript mapping.	Oh! Yeah!	All	All	present	char_tracker_stage05	ross	unobserved			high	
6	118	277.79	279.79	Hey, by the way, great servants Time.	All	medium	scene_context_inference	0.66	dialogue	True	False	Rachel | Phoebe | Monica | Chandler | Joey | Ross | All | Guys	All	Guys	True	two_sided_context_ambiguous	No direct transcript match; longer line defaulted to previous speaker in same scene.				present	char_tracker_stage05	rachel|ross	unobserved			medium	
6	119	285.15	285.87	Hockey.	Guys	high	community_transcript_match	1.0	dialogue	False	True	Rachel | Phoebe | Monica | Chandler | Joey | Ross | All | Guys	All		False		Speaker agrees with available community-transcript mapping.	hockey hockey	Guys	Guys	present	char_tracker_stage05	rachel|ross	unobserved			high	
7	120	285.95	286.59	Hockey.	Guys	high	community_transcript_match	1.0	dialogue	False	True	Guys | Leslie | Rachel | Monica | Kiki | Joanne | Phoebe		Leslie	False		Speaker agrees with available community-transcript mapping.	Hockey! (They go to leave but are blocked by three of Rachel's friends, Leslie, Kiki, and Joanne.  The guys pause to stare at them.) Hockey! Hockey. (The guys.)	Guys	Guys	present	char_tracker_stage05	rachel|ross	unobserved			high	
7	121	302.73	303.29	Rachel.	Leslie	high	community_transcript_match	1.0	dialogue	False	True	Guys | Leslie | Rachel | Monica | Kiki | Joanne | Phoebe	Guys	Rachel	False		Speaker agrees with available community-transcript mapping.	(looking around) Rachel?	Leslie	Leslie	present	char_tracker_stage05	joey	unobserved			high	
7	122	305.53	306.65	Oh, my God.	Rachel	high	qa_review_resolved_ct_support	1.0	dialogue	False	True	Guys | Leslie | Rachel | Monica | Kiki | Joanne | Phoebe	Leslie	Monica	True	speaker_offscreen	Speaker agrees with available community-transcript mapping. | QA resolved prior review with community-transcript support.	Oh my God! (Rachel, Leslie, Kiki, and Joanne all screech and hug each other.)	Rachel	Rachel	present	char_tracker_stage05	joey	absent	0.0		low	speaker_offscreen
7	123	312.81	315.77	I swear I've seen birds do this on Wild Kingdom.	Monica	high	qa_review_resolved_ct_support	1.0	dialogue	False	True	Guys | Leslie | Rachel | Monica | Kiki | Joanne | Phoebe	Rachel	Rachel	True	speaker_offscreen	Speaker agrees with available community-transcript mapping. | QA resolved prior review with community-transcript support.	(to Phoebe) I swear I've seen birds do this on Wild Kingdom.	Monica	Monica	present	char_tracker_stage05	joey	absent	0.0		low	speaker_offscreen
7	124	317.05	318.89	What are you guys doing here?	Rachel	high	qa_review_resolved_ct_support	1.0	dialogue	False	True	Guys | Leslie | Rachel | Monica | Kiki | Joanne | Phoebe	Monica	Kiki	True	speaker_offscreen	Speaker agrees with available community-transcript mapping. | QA resolved prior review with community-transcript support.	What are you guys doing here?	Rachel	Rachel	present	char_tracker_stage05	joey	absent	0.0		low	speaker_offscreen
7	125	318.89	323.87	Well, we were in the city shopping, and your mom said you work here, and it's true.	Kiki	high	community_transcript_match	1.0	dialogue	False	True	Guys | Leslie | Rachel | Monica | Kiki | Joanne | Phoebe	Rachel	Joanne	False		Speaker agrees with available community-transcript mapping.	Well, we were in the city shopping, and your mom said you work here, aaand it's true!	Kiki	Kiki	present	char_tracker_stage05	joey	unobserved			high	
7	126	326.83	328.27	Look at you in the apron.	Joanne	high	community_transcript_match	1.0	dialogue	False	True	Guys | Leslie | Rachel | Monica | Kiki | Joanne | Phoebe	Kiki	Joanne	False		Speaker agrees with available community-transcript mapping.	Look at you in the apron	Joanne	Joanne	present	char_tracker_stage05	joey	unobserved			high	
7	127	328.51	329.87	You look like you're in a play.	Joanne	high	community_transcript_match	1.0	dialogue	False	True	Guys | Leslie | Rachel | Monica | Kiki | Joanne | Phoebe	Joanne	Rachel	False		Speaker agrees with available community-transcript mapping.	Look at you in the apron. You look like you're in a play.	Joanne	Joanne	present	char_tracker_stage05	joey	unobserved			high	
7	128	333.15	334.19	God, look at you.	Rachel	high	qa_review_resolved_ct_support	1.0	dialogue	False	True	Guys | Leslie | Rachel | Monica | Kiki | Joanne | Phoebe	Joanne	Rachel	True	speaker_offscreen	Speaker agrees with available community-transcript mapping. | QA resolved prior review with community-transcript support.	look at you	Rachel	Rachel	present	char_tracker_stage05	joey	absent	0.0		low	speaker_offscreen
7	129	334.19	335.39	You are so big.	Rachel	high	qa_review_resolved_bridge	1.0	dialogue	False	True	Guys | Leslie | Rachel | Monica | Kiki | Joanne | Phoebe	Rachel	Rachel	True	speaker_no_face	Speaker agrees with available community-transcript mapping. | QA resolved prior review by same-speaker bridge.	look at you you are so big	Rachel	Rachel	absent	char_tracker_stage05		absent	0.0		medium	speaker_no_face
7	130	335.39	336.67	I can't believe it.	Rachel	high	qa_review_resolved_ct_support	1.0	dialogue	False	True	Guys | Leslie | Rachel | Monica | Kiki | Joanne | Phoebe	Rachel	Leslie	True	speaker_offscreen	Speaker agrees with available community-transcript mapping. | QA resolved prior review with community-transcript support.	(to a pregnant Leslie) Look at you, you are so big I can't believe it!	Rachel	Rachel	present	char_tracker_stage05	joey	absent	0.0		low	speaker_offscreen
7	131	336.67	338.11	I know, I know.	Leslie	high	community_transcript_match	1.0	dialogue	False	True	Guys | Leslie | Rachel | Monica | Kiki | Joanne | Phoebe	Rachel	Leslie	False		Speaker agrees with available community-transcript mapping.	I know. I know! I'm a duplex.	Leslie	Leslie	present	char_tracker_stage05	joey	unobserved			high	
7	132	338.19	339.15	I'm a duplex.	Leslie	high	community_transcript_match	1.0	dialogue	False	True	Guys | Leslie | Rachel | Monica | Kiki | Joanne | Phoebe	Leslie	Rachel	False		Speaker agrees with available community-transcript mapping.	i'm a duplex	Leslie	Leslie	present	char_tracker_stage05	joey|monica	unobserved			high	
7	133	340.75	343.15	Kiki, you look phenomenal.	Rachel	high	qa_review_resolved_ct_support	1.0	dialogue	False	True	Guys | Leslie | Rachel | Monica | Kiki | Joanne | Phoebe	Leslie	Rachel	True	speaker_offscreen	Speaker agrees with available community-transcript mapping. | QA resolved prior review with community-transcript support.	Kiki, you look phenomenal	Rachel	Rachel	present	char_tracker_stage05	joey	absent	0.0		low	speaker_offscreen
7	134	343.15	345.47	I mean, you've lost, like, a ton of weight.	Rachel	high	qa_review_resolved_bridge	1.0	dialogue	False	True	Guys | Leslie | Rachel | Monica | Kiki | Joanne | Phoebe	Rachel	Rachel	True	speaker_offscreen	Speaker agrees with available community-transcript mapping. | QA resolved prior review by same-speaker bridge.	Kiki, you look phenomenal. I mean, you've lost like a ton of weight. And you should... Really, really, it's time to stop, you look perfect. Anyway. (to Joanne) So what's going on with you?	Rachel	Rachel	present	char_tracker_stage05	joey	absent	0.0		low	speaker_offscreen
7	135	346.59	349.91	And you should really, really.	Rachel	high	qa_review_resolved_bridge	1.0	dialogue	False	True	Guys | Leslie | Rachel | Monica | Kiki | Joanne | Phoebe	Rachel	Rachel	True	speaker_offscreen	Speaker agrees with available community-transcript mapping. | QA resolved prior review by same-speaker bridge.	And you should	Rachel	Rachel	present	char_tracker_stage05	joey|monica	absent	0.0		low	speaker_offscreen
7	136	349.91	350.99	It's time to stop.	Rachel	high	qa_review_resolved_bridge	1.0	dialogue	False	True	Guys | Leslie | Rachel | Monica | Kiki | Joanne | Phoebe	Rachel	Rachel	True	speaker_offscreen	Speaker agrees with available community-transcript mapping. | QA resolved prior review by same-speaker bridge.	Really, really, it's time to stop, you look perfect	Rachel	Rachel	present	char_tracker_stage05	joey	absent	0.0		low	speaker_offscreen
7	137	350.99	352.03	You look perfect.	Rachel	high	qa_review_resolved_bridge	1.0	dialogue	False	True	Guys | Leslie | Rachel | Monica | Kiki | Joanne | Phoebe	Rachel	Rachel	True	speaker_offscreen	Speaker agrees with available community-transcript mapping. | QA resolved prior review by same-speaker bridge.	really really you look perfect	Rachel	Rachel	present	char_tracker_stage05	joey	absent	0.0		low	speaker_offscreen
7	138	352.99	354.75	Anyway, so, what's going on with you?	Rachel	medium	scene_context_inference	0.66	dialogue	True	False	Guys | Leslie | Rachel | Monica | Kiki | Joanne | Phoebe	Rachel	Joanne	True	two_sided_context_ambiguous | speaker_offscreen	No direct transcript match; longer line defaulted to previous speaker in same scene.				present	char_tracker_stage05	joey	absent			low	speaker_offscreen
7	139	354.91	357.87	Well, guess who my dad's making partner in his firm?	Joanne	high	community_transcript_match	1.0	dialogue	False	True	Guys | Leslie | Rachel | Monica | Kiki | Joanne | Phoebe	Rachel	Kiki	False		Speaker agrees with available community-transcript mapping.	Well, guess who my dad's making partner in his firm? (She points to herself and they all screech again.)	Joanne	Joanne	present	char_tracker_stage05	joey	unobserved			high	
7	140	358.27	358.67	No.	Kiki	medium	short_turn_alternation	0.7	dialogue	True	False	Guys | Leslie | Rachel | Monica | Kiki | Joanne | Phoebe	Joanne	Kiki	True	short_utterance_between_two_speakers	Short utterance inferred from local turn alternation.				present	char_tracker_stage05	monica	unobserved			medium	
7	141	362.03	363.55	Well, we're on the subject of news.	Kiki	high	community_transcript_match	1.0	dialogue	False	True	Guys | Leslie | Rachel | Monica | Kiki | Joanne | Phoebe	Kiki	Phoebe	False		Speaker agrees with available community-transcript mapping.	And while we're on the subject of news.. (She holds up here finger to show off her engagement ring and they all screech again.)	Kiki	Kiki	present	char_tracker_stage05	joey|monica	unobserved			high	
7	142	367.95	369.55	Look, look, I have elbows.	Phoebe	high	qa_review_resolved_ct_support	1.0	dialogue	False	True	Guys | Leslie | Rachel | Monica | Kiki | Joanne | Phoebe	Kiki	Phoebe	True	speaker_offscreen	Speaker agrees with available community-transcript mapping. | QA resolved prior review with community-transcript support.	(to Monica) Look, look, I have elbows! (She and Monica screech.)	Phoebe	Phoebe	present	char_tracker_stage05	joey	absent	0.0		low	speaker_offscreen
7	143	376.43	377.31	Cross blue line.	Phoebe	medium	scene_context_inference	0.68	dialogue	True	False	Guys | Leslie | Rachel | Monica | Kiki | Joanne | Phoebe	Phoebe		True	medium_confidence_context_fill | speaker_offscreen	Filled from previous same-scene context.				present	char_tracker_stage05	joey	absent			low	speaker_offscreen
8	144	377.31	378.41	Pass it up to Leech.	Chandler	high	qa_review_resolved_ct_support	1.0	dialogue	False	True	Chandler | Joey | Ross		Joey	True	speaker_offscreen	Speaker agrees with available community-transcript mapping. | QA resolved prior review with community-transcript support.	...Boulet passes it up to Leech! (Passes it to Joey.)	Chandler	Chandler	present	char_tracker_stage05	joey	absent	0.0		low	speaker_offscreen
8	145	378.41	380.41	Leech spots Messier in the crease as the pass.	Joey	high	community_transcript_match	1.0	dialogue	False	True	Chandler | Joey | Ross	Chandler	Chandler	False		Speaker agrees with available community-transcript mapping.	Leetch spots Messier in the crease- there's the pass! (He kicks it to Ross, but Ross is staring into a shop window.)	Joey	Joey	present	char_tracker_stage05	joey	present	1.0		high	
8	146	382.81	386.25	We'll take a brief time out while Messier stops to look at some women's shoes.	Chandler	high	qa_review_resolved_ct_support	1.0	dialogue	False	True	Chandler | Joey | Ross	Joey	Ross	True	speaker_offscreen	Speaker agrees with available community-transcript mapping. | QA resolved prior review with community-transcript support.	We'll take a brief time out while Messier stops to look at some women's shoes.	Chandler	Chandler	present	char_tracker_stage05	joey|monica	absent	0.0		low	speaker_offscreen
8	147	387.37	391.37	Carol was wearing boots just like those the night that we first.	Ross	high	qa_review_resolved_ct_support	1.0	dialogue	False	True	Chandler | Joey | Ross	Chandler	Ross	True	speaker_offscreen	Speaker agrees with available community-transcript mapping. | QA resolved prior review with community-transcript support.	Carol was wearing boots just like those the night that we- we first- y'know. In fact, she, uh- she never took'em off, 'cause we-we- (off Chandler's look) Sorry. Sorry.	Ross	Ross	present	char_tracker_stage05	joey	absent	0.0		low	speaker_offscreen
8	148	392.49	393.13	You know.	Ross	high	qa_review_resolved_bridge	0.9	dialogue	True	False	Chandler | Joey | Ross	Ross	Ross	True	speaker_offscreen	Filled from previous same-scene context. | QA resolved prior review by same-speaker bridge.				present	char_tracker_stage05	joey	absent			low	speaker_offscreen
8	149	394.09	394.89	In fact, she.	Ross	high	qa_review_resolved_bridge	0.9	dialogue	True	False	Chandler | Joey | Ross	Ross	Ross	True	speaker_offscreen	Filled from previous same-scene context. | QA resolved prior review by same-speaker bridge.				present	char_tracker_stage05	joey	absent			low	speaker_offscreen
8	150	395.85	397.13	She never took them off.	Ross	high	qa_review_resolved_bridge	0.9	dialogue	True	False	Chandler | Joey | Ross	Ross	Ross	True	speaker_offscreen	Filled from previous same-scene context. | QA resolved prior review by same-speaker bridge.				present	char_tracker_stage05	monica	absent			low	speaker_offscreen
8	151	398.33	398.89	Cause we.	Ross	high	qa_review_resolved_bridge	0.9	dialogue	True	False	Chandler | Joey | Ross	Ross	Ross	True	speaker_no_face	Filled from previous same-scene context. | QA resolved prior review by same-speaker bridge.				absent	char_tracker_stage05		absent			medium	speaker_no_face
8	152	399.45	399.93	Sorry.	Ross	high	qa_review_resolved_bridge	0.9	dialogue	True	False	Chandler | Joey | Ross	Ross	Ross	True	speaker_no_face	Filled from previous same-scene context. | QA resolved prior review by same-speaker bridge.				absent	char_tracker_stage05		absent			medium	speaker_no_face
8	153	399.93	400.41	Sorry.	Ross	high	qa_review_resolved_bridge	0.9	dialogue	True	False	Chandler | Joey | Ross	Ross	Ross	True	speaker_no_face	Filled from previous same-scene context. | QA resolved prior review by same-speaker bridge.				absent	char_tracker_stage05		absent			medium	speaker_no_face
8	154	402.09	403.65	I can't believe Kane failed out.	Ross	medium	scene_context_inference	0.68	dialogue	True	False	Chandler | Joey | Ross	Ross		True	medium_confidence_context_fill	Filled from previous same-scene context.				present	char_tracker_stage05	chandler|ross	present			medium	
9	155	403.65	406.89	Oh, what?	Joey	high	qa_review_resolved_ct_support	1.0	dialogue	False	True	Joey | Ross | Chandler | Rachel		Ross	True	speaker_offscreen	Speaker agrees with available community-transcript mapping. | QA resolved prior review with community-transcript support.	What?	Joey	Joey	present	char_tracker_stage05	ross	absent	0.0		low	speaker_offscreen
9	156	407.53	408.41	Peach pit?	Ross	high	qa_review_resolved_ct_support	1.0	dialogue	False	True	Joey | Ross | Chandler | Rachel	Joey	Chandler	True	speaker_offscreen	Speaker agrees with available community-transcript mapping. | QA resolved prior review with community-transcript support.	Peach pit.	Ross	Ross	present	char_tracker_stage05	chandler	absent	0.0		low	speaker_offscreen
9	157	409.13	412.33	Yes, Bunny, Peach pit.	Chandler	high	qa_review_resolved_ct_support	1.0	dialogue	False	True	Joey | Ross | Chandler | Rachel	Ross	Ross	True	speaker_offscreen	Speaker agrees with available community-transcript mapping. | QA resolved prior review with community-transcript support.	Yes, Bunny?	Chandler	Chandler	present	char_tracker_stage05	ross	absent	0.25		low	speaker_offscreen
9	158	412.89	413.77	That night, we.	Ross	high	community_transcript_match	1.0	dialogue	False	True	Joey | Ross | Chandler | Rachel	Chandler	Joey	False		Speaker agrees with available community-transcript mapping.	(points) Peach pit. That night we, uh- we had-	Ross	Ross	present	char_tracker_stage05	ross	present	1.0		high	
9	159	414.49	415.69	We had peaches.	Joey	high	qa_review_resolved_ct_support	1.0	dialogue	False	True	Joey | Ross | Chandler | Rachel	Ross	Ross	True	speaker_offscreen	Speaker agrees with available community-transcript mapping. | QA resolved prior review with community-transcript support.	-Peaches?	Joey	Joey	present	char_tracker_stage05	ross	absent	0.0		low	speaker_offscreen
9	160	415.85	420.73	Actually, nectarines, but basically could have been peach.	Ross	high	qa_review_resolved_ct_support	1.0	dialogue	False	True	Joey | Ross | Chandler | Rachel	Joey	Ross	True	speaker_offscreen	Speaker agrees with available community-transcript mapping. | QA resolved prior review with community-transcript support.	Actually, nectarines, but basically...	Ross	Ross	present	char_tracker_stage05	chandler	absent	0.3333		low	speaker_offscreen
9	161	421.05	421.61	Then we.	Ross	high	community_transcript_match	1.0	dialogue	False	True	Joey | Ross | Chandler | Rachel	Ross	Ross	False		Speaker agrees with available community-transcript mapping.	Then, uh, then we got dressed, and I-I	Ross	Ross	present	char_tracker_stage05	ross	present	1.0		high	
9	162	422.57	428.01	Then we got dressed and I walked her to the bus stop.	Ross	high	qa_review_resolved_bridge	1.0	dialogue	False	True	Joey | Ross | Chandler | Rachel	Ross	Ross	True	speaker_offscreen	Speaker agrees with available community-transcript mapping. | QA resolved prior review by same-speaker bridge.	Then, uh, then we got dressed, and I-I... I walked her to the- (looks up, realises, and points) -the bus stop... I'm fine.	Ross	Ross	present	char_tracker_stage05	chandler	absent	0.2857		low	speaker_offscreen
9	163	430.25	431.05	I'm fine.	Ross	high	community_transcript_match	1.0	dialogue	False	True	Joey | Ross | Chandler | Rachel	Ross	Joey	False		Speaker agrees with available community-transcript mapping.	I'm fine	Ross	Ross	present	char_tracker_stage05	ross	present	1.0		high	
9	164	431.77	433.93	Hey, that woman's got an ass like Carol's.	Joey	high	qa_review_resolved_ct_support	1.0	dialogue	False	True	Joey | Ross | Chandler | Rachel	Ross	Joey	True	speaker_offscreen	Speaker agrees with available community-transcript mapping. | QA resolved prior review with community-transcript support.	Hey, that woman's got an ass like Carol's! (They turn to stare at him.) What? Thought we were trying to find stuff.	Joey	Joey	present	char_tracker_stage05	chandler|ross	absent	0.0		low	speaker_offscreen
9	165	438.81	439.21	What?	Joey	high	qa_review_resolved_bridge	1.0	dialogue	False	True	Joey | Ross | Chandler | Rachel	Joey	Joey	True	speaker_offscreen	Speaker agrees with available community-transcript mapping. | QA resolved prior review by same-speaker bridge.	What	Joey	Joey	present	char_tracker_stage05	ross	absent	0.0		low	speaker_offscreen
9	166	439.41	440.69	Thought we were trying to find stuff.	Joey	high	qa_review_resolved_ct_support	1.0	dialogue	False	True	Joey | Ross | Chandler | Rachel	Joey	Rachel	True	speaker_offscreen	Speaker agrees with available community-transcript mapping. | QA resolved prior review with community-transcript support.	Thought we were trying to find stuff	Joey	Joey	present	char_tracker_stage05	ross	absent	0.0		low	speaker_offscreen
9	167	442.61	443.85	Oh, come on, you guys.	Rachel	high	qa_review_resolved_ct_support	1.0	dialogue	False	True	Joey | Ross | Chandler | Rachel	Joey		True	speaker_offscreen	Speaker agrees with available community-transcript mapping. | QA resolved prior review with community-transcript support.	so c'mon you guys	Rachel	Rachel	present	char_tracker_stage05	chandler	absent	0.0		low	speaker_offscreen
10	168	443.85	445.01	Tell me all the dirt.	Rachel	high	qa_review_resolved_ct_support	1.0	dialogue	False	True	Rachel | Kiki | Joanne		Kiki	True	speaker_offscreen	Speaker agrees with available community-transcript mapping. | QA resolved prior review with community-transcript support.	So c'mon, you guys, tell me all the dirt!	Rachel	Rachel	present	char_tracker_stage05	chandler	absent	0.0		low	speaker_offscreen
10	169	445.73	448.37	Well, the biggest news is still you don't think.	Kiki	high	community_transcript_match	1.0	dialogue	False	True	Rachel | Kiki | Joanne	Rachel	Kiki	False		Speaker agrees with available community-transcript mapping.	Well, the biggest news is still you dumping Barry at the altar!	Kiki	Kiki	present	char_tracker_stage05	ross	unobserved			high	
10	170	448.37	449.57	Barry at the altar.	Kiki	high	community_transcript_match	1.0	dialogue	False	True	Rachel | Kiki | Joanne	Kiki	Joanne	False		Speaker agrees with available community-transcript mapping.	dumping barry at the altar	Kiki	Kiki	present	char_tracker_stage05	ross	unobserved			high	
10	171	451.81	454.61	All right, let's talk reality for a second.	Joanne	high	community_transcript_match	1.0	dialogue	False	True	Rachel | Kiki | Joanne	Kiki	Rachel	False		Speaker agrees with available community-transcript mapping.	Alright. Let's talk reality for a second.	Joanne	Joanne	present	char_tracker_stage05	chandler|ross	unobserved			high	
10	172	454.69	455.33	Okay.	Rachel	high	qa_review_resolved_ct_support	1.0	dialogue	False	True	Rachel | Kiki | Joanne	Joanne	Joanne	True	speaker_offscreen	Speaker agrees with available community-transcript mapping. | QA resolved prior review with community-transcript support.	Okay.	Rachel	Rachel	present	char_tracker_stage05	chandler|ross	absent	0.0		low	speaker_offscreen
10	173	455.57	456.69	When are you coming home?	Joanne	high	community_transcript_match	1.0	dialogue	False	True	Rachel | Kiki | Joanne	Rachel	Rachel	False		Speaker agrees with available community-transcript mapping.	When are you coming home?	Joanne	Joanne	present	char_tracker_stage05	chandler	unobserved			high	
10	174	456.85	458.45	What kind?	Rachel	high	qa_review_resolved_ct_support	1.0	dialogue	False	True	Rachel | Kiki | Joanne	Joanne	Rachel	True	speaker_offscreen	Speaker agrees with available community-transcript mapping. | QA resolved prior review with community-transcript support.	What	Rachel	Rachel	present	char_tracker_stage05	chandler	absent	0.0		low	speaker_offscreen
10	175	458.53	459.17	I'm not.	Rachel	high	qa_review_resolved_ct_support	1.0	dialogue	False	True	Rachel | Kiki | Joanne	Rachel	Joanne	True	speaker_offscreen	Speaker agrees with available community-transcript mapping. | QA resolved prior review with community-transcript support.	What? Guys, I'm not.	Rachel	Rachel	present	char_tracker_stage05	chandler|ross	absent	0.0		low	speaker_offscreen
10	176	459.97	461.73	Come on, this is us.	Joanne	high	community_transcript_match	1.0	dialogue	False	True	Rachel | Kiki | Joanne	Rachel	Rachel	False		Speaker agrees with available community-transcript mapping.	C'mon, this is us.	Joanne	Joanne	present	char_tracker_stage05	ross	unobserved			high	
10	177	462.45	463.25	I'M not.	Rachel	high	qa_review_resolved_ct_support	1.0	dialogue	False	True	Rachel | Kiki | Joanne	Joanne	Rachel	True	speaker_offscreen	Speaker agrees with available community-transcript mapping. | QA resolved prior review with community-transcript support.	I'm not	Rachel	Rachel	present	char_tracker_stage05	ross	absent	0.0		low	speaker_offscreen
10	178	464.13	465.65	This is what I'm doing now.	Rachel	high	qa_review_resolved_bridge	1.0	dialogue	False	True	Rachel | Kiki | Joanne	Rachel	Rachel	True	speaker_offscreen	Speaker agrees with available community-transcript mapping. | QA resolved prior review by same-speaker bridge.	This is what I'm doing now	Rachel	Rachel	present	char_tracker_stage05	chandler|ross	absent	0.0		low	speaker_offscreen
10	179	466.29	468.21	I've got this job, you know?	Rachel	high	qa_review_resolved_bridge	1.0	dialogue	False	True	Rachel | Kiki | Joanne	Rachel	Rachel	True	speaker_offscreen	Speaker agrees with available community-transcript mapping. | QA resolved prior review by same-speaker bridge.	I'm not! This is what I'm doing now. I've got this job, you know, I even do my own laundry.	Rachel	Rachel	present	char_tracker_stage05	chandler	absent	0.0		low	speaker_offscreen
10	180	468.21	470.05	I even do my own laundry.	Rachel	high	qa_review_resolved_ct_support	1.0	dialogue	False	True	Rachel | Kiki | Joanne	Rachel		True	speaker_no_face	Speaker agrees with available community-transcript mapping. | QA resolved prior review with community-transcript support.	i'm not this is what i'm doing now i even do my own laundry	Rachel	Rachel	partial	char_tracker_stage05		absent	0.0		medium	speaker_no_face
11	181	475.49	477.41	I mean, this is what I'm doing now.	Rachel	high	qa_review_resolved_ct_support	1.0	dialogue	False	True	Rachel | Kiki | Leslie		Kiki	True	speaker_offscreen	Speaker agrees with available community-transcript mapping. | QA resolved prior review with community-transcript support.	I mean, this is what I'm doing now.	Rachel	Rachel	present	char_tracker_stage05	ross	absent	0.0		low	speaker_offscreen
11	182	477.89	478.85	Waitressing.	Kiki	high	community_transcript_match	1.0	dialogue	False	True	Rachel | Kiki | Leslie	Rachel	Kiki	False		Speaker agrees with available community-transcript mapping.	Waitressing?	Kiki	Kiki	present	char_tracker_stage05	ross	unobserved			high	
11	183	479.97	482.45	I'm not just waitressing.	Kiki	medium	scene_context_inference	0.66	dialogue	True	False	Rachel | Kiki | Leslie	Kiki	Rachel	True	two_sided_context_ambiguous	No direct transcript match; longer line defaulted to previous speaker in same scene.				present	char_tracker_stage05	chandler|ross	unobserved			medium	
11	184	482.77	484.37	I mean, I'm.	Rachel	high	qa_review_resolved_ct_support	1.0	dialogue	False	True	Rachel | Kiki | Leslie	Kiki	Rachel	True	speaker_offscreen	Speaker agrees with available community-transcript mapping. | QA resolved prior review with community-transcript support.	I, um	Rachel	Rachel	present	char_tracker_stage05	chandler	absent	0.0		low	speaker_offscreen
11	185	485.33	489.73	I. I write the specials on the specials board.	Rachel	high	qa_review_resolved_bridge	1.0	dialogue	False	True	Rachel | Kiki | Leslie	Rachel	Rachel	True	speaker_no_face	Speaker agrees with available community-transcript mapping. | QA resolved prior review by same-speaker bridge.	Okay, I'm not just waitressing. I mean... I, um... I write the specials on the specials board, and, uh... and I, uh... I take the uh dead flowers out of the vase... Oh, and, um, sometimes Arturo lets me put the little chocolate blobbies on the cookies.	Rachel	Rachel	absent	char_tracker_stage05		absent	0.0		medium	speaker_no_face
11	186	489.89	494.85	And I take the dead flowers out of the vase.	Rachel	high	qa_review_resolved_bridge	1.0	dialogue	False	True	Rachel | Kiki | Leslie	Rachel	Rachel	True	speaker_offscreen	Speaker agrees with available community-transcript mapping. | QA resolved prior review by same-speaker bridge.	okay i'm not just waitressing i mean i um and uh and i uh i take the uh dead flowers out of the vase oh and um sometimes arturo lets me put the little chocolate blobbies on the cookies	Rachel	Rachel	present	char_tracker_stage05	monica	absent	0.0		low	speaker_offscreen
11	187	496.21	499.55	Oh, and sometimes our turrets put the little chocolate blobbies on the cookies.	Rachel	high	qa_review_resolved_ct_support	1.0	dialogue	False	True	Rachel | Kiki | Leslie	Rachel	Leslie	True	speaker_offscreen	Speaker agrees with available community-transcript mapping. | QA resolved prior review with community-transcript support.	okay i'm not just waitressing i mean i um and uh oh and um sometimes arturo lets me put the little chocolate blobbies on the cookies	Rachel	Rachel	present	char_tracker_stage05	joey|monica	absent	0.0		low	speaker_offscreen
11	188	500.83	503.71	Well, your mom didn't tell us about the blobbies.	Leslie	high	community_transcript_match	1.0	dialogue	False	True	Rachel | Kiki | Leslie	Rachel		False		Speaker agrees with available community-transcript mapping.	Well. Your mom didn't tell us about the blobbies.	Leslie	Leslie	present	char_tracker_stage05	joey|monica	unobserved			high	
12	189	514.67	515.35	Hey, Rach.	Monica	high	qa_review_resolved_ct_support	1.0	dialogue	False	True	Monica | Rachel | Phoebe		Monica	True	speaker_offscreen	Speaker agrees with available community-transcript mapping. | QA resolved prior review with community-transcript support.	Hey, Rach	Monica	Monica	present	char_tracker_stage05	chandler	absent	0.0		low	speaker_offscreen
12	190	515.35	516.43	How was it with your friends?	Monica	high	qa_review_resolved_bridge	1.0	dialogue	False	True	Monica | Rachel | Phoebe	Monica	Monica	True	speaker_offscreen	Speaker agrees with available community-transcript mapping. | QA resolved prior review by same-speaker bridge.	How was it with your friends	Monica	Monica	present	char_tracker_stage05	chandler	absent	0.0		low	speaker_offscreen
12	191	521.07	521.71	Okay.	Monica	high	qa_review_resolved_bridge	1.0	dialogue	False	True	Monica | Rachel | Phoebe	Monica	Monica	True	speaker_offscreen	Speaker agrees with available community-transcript mapping. | QA resolved prior review by same-speaker bridge.	Okay	Monica	Monica	present	char_tracker_stage05	phoebe	absent	0.0		low	speaker_offscreen
12	192	522.03	523.79	How would you like some Tiki Death?	Monica	high	qa_review_resolved_ct_support	1.0	dialogue	False	True	Monica | Rachel | Phoebe	Monica	Rachel	True	speaker_offscreen	Speaker agrees with available community-transcript mapping. | QA resolved prior review with community-transcript support.	Hey, Rach. How was it with your friends? (She and Phoebe screech.) Okay! How would you like some Tiki Death Punch? (She pours the contents of the blender into some glasses.)	Monica	Monica	present	char_tracker_stage05	chandler|phoebe	absent	0.0		low	speaker_offscreen
12	193	524.78	525.34	What's that?	Rachel	high	qa_review_resolved_ct_support	1.0	dialogue	False	True	Monica | Rachel | Phoebe	Monica	Monica	True	speaker_offscreen	Speaker agrees with available community-transcript mapping. | QA resolved prior review with community-transcript support.	What's that?	Rachel	Rachel	present	char_tracker_stage05	chandler|phoebe	absent	0.0		low	speaker_offscreen
12	194	525.74	527.34	Well, it's rum and.	Monica	high	qa_review_resolved_ct_support	1.0	dialogue	False	True	Monica | Rachel | Phoebe	Rachel	Rachel	True	speaker_offscreen	Speaker agrees with available community-transcript mapping. | QA resolved prior review with community-transcript support.	Weeeell, it's rum, and-	Monica	Monica	present	char_tracker_stage05	chandler|phoebe	absent	0.0		low	speaker_offscreen
12	195	527.34	527.9	Okay.	Rachel	high	qa_review_resolved_ct_support	1.0	dialogue	False	True	Monica | Rachel | Phoebe	Monica	Monica	True	speaker_offscreen	Speaker agrees with available community-transcript mapping. | QA resolved prior review with community-transcript support.	Okay. (Grabs the blender and starts to drink.)	Rachel	Rachel	present	char_tracker_stage05	chandler|phoebe	absent	0.0		low	speaker_offscreen
12	196	531.1	534.62	We thought since Phoebe was staying over tonight we'd have kind of like a slumber party thing.	Monica	high	qa_review_resolved_ct_support	1.0	dialogue	False	True	Monica | Rachel | Phoebe	Rachel	Monica	True	speaker_offscreen	Speaker agrees with available community-transcript mapping. | QA resolved prior review with community-transcript support.	We thought since Phoebe was staying over tonight we'd have kinda like a slumber party thing. We got some trashy magazines, we got cookie dough, we got Twister... (The phone rings and Monica answers it.)	Monica	Monica	present	char_tracker_stage05	phoebe	absent	0.0		low	speaker_offscreen
12	197	534.7	536.1	We got some trashy magazines.	Monica	high	qa_review_resolved_bridge	1.0	dialogue	False	True	Monica | Rachel | Phoebe	Monica	Monica	True	speaker_no_face	Speaker agrees with available community-transcript mapping. | QA resolved prior review by same-speaker bridge.	We got some trashy magazines, we got cookie dough, we got Twister	Monica	Monica	partial	char_tracker_stage05		absent	0.0		medium	speaker_no_face
12	198	536.1	536.98	We got cookie dough.	Monica	high	qa_review_resolved_bridge	1.0	dialogue	False	True	Monica | Rachel | Phoebe	Monica	Monica	True	speaker_no_face	Speaker agrees with available community-transcript mapping. | QA resolved prior review by same-speaker bridge.	we got cookie dough we got twister	Monica	Monica	absent	char_tracker_stage05		absent	0.0		medium	speaker_no_face
12	199	536.98	537.66	We got Twister.	Monica	high	qa_review_resolved_ct_support	1.0	dialogue	False	True	Monica | Rachel | Phoebe	Monica	Phoebe	True	speaker_no_face	Speaker agrees with available community-transcript mapping. | QA resolved prior review with community-transcript support.	we got twister	Monica	Monica	absent	char_tracker_stage05		absent	0.0		medium	speaker_no_face
12	200	538.86	541.02	Oh, oh, and I brought Operation.	Phoebe	high	qa_review_resolved_ct_support	1.0	dialogue	False	True	Monica | Rachel | Phoebe	Monica	Phoebe	True	speaker_no_face	Speaker agrees with available community-transcript mapping. | QA resolved prior review with community-transcript support.	And I brought Operation	Phoebe	Phoebe	absent	char_tracker_stage05		absent	0.0		medium	speaker_no_face
12	201	541.42	544.38	But I lost the tweezers, so we can't operate.	Phoebe	high	qa_review_resolved_bridge	1.0	dialogue	False	True	Monica | Rachel | Phoebe	Phoebe	Phoebe	True	speaker_offscreen	Speaker agrees with available community-transcript mapping. | QA resolved prior review by same-speaker bridge.	Ooh! Ooh! And I brought Operation! But, um, I lost the tweezers, so we can't operate. But we can prep the guy!	Phoebe	Phoebe	present	char_tracker_stage05	chandler	absent	0.0		low	speaker_offscreen
12	202	546.06	547.42	But we can prep the guy.	Phoebe	high	community_transcript_match	1.0	dialogue	False	True	Monica | Rachel | Phoebe	Phoebe	Monica	False		Speaker agrees with available community-transcript mapping.	But we can prep the guy	Phoebe	Phoebe	present	char_tracker_stage05	chandler|phoebe	present	1.0		high	
12	203	550.46	552.74	Rich, it's the Vista Card people.	Monica	high	qa_review_resolved_ct_support	1.0	dialogue	False	True	Monica | Rachel | Phoebe	Phoebe	Rachel	True	speaker_offscreen	Speaker agrees with available community-transcript mapping. | QA resolved prior review with community-transcript support.	Uh, Rach, it's the Visa card people.	Monica	Monica	present	char_tracker_stage05	chandler	absent	0.0		low	speaker_offscreen
12	204	552.82	553.46	Oh, God.	Rachel	high	qa_review_resolved_ct_support	1.0	dialogue	False	True	Monica | Rachel | Phoebe	Monica	Rachel	True	speaker_offscreen	Speaker agrees with available community-transcript mapping. | QA resolved prior review with community-transcript support.	oh god	Rachel	Rachel	present	char_tracker_stage05	chandler	absent	0.0		low	speaker_offscreen
12	205	553.46	554.34	Ask them what they want.	Rachel	high	qa_review_resolved_bridge	1.0	dialogue	False	True	Monica | Rachel | Phoebe	Rachel	Rachel	True	speaker_no_face	Speaker agrees with available community-transcript mapping. | QA resolved prior review by same-speaker bridge.	Oh, God, ask them what they want.	Rachel	Rachel	absent	char_tracker_stage05		absent	0.0		medium	speaker_no_face
12	206	555.06	557.54	Could you please tell me what this is in reference to?	Rachel	medium	scene_context_inference	0.66	dialogue	True	False	Monica | Rachel | Phoebe	Rachel	Monica	True	two_sided_context_ambiguous | speaker_no_face	No direct transcript match; longer line defaulted to previous speaker in same scene.				absent	char_tracker_stage05		absent			medium	speaker_no_face
12	207	559.54	559.94	Yes.	Monica	high	community_transcript_match	1.0	dialogue	False	True	Monica | Rachel | Phoebe	Rachel	Monica	False		Speaker agrees with available community-transcript mapping.	yes	Monica	Monica	present	char_tracker_stage05	chandler|monica	present	1.0		high	
12	208	559.94	560.42	Hold on.	Monica	high	community_transcript_match	1.0	dialogue	False	True	Monica | Rachel | Phoebe	Monica	Monica	False		Speaker agrees with available community-transcript mapping.	Yes, hold on	Monica	Monica	present	char_tracker_stage05	chandler|monica	present	1.0		high	
12	209	560.66	563.14	They say there's been some unusual activity on your account.	Monica	high	community_transcript_match	1.0	dialogue	False	True	Monica | Rachel | Phoebe	Monica	Rachel	False		Speaker agrees with available community-transcript mapping.	(on phone) Could you please tell me what this is in reference to? (Listens) Yes, hold on. (To Rachel) Um, they say there's been some unusual activity on your account.	Monica	Monica	present	char_tracker_stage05	chandler|monica|phoebe	present	0.5		high	
12	210	563.46	565.7	But I haven't used my card in weeks.	Rachel	high	qa_review_resolved_ct_support	1.0	dialogue	False	True	Monica | Rachel | Phoebe	Monica	Monica	True	speaker_offscreen	Speaker agrees with available community-transcript mapping. | QA resolved prior review with community-transcript support.	But I haven't used my card in weeks!	Rachel	Rachel	present	char_tracker_stage05	chandler	absent	0.0		low	speaker_offscreen
12	211	565.94	567.54	That is the unusual activity.	Monica	high	qa_review_resolved_ct_support	1.0	dialogue	False	True	Monica | Rachel | Phoebe	Rachel	Monica	True	speaker_no_face	Speaker agrees with available community-transcript mapping. | QA resolved prior review with community-transcript support.	That is the unusual activity. Look, they just wanna see if you're okay.	Monica	Monica	partial	char_tracker_stage05		absent	0.0		medium	speaker_no_face
12	212	569.62	571.22	Look, they just want to see if you're okay.	Monica	high	qa_review_resolved_bridge	1.0	dialogue	False	True	Monica | Rachel | Phoebe	Monica	Monica	True	speaker_offscreen	Speaker agrees with available community-transcript mapping. | QA resolved prior review by same-speaker bridge.	Look, they just wanna see if you're okay	Monica	Monica	present	char_tracker_stage05	chandler	absent	0.0		low	speaker_offscreen
12	213	572.18	573.7	They want to know if I'm okay.	Monica	medium	scene_context_inference	0.66	dialogue	True	False	Monica | Rachel | Phoebe	Monica	Rachel	True	two_sided_context_ambiguous | speaker_offscreen	No direct transcript match; longer line defaulted to previous speaker in same scene.				present	char_tracker_stage05	chandler	absent			low	speaker_offscreen
12	214	574.26	574.66	Okay.	Rachel	medium	short_turn_alternation	0.7	dialogue	True	False	Monica | Rachel | Phoebe	Monica	Rachel	True	short_utterance_between_two_speakers | speaker_offscreen	Short utterance inferred from local turn alternation.				present	char_tracker_stage05	chandler	absent			low	speaker_offscreen
12	215	574.66	575.7	They want to know if I'm okay.	Rachel	high	qa_review_resolved_bridge	0.9	dialogue	True	False	Monica | Rachel | Phoebe	Rachel	Rachel	True	speaker_offscreen	Same speaker appears on both sides within the same scene. | QA resolved prior review by same-speaker bridge.				present	char_tracker_stage05	chandler	absent			low	speaker_offscreen
12	216	575.7	576.02	Okay.	Rachel	high	qa_review_resolved_bridge	0.9	dialogue	True	False	Monica | Rachel | Phoebe	Rachel	Rachel	True	speaker_offscreen	Same speaker appears on both sides within the same scene. | QA resolved prior review by same-speaker bridge.				present	char_tracker_stage05	chandler	absent			low	speaker_offscreen
12	217	576.02	576.42	Let's see.	Rachel	high	qa_review_resolved_bridge	0.9	dialogue	True	False	Monica | Rachel | Phoebe	Rachel	Rachel	True	speaker_no_face	Same speaker appears on both sides within the same scene. | QA resolved prior review by same-speaker bridge.				absent	char_tracker_stage05		absent			medium	speaker_no_face
12	218	576.75	577.55	Well, let's see.	Rachel	high	qa_review_resolved_bridge	0.9	dialogue	True	False	Monica | Rachel | Phoebe	Rachel	Rachel	True	speaker_no_face	Same speaker appears on both sides within the same scene. | QA resolved prior review by same-speaker bridge.				absent	char_tracker_stage05		absent			medium	speaker_no_face
12	219	577.55	579.39	The FICA guys took all my money.	Rachel	high	qa_review_resolved_bridge	0.9	dialogue	True	False	Monica | Rachel | Phoebe	Rachel	Rachel	True	speaker_no_face	Same speaker appears on both sides within the same scene. | QA resolved prior review by same-speaker bridge.				absent	char_tracker_stage05		absent			medium	speaker_no_face
12	220	580.59	584.35	Everyone I know is either getting married or getting pregnant or getting promoted.	Rachel	high	qa_review_resolved_bridge	1.0	dialogue	False	True	Monica | Rachel | Phoebe	Rachel	Rachel	True	speaker_offscreen	Speaker agrees with available community-transcript mapping. | QA resolved prior review by same-speaker bridge.	They wanna know if I'm okay. Okay.. they wanna know if I'm okay, okay, let's see. Well, let's see, the FICA guys took all my money, everyone I know is either getting married, or getting pregnant, or getting promoted, and I'm getting coffee! And it's not even for me! So if that sounds like I'm okay, okay, then you can tell them I'm okay, okay?	Rachel	Rachel	present	char_tracker_stage05	chandler	absent	0.0		low	speaker_offscreen
12	221	584.43	585.87	And I'm getting coffee.	Rachel	high	qa_review_resolved_bridge	0.9	dialogue	True	False	Monica | Rachel | Phoebe	Rachel	Rachel	True	speaker_no_face	Continuation-style opener favors previous speaker within the same scene. | QA resolved prior review by same-speaker bridge.				absent	char_tracker_stage05		absent			medium	speaker_no_face
12	222	586.11	587.63	And it's not even for me.	Rachel	high	qa_review_resolved_bridge	0.9	dialogue	True	False	Monica | Rachel | Phoebe	Rachel	Rachel	True	speaker_no_face	Continuation-style opener favors previous speaker within the same scene. | QA resolved prior review by same-speaker bridge.				absent	char_tracker_stage05		absent			medium	speaker_no_face
12	223	588.59	589.99	So if that sounds like I'm okay.	Rachel	high	qa_review_resolved_bridge	0.9	dialogue	True	False	Monica | Rachel | Phoebe	Rachel	Rachel	True	speaker_offscreen	Continuation-style opener favors previous speaker within the same scene. | QA resolved prior review by same-speaker bridge.				present	char_tracker_stage05	chandler	absent			low	speaker_offscreen
12	224	589.99	591.43	Okay, then you can tell them I'm okay.	Rachel	medium	scene_context_inference	0.66	dialogue	True	False	Monica | Rachel | Phoebe	Rachel	Monica	True	two_sided_context_ambiguous | speaker_offscreen	No direct transcript match; longer line defaulted to previous speaker in same scene.				present	char_tracker_stage05	chandler	absent			low	speaker_offscreen
12	225	591.43	596.99	Okay, Rachel has left the building.	Monica	high	qa_review_resolved_ct_support	1.0	dialogue	False	True	Monica | Rachel | Phoebe	Rachel	Monica	True	speaker_offscreen	Speaker agrees with available community-transcript mapping. | QA resolved prior review with community-transcript support.	(pauses then on the phone) Uh- Rachel has left the building, can you call back?	Monica	Monica	present	char_tracker_stage05	chandler	absent	0.0		low	speaker_offscreen
12	226	599.31	600.35	Can you call back?	Monica	high	qa_review_resolved_ct_support	1.0	dialogue	False	True	Monica | Rachel | Phoebe	Monica	Rachel	True	speaker_offscreen	Speaker agrees with available community-transcript mapping. | QA resolved prior review with community-transcript support.	uh can you call back	Monica	Monica	present	char_tracker_stage05	chandler	absent	0.0		low	speaker_offscreen
12	227	600.51	604.59	All right, come on, let's play Twister.	Rachel	high	qa_review_resolved_ct_support	1.0	dialogue	False	True	Monica | Rachel | Phoebe	Monica		True	speaker_no_face	Speaker agrees with available community-transcript mapping. | QA resolved prior review with community-transcript support.	Alright, c'mon! (Miserably) Let's play Twister!	Rachel	Rachel	absent	char_tracker_stage05		absent	0.0		medium	speaker_no_face
13	228	615.29	616.81	Sorry, Sorry, sorry.	Ross	high	qa_review_resolved_ct_support	1.0	dialogue	False	True	Ross | Chandler | Joey		Ross	True	speaker_offscreen	Speaker agrees with available community-transcript mapping. | QA resolved prior review with community-transcript support.	(squeezing past people) Sorry, sorry... Uh-oh.	Ross	Ross	present	char_tracker_stage05	chandler|phoebe	absent	0.0		low	speaker_offscreen
13	229	617.69	618.05	Uh.	Ross	high	qa_review_resolved_bridge	1.0	reaction	False	True	Ross | Chandler | Joey	Ross	Ross	True	speaker_offscreen	Speaker agrees with available community-transcript mapping. | QA resolved prior review by same-speaker bridge.	Uh-oh	Ross	Ross	present	char_tracker_stage05	chandler|phoebe	absent	0.0		low	speaker_offscreen
13	230	618.05	618.49	Oh.	Ross	high	qa_review_resolved_ct_support	1.0	reaction	False	True	Ross | Chandler | Joey	Ross	Chandler	True	speaker_offscreen	Speaker agrees with available community-transcript mapping. | QA resolved prior review with community-transcript support.	oh	Ross	Ross	present	char_tracker_stage05	chandler|phoebe	absent	0.0		low	speaker_offscreen
13	231	619.37	619.77	What?	Chandler	high	community_transcript_match	1.0	dialogue	False	True	Ross | Chandler | Joey	Ross	Chandler	False		Speaker agrees with available community-transcript mapping.	What	Chandler	Chandler	present	char_tracker_stage05	chandler|phoebe	present	1.0		high	
13	232	619.93	622.09	There was ice there that night with carol.	Chandler	high	community_transcript_match	1.0	dialogue	False	True	Ross | Chandler | Joey	Chandler	Chandler	False		Speaker agrees with available community-transcript mapping.	What? There was ice there that night with Carol? Plastic seats? Four thousand angry Pittsburgh fans?	Chandler	Chandler	present	char_tracker_stage05	chandler|phoebe	present	1.0		high	
13	233	622.25	623.29	Plastic seats?	Chandler	high	community_transcript_match	1.0	dialogue	False	True	Ross | Chandler | Joey	Chandler	Chandler	False		Speaker agrees with available community-transcript mapping.	Plastic seats	Chandler	Chandler	present	char_tracker_stage05	chandler|phoebe	present	1.0		high	
13	234	623.29	625.21	4,000 angry Pittsburgh fans?	Chandler	medium	visual_disambiguation	0.74	dialogue	True	False	Ross | Chandler | Joey	Chandler	Ross	False		Only one of the two text-context candidates was visually present in the window.				present	char_tracker_stage05	chandler	present			medium	
13	235	627.29	630.41	No, actually, I was just saying it looks like we're not sitting together.	Ross	high	qa_review_resolved_ct_support	1.0	dialogue	False	True	Ross | Chandler | Joey	Chandler	Ross	True	speaker_offscreen	Speaker agrees with available community-transcript mapping. | QA resolved prior review with community-transcript support.	No, actually I was just saying it looks like we're not sitting together. But now that you mention it, there was ice there that night... It was the first frost...	Ross	Ross	present	char_tracker_stage05	chandler|phoebe	absent	0.0		low	speaker_offscreen
13	236	630.73	633.45	But now that you mention it, there was ice there that night.	Ross	high	qa_review_resolved_bridge	1.0	dialogue	False	True	Ross | Chandler | Joey	Ross	Ross	True	speaker_offscreen	Speaker agrees with available community-transcript mapping. | QA resolved prior review by same-speaker bridge.	But now that you mention it, there was ice there that night	Ross	Ross	present	char_tracker_stage05	chandler|phoebe	absent	0.0		low	speaker_offscreen
13	237	635.41	636.69	It was the first frost.	Ross	high	qa_review_resolved_ct_support	1.0	dialogue	False	True	Ross | Chandler | Joey	Ross	Joey	True	speaker_no_face	Speaker agrees with available community-transcript mapping. | QA resolved prior review with community-transcript support.	It was the first frost	Ross	Ross	absent	char_tracker_stage05		absent	0.0		medium	speaker_no_face
13	238	638.77	639.33	Just sit.	Joey	high	qa_review_resolved_ct_support	1.0	dialogue	False	True	Ross | Chandler | Joey	Ross	Joey	True	speaker_offscreen	Speaker agrees with available community-transcript mapping. | QA resolved prior review with community-transcript support.	C'mon, sit	Joey	Joey	present	char_tracker_stage05	rachel	absent	0.0		low	speaker_offscreen
13	239	639.33	639.81	Sit down.	Joey	high	qa_review_resolved_bridge	1.0	dialogue	False	True	Ross | Chandler | Joey	Joey	Joey	True	speaker_offscreen	Speaker agrees with available community-transcript mapping. | QA resolved prior review by same-speaker bridge.	C'mon, sit. Just sit down, sit.	Joey	Joey	present	char_tracker_stage05	rachel	absent	0.0		low	speaker_offscreen
13	240	639.81	640.13	Sit.	Joey	medium	scene_context_inference	0.68	dialogue	True	False	Ross | Chandler | Joey	Joey		True	scene_end_short_utterance | speaker_offscreen	Filled from previous same-scene context.				present	char_tracker_stage05	rachel	absent			low	speaker_offscreen
14	241	640.93	642.45	You should feel great about yourself.	Monica	high	qa_review_resolved_ct_support	1.0	dialogue	False	True	Monica | Rachel | Phoebe		Monica	True	speaker_offscreen	Speaker agrees with available community-transcript mapping. | QA resolved prior review with community-transcript support.	You should feel great about yourself	Monica	Monica	present	char_tracker_stage05	rachel	absent	0.0		low	speaker_offscreen
14	242	642.45	644.61	You're doing this amazing independent thing.	Monica	high	qa_review_resolved_ct_support	1.0	dialogue	False	True	Monica | Rachel | Phoebe	Monica	Rachel	True	speaker_no_face	Speaker agrees with available community-transcript mapping. | QA resolved prior review with community-transcript support.	You should feel great about yourself! You're doing this amazing independent thing!	Monica	Monica	partial	char_tracker_stage05		absent	0.0		medium	speaker_no_face
14	243	644.77	646.77	Monica, what is so amazing?	Rachel	high	qa_review_resolved_ct_support	1.0	dialogue	False	True	Monica | Rachel | Phoebe	Monica	Rachel	True	speaker_no_face	Speaker agrees with available community-transcript mapping. | QA resolved prior review with community-transcript support.	Monica, what is so amazing	Rachel	Rachel	absent	char_tracker_stage05		absent	0.0		medium	speaker_no_face
14	244	647.01	649.65	I gave up, like, everything.	Rachel	high	qa_review_resolved_bridge	1.0	dialogue	False	True	Monica | Rachel | Phoebe	Rachel	Rachel	True	speaker_no_face	Speaker agrees with available community-transcript mapping. | QA resolved prior review by same-speaker bridge.	Monica, what is so amazing? I gave up, like, everything. And for what?	Rachel	Rachel	absent	char_tracker_stage05		absent	0.0		medium	speaker_no_face
14	245	650.21	651.01	And for what?	Rachel	high	qa_review_resolved_ct_support	1.0	dialogue	False	True	Monica | Rachel | Phoebe	Rachel	Phoebe	True	speaker_no_face	Speaker agrees with available community-transcript mapping. | QA resolved prior review with community-transcript support.	And for what	Rachel	Rachel	absent	char_tracker_stage05		absent	0.0		medium	speaker_no_face
14	246	651.57	653.01	You are just like Jack.	Phoebe	high	qa_review_resolved_ct_support	1.0	dialogue	False	True	Monica | Rachel | Phoebe	Rachel	Rachel	True	speaker_offscreen	Speaker agrees with available community-transcript mapping. | QA resolved prior review with community-transcript support.	You are just like Jack.	Phoebe	Phoebe	present	char_tracker_stage05	rachel	absent	0.0		low	speaker_offscreen
14	247	653.89	655.09	Jack from downstairs?	Rachel	high	community_transcript_match	1.0	dialogue	False	True	Monica | Rachel | Phoebe	Phoebe	Phoebe	False		Speaker agrees with available community-transcript mapping.	...Jack from downstairs?	Rachel	Rachel	present	char_tracker_stage05	rachel	present	1.0		high	
14	248	655.97	657.57	No, Jack and the Beanstalk.	Phoebe	high	qa_review_resolved_ct_support	1.0	dialogue	False	True	Monica | Rachel | Phoebe	Rachel	Monica	True	speaker_offscreen	Speaker agrees with available community-transcript mapping. | QA resolved prior review with community-transcript support.	No, Jack and the Beanstalk.	Phoebe	Phoebe	present	char_tracker_stage05	rachel	absent	0.0		low	speaker_offscreen
14	249	659.33	660.85	Ah, the other Jack.	Monica	high	qa_review_resolved_ct_support	1.0	dialogue	False	True	Monica | Rachel | Phoebe	Phoebe	Phoebe	True	speaker_offscreen	Speaker agrees with available community-transcript mapping. | QA resolved prior review with community-transcript support.	Ah, the other Jack.	Monica	Monica	present	char_tracker_stage05	rachel	absent	0.0		low	speaker_offscreen
14	250	661.01	661.73	Yeah, right.	Phoebe	medium	short_turn_alternation	0.7	dialogue	True	False	Monica | Rachel | Phoebe	Monica	Phoebe	True	short_utterance_between_two_speakers | speaker_offscreen	Short utterance inferred from local turn alternation.				present	char_tracker_stage05	rachel	absent			low	speaker_offscreen
14	251	662.05	663.25	See, he gave up something.	Phoebe	high	qa_review_resolved_bridge	1.0	dialogue	False	True	Monica | Rachel | Phoebe	Phoebe	Phoebe	True	speaker_offscreen	Speaker agrees with available community-transcript mapping. | QA resolved prior review by same-speaker bridge.	see he gave up something	Phoebe	Phoebe	present	char_tracker_stage05	rachel	absent	0.0		low	speaker_offscreen
14	252	663.59	665.19	But then he got those magic beans.	Phoebe	high	qa_review_resolved_bridge	1.0	dialogue	False	True	Monica | Rachel | Phoebe	Phoebe	Phoebe	True	speaker_offscreen	Speaker agrees with available community-transcript mapping. | QA resolved prior review by same-speaker bridge.	See, he gave up something, but then he got those magic beans	Phoebe	Phoebe	present	char_tracker_stage05	rachel	absent	0.0		low	speaker_offscreen
14	253	665.75	673.35	And then he woke up and there was this big plant outside of his window full of possibilities and stuff.	Phoebe	high	qa_review_resolved_bridge	1.0	dialogue	False	True	Monica | Rachel | Phoebe	Phoebe	Phoebe	True	speaker_offscreen	Speaker agrees with available community-transcript mapping. | QA resolved prior review by same-speaker bridge.	Yeah, right! See, he gave up something, but then he got those magic beans. And then he woke up, and there was this, this big plant outside of his window, full of possibilities and stuff.. And he lived in a village, and you live in the Village..	Phoebe	Phoebe	present	char_tracker_stage05	rachel	absent	0.0		low	speaker_offscreen
14	254	673.83	675.23	And he lived in a village.	Phoebe	high	qa_review_resolved_bridge	1.0	dialogue	False	True	Monica | Rachel | Phoebe	Phoebe	Phoebe	True	speaker_no_face	Speaker agrees with available community-transcript mapping. | QA resolved prior review by same-speaker bridge.	And he lived in a village, and you live in the Village	Phoebe	Phoebe	partial	char_tracker_stage05		absent	0.0		medium	speaker_no_face
14	255	675.23	676.79	And you live in the village.	Phoebe	high	qa_review_resolved_ct_support	1.0	dialogue	False	True	Monica | Rachel | Phoebe	Phoebe	Rachel	True	speaker_no_face	Speaker agrees with available community-transcript mapping. | QA resolved prior review with community-transcript support.	and you live in the village	Phoebe	Phoebe	absent	char_tracker_stage05		absent	0.0		medium	speaker_no_face
14	256	677.91	678.83	Okay, but Phoebe.	Rachel	high	community_transcript_match	1.0	dialogue	False	True	Monica | Rachel | Phoebe	Phoebe	Rachel	False		Speaker agrees with available community-transcript mapping.	okay but pheebs pheebs	Rachel	Rachel	present	char_tracker_stage05	rachel	present	1.0		high	
14	257	678.83	681.19	Phoebe, Jack gave up a cow.	Rachel	high	community_transcript_match	1.0	dialogue	False	True	Monica | Rachel | Phoebe	Rachel	Rachel	False		Speaker agrees with available community-transcript mapping.	okay but pheebs pheebs jack gave up a cow	Rachel	Rachel	present	char_tracker_stage05	rachel|ross	present	1.0		high	
14	258	681.59	683.19	I gave up an orthodontist.	Rachel	high	community_transcript_match	1.0	dialogue	False	True	Monica | Rachel | Phoebe	Rachel	Rachel	False		Speaker agrees with available community-transcript mapping.	Okay, but Pheebs, Pheebs, Jack gave up a cow, I gave up an orthodontist	Rachel	Rachel	present	char_tracker_stage05	rachel|ross	present	1.0		high	
14	259	683.91	686.51	Okay, I know I didn't love him, but.	Rachel	high	community_transcript_match	1.0	dialogue	False	True	Monica | Rachel | Phoebe	Rachel	Phoebe	False		Speaker agrees with available community-transcript mapping.	Okay, but Pheebs, Pheebs, Jack gave up a cow, I gave up an orthodontist. Okay, I-I-I know, I know I didn't love him-	Rachel	Rachel	present	char_tracker_stage05	rachel|ross	present	1.0		high	
14	260	686.51	688.15	Oh, see, Jack did love the cow.	Phoebe	high	qa_review_resolved_ct_support	1.0	dialogue	False	True	Monica | Rachel | Phoebe	Rachel	Rachel	True	speaker_offscreen	Speaker agrees with available community-transcript mapping. | QA resolved prior review with community-transcript support.	Oh, see, Jack did love the cow.	Phoebe	Phoebe	present	char_tracker_stage05	rachel|ross	absent	0.0		low	speaker_offscreen
14	261	689.83	691.11	But, see, it was a plan.	Rachel	high	community_transcript_match	1.0	dialogue	False	True	Monica | Rachel | Phoebe	Phoebe	Rachel	False		Speaker agrees with available community-transcript mapping.	But see, it was a plan. Y'know, it was clear. Everything was figured out, and now everything's just kinda like...	Rachel	Rachel	present	char_tracker_stage05	rachel	present	1.0		high	
14	262	691.65	697.01	You know, it was clear, everything was figured out and now everything's just kind of like floopy.	Rachel	high	community_transcript_match	1.0	dialogue	False	True	Monica | Rachel | Phoebe	Rachel	Rachel	False		Speaker agrees with available community-transcript mapping.	y'know it was clear everything was figured out and now everything's just kinda like	Rachel	Rachel	present	char_tracker_stage05	rachel	present	1.0		high	
14	263	697.17	697.65	Yeah.	Rachel	high	community_transcript_match	1.0	dialogue	False	True	Monica | Rachel | Phoebe	Rachel	Monica	False		Speaker agrees with available community-transcript mapping.	Yeah.	Rachel	Rachel	unknown	char_tracker_stage05		unknown		sentence_outside_visual_data_range	medium	visual_presence_unknown
14	264	699.57	700.89	Look, you're not the only one.	Monica	high	community_transcript_match	1.0	dialogue	False	True	Monica | Rachel | Phoebe	Rachel	Monica	False		Speaker agrees with available community-transcript mapping.	So what, you're not the only one	Monica	Monica	unknown	char_tracker_stage05		unknown		sentence_outside_visual_data_range	medium	visual_presence_unknown
14	265	700.89	702.73	I mean, half the time we don't know where we're going.	Monica	high	community_transcript_match	1.0	dialogue	False	True	Monica | Rachel | Phoebe	Monica	Monica	False		Speaker agrees with available community-transcript mapping.	I mean, half the time we don't know what we're doing	Monica	Monica	unknown	char_tracker_stage05		unknown		sentence_outside_visual_data_range	medium	visual_presence_unknown
14	266	702.73	708.29	I mean, you just gotta figure at some point it's all gonna come together and it's just gonna be unfloopy.	Monica	high	community_transcript_match	1.0	dialogue	False	True	Monica | Rachel | Phoebe	Monica	Phoebe	False		Speaker agrees with available community-transcript mapping.	So what, you're not the only one. I mean, half the time we don't know what we're doing. You've just gotta figure at some point it's all gonna come together, and it's just gonna be... un-floopy.	Monica	Monica	unknown	char_tracker_stage05		unknown		sentence_outside_visual_data_range	medium	visual_presence_unknown
14	267	708.85	709.89	Like that's a word.	Phoebe	high	community_transcript_match	1.0	dialogue	False	True	Monica | Rachel | Phoebe	Monica	Rachel	False		Speaker agrees with available community-transcript mapping.	Oh, like that's a word.	Phoebe	Phoebe	unknown	char_tracker_stage05		unknown		sentence_outside_visual_data_range	medium	visual_presence_unknown
14	268	713.49	716.45	Okay, but, Monica, what if it doesn't come together?	Rachel	high	community_transcript_match	1.0	dialogue	False	True	Monica | Rachel | Phoebe	Phoebe	Rachel	False		Speaker agrees with available community-transcript mapping.	Okay, but Monica, what if- what if it doesn't come together?	Rachel	Rachel	unknown	char_tracker_stage05		unknown		sentence_outside_visual_data_range	medium	visual_presence_unknown
14	269	719.26	719.66	Phoebe?	Rachel	medium	name_address_rule	0.74	dialogue	True	False	Monica | Rachel | Phoebe	Rachel	Phoebe	False		Utterance names the next speaker, so the previous speaker is more likely.				unknown	char_tracker_stage05		unknown		sentence_outside_visual_data_range	medium	visual_presence_unknown
14	270	721.74	722.06	Well.	Phoebe	medium	short_turn_alternation	0.7	dialogue	True	False	Monica | Rachel | Phoebe	Rachel	Phoebe	True	short_utterance_between_two_speakers	Short utterance inferred from local turn alternation.				unknown	char_tracker_stage05		unknown		sentence_outside_visual_data_range	medium	visual_presence_unknown
14	271	722.06	722.86	Cause you just.	Phoebe	high	community_transcript_match	1.0	dialogue	False	True	Monica | Rachel | Phoebe	Phoebe	Phoebe	False		Speaker agrees with available community-transcript mapping.	you just	Phoebe	Phoebe	unknown	char_tracker_stage05		unknown		sentence_outside_visual_data_range	medium	visual_presence_unknown
14	272	723.34	724.3	I don't like this question.	Phoebe	high	community_transcript_match	1.0	dialogue	False	True	Monica | Rachel | Phoebe	Phoebe	Rachel	False		Speaker agrees with available community-transcript mapping.	Oh, well... 'cause.... you just... I don't like this question.	Phoebe	Phoebe	unknown	char_tracker_stage05		unknown		sentence_outside_visual_data_range	medium	visual_presence_unknown
14	273	726.3	727.06	Okay, see?	Rachel	high	community_transcript_match	1.0	dialogue	False	True	Monica | Rachel | Phoebe	Phoebe	Rachel	False		Speaker agrees with available community-transcript mapping.	okay see	Rachel	Rachel	unknown	char_tracker_stage05		unknown		sentence_outside_visual_data_range	medium	visual_presence_unknown
14	274	727.06	727.7	See, you guys.	Rachel	high	community_transcript_match	1.0	dialogue	False	True	Monica | Rachel | Phoebe	Rachel	Rachel	False		Speaker agrees with available community-transcript mapping.	okay see see you guys	Rachel	Rachel	unknown	char_tracker_stage05		unknown		sentence_outside_visual_data_range	medium	visual_presence_unknown
14	275	727.7	729.26	What if we don't get magic beans?	Rachel	high	community_transcript_match	1.0	dialogue	False	True	Monica | Rachel | Phoebe	Rachel	Rachel	False		Speaker agrees with available community-transcript mapping.	Okay, see, see, you guys, what if we don't get magic beans	Rachel	Rachel	unknown	char_tracker_stage05		unknown		sentence_outside_visual_data_range	medium	visual_presence_unknown
14	276	729.9	733.5	I mean, what if all we've got are beans?	Rachel	high	community_transcript_match	1.0	dialogue	False	True	Monica | Rachel | Phoebe	Rachel	Rachel	False		Speaker agrees with available community-transcript mapping.	Okay, see, see, you guys, what if we don't get magic beans? I mean, what if all we've got are.. beans?	Rachel	Rachel	unknown	char_tracker_stage05		unknown		sentence_outside_visual_data_range	medium	visual_presence_unknown
14	277	738.38	738.98	Get him.	Rachel	high	qa_review_resolved_bridge	0.9	dialogue	True	False	Monica | Rachel | Phoebe	Rachel	Rachel	False		Filled from previous same-scene context. | QA resolved prior review by same-speaker bridge.				unknown	char_tracker_stage05		unknown		sentence_outside_visual_data_range	medium	visual_presence_unknown
14	278	738.98	739.34	Get.	Rachel	high	qa_review_resolved_bridge	0.9	dialogue	True	False	Monica | Rachel | Phoebe	Rachel	Rachel	False		Filled from previous same-scene context. | QA resolved prior review by same-speaker bridge.				unknown	char_tracker_stage05		unknown		sentence_outside_visual_data_range	medium	visual_presence_unknown
14	279	739.58	740.46	Get him.	Rachel	medium	scene_context_inference	0.68	dialogue	True	False	Monica | Rachel | Phoebe	Rachel		True	scene_end_short_utterance	Filled from previous same-scene context.				unknown	char_tracker_stage05		unknown		sentence_outside_visual_data_range	medium	visual_presence_unknown
15	280	740.7	741.42	Get him.	Ross	high	community_transcript_match	1.0	dialogue	False	True	Ross		Ross	False		Speaker agrees with available community-transcript mapping.	Get him! GET HIM! Get him! Get- YESSS! Not laughing now, are ya pal!	Ross	Ross	unknown	char_tracker_stage05		unknown		sentence_outside_visual_data_range	medium	visual_presence_unknown
15	281	741.98	742.46	Yes.	Ross	medium	scene_context_inference	0.68	dialogue	True	False	Ross	Ross		True	scene_end_short_utterance	Filled from previous same-scene context.				unknown	char_tracker_stage05		unknown		sentence_outside_visual_data_range	medium	visual_presence_unknown
