scene_id	sentence_id	start	end	utterance	speaker	speaker_confidence	speaker_method	alignment_score	row_type	filled_from_missing	matched_to_ct	scene_speaker_set	prev_speaker_scene	next_speaker_scene	review_flag	review_reason	notes	utterance_ct	speaker_ct	speaker_original	visual_presence	visual_presence_source	visual_presence_chars	speaker_visual_presence	speaker_visual_ratio	visual_presence_note	annotation_confidence	annotation_review_reason
19	1	0.32	1.52	Yeah, but there were no suds.	Rachel	high	qa_review_resolved_ct_support	1.0	dialogue	False	True	Rachel | Ross | Woman		Ross	True	speaker_offscreen	Speaker agrees with available community-transcript mapping. | QA resolved prior review with community-transcript support.	Yeah, but, there were no suds.	Rachel	Rachel	present	char_tracker_stage05	monica|ross	absent	0.0		low	speaker_offscreen
19	2	1.84	2.24	So.	Ross	high	community_transcript_match	1.0	dialogue	False	True	Rachel | Ross | Woman	Rachel	Rachel	False		Speaker agrees with available community-transcript mapping.	So?	Ross	Ross	present	char_tracker_stage05	monica|ross	present	0.5		high	
19	3	2.64	4.96	Well, you know, no suds, no say, no suds.	Rachel	high	qa_review_resolved_ct_support	1.0	dialogue	False	True	Rachel | Ross | Woman	Ross	Ross	True	speaker_no_face	Speaker agrees with available community-transcript mapping. | QA resolved prior review with community-transcript support.	Well, you know, no suds, no save.	Rachel	Rachel	partial	char_tracker_stage05		absent	0.0		medium	speaker_no_face
19	4	5.52	6.32	Excuse me.	Ross	high	qa_review_resolved_ct_support	1.0	dialogue	False	True	Rachel | Ross | Woman	Rachel	Ross	True	speaker_no_face	Speaker agrees with available community-transcript mapping. | QA resolved prior review with community-transcript support.	excuse me	Ross	Ross	absent	char_tracker_stage05		absent	0.0		medium	speaker_no_face
19	5	6.72	7.68	Hold on a second.	Ross	high	qa_review_resolved_bridge	1.0	dialogue	False	True	Rachel | Ross | Woman	Ross	Ross	True	speaker_no_face	Speaker agrees with available community-transcript mapping. | QA resolved prior review by same-speaker bridge.	Excuse me, hold on a second	Ross	Ross	absent	char_tracker_stage05		absent	0.0		medium	speaker_no_face
19	6	8.48	10.48	This is my friend's machine.	Ross	high	community_transcript_match	1.0	dialogue	False	True	Rachel | Ross | Woman	Ross	Woman	False		Speaker agrees with available community-transcript mapping.	No suds? Excuse me, hold on a second. (to woman) This is my friend's machine.	Ross	Ross	present	char_tracker_stage05	monica|ross	present	1.0		high	
19	7	10.8	11.84	Hey, hey, hey.	Woman	high	community_transcript_match	1.0	dialogue	False	True	Rachel | Ross | Woman	Ross	Woman	False		Speaker agrees with available community-transcript mapping.	hey hey hey her	Woman	Woman	present	char_tracker_stage05	monica|ross	unobserved			high	
19	8	11.84	13.24	Our stuff wasn't in it.	Woman	high	community_transcript_match	1.0	dialogue	False	True	Rachel | Ross | Woman	Woman	Woman	False		Speaker agrees with available community-transcript mapping.	Hey, hey, hey, her stuff wasn't in it.	Woman	Woman	present	char_tracker_stage05	chandler|monica|ross	unobserved			high	
19	9	13.24	14.32	Hey, hey, hey.	Woman	high	community_transcript_match	1.0	dialogue	False	True	Rachel | Ross | Woman	Woman	Ross	False		Speaker agrees with available community-transcript mapping.	hey hey hey her	Woman	Woman	present	char_tracker_stage05	chandler|ross	unobserved			high	
19	10	14.56	16.8	That's not the rule, and you know it.	Ross	high	community_transcript_match	1.0	dialogue	False	True	Rachel | Ross | Woman	Woman		False		Speaker agrees with available community-transcript mapping.	Hey, hey, hey, that's not the rule and you know it.	Ross	Ross	present	char_tracker_stage05	monica|ross	present	0.6667		high	
20	11	27.84	29.36	All right, show's over.	Ross	high	community_transcript_match	1.0	dialogue	False	True	Ross | Rachel		Ross	False		Speaker agrees with available community-transcript mapping.	(to the crowd in the laundromat) All right, show's over. Nothing to see here. (to Rachel) Ok, let's do laundry.	Ross	Ross	present	char_tracker_stage05	rachel|ross	present	1.0		high	
20	12	32.62	33.66	Nothing to see here.	Ross	high	community_transcript_match	1.0	dialogue	False	True	Ross | Rachel	Ross	Rachel	False		Speaker agrees with available community-transcript mapping.	Nothing to see here	Ross	Ross	present	char_tracker_stage05	monica|rachel|ross	present	1.0		high	
20	13	37.02	37.66	Okay.	Rachel	medium	short_turn_alternation	0.7	dialogue	True	False	Ross | Rachel	Ross	Rachel	True	short_utterance_between_two_speakers | speaker_offscreen	Short utterance inferred from local turn alternation.				present	char_tracker_stage05	monica	absent			low	speaker_offscreen
20	14	37.82	38.86	Let's do laundry.	Rachel	high	qa_review_resolved_bridge	0.9	dialogue	True	False	Ross | Rachel	Rachel	Rachel	True	speaker_offscreen	Same speaker appears on both sides within the same scene. | QA resolved prior review by same-speaker bridge.				present	char_tracker_stage05	monica	absent			low	speaker_offscreen
20	15	39.42	40.86	That was amazing.	Rachel	high	qa_review_resolved_bridge	1.0	dialogue	False	True	Ross | Rachel	Rachel	Rachel	True	speaker_offscreen	Speaker agrees with available community-transcript mapping. | QA resolved prior review by same-speaker bridge.	That was amazing	Rachel	Rachel	present	char_tracker_stage05	monica	absent	0.0		low	speaker_offscreen
20	16	41.42	43.26	I can't even send back soup.	Rachel	high	qa_review_resolved_ct_support	1.0	dialogue	False	True	Ross | Rachel	Rachel	Ross	True	speaker_no_face	Speaker agrees with available community-transcript mapping. | QA resolved prior review with community-transcript support.	That was amazing. I can't even send back soup.	Rachel	Rachel	partial	char_tracker_stage05		absent	0.0		medium	speaker_no_face
20	17	43.42	47.02	Well, that's because you're such a sweet, gentle.	Ross	high	qa_review_resolved_ct_support	1.0	dialogue	False	True	Ross | Rachel	Rachel	Ross	True	speaker_no_face	Speaker agrees with available community-transcript mapping. | QA resolved prior review with community-transcript support.	Well, that's because you're such a sweet, gentle, uh...Do you, uh, do you...Oh, hey, uh you must need detergent.	Ross	Ross	partial	char_tracker_stage05		absent	0.0		medium	speaker_no_face
20	18	50.14	50.7	Do you.	Ross	high	qa_review_resolved_bridge	1.0	dialogue	False	True	Ross | Rachel	Ross	Ross	True	speaker_no_face	Speaker agrees with available community-transcript mapping. | QA resolved prior review by same-speaker bridge.	Do you, uh, do you	Ross	Ross	absent	char_tracker_stage05		absent	0.0		medium	speaker_no_face
20	19	51.34	53.5	Oh, hey, you must need detergent.	Ross	high	qa_review_resolved_ct_support	1.0	dialogue	False	True	Ross | Rachel	Ross		True	speaker_no_face	Speaker agrees with available community-transcript mapping. | QA resolved prior review with community-transcript support.	Oh, hey, uh you must need detergent	Ross	Ross	absent	char_tracker_stage05		absent	0.0		medium	speaker_no_face
21	20	57.98	59.5	What's that Uber device?	Rachel	high	qa_review_resolved_ct_support	1.0	dialogue	False	True	Rachel | Ross		Ross	True	speaker_offscreen	Speaker agrees with available community-transcript mapping. | QA resolved prior review with community-transcript support.	What's that?	Rachel	Rachel	present	char_tracker_stage05	monica	absent	0.0		low	speaker_offscreen
21	21	61.5	62.22	It's noob.	Ross	medium	visual_disambiguation	0.74	dialogue	True	False	Rachel | Ross	Rachel	Ross	False		Only one of the two text-context candidates was visually present in the window.				present	char_tracker_stage05	monica|ross	present			medium	
21	22	62.22	62.82	It's German.	Ross	high	community_transcript_match	1.0	dialogue	False	True	Rachel | Ross	Ross	Ross	False		Speaker agrees with available community-transcript mapping.	uberveiss it's new it's german	Ross	Ross	present	char_tracker_stage05	monica|ross	present	1.0		high	
21	23	62.82	63.81	It's extra tough.	Ross	high	community_transcript_match	1.0	dialogue	False	True	Rachel | Ross	Ross	Ross	False		Speaker agrees with available community-transcript mapping.	Uberveiss. It's new, it's German, it's extra-tough.	Ross	Ross	present	char_tracker_stage05	monica|phoebe|ross	present	0.5		high	
21	24	66.52	67.16	Rach, do you.	Ross	high	qa_review_resolved_ct_support	1.0	dialogue	False	True	Rachel | Ross	Ross		True	speaker_no_face	Speaker agrees with available community-transcript mapping. | QA resolved prior review with community-transcript support.	rach do you uh	Ross	Ross	absent	char_tracker_stage05		absent	0.0		medium	speaker_no_face
22	25	67.24	68.52	Are you gonna separate those?	Ross	high	qa_review_resolved_ct_support	1.0	dialogue	False	True	Ross | Rachel		Rachel	True	speaker_offscreen	Speaker agrees with available community-transcript mapping. | QA resolved prior review with community-transcript support.	Rach, do you uh, are you gonna separate those?	Ross	Ross	present	char_tracker_stage05	joey	absent	0.0		low	speaker_offscreen
22	26	69.96	70.68	Oh, God.	Rachel	high	qa_review_resolved_ct_support	1.0	dialogue	False	True	Ross | Rachel	Ross	Rachel	True	speaker_offscreen	Speaker agrees with available community-transcript mapping. | QA resolved prior review with community-transcript support.	god	Rachel	Rachel	present	char_tracker_stage05	joey	absent	0.0		low	speaker_offscreen
22	27	71.24	71.72	Oh.	Rachel	high	qa_review_resolved_bridge	1.0	reaction	False	True	Ross | Rachel	Rachel	Rachel	True	speaker_offscreen	Speaker agrees with available community-transcript mapping. | QA resolved prior review by same-speaker bridge.	Oh god	Rachel	Rachel	present	char_tracker_stage05	joey	absent	0.0		low	speaker_offscreen
22	28	72.04	74.28	Am I being, like, a total laundry spaz?	Rachel	high	qa_review_resolved_bridge	1.0	dialogue	False	True	Ross | Rachel	Rachel	Rachel	True	speaker_offscreen	Speaker agrees with available community-transcript mapping. | QA resolved prior review by same-speaker bridge.	Oh, am I being like a total laundry spaz	Rachel	Rachel	present	char_tracker_stage05	joey|ross	absent	0.0		low	speaker_offscreen
22	29	74.84	78.6	I mean, am I supposed to use, like, one machine for shirts and another machine for pants?	Rachel	high	qa_review_resolved_ct_support	1.0	dialogue	False	True	Ross | Rachel	Rachel	Ross	True	speaker_offscreen	Speaker agrees with available community-transcript mapping. | QA resolved prior review with community-transcript support.	Oh god. Oh, am I being like a total laundry spaz? I mean, am I supposed to use like one machine for shirts and another machine for pants?	Rachel	Rachel	present	char_tracker_stage05	joey|ross	absent	0.0		low	speaker_offscreen
22	30	82.36	82.92	Have you.	Ross	medium	short_turn_alternation	0.7	dialogue	True	False	Ross | Rachel	Rachel	Ross	True	short_utterance_between_two_speakers | speaker_offscreen	Short utterance inferred from local turn alternation.				present	char_tracker_stage05	joey	absent			low	speaker_offscreen
22	31	83.24	85.0	Have you never done this before?	Ross	high	qa_review_resolved_ct_support	1.0	dialogue	False	True	Ross | Rachel	Ross	Rachel	True	speaker_offscreen	Speaker agrees with available community-transcript mapping. | QA resolved prior review with community-transcript support.	Rach, have you never done this before?	Ross	Ross	present	char_tracker_stage05	joey	absent	0.0		low	speaker_offscreen
22	32	85.48	88.52	Well, not myself, but I know other people that have.	Rachel	high	qa_review_resolved_ct_support	1.0	dialogue	False	True	Ross | Rachel	Ross	Rachel	True	speaker_offscreen	Speaker agrees with available community-transcript mapping. | QA resolved prior review with community-transcript support.	Well, not myself, but I know other people that have. Ok, you caught me. I'm a laundry virgin.	Rachel	Rachel	present	char_tracker_stage05	joey	absent	0.0		low	speaker_offscreen
22	33	90.6	91.84	Okay, you caught me.	Rachel	high	qa_review_resolved_bridge	1.0	dialogue	False	True	Ross | Rachel	Rachel	Rachel	True	speaker_offscreen	Speaker agrees with available community-transcript mapping. | QA resolved prior review by same-speaker bridge.	Ok, you caught me	Rachel	Rachel	present	char_tracker_stage05	joey	absent	0.0		low	speaker_offscreen
22	34	91.84	92.92	I'm a laundry vir.	Rachel	high	qa_review_resolved_ct_support	1.0	dialogue	False	True	Ross | Rachel	Rachel	Ross	True	speaker_offscreen	Speaker agrees with available community-transcript mapping. | QA resolved prior review with community-transcript support.	I'm a laundry virgin	Rachel	Rachel	present	char_tracker_stage05	joey	absent	0.0		low	speaker_offscreen
22	35	95.78	96.3	Well, don't worry.	Ross	medium	visual_disambiguation	0.74	dialogue	True	False	Ross | Rachel	Rachel	Ross	False		Only one of the two text-context candidates was visually present in the window.				present	char_tracker_stage05	joey|ross	present			medium	
22	36	96.3	98.34	I'll use the gentle cycle.	Ross	high	qa_review_resolved_bridge	0.9	dialogue	True	False	Ross | Rachel	Ross	Ross	True	speaker_offscreen	Same speaker appears on both sides within the same scene. | QA resolved prior review by same-speaker bridge.				present	char_tracker_stage05	joey	absent			low	speaker_offscreen
22	37	100.5	106.98	Okay, basically, you want to use one machine for all your whites.	Ross	high	qa_review_resolved_bridge	0.9	dialogue	True	False	Ross | Rachel	Ross	Ross	True	speaker_no_face	Same speaker appears on both sides within the same scene. | QA resolved prior review by same-speaker bridge.				partial	char_tracker_stage05		absent			medium	speaker_no_face
22	38	107.06	107.58	Whites.	Ross	high	qa_review_resolved_bridge	0.9	dialogue	True	False	Ross | Rachel	Ross	Ross	True	speaker_no_face	Same speaker appears on both sides within the same scene. | QA resolved prior review by same-speaker bridge.				absent	char_tracker_stage05		absent			medium	speaker_no_face
22	39	107.58	108.1	Okay.	Ross	high	qa_review_resolved_bridge	0.9	dialogue	True	False	Ross | Rachel	Ross	Ross	True	speaker_no_face	Same speaker appears on both sides within the same scene. | QA resolved prior review by same-speaker bridge.				absent	char_tracker_stage05		absent			medium	speaker_no_face
22	40	108.1	116.02	A whole nother machine for your colors and a third for your delicates.	Ross	high	qa_review_resolved_bridge	1.0	dialogue	False	True	Ross | Rachel	Ross	Ross	True	speaker_offscreen	Speaker agrees with available community-transcript mapping. | QA resolved prior review by same-speaker bridge.	Uh, well, don't worry, I'll use the gentle cycle. Ok, um, basically you wanna use one machine for all your whites, a whole another machine for colors, and a third for your uh, your uh, delicates, and that would be your bras and your under-panty things.	Ross	Ross	present	char_tracker_stage05	joey	absent	0.0		low	speaker_offscreen
22	41	116.02	119.94	And that would be your bras and your under.	Ross	high	qa_review_resolved_ct_support	1.0	dialogue	False	True	Ross | Rachel	Ross	Rachel	True	speaker_offscreen	Speaker agrees with available community-transcript mapping. | QA resolved prior review with community-transcript support.	uh well don't worry i'll use the gentle cycle ok um basically you wanna use one machine for all your whites and that would be your bras and your under panty things	Ross	Ross	present	char_tracker_stage05	joey	absent	0.0		low	speaker_offscreen
22	42	120.42	121.3	Panty things.	Rachel	medium	visual_disambiguation	0.74	dialogue	True	False	Ross | Rachel	Ross	Rachel	False		Only one of the two text-context candidates was visually present in the window.				present	char_tracker_stage05	chandler|monica|phoebe|rachel	present			medium	
22	43	123.78	124.42	Okay.	Rachel	high	qa_review_resolved_bridge	0.9	dialogue	True	False	Ross | Rachel	Rachel	Rachel	True	speaker_offscreen	Same speaker appears on both sides within the same scene. | QA resolved prior review by same-speaker bridge.				present	char_tracker_stage05	chandler|joey|phoebe	absent			low	speaker_offscreen
22	44	124.66	125.78	Well, what about.	Rachel	high	qa_review_resolved_bridge	1.0	dialogue	False	True	Ross | Rachel	Rachel	Rachel	True	speaker_offscreen	Speaker agrees with available community-transcript mapping. | QA resolved prior review by same-speaker bridge.	ok well what about would they go with whites or delicates	Rachel	Rachel	present	char_tracker_stage05	joey	absent	0.0		low	speaker_offscreen
22	45	125.78	127.02	These are white cotton panties.	Rachel	high	qa_review_resolved_bridge	1.0	dialogue	False	True	Ross | Rachel	Rachel	Rachel	True	speaker_offscreen	Speaker agrees with available community-transcript mapping. | QA resolved prior review by same-speaker bridge.	(holds a pair of panties in front of Ross) Ok, Well, what about these are white cotton panties. Would they go with whites or delicates?	Rachel	Rachel	present	char_tracker_stage05	joey	absent	0.0		low	speaker_offscreen
22	46	127.02	127.61	Would they go with.	Rachel	high	qa_review_resolved_ct_support	1.0	dialogue	False	True	Ross | Rachel	Rachel	Ross	True	speaker_offscreen	Speaker agrees with available community-transcript mapping. | QA resolved prior review with community-transcript support.	Would they go with whites or delicates	Rachel	Rachel	present	char_tracker_stage05	joey	absent	0.0		low	speaker_offscreen
22	47	127.68	128.64	Why too with delicate.	Ross	low	scene_context_inference	0.58	dialogue	True	False	Ross | Rachel	Rachel	Ross	True	two_sided_context_ambiguous | speaker_offscreen	No direct transcript match; weak local context only.				present	char_tracker_stage05	joey	absent			low	speaker_offscreen
22	48	128.64	129.0	That.	Ross	high	qa_review_resolved_bridge	1.0	dialogue	False	True	Ross | Rachel	Ross	Ross	True	speaker_offscreen	Speaker agrees with available community-transcript mapping. | QA resolved prior review by same-speaker bridge.	uh that	Ross	Ross	present	char_tracker_stage05	joey	absent	0.0		low	speaker_offscreen
22	49	129.0	129.36	That.	Ross	high	qa_review_resolved_bridge	1.0	dialogue	False	True	Ross | Rachel	Ross	Ross	True	speaker_offscreen	Speaker agrees with available community-transcript mapping. | QA resolved prior review by same-speaker bridge.	uh that that	Ross	Ross	present	char_tracker_stage05	joey	absent	0.0		low	speaker_offscreen
22	50	130.0	131.44	That would be a judgment call.	Ross	high	qa_review_resolved_ct_support	1.0	dialogue	False	True	Ross | Rachel	Ross		True	speaker_offscreen	Speaker agrees with available community-transcript mapping. | QA resolved prior review with community-transcript support.	(visibly nervous) Uh, that, that, that would be a judgment call.	Ross	Ross	present	char_tracker_stage05	joey	absent	0.0		low	speaker_offscreen
23	51	137.28	138.4	He's so cute.	Monica	high	qa_review_resolved_ct_support	1.0	dialogue	False	True	Monica | Angela | Bob | Joey		Monica	True	speaker_offscreen	Speaker agrees with available community-transcript mapping. | QA resolved prior review with community-transcript support.	He is so cute	Monica	Monica	present	char_tracker_stage05	joey	absent	0.0		low	speaker_offscreen
23	52	141.2	142.88	So where did you guys grow up?	Monica	high	qa_review_resolved_ct_support	1.0	dialogue	False	True	Monica | Angela | Bob | Joey	Monica	Angela	True	speaker_offscreen	Speaker agrees with available community-transcript mapping. | QA resolved prior review with community-transcript support.	(to Joey) He is so cute. (to Angela and Bob) So, where did you guys grow up?	Monica	Monica	present	char_tracker_stage05	chandler	absent	0.0		low	speaker_offscreen
23	53	142.96	143.759	Brooklyn Heights?	Angela	high	community_transcript_match	1.0	dialogue	False	True	Monica | Angela | Bob | Joey	Monica	Bob	False		Speaker agrees with available community-transcript mapping.	Brooklyn Heights.	Angela	Angela	present	char_tracker_stage05	chandler|joey|ross	unobserved			high	
23	54	143.759	144.24	Cleveland.	Bob	high	community_transcript_match	1.0	dialogue	False	True	Monica | Angela | Bob | Joey	Angela	Monica	False		Speaker agrees with available community-transcript mapping.	Cleveland.	Bob	Bob	present	char_tracker_stage05	chandler|joey|ross	unobserved			high	
23	55	144.88	145.28	Ha.	Monica	medium	short_turn_alternation	0.7	reaction	True	False	Monica | Angela | Bob | Joey	Bob	Monica	True	short_utterance_between_two_speakers | speaker_offscreen	Short utterance inferred from local turn alternation.				present	char_tracker_stage05	chandler|joey|ross	absent			low	speaker_offscreen
23	56	146.72	147.6	How did that happen?	Monica	high	qa_review_resolved_ct_support	1.0	dialogue	False	True	Monica | Angela | Bob | Joey	Monica	Joey	True	speaker_offscreen	Speaker agrees with available community-transcript mapping. | QA resolved prior review with community-transcript support.	How, how did that happen?	Monica	Monica	present	char_tracker_stage05	chandler|joey|ross	absent	0.0		low	speaker_offscreen
23	57	147.84	148.64	Oh, my God.	Joey	high	community_transcript_match	1.0	dialogue	False	True	Monica | Angela | Bob | Joey	Monica	Monica	False		Speaker agrees with available community-transcript mapping.	Oh my god.	Joey	Joey	present	char_tracker_stage05	chandler|joey|ross	present	1.0		high	
23	58	148.96	149.36	What?	Monica	high	qa_review_resolved_ct_support	1.0	dialogue	False	True	Monica | Angela | Bob | Joey	Joey	Joey	True	speaker_offscreen	Speaker agrees with available community-transcript mapping. | QA resolved prior review with community-transcript support.	What?	Monica	Monica	present	char_tracker_stage05	joey|ross	absent	0.0		low	speaker_offscreen
23	59	149.92	154.1	I suddenly had the feeling I was falling.	Joey	high	community_transcript_match	1.0	dialogue	False	True	Monica | Angela | Bob | Joey	Monica	Joey	False		Speaker agrees with available community-transcript mapping.	I suddenly had the feeling that I was falling. But I'm not.	Joey	Joey	present	char_tracker_stage05	joey|ross	present	0.6667		high	
23	60	156.18	156.98	But I'm not.	Joey	high	community_transcript_match	1.0	dialogue	False	True	Monica | Angela | Bob | Joey	Joey		False		Speaker agrees with available community-transcript mapping.	But I'm not	Joey	Joey	present	char_tracker_stage05	joey|ross	present	1.0		high	
24	61	165.86	167.7	So you and Angela, huh?	Joey	high	qa_review_resolved_ct_support	1.0	dialogue	False	True	Joey | Bob		Bob	True	speaker_no_face	Speaker agrees with available community-transcript mapping. | QA resolved prior review with community-transcript support.	So, you and Angela, huh?	Joey	Joey	absent	char_tracker_stage05		absent	0.0		medium	speaker_no_face
24	62	168.18	169.7	Yep, pretty much.	Bob	high	community_transcript_match	1.0	dialogue	False	True	Joey | Bob	Joey	Joey	False		Speaker agrees with available community-transcript mapping.	Yep. Pretty much.	Bob	Bob	absent	char_tracker_stage05		unobserved			high	
24	63	170.58	171.62	You're a lucky man.	Joey	medium	visual_disambiguation	0.74	dialogue	True	False	Joey | Bob	Bob	Joey	False		Only one of the two text-context candidates was visually present in the window.				present	char_tracker_stage05	joey	present			medium	
24	64	171.62	172.1	Yeah.	Joey	high	scene_context_bridge	0.88	dialogue	True	False	Joey | Bob	Joey	Joey	False		Same speaker appears on both sides within the same scene.				present	char_tracker_stage05	joey	present			high	
24	65	173.14	174.9	You know what I miss the most about her?	Joey	high	community_transcript_match	1.0	dialogue	False	True	Joey | Bob	Joey	Joey	False		Speaker agrees with available community-transcript mapping.	you're a lucky man you know what i miss the most about her	Joey	Joey	present	char_tracker_stage05	joey|monica	present	0.5		high	
24	66	175.62	178.58	That cute nibbly noise she makes when she eats.	Joey	high	community_transcript_match	1.0	dialogue	False	True	Joey | Bob	Joey	Joey	False		Speaker agrees with available community-transcript mapping.	you're a lucky man you know what i miss the most about her that cute nibbly noise when she eats	Joey	Joey	present	char_tracker_stage05	joey|monica	present	1.0		high	
24	67	178.98	183.78	Like a happy little squirrel or a weasel.	Joey	high	community_transcript_match	1.0	dialogue	False	True	Joey | Bob	Joey	Bob	False		Speaker agrees with available community-transcript mapping.	You're a lucky man. You know what I miss the most about her? That cute nibbly noise when she eats, like a happy little squirrel, or a weasel.	Joey	Joey	present	char_tracker_stage05	joey|monica	present	0.8333		high	
24	68	186.56	187.52	I never really noticed.	Bob	high	community_transcript_match	1.0	dialogue	False	True	Joey | Bob	Joey	Joey	False		Speaker agrees with available community-transcript mapping.	Huh, I never really noticed.	Bob	Bob	present	char_tracker_stage05	joey|monica	unobserved			high	
24	69	187.52	188.2	Oh, yeah.	Joey	high	community_transcript_match	1.0	dialogue	False	True	Joey | Bob	Bob	Joey	False		Speaker agrees with available community-transcript mapping.	oh yeah	Joey	Joey	present	char_tracker_stage05	joey|monica	present	1.0		high	
24	70	188.2	188.6	Yeah.	Joey	high	community_transcript_match	1.0	dialogue	False	True	Joey | Bob	Joey	Joey	False		Speaker agrees with available community-transcript mapping.	oh yeah yeah	Joey	Joey	present	char_tracker_stage05	joey|monica	present	1.0		high	
24	71	188.6	189.52	Listen for it.	Joey	high	community_transcript_match	1.0	dialogue	False	True	Joey | Bob	Joey	Bob	False		Speaker agrees with available community-transcript mapping.	Oh, yeah, yeah, listen for it.	Joey	Joey	present	char_tracker_stage05	joey|monica	present	0.5		high	
24	72	190.88	191.6	Monica.	Bob	high	community_transcript_match	1.0	dialogue	False	True	Joey | Bob	Joey	Bob	False		Speaker agrees with available community-transcript mapping.	monica	Bob	Bob	absent	char_tracker_stage05		unobserved			high	
24	73	191.68	192.8	Monica is great.	Bob	high	community_transcript_match	1.0	dialogue	False	True	Joey | Bob	Bob	Joey	False		Speaker agrees with available community-transcript mapping.	Monica, Monica is great.	Bob	Bob	absent	char_tracker_stage05		unobserved			high	
24	74	193.04	193.6	Yeah.	Joey	medium	short_turn_alternation	0.7	dialogue	True	False	Joey | Bob	Bob	Joey	True	short_utterance_between_two_speakers | speaker_no_face	Short utterance inferred from local turn alternation.				absent	char_tracker_stage05		absent			medium	speaker_no_face
24	75	193.68	194.56	Yeah, she is.	Joey	high	qa_review_resolved_bridge	1.0	dialogue	False	True	Joey | Bob	Joey	Joey	True	speaker_no_face	Speaker agrees with available community-transcript mapping. | QA resolved prior review by same-speaker bridge.	yeah	Joey	Joey	absent	char_tracker_stage05		absent	0.0		medium	speaker_no_face
24	76	195.44	197.68	But it's not gonna last.	Joey	high	qa_review_resolved_bridge	1.0	dialogue	False	True	Joey | Bob	Joey	Joey	True	speaker_no_face	Speaker agrees with available community-transcript mapping. | QA resolved prior review by same-speaker bridge.	Yeah, but it's not gonna last	Joey	Joey	absent	char_tracker_stage05		absent	0.0		medium	speaker_no_face
24	77	199.44	201.12	She's too much for me in bed.	Joey	high	qa_review_resolved_bridge	1.0	dialogue	False	True	Joey | Bob	Joey	Joey	True	speaker_no_face	Speaker agrees with available community-transcript mapping. | QA resolved prior review by same-speaker bridge.	Yeah, but it's not gonna last. She's too much for me in bed. Sexually.	Joey	Joey	absent	char_tracker_stage05		absent	0.0		medium	speaker_no_face
24	78	203.04	203.68	Sexual.	Joey	high	qa_review_resolved_ct_support	1.0	dialogue	False	True	Joey | Bob	Joey		True	speaker_offscreen	Speaker agrees with available community-transcript mapping. | QA resolved prior review with community-transcript support.	Sexually	Joey	Joey	present	char_tracker_stage05	monica	absent	0.0		low	speaker_offscreen
25	79	207.76	210.4	I've gotta tell you, VAV is terrific.	Monica	high	community_transcript_match	1.0	dialogue	False	True	Monica | Angela		Angela	False		Speaker agrees with available community-transcript mapping.	I've gotta tell you, Bob is terrific.	Monica	Monica	present	char_tracker_stage05	chandler|monica|rachel	present	0.5		high	
25	80	210.72	211.68	Yeah, isn't he?	Angela	high	community_transcript_match	1.0	dialogue	False	True	Monica | Angela	Monica	Monica	False		Speaker agrees with available community-transcript mapping.	Yeah, isn't he?	Angela	Angela	present	char_tracker_stage05	chandler|monica	unobserved			high	
25	81	212.32	217.68	It is so great to meet a guy who's smart and funny and has an emotional age beyond, like, 8.	Monica	high	qa_review_resolved_ct_support	1.0	dialogue	False	True	Monica | Angela	Angela	Angela	True	speaker_no_face	Speaker agrees with available community-transcript mapping. | QA resolved prior review with community-transcript support.	It is so great to meet a guy who is smart and funny, and has an emotional age beyond, like eight.	Monica	Monica	absent	char_tracker_stage05		absent	0.0		medium	speaker_no_face
25	82	218.0	219.04	You know what else?	Angela	high	community_transcript_match	1.0	dialogue	False	True	Monica | Angela	Monica	Angela	False		Speaker agrees with available community-transcript mapping.	You know what else	Angela	Angela	absent	char_tracker_stage05		unobserved			high	
25	83	219.2	221.6	He's unbelievable in bed.	Angela	high	community_transcript_match	1.0	dialogue	False	True	Monica | Angela	Angela	Monica	False		Speaker agrees with available community-transcript mapping.	You know what else? He's unbelievable in bed.	Angela	Angela	absent	char_tracker_stage05		unobserved			high	
25	84	223.92	224.4	Wow.	Monica	high	qa_review_resolved_ct_support	1.0	dialogue	False	True	Monica | Angela	Angela	Monica	True	speaker_offscreen	Speaker agrees with available community-transcript mapping. | QA resolved prior review with community-transcript support.	Wow	Monica	Monica	present	char_tracker_stage05	rachel	absent	0.0		low	speaker_offscreen
25	85	225.92	228.72	My brother never even told me when he lost his virginity.	Monica	high	qa_review_resolved_ct_support	1.0	dialogue	False	True	Monica | Angela	Monica	Angela	True	speaker_offscreen	Speaker agrees with available community-transcript mapping. | QA resolved prior review with community-transcript support.	Wow. My brother never even told me when he lost his virginity.	Monica	Monica	present	char_tracker_stage05	chandler|rachel	absent	0.0		low	speaker_offscreen
25	86	230.24	230.8	Huh.	Angela	high	community_transcript_match	1.0	dialogue	False	True	Monica | Angela	Monica	Angela	False		Speaker agrees with available community-transcript mapping.	Huh	Angela	Angela	present	char_tracker_stage05	chandler	unobserved			high	
25	87	232.0	232.8	That's nice.	Angela	high	community_transcript_match	1.0	dialogue	False	True	Monica | Angela	Angela		False		Speaker agrees with available community-transcript mapping.	Huh. That's nice.	Angela	Angela	present	char_tracker_stage05	chandler	unobserved			high	
26	88	238.48	239.72	Hey, you can do this.	Phoebe	high	qa_review_resolved_ct_support	1.0	dialogue	False	True	Phoebe		Phoebe	True	speaker_offscreen	Speaker agrees with available community-transcript mapping. | QA resolved prior review with community-transcript support.	Ok, you can do this	Phoebe	Phoebe	present	char_tracker_stage05	chandler	absent	0.0		low	speaker_offscreen
26	89	239.72	241.59	It's just like pulling off a band aid.	Phoebe	high	qa_review_resolved_bridge	1.0	dialogue	False	True	Phoebe	Phoebe	Phoebe	True	speaker_no_face	Speaker agrees with available community-transcript mapping. | QA resolved prior review by same-speaker bridge.	It's just like pulling off a Band-aid	Phoebe	Phoebe	partial	char_tracker_stage05		absent	0.0		medium	speaker_no_face
26	90	241.59	244.59	Okay, just do it really fast, and then the wound is exposed.	Phoebe	high	qa_review_resolved_bridge	1.0	dialogue	False	True	Phoebe	Phoebe	Phoebe	True	speaker_no_face	Speaker agrees with available community-transcript mapping. | QA resolved prior review by same-speaker bridge.	Ok, you can do this. It's just like pulling off a Band-aid. Just do it really fast, and then the wound is exposed. Go, go!	Phoebe	Phoebe	absent	char_tracker_stage05		absent	0.0		medium	speaker_no_face
26	91	245.87	246.23	Go.	Phoebe	high	qa_review_resolved_ct_support	1.0	dialogue	False	True	Phoebe	Phoebe		True	speaker_offscreen	Speaker agrees with available community-transcript mapping. | QA resolved prior review with community-transcript support.	Go, go	Phoebe	Phoebe	present	char_tracker_stage05	chandler	absent	0.0		low	speaker_offscreen
27	92	246.23	256.51	Go, Janice.	Chandler	high	community_transcript_match	1.0	dialogue	False	True	Chandler | Janice | Rachel		Chandler	False		Speaker agrees with available community-transcript mapping.	Janice	Chandler	Chandler	present	char_tracker_stage05	chandler	present	0.8182		high	
27	93	260.35	261.23	Hi, Janice.	Chandler	high	qa_review_resolved_bridge	1.0	dialogue	False	True	Chandler | Janice | Rachel	Chandler	Chandler	True	speaker_no_face	Speaker agrees with available community-transcript mapping. | QA resolved prior review by same-speaker bridge.	Hi, Janice	Chandler	Chandler	absent	char_tracker_stage05		absent	0.0		medium	speaker_no_face
27	94	262.99	263.87	Okay, here we go.	Chandler	high	qa_review_resolved_bridge	1.0	dialogue	False	True	Chandler | Janice | Rachel	Chandler	Chandler	True	speaker_no_face	Speaker agrees with available community-transcript mapping. | QA resolved prior review by same-speaker bridge.	Ok, here we go	Chandler	Chandler	absent	char_tracker_stage05		absent	0.0		medium	speaker_no_face
27	95	263.87	270.15	I don't think we should go out anymore, Janice.	Chandler	high	qa_review_resolved_ct_support	1.0	dialogue	False	True	Chandler | Janice | Rachel	Chandler	Janice	True	speaker_no_face	Speaker agrees with available community-transcript mapping. | QA resolved prior review with community-transcript support.	Janice. Hi, Janice. Ok, here we go. I don't think we should go out anymore. Janice.	Chandler	Chandler	absent	char_tracker_stage05		absent	0.0		medium	speaker_no_face
27	96	273.99	274.55	All right.	Janice	medium	short_turn_alternation	0.7	dialogue	True	False	Chandler | Janice | Rachel	Chandler	Janice	True	short_utterance_between_two_speakers	Short utterance inferred from local turn alternation.				present	char_tracker_stage05	joey	unobserved			medium	
27	97	277.91	278.31	Well.	Janice	high	scene_context_bridge	0.88	dialogue	True	False	Chandler | Janice | Rachel	Janice	Janice	False		Same speaker appears on both sides within the same scene.				present	char_tracker_stage05	joey	unobserved			high	
27	98	280.15	281.11	Well, there you go.	Janice	high	community_transcript_match	1.0	dialogue	False	True	Chandler | Janice | Rachel	Janice	Chandler	False		Speaker agrees with available community-transcript mapping.	All right. Well, there you go. (she gets extremely wound up, and begins to try and calm herself down) Stop it, stop it, stop it.	Janice	Janice	absent	char_tracker_stage05		unobserved			high	
27	99	288.07	289.51	Janice, this isn't about you.	Chandler	high	qa_review_resolved_ct_support	1.0	dialogue	False	True	Chandler | Janice | Rachel	Janice	Janice	True	speaker_no_face	Speaker agrees with available community-transcript mapping. | QA resolved prior review with community-transcript support.	This isn’t about you…	Chandler	Chandler	absent	char_tracker_stage05		absent	0.0		medium	speaker_no_face
27	100	289.51	290.19	Oh, I Know.	Janice	high	community_transcript_match	1.0	dialogue	False	True	Chandler | Janice | Rachel	Chandler	Janice	False		Speaker agrees with available community-transcript mapping.	oh i know	Janice	Janice	absent	char_tracker_stage05		unobserved			high	
27	101	290.19	291.03	This is not about me.	Janice	high	community_transcript_match	1.0	dialogue	False	True	Chandler | Janice | Rachel	Janice	Janice	False		Speaker agrees with available community-transcript mapping.	Oh, I know this is not about me	Janice	Janice	absent	char_tracker_stage05		unobserved			high	
27	102	291.03	293.03	This is totally about your fear of commitment.	Janice	high	community_transcript_match	1.0	dialogue	False	True	Chandler | Janice | Rachel	Janice	Chandler	False		Speaker agrees with available community-transcript mapping.	Oh, I know this is not about me. This is totally about your fear of commitment!	Janice	Janice	absent	char_tracker_stage05		unobserved			high	
27	103	293.28	294.08	What fear of commitment?	Chandler	high	qa_review_resolved_ct_support	1.0	dialogue	False	True	Chandler | Janice | Rachel	Janice	Chandler	True	speaker_no_face	Speaker agrees with available community-transcript mapping. | QA resolved prior review with community-transcript support.	What fear of commitment	Chandler	Chandler	absent	char_tracker_stage05		absent	0.0		medium	speaker_no_face
27	104	294.08	295.12	I don't have a fear of commitment.	Chandler	high	qa_review_resolved_ct_support	1.0	dialogue	False	True	Chandler | Janice | Rachel	Chandler	Janice	True	speaker_no_face	Speaker agrees with available community-transcript mapping. | QA resolved prior review with community-transcript support.	What fear of commitment?! I don’t have a fear of commitment!	Chandler	Chandler	absent	char_tracker_stage05		absent	0.0		medium	speaker_no_face
27	105	295.12	295.68	Oh, please.	Janice	high	community_transcript_match	1.0	dialogue	False	True	Chandler | Janice | Rachel	Chandler	Chandler	False		Speaker agrees with available community-transcript mapping.	Oh please!	Janice	Janice	absent	char_tracker_stage05		unobserved			high	
27	106	295.68	296.28	I don't.	Chandler	high	qa_review_resolved_ct_support	1.0	dialogue	False	True	Chandler | Janice | Rachel	Janice	Janice	True	speaker_no_face	Speaker agrees with available community-transcript mapping. | QA resolved prior review with community-transcript support.	I don’t!	Chandler	Chandler	absent	char_tracker_stage05		absent	0.0		medium	speaker_no_face
27	107	296.28	296.92	Oh, please.	Janice	high	community_transcript_match	1.0	dialogue	False	True	Chandler | Janice | Rachel	Chandler	Chandler	False		Speaker agrees with available community-transcript mapping.	Oh please!	Janice	Janice	absent	char_tracker_stage05		unobserved			high	
27	108	296.92	297.4	I don't.	Chandler	high	qa_review_resolved_ct_support	1.0	dialogue	False	True	Chandler | Janice | Rachel	Janice	Chandler	True	speaker_no_face	Speaker agrees with available community-transcript mapping. | QA resolved prior review with community-transcript support.	I don't	Chandler	Chandler	absent	char_tracker_stage05		absent	0.0		medium	speaker_no_face
27	109	297.4	298.72	I'm ready to commit anytime.	Chandler	high	qa_review_resolved_ct_support	1.0	dialogue	False	True	Chandler | Janice | Rachel	Chandler	Janice	True	speaker_no_face	Speaker agrees with available community-transcript mapping. | QA resolved prior review with community-transcript support.	I don’t! I’m ready to commit anytime!	Chandler	Chandler	absent	char_tracker_stage05		absent	0.0		medium	speaker_no_face
27	110	298.8	299.2	Really.	Janice	high	community_transcript_match	1.0	dialogue	False	True	Chandler | Janice | Rachel	Chandler	Rachel	False		Speaker agrees with available community-transcript mapping.	(happily) Really?	Janice	Janice	absent	char_tracker_stage05		unobserved			high	
27	111	301.44	304.84	Okay, I know this is gonna sound really stupid but I feel.	Rachel	high	qa_review_resolved_ct_support	1.0	dialogue	False	True	Chandler | Janice | Rachel	Janice		True	speaker_offscreen	Speaker agrees with available community-transcript mapping. | QA resolved prior review with community-transcript support.	ok i know this is gonna sound really stupid but	Rachel	Rachel	present	char_tracker_stage05	joey	absent	0.0		low	speaker_offscreen
28	112	304.84	312.08	I feel that if I can do this, you know, if I can actually do my own laundry there isn't anything I can't do.	Rachel	high	qa_review_resolved_ct_support	1.0	dialogue	False	True	Rachel | Ross		Ross	True	speaker_offscreen	Speaker agrees with available community-transcript mapping. | QA resolved prior review with community-transcript support.	Ok, I know this is gonna sound really stupid, but I feel that if I can do this, you know, if I can actually do my own laundry, there isn't anything I can't do.	Rachel	Rachel	present	char_tracker_stage05	joey	absent	0.0		low	speaker_offscreen
28	113	313.28	315.76	That does not sound stupid to me.	Ross	high	qa_review_resolved_ct_support	1.0	dialogue	False	True	Rachel | Ross	Rachel	Ross	True	speaker_offscreen	Speaker agrees with available community-transcript mapping. | QA resolved prior review with community-transcript support.	That does not sound stupid to me	Ross	Ross	present	char_tracker_stage05	joey	absent	0.0		low	speaker_offscreen
28	114	316.24	320.48	No, it's like, okay, the first time I had to make dinner for myself after Carol left me.	Ross	high	qa_review_resolved_bridge	1.0	dialogue	False	True	Rachel | Ross	Ross	Ross	True	speaker_offscreen	Speaker agrees with available community-transcript mapping. | QA resolved prior review by same-speaker bridge.	That does not sound stupid to me. You know, it's like the first time I had to make dinner for myself, after Carol left me? (the buzzer on the washer goes off) I'm sorry, that's all the time we have. Next on Ross...(opens up the washer) Uh-oh.	Ross	Ross	present	char_tracker_stage05	joey	absent	0.0		low	speaker_offscreen
28	115	321.44	322.0	I'm sorry.	Ross	high	qa_review_resolved_bridge	1.0	dialogue	False	True	Rachel | Ross	Ross	Ross	True	speaker_no_face	Speaker agrees with available community-transcript mapping. | QA resolved prior review by same-speaker bridge.	I'm sorry, that's all the time we have	Ross	Ross	absent	char_tracker_stage05		absent	0.0		medium	speaker_no_face
28	116	322.0	323.2	That's all the time we have.	Ross	high	qa_review_resolved_ct_support	1.0	dialogue	False	True	Rachel | Ross	Ross	Rachel	True	speaker_no_face	Speaker agrees with available community-transcript mapping. | QA resolved prior review with community-transcript support.	that's all the time we have	Ross	Ross	absent	char_tracker_stage05		absent	0.0		medium	speaker_no_face
28	117	323.36	324.64	Next on Ross.	Rachel	medium	name_address_rule	0.74	dialogue	True	False	Rachel | Ross	Ross	Rachel	True	speaker_no_face	Utterance names the previous speaker, so the next speaker is more likely.				absent	char_tracker_stage05		absent			medium	speaker_no_face
28	118	325.76	326.32	Okay.	Rachel	high	qa_review_resolved_bridge	0.9	dialogue	True	False	Rachel | Ross	Rachel	Rachel	True	speaker_offscreen	Same speaker appears on both sides within the same scene. | QA resolved prior review by same-speaker bridge.				present	char_tracker_stage05	joey	absent			low	speaker_offscreen
28	119	326.88	327.68	Uh oh.	Rachel	high	qa_review_resolved_bridge	0.9	dialogue	True	False	Rachel | Ross	Rachel	Rachel	True	speaker_offscreen	Same speaker appears on both sides within the same scene. | QA resolved prior review by same-speaker bridge.				present	char_tracker_stage05	joey	absent			low	speaker_offscreen
28	120	327.76	328.04	What?	Rachel	high	qa_review_resolved_bridge	0.9	dialogue	True	False	Rachel | Ross	Rachel	Rachel	True	speaker_offscreen	Same speaker appears on both sides within the same scene. | QA resolved prior review by same-speaker bridge.				present	char_tracker_stage05	joey	absent			low	speaker_offscreen
28	121	328.04	328.48	Uh oh.	Rachel	high	qa_review_resolved_bridge	0.9	dialogue	True	False	Rachel | Ross	Rachel	Rachel	True	speaker_offscreen	Same speaker appears on both sides within the same scene. | QA resolved prior review by same-speaker bridge.				present	char_tracker_stage05	joey	absent			low	speaker_offscreen
28	122	328.48	329.12	Uh oh.	Rachel	high	qa_review_resolved_bridge	1.0	dialogue	False	True	Rachel | Ross	Rachel	Rachel	True	speaker_offscreen	Speaker agrees with available community-transcript mapping. | QA resolved prior review by same-speaker bridge.	What uh-oh?	Rachel	Rachel	present	char_tracker_stage05	joey	absent	0.0		low	speaker_offscreen
28	123	329.84	332.0	Uh oh, the laundry's done.	Rachel	medium	scene_context_inference	0.66	dialogue	True	False	Rachel | Ross	Rachel	Ross	True	two_sided_context_ambiguous | speaker_offscreen	No direct transcript match; longer line defaulted to previous speaker in same scene.				present	char_tracker_stage05	joey	absent			low	speaker_offscreen
28	124	333.36	333.92	It's.	Ross	high	qa_review_resolved_ct_support	1.0	dialogue	False	True	Rachel | Ross	Rachel	Ross	True	speaker_offscreen	Speaker agrees with available community-transcript mapping. | QA resolved prior review with community-transcript support.	it's uh	Ross	Ross	present	char_tracker_stage05	joey	absent	0.0		low	speaker_offscreen
28	125	334.32	335.28	It's a song.	Ross	high	qa_review_resolved_bridge	1.0	dialogue	False	True	Rachel | Ross	Ross	Ross	True	speaker_offscreen	Speaker agrees with available community-transcript mapping. | QA resolved prior review by same-speaker bridge.	It's, uh, it's a song	Ross	Ross	present	char_tracker_stage05	joey	absent	0.0		low	speaker_offscreen
28	126	336.08	337.92	The laundry song that we sing.	Ross	high	qa_review_resolved_bridge	1.0	dialogue	False	True	Rachel | Ross	Ross	Ross	True	speaker_offscreen	Speaker agrees with available community-transcript mapping. | QA resolved prior review by same-speaker bridge.	(not wanting to tell her) Uh-oh, uh-oh, the laundry's done. It's, uh, it's a song. The laundry song that we sing. (singing) Uh-oh the laundry's done, uh-oh, uh-oh.	Ross	Ross	present	char_tracker_stage05	joey	absent	0.0		low	speaker_offscreen
28	127	339.12	342.0	Uh oh, the laundry is done.	Ross	high	qa_review_resolved_bridge	1.0	dialogue	False	True	Rachel | Ross	Ross	Ross	True	speaker_no_face	Speaker agrees with available community-transcript mapping. | QA resolved prior review by same-speaker bridge.	Uh-oh the laundry's done, uh-oh, uh-oh	Ross	Ross	absent	char_tracker_stage05		absent	0.0		medium	speaker_no_face
28	128	342.56	343.28	Uh oh.	Ross	high	qa_review_resolved_ct_support	1.0	dialogue	False	True	Rachel | Ross	Ross	Rachel	True	speaker_no_face	Speaker agrees with available community-transcript mapping. | QA resolved prior review with community-transcript support.	uh oh uh oh	Ross	Ross	absent	char_tracker_stage05		absent	0.0		medium	speaker_no_face
28	129	343.84	344.44	What's the matter?	Rachel	high	qa_review_resolved_ct_support	1.0	dialogue	False	True	Rachel | Ross	Ross	Ross	True	speaker_no_face	Speaker agrees with available community-transcript mapping. | QA resolved prior review with community-transcript support.	Ross, what's the matter?	Rachel	Rachel	absent	char_tracker_stage05		absent	0.0		medium	speaker_no_face
28	130	344.44	345.16	No, nothing.	Ross	medium	short_turn_alternation	0.7	dialogue	True	False	Rachel | Ross	Rachel	Ross	True	short_utterance_between_two_speakers | speaker_offscreen	Short utterance inferred from local turn alternation.				present	char_tracker_stage05	chandler	absent			low	speaker_offscreen
28	131	345.16	345.6	Nothing.	Ross	high	qa_review_resolved_bridge	0.9	dialogue	True	False	Rachel | Ross	Ross	Ross	True	speaker_offscreen	Same speaker appears on both sides within the same scene. | QA resolved prior review by same-speaker bridge.				present	char_tracker_stage05	chandler	absent			low	speaker_offscreen
28	132	345.76	346.36	Lay low.	Ross	high	qa_review_resolved_bridge	0.9	dialogue	True	False	Rachel | Ross	Ross	Ross	True	speaker_offscreen	Same speaker appears on both sides within the same scene. | QA resolved prior review by same-speaker bridge.				present	char_tracker_stage05	chandler	absent			low	speaker_offscreen
28	133	346.36	347.44	The laundry's done.	Ross	high	qa_review_resolved_bridge	1.0	dialogue	False	True	Rachel | Ross	Ross	Ross	True	speaker_offscreen	Speaker agrees with available community-transcript mapping. | QA resolved prior review by same-speaker bridge.	Nothing, nothing. (singing) Lee-lo, the laundry's done.	Ross	Ross	present	char_tracker_stage05	chandler	absent	0.0		low	speaker_offscreen
28	134	348.08	348.76	All right, all right.	Ross	high	qa_review_resolved_bridge	1.0	dialogue	False	True	Rachel | Ross	Ross	Ross	True	speaker_offscreen	Speaker agrees with available community-transcript mapping. | QA resolved prior review by same-speaker bridge.	all right all right	Ross	Ross	present	char_tracker_stage05	chandler	absent	0.0		low	speaker_offscreen
28	135	348.76	357.25	It's just that you left a red sock in with all your white and now everything's kind of pink.	Ross	high	qa_review_resolved_ct_support	1.0	dialogue	False	True	Rachel | Ross	Ross	Rachel	True	speaker_offscreen	Speaker agrees with available community-transcript mapping. | QA resolved prior review with community-transcript support.	All right, all right, it's just that you left a red sock in with all your whites, and now…everything's kinda pink.	Ross	Ross	present	char_tracker_stage05	chandler	absent	0.0		low	speaker_offscreen
28	136	359.33	360.37	Everything's pink?	Rachel	high	qa_review_resolved_ct_support	1.0	dialogue	False	True	Rachel | Ross	Ross	Ross	True	speaker_no_face	Speaker agrees with available community-transcript mapping. | QA resolved prior review with community-transcript support.	Oh, everything's pink.	Rachel	Rachel	absent	char_tracker_stage05		absent	0.0		medium	speaker_no_face
28	137	360.37	360.85	Yeah.	Ross	medium	short_turn_alternation	0.7	dialogue	True	False	Rachel | Ross	Rachel	Ross	True	short_utterance_between_two_speakers | speaker_no_face	Short utterance inferred from local turn alternation.				absent	char_tracker_stage05		absent			medium	speaker_no_face
28	138	360.93	362.85	Except for the red sock, which is still red.	Ross	high	qa_review_resolved_bridge	1.0	dialogue	False	True	Rachel | Ross	Ross	Ross	True	speaker_no_face	Speaker agrees with available community-transcript mapping. | QA resolved prior review by same-speaker bridge.	Yeah, uh, except for the red sock, which is still red. I'm sorry, please don't be upset, it could happen to anyone.	Ross	Ross	partial	char_tracker_stage05		absent	0.0		medium	speaker_no_face
28	139	364.05	364.77	I'm sorry.	Ross	high	qa_review_resolved_bridge	1.0	dialogue	False	True	Rachel | Ross	Ross	Ross	True	speaker_offscreen	Speaker agrees with available community-transcript mapping. | QA resolved prior review by same-speaker bridge.	I'm sorry, please don't be upset, it could happen to anyone	Ross	Ross	present	char_tracker_stage05	chandler	absent	0.0		low	speaker_offscreen
28	140	364.77	365.61	Please don't be upset.	Ross	high	qa_review_resolved_bridge	1.0	dialogue	False	True	Rachel | Ross	Ross	Ross	True	speaker_offscreen	Speaker agrees with available community-transcript mapping. | QA resolved prior review by same-speaker bridge.	please don't be upset it could happen to anyone	Ross	Ross	present	char_tracker_stage05	chandler	absent	0.0		low	speaker_offscreen
28	141	365.61	367.09	It could happen to anyone, Rachel.	Ross	high	qa_review_resolved_ct_support	1.0	dialogue	False	True	Rachel | Ross	Ross	Rachel	True	speaker_offscreen	Speaker agrees with available community-transcript mapping. | QA resolved prior review with community-transcript support.	it could happen to anyone	Ross	Ross	present	char_tracker_stage05	chandler	absent	0.0		low	speaker_offscreen
28	142	367.09	367.61	But it didn't.	Rachel	high	qa_review_resolved_ct_support	1.0	dialogue	False	True	Rachel | Ross	Ross	Rachel	True	speaker_offscreen	Speaker agrees with available community-transcript mapping. | QA resolved prior review with community-transcript support.	Except it didn't	Rachel	Rachel	present	char_tracker_stage05	chandler	absent	0.0		low	speaker_offscreen
28	143	367.61	368.45	It happened to me.	Rachel	high	qa_review_resolved_bridge	1.0	dialogue	False	True	Rachel | Ross	Rachel	Rachel	True	speaker_offscreen	Speaker agrees with available community-transcript mapping. | QA resolved prior review by same-speaker bridge.	It happened to me	Rachel	Rachel	present	char_tracker_stage05	chandler	absent	0.0		low	speaker_offscreen
28	144	368.85	371.73	God, I'm gonna look like a big Marshmallow Peep.	Rachel	high	qa_review_resolved_bridge	1.0	dialogue	False	True	Rachel | Ross	Rachel	Rachel	True	speaker_no_face	Speaker agrees with available community-transcript mapping. | QA resolved prior review by same-speaker bridge.	Except it didn't. It happened to me. Oh, god, I'm gonna look like a big marshmallow peep. What am I doing? What am I doing? My father's right. I can't live on my own! I can't even do laundry!	Rachel	Rachel	absent	char_tracker_stage05		absent	0.0		medium	speaker_no_face
28	145	372.61	373.57	What am I doing?	Rachel	high	qa_review_resolved_bridge	1.0	dialogue	False	True	Rachel | Ross	Rachel	Rachel	True	speaker_no_face	Speaker agrees with available community-transcript mapping. | QA resolved prior review by same-speaker bridge.	What am I doing	Rachel	Rachel	absent	char_tracker_stage05		absent	0.0		medium	speaker_no_face
28	146	373.65	374.69	What am I doing?	Rachel	high	qa_review_resolved_bridge	1.0	dialogue	False	True	Rachel | Ross	Rachel	Rachel	True	speaker_no_face	Speaker agrees with available community-transcript mapping. | QA resolved prior review by same-speaker bridge.	What am I doing	Rachel	Rachel	absent	char_tracker_stage05		absent	0.0		medium	speaker_no_face
28	147	374.85	375.89	My father's right.	Rachel	high	qa_review_resolved_bridge	1.0	dialogue	False	True	Rachel | Ross	Rachel	Rachel	True	speaker_offscreen	Speaker agrees with available community-transcript mapping. | QA resolved prior review by same-speaker bridge.	My father's right	Rachel	Rachel	present	char_tracker_stage05	chandler	absent	0.0		low	speaker_offscreen
28	148	376.61	377.97	I can't live on my own.	Rachel	high	qa_review_resolved_bridge	1.0	dialogue	False	True	Rachel | Ross	Rachel	Rachel	True	speaker_offscreen	Speaker agrees with available community-transcript mapping. | QA resolved prior review by same-speaker bridge.	I can't live on my own	Rachel	Rachel	present	char_tracker_stage05	chandler	absent	0.0		low	speaker_offscreen
28	149	378.45	379.81	I can't even do laundry.	Rachel	high	qa_review_resolved_ct_support	1.0	dialogue	False	True	Rachel | Ross	Rachel		True	speaker_offscreen	Speaker agrees with available community-transcript mapping. | QA resolved prior review with community-transcript support.	I can't even do laundry	Rachel	Rachel	present	char_tracker_stage05	chandler	absent	0.0		low	speaker_offscreen
30	150	392.45	396.21	Something went wrong with Underdog and they couldn't get his head to inflate.	Monica	high	qa_review_resolved_ct_support	1.0	dialogue	False	True	Monica		Monica	True	speaker_offscreen	Speaker agrees with available community-transcript mapping. | QA resolved prior review with community-transcript support.	Something went wrong with Underdog, and they couldn't get his head to inflate. So anyway, um, his head is like flopping down Broadway, right, and I'm just thinking... how inappropriate this is. Um, I've got something in my eye, uh, Joey, could we check it in the light, please?	Monica	Monica	present	char_tracker_stage05	chandler	absent	0.0		low	speaker_offscreen
30	151	398.05	404.05	So anyway, his head is, like, flopping down Broadway, right?	Monica	high	qa_review_resolved_bridge	1.0	dialogue	False	True	Monica	Monica	Monica	True	speaker_offscreen	Speaker agrees with available community-transcript mapping. | QA resolved prior review by same-speaker bridge.	So anyway, um, his head is like flopping down Broadway, right, and I'm just thinking	Monica	Monica	present	char_tracker_stage05	chandler	absent	0.0		low	speaker_offscreen
30	152	404.69	408.8	And I'm just thinking how inappropriate this is.	Monica	high	qa_review_resolved_bridge	1.0	dialogue	False	True	Monica	Monica	Monica	True	speaker_offscreen	Speaker agrees with available community-transcript mapping. | QA resolved prior review by same-speaker bridge.	how inappropriate this is	Monica	Monica	present	char_tracker_stage05	chandler	absent	0.0		low	speaker_offscreen
30	153	410.24	411.4	I've had something in my eye.	Monica	high	qa_review_resolved_bridge	0.9	dialogue	True	False	Monica	Monica	Monica	True	speaker_no_face	Filled from previous same-scene context. | QA resolved prior review by same-speaker bridge.				absent	char_tracker_stage05		absent			medium	speaker_no_face
30	154	411.4	413.28	Joey, could we check it in the light, please?	Monica	medium	scene_context_inference	0.68	dialogue	True	False	Monica	Monica		True	medium_confidence_context_fill | speaker_no_face	Filled from previous same-scene context.				partial	char_tracker_stage05		absent			medium	speaker_no_face
31	155	417.44	418.32	Oh, my God.	Monica	high	qa_review_resolved_ct_support	1.0	dialogue	False	True	Monica | Joey		Joey	True	speaker_no_face	Speaker agrees with available community-transcript mapping. | QA resolved prior review with community-transcript support.	Oh my god.	Monica	Monica	absent	char_tracker_stage05		absent	0.0		medium	speaker_no_face
31	156	418.32	418.72	What?	Joey	high	qa_review_resolved_ct_support	1.0	dialogue	False	True	Monica | Joey	Monica	Monica	True	speaker_no_face	Speaker agrees with available community-transcript mapping. | QA resolved prior review with community-transcript support.	What?	Joey	Joey	absent	char_tracker_stage05		absent	0.0		medium	speaker_no_face
31	157	419.2	419.76	Hello.	Monica	high	qa_review_resolved_ct_support	1.0	dialogue	False	True	Monica | Joey	Joey	Monica	True	speaker_offscreen	Speaker agrees with available community-transcript mapping. | QA resolved prior review with community-transcript support.	hello	Monica	Monica	present	char_tracker_stage05	chandler	absent	0.0		low	speaker_offscreen
31	158	419.92	421.2	Were we at the same table?	Monica	high	qa_review_resolved_bridge	1.0	dialogue	False	True	Monica | Joey	Monica	Monica	True	speaker_offscreen	Speaker agrees with available community-transcript mapping. | QA resolved prior review by same-speaker bridge.	hello were we at the same table	Monica	Monica	present	char_tracker_stage05	chandler	absent	0.0		low	speaker_offscreen
31	159	421.2	423.84	It's like cocktails in Appalachia.	Monica	high	qa_review_resolved_ct_support	1.0	dialogue	False	True	Monica | Joey	Monica	Joey	True	speaker_offscreen	Speaker agrees with available community-transcript mapping. | QA resolved prior review with community-transcript support.	Hello! Were we at the same table? It's like... cocktails in Appalachia.	Monica	Monica	present	char_tracker_stage05	chandler	absent	0.0		low	speaker_offscreen
31	160	428.72	429.84	Come on, they're close.	Joey	high	qa_review_resolved_ct_support	1.0	dialogue	False	True	Monica | Joey	Monica	Monica	True	speaker_no_face	Speaker agrees with available community-transcript mapping. | QA resolved prior review with community-transcript support.	Come on, they're close.	Joey	Joey	absent	char_tracker_stage05		absent	0.0		medium	speaker_no_face
31	161	430.0	430.4	Close?	Monica	high	qa_review_resolved_ct_support	1.0	dialogue	False	True	Monica | Joey	Joey	Monica	True	speaker_offscreen	Speaker agrees with available community-transcript mapping. | QA resolved prior review with community-transcript support.	Close	Monica	Monica	present	char_tracker_stage05	chandler	absent	0.0		low	speaker_offscreen
31	162	431.2	432.88	She's got her tongue in his ear.	Monica	high	qa_review_resolved_ct_support	1.0	dialogue	False	True	Monica | Joey	Monica	Joey	True	speaker_offscreen	Speaker agrees with available community-transcript mapping. | QA resolved prior review with community-transcript support.	Close? She's got her tongue in his ear.	Monica	Monica	present	char_tracker_stage05	chandler	absent	0.0		low	speaker_offscreen
31	163	434.59	437.15	You've never gotten a little rambunctious with Roz?	Joey	high	qa_review_resolved_ct_support	1.0	dialogue	False	True	Monica | Joey	Monica	Monica	True	speaker_offscreen	Speaker agrees with available community-transcript mapping. | QA resolved prior review with community-transcript support.	Oh, like you've never gotten a little rambunctious with Ross.	Joey	Joey	present	char_tracker_stage05	chandler	absent	0.0		low	speaker_offscreen
31	164	438.99	440.11	Joey, this is sick.	Monica	medium	name_address_rule	0.74	dialogue	True	False	Monica | Joey	Joey	Monica	True	speaker_offscreen	Utterance names the previous speaker, so the next speaker is more likely.				present	char_tracker_stage05	chandler	absent			low	speaker_offscreen
31	165	440.43	441.39	It's disgusting.	Monica	high	qa_review_resolved_bridge	0.9	dialogue	True	False	Monica | Joey	Monica	Monica	True	speaker_offscreen	Same speaker appears on both sides within the same scene. | QA resolved prior review by same-speaker bridge.				present	char_tracker_stage05	chandler	absent			low	speaker_offscreen
31	166	441.39	441.71	It's.	Monica	high	qa_review_resolved_bridge	0.9	dialogue	True	False	Monica | Joey	Monica	Monica	True	speaker_offscreen	Same speaker appears on both sides within the same scene. | QA resolved prior review by same-speaker bridge.				present	char_tracker_stage05	chandler	absent			low	speaker_offscreen
31	167	441.71	445.23	It's not really true, is it?	Monica	high	qa_review_resolved_ct_support	1.0	dialogue	False	True	Monica | Joey	Monica	Joey	True	speaker_offscreen	Speaker agrees with available community-transcript mapping. | QA resolved prior review with community-transcript support.	Joey, this is sick, it's disgusting, it's, it's—not really true, is it?	Monica	Monica	present	char_tracker_stage05	chandler	absent	0.0		low	speaker_offscreen
31	168	445.47	446.99	When he used to say what's true?	Joey	high	qa_review_resolved_ct_support	1.0	dialogue	False	True	Monica | Joey	Monica	Monica	True	speaker_offscreen	Speaker agrees with available community-transcript mapping. | QA resolved prior review with community-transcript support.	Well, who's to say what's true? I mean...	Joey	Joey	present	char_tracker_stage05	chandler	absent	0.0		low	speaker_offscreen
31	169	446.99	447.71	Oh, my God.	Monica	high	qa_review_resolved_ct_support	1.0	dialogue	False	True	Monica | Joey	Joey	Monica	True	speaker_offscreen	Speaker agrees with available community-transcript mapping. | QA resolved prior review with community-transcript support.	oh my god	Monica	Monica	present	char_tracker_stage05	chandler	absent	0.0		low	speaker_offscreen
31	170	447.71	448.55	What were you thinking?	Monica	high	qa_review_resolved_ct_support	1.0	dialogue	False	True	Monica | Joey	Monica	Joey	True	speaker_offscreen	Speaker agrees with available community-transcript mapping. | QA resolved prior review with community-transcript support.	Oh my god, what were you thinking?	Monica	Monica	present	char_tracker_stage05	chandler	absent	0.0		low	speaker_offscreen
31	171	448.55	450.51	All right, look, I'm not proud of this, okay?	Joey	high	qa_review_resolved_ct_support	1.0	dialogue	False	True	Monica | Joey	Monica	Joey	True	speaker_offscreen	Speaker agrees with available community-transcript mapping. | QA resolved prior review with community-transcript support.	All right, look, I'm not proud of this, ok? Well, maybe I am a little.	Joey	Joey	present	char_tracker_stage05	chandler	absent	0.0		low	speaker_offscreen
31	172	451.55	453.35	Well, maybe I have a little.	Joey	high	qa_review_resolved_ct_support	1.0	dialogue	False	True	Monica | Joey	Joey	Monica	True	speaker_offscreen	Speaker agrees with available community-transcript mapping. | QA resolved prior review with community-transcript support.	Well, maybe I am a little	Joey	Joey	present	char_tracker_stage05	chandler	absent	0.0		low	speaker_offscreen
31	173	453.35	453.71	No.	Monica	medium	short_turn_alternation	0.7	dialogue	True	False	Monica | Joey	Joey	Monica	True	short_utterance_between_two_speakers | speaker_offscreen	Short utterance inferred from local turn alternation.				present	char_tracker_stage05	chandler	absent			low	speaker_offscreen
31	174	454.99	455.71	I'm out of here.	Monica	high	qa_review_resolved_ct_support	1.0	dialogue	False	True	Monica | Joey	Monica	Joey	True	speaker_offscreen	Speaker agrees with available community-transcript mapping. | QA resolved prior review with community-transcript support.	(leaving) I'm outta here.	Monica	Monica	present	char_tracker_stage05	chandler	absent	0.0		low	speaker_offscreen
31	175	455.71	456.43	Wait, wait, wait.	Joey	high	qa_review_resolved_ct_support	1.0	dialogue	False	True	Monica | Joey	Monica	Monica	True	speaker_offscreen	Speaker agrees with available community-transcript mapping. | QA resolved prior review with community-transcript support.	Wait, wait, wait. You want him, I want her. He likes you.	Joey	Joey	present	char_tracker_stage05	chandler	absent	0.0		low	speaker_offscreen
31	176	456.43	456.91	Come on.	Monica	medium	short_turn_alternation	0.7	dialogue	True	False	Monica | Joey	Joey	Monica	True	short_utterance_between_two_speakers | speaker_offscreen	Short utterance inferred from local turn alternation.				present	char_tracker_stage05	chandler	absent			low	speaker_offscreen
31	177	457.15	457.99	You like him.	Monica	high	qa_review_resolved_bridge	0.9	dialogue	True	False	Monica | Joey	Monica	Monica	True	speaker_offscreen	Same speaker appears on both sides within the same scene. | QA resolved prior review by same-speaker bridge.				present	char_tracker_stage05	chandler	absent			low	speaker_offscreen
31	178	457.99	458.83	I want her.	Monica	high	qa_review_resolved_bridge	0.9	dialogue	True	False	Monica | Joey	Monica	Monica	True	speaker_offscreen	Same speaker appears on both sides within the same scene. | QA resolved prior review by same-speaker bridge.				present	char_tracker_stage05	chandler	absent			low	speaker_offscreen
31	179	459.39	460.19	He likes you.	Monica	high	qa_review_resolved_bridge	0.9	dialogue	True	False	Monica | Joey	Monica	Monica	True	speaker_offscreen	Same speaker appears on both sides within the same scene. | QA resolved prior review by same-speaker bridge.				present	char_tracker_stage05	chandler	absent			low	speaker_offscreen
31	180	461.63	462.03	Really?	Monica	high	qa_review_resolved_ct_support	1.0	dialogue	False	True	Monica | Joey	Monica	Joey	True	speaker_offscreen	Speaker agrees with available community-transcript mapping. | QA resolved prior review with community-transcript support.	Really?	Monica	Monica	present	char_tracker_stage05	chandler	absent	0.0		low	speaker_offscreen
31	181	462.59	463.15	Yeah.	Joey	high	qa_review_resolved_ct_support	1.0	dialogue	False	True	Monica | Joey	Monica	Joey	True	speaker_offscreen	Speaker agrees with available community-transcript mapping. | QA resolved prior review with community-transcript support.	Yeah	Joey	Joey	present	char_tracker_stage05	chandler	absent	0.0		low	speaker_offscreen
31	182	463.55	468.67	Listen, I'm thinking if we put our heads together between the two of us, we can break him up.	Joey	high	qa_review_resolved_ct_support	1.0	dialogue	False	True	Monica | Joey	Joey	Monica	True	speaker_offscreen	Speaker agrees with available community-transcript mapping. | QA resolved prior review with community-transcript support.	Yeah. I'm thinking, if we put our heads together, between the two of us, we can break them up.	Joey	Joey	present	char_tracker_stage05	chandler	absent	0.0		low	speaker_offscreen
31	183	472.43	473.39	I'm so sorry.	Monica	high	qa_review_resolved_ct_support	1.0	dialogue	False	True	Monica | Joey	Joey	Monica	True	speaker_offscreen	Speaker agrees with available community-transcript mapping. | QA resolved prior review with community-transcript support.	i'm so sorry but	Monica	Monica	present	char_tracker_stage05	chandler	absent	0.0		low	speaker_offscreen
31	184	473.47	474.75	I can't believe I did this.	Monica	high	qa_review_resolved_ct_support	1.0	dialogue	False	True	Monica | Joey	Monica		True	speaker_offscreen	Speaker agrees with available community-transcript mapping. | QA resolved prior review with community-transcript support.	i'm so sorry i can't believe i did this but	Monica	Monica	present	char_tracker_stage05	chandler	absent	0.0		low	speaker_offscreen
32	185	474.75	477.71	I just couldn't Stop laughing at your Norman Mailer story.	Monica	high	qa_review_resolved_ct_support	1.0	dialogue	False	True	Monica | Joey		Joey	True	speaker_no_face	Speaker agrees with available community-transcript mapping. | QA resolved prior review with community-transcript support.	I'm so sorry, I can't believe I did this, but I couldn't stop laughing at your Norman Mailer story.	Monica	Monica	absent	char_tracker_stage05		absent	0.0		medium	speaker_no_face
32	186	485.15	485.63	Waiter.	Joey	high	qa_review_resolved_ct_support	1.0	dialogue	False	True	Monica | Joey	Monica		True	speaker_no_face	Speaker agrees with available community-transcript mapping. | QA resolved prior review with community-transcript support.	uh waiter	Joey	Joey	absent	char_tracker_stage05		absent	0.0		medium	speaker_no_face
33	187	486.02	487.46	One more plate of chicken wings over here.	Joey	high	qa_review_resolved_ct_support	1.0	dialogue	False	True	Joey			True	speaker_no_face	Speaker agrees with available community-transcript mapping. | QA resolved prior review with community-transcript support.	Uh, waiter, one more plate of chicken wings over here.	Joey	Joey	absent	char_tracker_stage05		absent	0.0		medium	speaker_no_face
34	188	494.26	495.58	See, here's the thing, Janice.	Chandler	high	community_transcript_match	1.0	dialogue	False	True	Chandler | Janice		Chandler	False		Speaker agrees with available community-transcript mapping.	Here's the thing, Janice	Chandler	Chandler	present	char_tracker_stage05	chandler	present	1.0		high	
34	189	495.58	496.74	You know, I mean, it's like we're different.	Chandler	high	community_transcript_match	1.0	dialogue	False	True	Chandler | Janice	Chandler	Chandler	False		Speaker agrees with available community-transcript mapping.	Here's the thing, Janice. You know, I mean, it's like we're different. I'm like the bing, bing, bing. You're like the boom, boom, (Chandler flails his hand out and hits Janice in the eye)... boom.	Chandler	Chandler	present	char_tracker_stage05	chandler	present	1.0		high	
34	190	496.74	497.1	You know?	Chandler	medium	visual_disambiguation	0.74	dialogue	True	False	Chandler | Janice	Chandler	Chandler	False		Only one of the two text-context candidates was visually present in the window.				present	char_tracker_stage05	chandler	present			medium	
34	191	497.1	498.34	I'm like the bing, bing, bing.	Chandler	high	qa_review_resolved_bridge	0.9	dialogue	True	False	Chandler | Janice	Chandler	Chandler	True	speaker_no_face	No direct transcript match; longer line defaulted to previous speaker in same scene. | QA resolved prior review by same-speaker bridge.				absent	char_tracker_stage05		absent			medium	speaker_no_face
34	192	498.34	499.54	You're like the boom, boom, boom.	Chandler	medium	scene_context_inference	0.66	dialogue	True	False	Chandler | Janice	Chandler	Janice	True	two_sided_context_ambiguous | speaker_no_face	No direct transcript match; longer line defaulted to previous speaker in same scene.				absent	char_tracker_stage05		absent			medium	speaker_no_face
34	193	499.54	499.86	Ow.	Janice	medium	short_turn_alternation	0.7	dialogue	True	False	Chandler | Janice	Chandler	Janice	True	short_utterance_between_two_speakers	Short utterance inferred from local turn alternation.				absent	char_tracker_stage05		unobserved			medium	
34	194	499.86	501.78	Oh, my God.	Janice	high	scene_context_bridge	0.88	dialogue	True	False	Chandler | Janice	Janice	Janice	False		Same speaker appears on both sides within the same scene.				absent	char_tracker_stage05		unobserved			high	
34	195	501.78	502.22	Ow.	Janice	high	community_transcript_match	1.0	dialogue	False	True	Chandler | Janice	Janice	Chandler	False		Speaker agrees with available community-transcript mapping.	Ow!	Janice	Janice	absent	char_tracker_stage05		unobserved			high	
34	196	502.22	503.22	I'm so sorry.	Chandler	high	qa_review_resolved_ct_support	1.0	dialogue	False	True	Chandler | Janice	Janice	Janice	True	speaker_no_face	Speaker agrees with available community-transcript mapping. | QA resolved prior review with community-transcript support.	Oh, my god, I'm so sorry. Are you ok?	Chandler	Chandler	absent	char_tracker_stage05		absent	0.0		medium	speaker_no_face
34	197	503.22	503.66	Ow.	Janice	medium	short_turn_alternation	0.7	dialogue	True	False	Chandler | Janice	Chandler	Janice	True	short_utterance_between_two_speakers	Short utterance inferred from local turn alternation.				absent	char_tracker_stage05		unobserved			medium	
34	198	503.66	504.42	Are you okay?	Janice	high	scene_context_bridge	0.88	dialogue	True	False	Chandler | Janice	Janice	Janice	False		Same speaker appears on both sides within the same scene.				absent	char_tracker_stage05		unobserved			high	
34	199	504.42	504.9	Ow.	Janice	high	community_transcript_match	1.0	dialogue	False	True	Chandler | Janice	Janice	Janice	False		Speaker agrees with available community-transcript mapping.	Ow	Janice	Janice	absent	char_tracker_stage05		unobserved			high	
34	200	506.26	507.22	It's just my lens.	Janice	high	community_transcript_match	1.0	dialogue	False	True	Chandler | Janice	Janice	Janice	False		Speaker agrees with available community-transcript mapping.	Um, it's just my lens	Janice	Janice	present	char_tracker_stage05	chandler|ross	unobserved			high	
34	201	507.22	507.86	It's my lens.	Janice	high	community_transcript_match	1.0	dialogue	False	True	Chandler | Janice	Janice	Janice	False		Speaker agrees with available community-transcript mapping.	It's just my lens	Janice	Janice	present	char_tracker_stage05	chandler|ross	unobserved			high	
34	202	508.9	509.78	I'll be right back.	Janice	high	community_transcript_match	1.0	dialogue	False	True	Chandler | Janice	Janice	Janice	False		Speaker agrees with available community-transcript mapping.	Ow. Um, it's just my lens. It's just my lens. I'll be right back.	Janice	Janice	present	char_tracker_stage05	chandler|ross	unobserved			high	
34	203	510.1	510.58	Ow.	Janice	medium	scene_context_inference	0.68	dialogue	True	False	Chandler | Janice	Janice		True	scene_end_short_utterance	Filled from previous same-scene context.				present	char_tracker_stage05	chandler|ross	unobserved			medium	
35	204	512.82	514.02	I hit her in the eye.	Chandler	high	qa_review_resolved_ct_support	1.0	dialogue	False	True	Chandler | Phoebe		Chandler	True	speaker_no_face	Speaker agrees with available community-transcript mapping. | QA resolved prior review with community-transcript support.	I hit her in the eye	Chandler	Chandler	partial	char_tracker_stage05		absent	0.3333		medium	speaker_no_face
35	205	514.1	515.3	I hit her in the eye.	Chandler	high	community_transcript_match	1.0	dialogue	False	True	Chandler | Phoebe	Chandler	Chandler	False		Speaker agrees with available community-transcript mapping.	I hit her in the eye	Chandler	Chandler	present	char_tracker_stage05	chandler|ross	present	1.0		high	
35	206	515.54	518.95	This is the worst breakup in the history of the world.	Chandler	high	community_transcript_match	1.0	dialogue	False	True	Chandler | Phoebe	Chandler	Phoebe	False		Speaker agrees with available community-transcript mapping.	(to Phoebe) I hit her in the eye! I hit her in the eye! This is the worst break-up in the history of the world.	Chandler	Chandler	present	char_tracker_stage05	chandler|ross	present	1.0		high	
35	207	519.11	520.47	Oh, my God.	Phoebe	high	qa_review_resolved_ct_support	1.0	dialogue	False	True	Chandler | Phoebe	Chandler	Phoebe	True	speaker_offscreen	Speaker agrees with available community-transcript mapping. | QA resolved prior review with community-transcript support.	Oh my god	Phoebe	Phoebe	present	char_tracker_stage05	chandler|ross	absent	0.0		low	speaker_offscreen
35	208	521.99	524.55	Okay, how many of those have you had?	Phoebe	high	qa_review_resolved_ct_support	1.0	dialogue	False	True	Chandler | Phoebe	Phoebe	Chandler	True	speaker_offscreen	Speaker agrees with available community-transcript mapping. | QA resolved prior review with community-transcript support.	Oh my god. (Chandler downs another espresso.) How many of those have you had?	Phoebe	Phoebe	present	char_tracker_stage05	chandler|ross	absent	0.0		low	speaker_offscreen
35	209	524.55	525.51	Oh, I don't know.	Chandler	high	community_transcript_match	1.0	dialogue	False	True	Chandler | Phoebe	Phoebe	Chandler	False		Speaker agrees with available community-transcript mapping.	Oh, I don't know, a million?	Chandler	Chandler	present	char_tracker_stage05	chandler|joey	present	0.5		high	
35	210	525.75	526.39	A million?	Chandler	high	qa_review_resolved_ct_support	1.0	dialogue	False	True	Chandler | Phoebe	Chandler	Phoebe	True	speaker_offscreen	Speaker agrees with available community-transcript mapping. | QA resolved prior review with community-transcript support.	a million	Chandler	Chandler	present	char_tracker_stage05	joey	absent	0.0		low	speaker_offscreen
35	211	527.83	528.47	Chandler.	Phoebe	medium	name_address_rule	0.74	dialogue	True	False	Chandler | Phoebe	Chandler	Phoebe	True	speaker_offscreen	Utterance names the previous speaker, so the next speaker is more likely.				present	char_tracker_stage05	monica	absent			low	speaker_offscreen
35	212	528.47	528.95	Shh.	Phoebe	high	qa_review_resolved_bridge	0.9	dialogue	True	False	Chandler | Phoebe	Phoebe	Phoebe	True	speaker_offscreen	Same speaker appears on both sides within the same scene. | QA resolved prior review by same-speaker bridge.				present	char_tracker_stage05	monica	absent			low	speaker_offscreen
35	213	528.95	529.71	Easy, easy.	Phoebe	high	qa_review_resolved_bridge	0.9	dialogue	True	False	Chandler | Phoebe	Phoebe	Phoebe	True	speaker_offscreen	Same speaker appears on both sides within the same scene. | QA resolved prior review by same-speaker bridge.				present	char_tracker_stage05	monica	absent			low	speaker_offscreen
35	214	529.71	529.95	Go to.	Phoebe	high	qa_review_resolved_bridge	0.9	dialogue	True	False	Chandler | Phoebe	Phoebe	Phoebe	True	speaker_offscreen	Same speaker appears on both sides within the same scene. | QA resolved prior review by same-speaker bridge.				present	char_tracker_stage05	monica	absent			low	speaker_offscreen
35	215	529.95	530.95	Go to your happy place.	Phoebe	high	qa_review_resolved_ct_support	1.0	dialogue	False	True	Chandler | Phoebe	Phoebe	Chandler	True	speaker_offscreen	Speaker agrees with available community-transcript mapping. | QA resolved prior review with community-transcript support.	Chandler, easy, easy. Go to your happy place. La la la la la la la.	Phoebe	Phoebe	present	char_tracker_stage05	monica	absent	0.0		low	speaker_offscreen
35	216	534.71	535.87	I'm fine, I'm fine.	Chandler	medium	visual_disambiguation	0.74	dialogue	True	False	Chandler | Phoebe	Phoebe	Chandler	False		Only one of the two text-context candidates was visually present in the window.				present	char_tracker_stage05	chandler|joey|ross	present			medium	
35	217	535.87	536.47	I'm fine.	Chandler	high	community_transcript_match	1.0	dialogue	False	True	Chandler | Phoebe	Chandler	Phoebe	False		Speaker agrees with available community-transcript mapping.	I'm fine.	Chandler	Chandler	present	char_tracker_stage05	chandler|joey|ross	present	1.0		high	
35	218	536.47	536.95	All right.	Phoebe	high	qa_review_resolved_ct_support	1.0	dialogue	False	True	Chandler | Phoebe	Chandler		True	speaker_offscreen	Speaker agrees with available community-transcript mapping. | QA resolved prior review with community-transcript support.	All right.	Phoebe	Phoebe	present	char_tracker_stage05	chandler|ross	absent	0.0		low	speaker_offscreen
36	219	537.19	537.87	I'm not fine.	Chandler	high	community_transcript_match	1.0	dialogue	False	True	Chandler | Phoebe		Chandler	False		Speaker agrees with available community-transcript mapping.	I'm not fine	Chandler	Chandler	present	char_tracker_stage05	chandler|ross	present	1.0		high	
36	220	537.87	538.35	Here she comes.	Chandler	high	community_transcript_match	1.0	dialogue	False	True	Chandler | Phoebe	Chandler	Chandler	False		Speaker agrees with available community-transcript mapping.	I'm not fine. Here she comes.	Chandler	Chandler	present	char_tracker_stage05	chandler|ross	present	1.0		high	
36	221	538.35	538.87	She's kind.	Chandler	medium	visual_disambiguation	0.74	dialogue	True	False	Chandler | Phoebe	Chandler	Phoebe	False		Only one of the two text-context candidates was visually present in the window.				present	char_tracker_stage05	chandler|ross	present			medium	
36	222	539.27	539.75	Wait here.	Phoebe	high	qa_review_resolved_ct_support	1.0	dialogue	False	True	Chandler | Phoebe	Chandler	Phoebe	True	speaker_offscreen	Speaker agrees with available community-transcript mapping. | QA resolved prior review with community-transcript support.	Wait here. Breathe.	Phoebe	Phoebe	present	char_tracker_stage05	chandler|ross	absent	0.0		low	speaker_offscreen
36	223	539.75	540.23	Okay.	Phoebe	high	qa_review_resolved_bridge	0.9	dialogue	True	False	Chandler | Phoebe	Phoebe	Phoebe	True	speaker_offscreen	Filled from previous same-scene context. | QA resolved prior review by same-speaker bridge.				present	char_tracker_stage05	chandler|ross	absent			low	speaker_offscreen
36	224	540.47	541.03	Breathe.	Phoebe	medium	scene_context_inference	0.68	dialogue	True	False	Chandler | Phoebe	Phoebe		True	scene_end_short_utterance | speaker_offscreen	Filled from previous same-scene context.				present	char_tracker_stage05	chandler|ross	absent			low	speaker_offscreen
37	225	560.37	561.33	How do you do that?	Chandler	high	community_transcript_match	1.0	dialogue	False	True	Chandler | Phoebe		Phoebe	False		Speaker agrees with available community-transcript mapping.	How do you do that?	Chandler	Chandler	present	char_tracker_stage05	chandler|joey|ross	present	1.0		high	
37	226	561.81	562.77	It's like a gift.	Phoebe	high	qa_review_resolved_ct_support	1.0	dialogue	False	True	Chandler | Phoebe	Chandler	Chandler	True	speaker_offscreen	Speaker agrees with available community-transcript mapping. | QA resolved prior review with community-transcript support.	It's like a gift.	Phoebe	Phoebe	present	char_tracker_stage05	chandler|ross	absent	0.0		low	speaker_offscreen
37	227	566.29	568.69	We should always, always break up together.	Chandler	high	community_transcript_match	1.0	dialogue	False	True	Chandler | Phoebe	Phoebe	Phoebe	False		Speaker agrees with available community-transcript mapping.	We should always always break up together.	Chandler	Chandler	present	char_tracker_stage05	chandler|joey|ross	present	0.6667		high	
37	228	568.77	569.89	Oh, I'd like that.	Phoebe	high	qa_review_resolved_ct_support	1.0	dialogue	False	True	Chandler | Phoebe	Chandler		True	speaker_offscreen	Speaker agrees with available community-transcript mapping. | QA resolved prior review with community-transcript support.	Oh, I'd like that.	Phoebe	Phoebe	present	char_tracker_stage05	joey	absent	0.0		low	speaker_offscreen
38	229	572.13	573.49	You got the clothes clean.	Ross	high	qa_review_resolved_ct_support	1.0	dialogue	False	True	Ross | Rachel		Ross	True	speaker_offscreen	Speaker agrees with available community-transcript mapping. | QA resolved prior review with community-transcript support.	You got the clothes clean	Ross	Ross	present	char_tracker_stage05	joey	absent	0.0		low	speaker_offscreen
38	230	573.57	574.93	Now that's the important part.	Ross	high	qa_review_resolved_ct_support	1.0	dialogue	False	True	Ross | Rachel	Ross	Rachel	True	speaker_offscreen	Speaker agrees with available community-transcript mapping. | QA resolved prior review with community-transcript support.	You got the clothes clean. Now that's the important part.	Ross	Ross	present	char_tracker_stage05	joey|monica	absent	0.0		low	speaker_offscreen
38	231	575.32	576.2	Oh, I guess.	Rachel	high	qa_review_resolved_ct_support	1.0	dialogue	False	True	Ross | Rachel	Ross	Rachel	True	speaker_offscreen	Speaker agrees with available community-transcript mapping. | QA resolved prior review with community-transcript support.	Oh, I guess	Rachel	Rachel	present	char_tracker_stage05	chandler|monica|ross	absent	0.0		low	speaker_offscreen
38	232	576.6	578.92	Except everything looks like jammies now.	Rachel	high	qa_review_resolved_bridge	1.0	dialogue	False	True	Ross | Rachel	Rachel	Rachel	True	speaker_offscreen	Speaker agrees with available community-transcript mapping. | QA resolved prior review by same-speaker bridge.	Oh, I guess. Except everything looks like jammies now.	Rachel	Rachel	present	char_tracker_stage05	chandler|ross	absent	0.0		low	speaker_offscreen
38	233	584.6	585.08	Whoa.	Rachel	high	qa_review_resolved_ct_support	1.0	dialogue	False	True	Ross | Rachel	Rachel		True	speaker_offscreen	Speaker agrees with available community-transcript mapping. | QA resolved prior review with community-transcript support.	whoa	Rachel	Rachel	present	char_tracker_stage05	chandler|joey|phoebe|ross	absent	0.0		low	speaker_offscreen
39	234	585.08	585.88	I'm sorry.	Rachel	high	qa_review_resolved_ct_support	1.0	dialogue	False	True	Rachel | Woman		Rachel	True	speaker_offscreen	Speaker agrees with available community-transcript mapping. | QA resolved prior review with community-transcript support.	Whoa, I'm sorry	Rachel	Rachel	present	char_tracker_stage05	joey|phoebe	absent	0.0		low	speaker_offscreen
39	235	586.28	586.92	Excuse me.	Rachel	high	qa_review_resolved_bridge	1.0	dialogue	False	True	Rachel | Woman	Rachel	Rachel	True	speaker_offscreen	Speaker agrees with available community-transcript mapping. | QA resolved prior review by same-speaker bridge.	Excuse me	Rachel	Rachel	present	char_tracker_stage05	joey|phoebe	absent	0.0		low	speaker_offscreen
39	236	586.92	588.68	We had this cart.	Rachel	high	qa_review_resolved_ct_support	1.0	dialogue	False	True	Rachel | Woman	Rachel	Woman	True	speaker_offscreen	Speaker agrees with available community-transcript mapping. | QA resolved prior review with community-transcript support.	Whoa, I'm sorry. Excuse me. We had this cart.	Rachel	Rachel	present	char_tracker_stage05	chandler|joey|phoebe|ross	absent	0.0		low	speaker_offscreen
39	237	589.4	591.359	Yeah, well, I had a 24 inch waist.	Woman	high	community_transcript_match	1.0	dialogue	False	True	Rachel | Woman	Rachel	Woman	False		Speaker agrees with available community-transcript mapping.	Yeah, well, I had a 24-inch waist. You lose things. Now come on, get outta my way.	Woman	Woman	present	char_tracker_stage05	phoebe	unobserved			high	
39	238	591.359	592.2	You lose things.	Woman	high	community_transcript_match	1.0	dialogue	False	True	Rachel | Woman	Woman	Woman	False		Speaker agrees with available community-transcript mapping.	You lose things	Woman	Woman	present	char_tracker_stage05	phoebe	unobserved			high	
39	239	592.28	594.2	Now, come on, get out of my way.	Woman	high	community_transcript_match	1.0	dialogue	False	True	Rachel | Woman	Woman	Rachel	False		Speaker agrees with available community-transcript mapping.	Now come on, get outta my way	Woman	Woman	present	char_tracker_stage05	phoebe	unobserved			high	
39	240	595.0	595.64	I'm sorry.	Rachel	high	qa_review_resolved_ct_support	1.0	dialogue	False	True	Rachel | Woman	Woman		True	speaker_offscreen	Speaker agrees with available community-transcript mapping. | QA resolved prior review with community-transcript support.	i'm sorry uh this is our cart	Rachel	Rachel	present	char_tracker_stage05	phoebe	absent	0.0		low	speaker_offscreen
40	241	595.64	597.24	You know, maybe I wasn't being clear.	Rachel	high	qa_review_resolved_ct_support	1.0	dialogue	False	True	Rachel | Woman		Rachel	True	speaker_offscreen	Speaker agrees with available community-transcript mapping. | QA resolved prior review with community-transcript support.	I'm sorry, you know, maybe I wasn't being clear. Uh, this is our cart.	Rachel	Rachel	present	char_tracker_stage05	phoebe	absent	0.0		low	speaker_offscreen
40	242	597.96	598.92	This was our cart.	Rachel	high	community_transcript_match	1.0	dialogue	False	True	Rachel | Woman	Rachel	Woman	False		Speaker agrees with available community-transcript mapping.	Uh, this is our cart	Rachel	Rachel	present	char_tracker_stage05	phoebe|rachel	present	0.5		high	
40	243	598.92	599.6	Hey, hey, hey.	Woman	high	community_transcript_match	1.0	dialogue	False	True	Rachel | Woman	Rachel	Woman	False		Speaker agrees with available community-transcript mapping.	hey hey hey	Woman	Woman	present	char_tracker_stage05	phoebe|rachel	unobserved			high	
40	244	599.6	601.0	There weren't any clothes in it.	Woman	high	community_transcript_match	1.0	dialogue	False	True	Rachel | Woman	Woman	Rachel	False		Speaker agrees with available community-transcript mapping.	Hey, hey, hey there aren't any clothes in it.	Woman	Woman	present	char_tracker_stage05	phoebe|rachel	unobserved			high	
40	245	601.0	602.28	Hey, hey, hey, hey.	Rachel	high	community_transcript_match	1.0	dialogue	False	True	Rachel | Woman	Woman	Rachel	False		Speaker agrees with available community-transcript mapping.	hey hey hey hey	Rachel	Rachel	present	char_tracker_stage05	phoebe|rachel	present	1.0		high	
40	246	602.28	603.48	Quit making up rules.	Rachel	high	community_transcript_match	1.0	dialogue	False	True	Rachel | Woman	Rachel	Rachel	False		Speaker agrees with available community-transcript mapping.	Hey, hey, hey, hey, quit making up rules!	Rachel	Rachel	present	char_tracker_stage05	phoebe|rachel	present	1.0		high	
40	247	603.89	604.53	Fresh golf.	Rachel	high	qa_review_resolved_bridge	0.9	dialogue	True	False	Rachel | Woman	Rachel	Rachel	False		Filled from previous same-scene context. | QA resolved prior review by same-speaker bridge.				present	char_tracker_stage05	monica|phoebe|rachel	present			high	
40	248	604.53	604.93	Come on.	Rachel	high	qa_review_resolved_bridge	0.9	dialogue	True	False	Rachel | Woman	Rachel	Rachel	False		Filled from previous same-scene context. | QA resolved prior review by same-speaker bridge.				present	char_tracker_stage05	monica|phoebe|rachel	present			high	
40	249	604.93	605.17	This.	Rachel	medium	scene_context_inference	0.68	dialogue	True	False	Rachel | Woman	Rachel		True	scene_end_short_utterance	Filled from previous same-scene context.				present	char_tracker_stage05	chandler|monica|phoebe|rachel|ross	present			medium	
41	250	607.65	608.73	All right, listen, Mitzy.	Rachel	high	qa_review_resolved_ct_support	1.0	dialogue	False	True	Rachel		Rachel	True	speaker_offscreen	Speaker agrees with available community-transcript mapping. | QA resolved prior review with community-transcript support.	All right, listen, missy	Rachel	Rachel	present	char_tracker_stage05	chandler|joey|ross	absent	0.0		low	speaker_offscreen
41	251	608.73	611.73	If you want this part, you're going to have to take me with it.	Rachel	high	qa_review_resolved_ct_support	1.0	dialogue	False	True	Rachel	Rachel		True	speaker_offscreen	Speaker agrees with available community-transcript mapping. | QA resolved prior review with community-transcript support.	All right, listen, missy. If you want this cart, you're gonna have to take me with it!	Rachel	Rachel	present	char_tracker_stage05	chandler|joey|ross	absent	0.0		low	speaker_offscreen
42	252	621.17	622.01	Did you see that?	Rachel	high	qa_review_resolved_ct_support	1.0	dialogue	False	True	Rachel | Ross		Ross	True	speaker_no_face	Speaker agrees with available community-transcript mapping. | QA resolved prior review with community-transcript support.	(to Ross) Yes! Did you see that?	Rachel	Rachel	absent	char_tracker_stage05		absent	0.0		medium	speaker_no_face
42	253	622.01	622.93	You were incredible.	Ross	high	qa_review_resolved_ct_support	1.0	dialogue	False	True	Rachel | Ross	Rachel	Ross	True	speaker_no_face	Speaker agrees with available community-transcript mapping. | QA resolved prior review with community-transcript support.	You were incredible	Ross	Ross	absent	char_tracker_stage05		absent	0.0		medium	speaker_no_face
42	254	623.33	625.09	A brand new woman, ladies and gentlemen.	Ross	high	qa_review_resolved_ct_support	1.0	dialogue	False	True	Rachel | Ross	Ross	Rachel	True	speaker_offscreen	Speaker agrees with available community-transcript mapping. | QA resolved prior review with community-transcript support.	You were incredible! Brand new woman, ladies and gentlemen.	Ross	Ross	present	char_tracker_stage05	monica	absent	0.0		low	speaker_offscreen
42	255	627.09	628.29	Have done this without you.	Rachel	high	community_transcript_match	1.0	dialogue	False	True	Rachel | Ross	Ross		False		Speaker agrees with available community-transcript mapping.	I could not have done this without you.	Rachel	Rachel	present	char_tracker_stage05	monica|rachel	present	1.0		high	
43	256	635.02	638.46	Okay, more clothes in the dryer.	Ross	high	qa_review_resolved_ct_support	1.0	dialogue	False	True	Ross		Ross	True	speaker_offscreen	Speaker agrees with available community-transcript mapping. | QA resolved prior review with community-transcript support.	Ok, um, uh, more clothes in the dryer? (Ross turns and bangs his head on an open dryer door.) I'm fine, I'm fine.	Ross	Ross	present	char_tracker_stage05	monica	absent	0.0		low	speaker_offscreen
43	257	641.18	641.82	I'm fine.	Ross	high	qa_review_resolved_bridge	1.0	dialogue	False	True	Ross	Ross	Ross	True	speaker_offscreen	Speaker agrees with available community-transcript mapping. | QA resolved prior review by same-speaker bridge.	I'm fine, I'm fine	Ross	Ross	present	char_tracker_stage05	monica	absent	0.0		low	speaker_offscreen
43	258	641.82	642.46	I'm fine.	Ross	high	qa_review_resolved_bridge	1.0	dialogue	False	True	Ross	Ross	Ross	True	speaker_offscreen	Speaker agrees with available community-transcript mapping. | QA resolved prior review by same-speaker bridge.	i'm fine	Ross	Ross	present	char_tracker_stage05	monica	absent	0.0		low	speaker_offscreen
43	259	642.54	642.94	No.	Ross	high	qa_review_resolved_ct_support	1.0	dialogue	False	True	Ross	Ross		True	speaker_offscreen	Speaker agrees with available community-transcript mapping. | QA resolved prior review with community-transcript support.	No.	Ross	Ross	present	char_tracker_stage05	monica	absent	0.0		low	speaker_offscreen
45	260	647.5	649.02	Are you sure you're okay?	Rachel	high	qa_review_resolved_ct_support	1.0	dialogue	False	True	Rachel | Ross | Phoebe		Ross	True	speaker_offscreen	Speaker agrees with available community-transcript mapping. | QA resolved prior review with community-transcript support.	Oh, are you sure you're ok?	Rachel	Rachel	present	char_tracker_stage05	ross	absent	0.0		low	speaker_offscreen
45	261	649.34	649.82	Yeah.	Ross	high	qa_review_resolved_ct_support	1.0	dialogue	False	True	Rachel | Ross | Phoebe	Rachel	Rachel	True	speaker_no_face	Speaker agrees with available community-transcript mapping. | QA resolved prior review with community-transcript support.	Yeah.	Ross	Ross	absent	char_tracker_stage05		absent	0.0		medium	speaker_no_face
45	262	650.06	651.18	Does it still hurt?	Rachel	high	qa_review_resolved_ct_support	1.0	dialogue	False	True	Rachel | Ross | Phoebe	Ross	Ross	True	speaker_no_face	Speaker agrees with available community-transcript mapping. | QA resolved prior review with community-transcript support.	Does it still hurt?	Rachel	Rachel	absent	char_tracker_stage05		absent	0.0		medium	speaker_no_face
45	263	651.42	651.98	Yeah.	Ross	high	qa_review_resolved_ct_support	1.0	dialogue	False	True	Rachel | Ross | Phoebe	Rachel	Phoebe	True	speaker_no_face	Speaker agrees with available community-transcript mapping. | QA resolved prior review with community-transcript support.	Yeah.	Ross	Ross	absent	char_tracker_stage05		absent	0.0		medium	speaker_no_face
45	264	654.7	655.94	What a neat idea.	Phoebe	high	qa_review_resolved_ct_support	1.0	dialogue	False	True	Rachel | Ross | Phoebe	Ross	Phoebe	True	speaker_offscreen	Speaker agrees with available community-transcript mapping. | QA resolved prior review with community-transcript support.	What a neat idea	Phoebe	Phoebe	present	char_tracker_stage05	monica	absent	0.0		low	speaker_offscreen
45	265	655.94	656.98	All your clothes match.	Phoebe	high	qa_review_resolved_bridge	1.0	dialogue	False	True	Rachel | Ross | Phoebe	Phoebe	Phoebe	True	speaker_offscreen	Speaker agrees with available community-transcript mapping. | QA resolved prior review by same-speaker bridge.	(seeing Rachel's clothes) What a neat idea. All your clothes match. I'm gonna do this.	Phoebe	Phoebe	present	char_tracker_stage05	monica	absent	0.0		low	speaker_offscreen
45	266	656.98	657.78	I'm gonna do this.	Phoebe	high	qa_review_resolved_ct_support	1.0	dialogue	False	True	Rachel | Ross | Phoebe	Phoebe		True	speaker_offscreen	Speaker agrees with available community-transcript mapping. | QA resolved prior review with community-transcript support.	I'm gonna do this	Phoebe	Phoebe	present	char_tracker_stage05	monica	absent	0.0		low	speaker_offscreen
46	267	660.49	660.81	Hi.	Monica	high	community_transcript_match	1.0	dialogue	False	True	Monica | Phoebe | Joey | Ross | Rachel | Chandler		Phoebe	False		Speaker agrees with available community-transcript mapping.	Hi.	Monica	Monica	present	char_tracker_stage05	monica	present	1.0		high	
46	268	661.53	661.93	Hey.	Phoebe	high	qa_review_resolved_ct_support	1.0	dialogue	False	True	Monica | Phoebe | Joey | Ross | Rachel | Chandler	Monica	Phoebe	True	speaker_offscreen	Speaker agrees with available community-transcript mapping. | QA resolved prior review with community-transcript support.	hey	Phoebe	Phoebe	present	char_tracker_stage05	monica	absent	0.0		low	speaker_offscreen
46	269	661.93	662.65	How'd it go?	Phoebe	high	qa_review_resolved_ct_support	1.0	dialogue	False	True	Monica | Phoebe | Joey | Ross | Rachel | Chandler	Phoebe	Joey	True	speaker_offscreen	Speaker agrees with available community-transcript mapping. | QA resolved prior review with community-transcript support.	Hey, how'd it go?	Phoebe	Phoebe	present	char_tracker_stage05	monica	absent	0.0		low	speaker_offscreen
46	270	662.89	663.69	Excellent.	Joey	high	qa_review_resolved_ct_support	1.0	dialogue	False	True	Monica | Phoebe | Joey | Ross | Rachel | Chandler	Phoebe	Monica	True	speaker_offscreen	Speaker agrees with available community-transcript mapping. | QA resolved prior review with community-transcript support.	Excellent.	Joey	Joey	present	char_tracker_stage05	monica	absent	0.0		low	speaker_offscreen
46	271	664.09	667.45	We ripped that couple apart and kept the pieces for ourselves.	Monica	high	community_transcript_match	1.0	dialogue	False	True	Monica | Phoebe | Joey | Ross | Rachel | Chandler	Joey	Monica	False		Speaker agrees with available community-transcript mapping.	We ripped that couple apart, and kept the pieces for ourselves.	Monica	Monica	present	char_tracker_stage05	monica	present	1.0		high	
46	272	669.61	670.65	What a beautiful story.	Monica	medium	visual_disambiguation	0.74	dialogue	True	False	Monica | Phoebe | Joey | Ross | Rachel | Chandler	Monica	Monica	False		Only one of the two text-context candidates was visually present in the window.				present	char_tracker_stage05	monica	present			medium	
46	273	670.65	671.21	Yeah.	Monica	medium	visual_disambiguation	0.74	dialogue	True	False	Monica | Phoebe | Joey | Ross | Rachel | Chandler	Monica	Ross	False		Only one of the two text-context candidates was visually present in the window.				present	char_tracker_stage05	monica	present			medium	
46	274	673.37	674.61	Hey, I'm fine, by the way.	Ross	high	qa_review_resolved_ct_support	1.0	dialogue	False	True	Monica | Phoebe | Joey | Ross | Rachel | Chandler	Monica	Monica	True	speaker_offscreen	Speaker agrees with available community-transcript mapping. | QA resolved prior review with community-transcript support.	What a beautiful story. Hey, I'm fine by the way.	Ross	Ross	present	char_tracker_stage05	monica	absent	0.0		low	speaker_offscreen
46	275	674.61	676.65	Oh, I'm sorry.	Monica	high	community_transcript_match	1.0	dialogue	False	True	Monica | Phoebe | Joey | Ross | Rachel | Chandler	Ross	Rachel	False		Speaker agrees with available community-transcript mapping.	(notices his head) Oh, I'm sorry.	Monica	Monica	present	char_tracker_stage05	monica	present	1.0		high	
46	276	676.65	677.69	Hey, where's Chandler?	Rachel	high	qa_review_resolved_ct_support	1.0	dialogue	False	True	Monica | Phoebe | Joey | Ross | Rachel | Chandler	Monica	Phoebe	True	speaker_offscreen	Speaker agrees with available community-transcript mapping. | QA resolved prior review with community-transcript support.	Where's Chandler?	Rachel	Rachel	present	char_tracker_stage05	monica	absent	0.0		low	speaker_offscreen
46	277	677.85	679.61	Oh, he needed some time to grieve.	Phoebe	high	qa_review_resolved_ct_support	1.0	dialogue	False	True	Monica | Phoebe | Joey | Ross | Rachel | Chandler	Rachel	Chandler	True	speaker_offscreen	Speaker agrees with available community-transcript mapping. | QA resolved prior review with community-transcript support.	Oh, he needed some time to grieve.	Phoebe	Phoebe	present	char_tracker_stage05	monica	absent	0.0		low	speaker_offscreen
46	278	679.93	680.57	I'm free.	Chandler	high	qa_review_resolved_ct_support	1.0	dialogue	False	True	Monica | Phoebe | Joey | Ross | Rachel | Chandler	Phoebe		True	speaker_offscreen	Speaker agrees with available community-transcript mapping. | QA resolved prior review with community-transcript support.	i'm free	Chandler	Chandler	present	char_tracker_stage05	monica	absent	0.0		low	speaker_offscreen
47	279	680.81	681.53	I'm free.	Chandler	high	qa_review_resolved_ct_support	1.0	dialogue	False	True	Chandler | Phoebe		Phoebe	True	speaker_offscreen	Speaker agrees with available community-transcript mapping. | QA resolved prior review with community-transcript support.	I'm free! I'm free!	Chandler	Chandler	present	char_tracker_stage05	monica	absent	0.0		low	speaker_offscreen
47	280	684.17	685.01	That ought to do.	Phoebe	high	qa_review_resolved_ct_support	1.0	dialogue	False	True	Chandler | Phoebe	Chandler		True	speaker_no_face	Speaker agrees with available community-transcript mapping. | QA resolved prior review with community-transcript support.	That oughta do it.	Phoebe	Phoebe	absent	char_tracker_stage05		absent	0.0		medium	speaker_no_face
