scene_id	sentence_id	start	end	utterance	speaker	speaker_confidence	speaker_method	alignment_score	row_type	filled_from_missing	matched_to_ct	scene_speaker_set	prev_speaker_scene	next_speaker_scene	review_flag	review_reason	notes	utterance_ct	speaker_ct	speaker_original	visual_presence	visual_presence_source	visual_presence_chars	speaker_visual_presence	speaker_visual_ratio	visual_presence_note	annotation_confidence	annotation_review_reason
1	1	1.76	2.4	Oh, good.		low	unresolved	0.0	dialogue	False	False				True	unresolved_no_reliable_inference | missing_speaker	No reliable automatic assignment available.				present	char_tracker_stage05	monica|rachel	unknown			low	missing_speaker
5	2	2.88	3.52	Thank you.	Rachel	high	community_transcript_match	1.0	dialogue	False	True	Rachel | Monica | Nurse		Rachel	False		Speaker agrees with available community-transcript mapping.	You.	Rachel	Rachel	present	char_tracker_stage05	monica|rachel	present	1.0		high	
5	3	4.08	4.72	Insurance.	Rachel	high	scene_context_bridge	0.88	dialogue	True	False	Rachel | Monica | Nurse	Rachel	Rachel	False		Same speaker appears on both sides within the same scene.				present	char_tracker_stage05	monica|rachel	present			high	
5	4	5.68	6.92	Oh, yeah, check it.	Rachel	high	community_transcript_match	1.0	dialogue	False	True	Rachel | Monica | Nurse	Rachel	Rachel	False		Speaker agrees with available community-transcript mapping.	Yeah.	Rachel	Rachel	present	char_tracker_stage05	monica|rachel	present	1.0		high	
5	5	6.92	8.4	Definitely gonna want some of that.	Rachel	high	community_transcript_match	1.0	dialogue	False	True	Rachel | Monica | Nurse	Rachel	Monica	False		Speaker agrees with available community-transcript mapping.	Oh, yeah, check it. Definitely, I want some of that.	Rachel	Rachel	present	char_tracker_stage05	rachel	present	1.0		high	
5	6	9.92	11.12	You don't have insurance?	Monica	high	community_transcript_match	1.0	dialogue	False	True	Rachel | Monica | Nurse	Rachel	Rachel	False		Speaker agrees with available community-transcript mapping.	(No longer touched) you don't have insurance?	Monica	Monica	present	char_tracker_stage05	monica|rachel	present	1.0		high	
5	7	11.44	11.8	Why?	Rachel	high	community_transcript_match	1.0	dialogue	False	True	Rachel | Monica | Nurse	Monica	Rachel	False		Speaker agrees with available community-transcript mapping.	why	Rachel	Rachel	present	char_tracker_stage05	monica|rachel	present	1.0		high	
5	8	11.8	13.04	How much is this gonna cost?	Rachel	high	community_transcript_match	1.0	dialogue	False	True	Rachel | Monica | Nurse	Rachel	Monica	False		Speaker agrees with available community-transcript mapping.	Why, how much is this gonna cost?	Rachel	Rachel	present	char_tracker_stage05	monica|rachel	present	1.0		high	
5	9	13.2	14.16	I have no idea.	Monica	high	community_transcript_match	1.0	dialogue	False	True	Rachel | Monica | Nurse	Rachel	Monica	False		Speaker agrees with available community-transcript mapping.	i have no idea	Monica	Monica	present	char_tracker_stage05	monica|rachel	present	1.0		high	
5	10	14.16	16.08	But X rays alone could be a couple hundred dollars.	Monica	high	community_transcript_match	1.0	dialogue	False	True	Rachel | Monica | Nurse	Monica	Rachel	False		Speaker agrees with available community-transcript mapping.	I have no idea, but X-rays alone could be a couple hundred dollars.	Monica	Monica	present	char_tracker_stage05	monica	present	1.0		high	
5	11	16.16	17.36	Well, what are we gonna do?	Rachel	high	community_transcript_match	1.0	dialogue	False	True	Rachel | Monica | Nurse	Monica	Monica	False		Speaker agrees with available community-transcript mapping.	Wel-wel-well what are we gonna do?	Rachel	Rachel	present	char_tracker_stage05	monica|rachel	present	1.0		high	
5	12	17.36	18.8	Ooh, there's not much we can do.	Monica	high	community_transcript_match	1.0	dialogue	False	True	Rachel | Monica | Nurse	Rachel	Rachel	False		Speaker agrees with available community-transcript mapping.	Well there's not much we can do.	Monica	Monica	present	char_tracker_stage05	monica|rachel	present	1.0		high	
5	13	19.76	21.72	Um, unless.	Rachel	high	community_transcript_match	1.0	dialogue	False	True	Rachel | Monica | Nurse	Monica	Rachel	False		Speaker agrees with available community-transcript mapping.	Um	Rachel	Rachel	present	char_tracker_stage05	rachel	present	1.0		high	
5	14	21.72	22.96	Unless I use yours.	Rachel	high	community_transcript_match	1.0	dialogue	False	True	Rachel | Monica | Nurse	Rachel	Monica	False		Speaker agrees with available community-transcript mapping.	(Like a big baby) Um... unless, unless I use yours.	Rachel	Rachel	present	char_tracker_stage05	rachel	present	1.0		high	
5	15	24.24	26.16	No, no, no, no, no, no, no, no, no.	Monica	high	community_transcript_match	1.0	dialogue	False	True	Rachel | Monica | Nurse	Rachel	Rachel	False		Speaker agrees with available community-transcript mapping.	Hah, no no no no no no no no no no.	Monica	Monica	present	char_tracker_stage05	monica|rachel	present	1.0		high	
5	16	26.56	27.96	Well, now, wait a second.	Rachel	high	community_transcript_match	1.0	dialogue	False	True	Rachel | Monica | Nurse	Monica	Rachel	False		Speaker agrees with available community-transcript mapping.	"(Tapping the clipboard) well, now, wait a second, who did I just put as my ""In case of emergency"" person?"	Rachel	Rachel	present	char_tracker_stage05	monica|rachel	present	1.0		high	
5	17	27.96	28.78	Who did I just pull?	Rachel	high	qa_review_resolved_bridge	0.9	dialogue	True	False	Rachel | Monica | Nurse	Rachel	Rachel	False		No direct transcript match; longer line defaulted to previous speaker in same scene. | QA resolved prior review by same-speaker bridge.				present	char_tracker_stage05	monica|rachel	present			high	
5	18	28.85	30.29	What is my case of emergency person?	Rachel	medium	scene_context_inference	0.66	dialogue	True	False	Rachel | Monica | Nurse	Rachel	Monica	True	two_sided_context_ambiguous	No direct transcript match; longer line defaulted to previous speaker in same scene.				present	char_tracker_stage05	monica|rachel	present			medium	
5	19	31.49	33.01	It's insurance fraud.	Monica	high	community_transcript_match	1.0	dialogue	False	True	Rachel | Monica | Nurse	Rachel	Rachel	False		Speaker agrees with available community-transcript mapping.	(Looking around to check that no-one's listening, then lowering her voice anyway) That's insurance fraud.	Monica	Monica	present	char_tracker_stage05	monica|rachel	present	1.0		high	
5	20	35.01	36.85	Well, all right then forget it.	Rachel	high	community_transcript_match	1.0	dialogue	False	True	Rachel | Monica | Nurse	Monica	Rachel	False		Speaker agrees with available community-transcript mapping.	Well, alright, then, forget it	Rachel	Rachel	present	char_tracker_stage05	rachel	present	1.0		high	
5	21	36.93	38.05	Might as well just go home.	Rachel	high	qa_review_resolved_bridge	1.0	dialogue	False	True	Rachel | Monica | Nurse	Rachel	Rachel	True	speaker_no_face	Speaker agrees with available community-transcript mapping. | QA resolved prior review by same-speaker bridge.	Well, alright, then, forget it. (Getting up to go) Might as well just go home. Ow ow ow ow!	Rachel	Rachel	partial	char_tracker_stage05		absent	0.3333		medium	speaker_no_face
5	22	38.37	38.77	Ow.	Rachel	high	qa_review_resolved_bridge	1.0	dialogue	False	True	Rachel | Monica | Nurse	Rachel	Rachel	True	speaker_no_face	Speaker agrees with available community-transcript mapping. | QA resolved prior review by same-speaker bridge.	Ow ow ow ow	Rachel	Rachel	absent	char_tracker_stage05		absent	0.0		medium	speaker_no_face
5	23	38.77	39.17	Ow.	Rachel	high	qa_review_resolved_ct_support	1.0	dialogue	False	True	Rachel | Monica | Nurse	Rachel	Monica	True	speaker_no_face	Speaker agrees with available community-transcript mapping. | QA resolved prior review with community-transcript support.	ow ow ow	Rachel	Rachel	absent	char_tracker_stage05		absent	0.0		medium	speaker_no_face
5	24	39.97	42.13	Ok, come here.	Monica	medium	visual_disambiguation	0.74	dialogue	True	False	Rachel | Monica | Nurse	Rachel	Monica	False		Only one of the two text-context candidates was visually present in the window.				present	char_tracker_stage05	monica	present			medium	
5	25	42.45	43.25	I hate this.	Monica	high	qa_review_resolved_ct_support	1.0	dialogue	False	True	Rachel | Monica | Nurse	Monica	Rachel	True	speaker_no_face	Speaker agrees with available community-transcript mapping. | QA resolved prior review with community-transcript support.	(Jumping up to make Rachel sit down) Okay, okay. I hate this.	Monica	Monica	absent	char_tracker_stage05		absent	0.0		medium	speaker_no_face
5	26	43.25	43.89	Thank you.	Rachel	high	qa_review_resolved_ct_support	1.0	dialogue	False	True	Rachel | Monica | Nurse	Monica	Rachel	True	speaker_no_face	Speaker agrees with available community-transcript mapping. | QA resolved prior review with community-transcript support.	Thank you	Rachel	Rachel	absent	char_tracker_stage05		absent	0.0		medium	speaker_no_face
5	27	43.97	44.41	Thank you.	Rachel	high	qa_review_resolved_bridge	1.0	dialogue	False	True	Rachel | Monica | Nurse	Rachel	Rachel	True	speaker_offscreen	Speaker agrees with available community-transcript mapping. | QA resolved prior review by same-speaker bridge.	Thank you	Rachel	Rachel	present	char_tracker_stage05	monica	absent	0.0		low	speaker_offscreen
5	28	44.41	45.009	I love you.	Rachel	high	qa_review_resolved_ct_support	1.0	dialogue	False	True	Rachel | Monica | Nurse	Rachel	Monica	True	speaker_offscreen	Speaker agrees with available community-transcript mapping. | QA resolved prior review with community-transcript support.	Thank you. Thank you. I love you.	Rachel	Rachel	present	char_tracker_stage05	monica	absent	0.0		low	speaker_offscreen
5	29	45.65	46.13	Hi.	Monica	high	community_transcript_match	1.0	dialogue	False	True	Rachel | Monica | Nurse	Rachel	Monica	False		Speaker agrees with available community-transcript mapping.	hi um	Monica	Monica	present	char_tracker_stage05	monica	present	1.0		high	
5	30	48.05	50.29	I'm gonna need a new set of these forms.	Monica	high	community_transcript_match	1.0	dialogue	False	True	Rachel | Monica | Nurse	Monica	Nurse	False		Speaker agrees with available community-transcript mapping.	(to the nurse) Hi, (tiny laugh) um, I'm gonna need a new set of (tiny laugh) these forms (tiny laugh).	Monica	Monica	present	char_tracker_stage05	monica	present	1.0		high	
5	31	51.01	51.41	Why?	Nurse	high	community_transcript_match	1.0	dialogue	False	True	Rachel | Monica | Nurse	Monica	Monica	False		Speaker agrees with available community-transcript mapping.	Why?	Nurse	Nurse	present	char_tracker_stage05	monica	unobserved			high	
5	32	53.09	54.61	I'm really an idiot.	Monica	high	community_transcript_match	1.0	dialogue	False	True	Rachel | Monica | Nurse	Nurse	Monica	False		Speaker agrees with available community-transcript mapping.	I am really an idiot	Monica	Monica	present	char_tracker_stage05	monica	present	1.0		high	
5	33	56.61	62.43	You see, I was filling out my friend's form and instead of putting her, I put mine.	Monica	high	community_transcript_match	1.0	dialogue	False	True	Rachel | Monica | Nurse	Monica	Nurse	False		Speaker agrees with available community-transcript mapping.	(Tiny laugh) I am really an idiot. (Tiny laugh) you see, I was filling out my friend's form, and instead of putting her information, (tiny laugh) I put mine.	Monica	Monica	present	char_tracker_stage05	monica	present	1.0		high	
5	34	62.99	64.11	You are an idiot.	Nurse	high	community_transcript_match	1.0	dialogue	False	True	Rachel | Monica | Nurse	Monica	Monica	False		Speaker agrees with available community-transcript mapping.	You are an idiot. (She hands over a blank form).	Nurse	Nurse	partial	char_tracker_stage05		unobserved			high	
5	35	65.71	66.91	Yep, that's me.	Monica	high	community_transcript_match	1.0	dialogue	False	True	Rachel | Monica | Nurse	Nurse	Monica	False		Speaker agrees with available community-transcript mapping.	(Tiny laugh) yep, that's me, (tiny laugh) I am that stupid (tiny laugh).	Monica	Monica	present	char_tracker_stage05	monica	present	1.0		high	
5	36	67.31	68.75	I'm that stupid.	Monica	high	community_transcript_match	1.0	dialogue	False	True	Rachel | Monica | Nurse	Monica		False		Speaker agrees with available community-transcript mapping.	i am that stupid	Monica	Monica	present	char_tracker_stage05	monica	present	1.0		high	
6	37	71.15	74.11	I had a dream last night where I was playing football with my kid.	Ross	high	qa_review_resolved_ct_support	1.0	dialogue	False	True	Ross | Chandler and Joey | Joey | Chandler		Chandler and Joey	True	speaker_no_face	Speaker agrees with available community-transcript mapping. | QA resolved prior review with community-transcript support.	I had a dream last night where I was playing football with my kid.	Ross	Ross	partial	char_tracker_stage05		absent	0.0		medium	speaker_no_face
6	38	74.91	75.71	Oh, that's nice.	Chandler and Joey	high	community_transcript_match	1.0	dialogue	False	True	Ross | Chandler and Joey | Joey | Chandler	Ross	Ross	False		Speaker agrees with available community-transcript mapping.	That's nice.	Chandler and Joey	Chandler and Joey	present	char_tracker_stage05	chandler|joey	unobserved			high	
6	39	76.35	77.39	No, no, with him.	Ross	high	community_transcript_match	1.0	dialogue	False	True	Ross | Chandler and Joey | Joey | Chandler	Chandler and Joey	Ross	False		Speaker agrees with available community-transcript mapping.	No, no, with him	Ross	Ross	present	char_tracker_stage05	chandler|joey|ross	present	1.0		high	
6	40	81.47	83.19	I'm on this field and they.	Ross	high	community_transcript_match	1.0	dialogue	False	True	Ross | Chandler and Joey | Joey | Chandler	Ross	Ross	False		Speaker agrees with available community-transcript mapping.	No, no, with him. (He mimes holding the baby like a football.) I'm on this field, and they, they hike me the baby... and I, I know I've gotta do something 'cause the Tampa Bay defence is comin' right at me.	Ross	Ross	present	char_tracker_stage05	ross	present	1.0		high	
6	41	83.19	84.75	They hike me the baby.	Ross	high	qa_review_resolved_bridge	0.9	dialogue	True	False	Ross | Chandler and Joey | Joey | Chandler	Ross	Ross	False		No direct transcript match; longer line defaulted to previous speaker in same scene. | QA resolved prior review by same-speaker bridge.				present	char_tracker_stage05	chandler|joey|ross	present			high	
6	42	86.11	87.67	And I. I know I've got to do something.	Ross	high	qa_review_resolved_bridge	0.9	dialogue	True	False	Ross | Chandler and Joey | Joey | Chandler	Ross	Ross	False		Continuation-style opener favors previous speaker within the same scene. | QA resolved prior review by same-speaker bridge.				present	char_tracker_stage05	chandler|joey|ross	present			high	
6	43	87.67	90.11	Cause the Tampa Bay defense is coming right at me.	Ross	medium	visual_disambiguation	0.74	dialogue	True	False	Ross | Chandler and Joey | Joey | Chandler	Ross	Joey	False		Only one of the two text-context candidates was visually present in the window.				present	char_tracker_stage05	ross	present			medium	
6	44	91.15	92.27	Tampa Bay's got.	Joey	high	community_transcript_match	1.0	dialogue	False	True	Ross | Chandler and Joey | Joey | Chandler	Ross	Ross	False		Speaker agrees with available community-transcript mapping.	Tampa Bay's got a terrible team.	Joey	Joey	present	char_tracker_stage05	chandler|joey	present	1.0		high	
6	45	94.57	94.77	Right.	Ross	medium	visual_disambiguation	0.74	dialogue	True	False	Ross | Chandler and Joey | Joey | Chandler	Joey	Ross	False		Only one of the two text-context candidates was visually present in the window.				present	char_tracker_stage05	ross	present			medium	
6	46	94.77	98.61	But it is just me and the baby.	Ross	high	community_transcript_match	1.0	dialogue	False	True	Ross | Chandler and Joey | Joey | Chandler	Ross	Ross	False		Speaker agrees with available community-transcript mapping.	Right, but, it is just me and the baby, so I'm thinkin' they can take us. And so I uh, hah-hah, I just heave it down field.	Ross	Ross	present	char_tracker_stage05	ross	present	1.0		high	
6	47	98.61	100.17	So I'm thinking they can take us.	Ross	high	community_transcript_match	1.0	dialogue	False	True	Ross | Chandler and Joey | Joey | Chandler	Ross	Ross	False		Speaker agrees with available community-transcript mapping.	right so i'm thinkin' they can take us and so i uh hah hah i just heave it down field	Ross	Ross	present	char_tracker_stage05	ross	present	1.0		high	
6	48	102.81	106.65	And so I. I just heave it downfield.	Ross	high	community_transcript_match	1.0	dialogue	False	True	Ross | Chandler and Joey | Joey | Chandler	Ross	Chandler	False		Speaker agrees with available community-transcript mapping.	right and so i uh hah hah i just heave it down field	Ross	Ross	present	char_tracker_stage05	ross	present	1.0		high	
6	49	106.65	107.33	What do you crave?	Chandler	low	scene_context_inference	0.58	dialogue	True	False	Ross | Chandler and Joey | Joey | Chandler	Ross	Chandler	True	two_sided_context_ambiguous | low_speaker_confidence	No direct transcript match; weak local context only.				present	char_tracker_stage05	chandler|joey|ross	present			low	low_speaker_confidence
6	50	107.33	108.17	That's a baby.	Chandler	high	community_transcript_match	1.0	dialogue	False	True	Ross | Chandler and Joey | Joey | Chandler	Chandler	Joey	False		Speaker agrees with available community-transcript mapping.	What are you crazy? That's a baby!	Chandler	Chandler	present	char_tracker_stage05	chandler|joey	present	1.0		high	
6	51	108.89	110.33	He should take this sack.	Joey	high	community_transcript_match	1.0	dialogue	False	True	Ross | Chandler and Joey | Joey | Chandler	Chandler	Ross	False		Speaker agrees with available community-transcript mapping.	He should take the sack?	Joey	Joey	present	char_tracker_stage05	chandler|joey	present	1.0		high	
6	52	114.81	117.93	Anyway, suddenly I'm downfield.	Ross	medium	visual_disambiguation	0.74	dialogue	True	False	Ross | Chandler and Joey | Joey | Chandler	Joey	Ross	False		Only one of the two text-context candidates was visually present in the window.				present	char_tracker_stage05	ross	present			medium	
6	53	118.58	121.86	And I realize that I'm the one who's supposed to catch him, right?	Ross	high	community_transcript_match	1.0	dialogue	False	True	Ross | Chandler and Joey | Joey | Chandler	Ross	Ross	False		Speaker agrees with available community-transcript mapping.	Anyway, suddenly I'm down field, and I realise that I'm the one who's supposed to catch him, right? Only I know there is no way I'm gonna get there in time, so I am running, and running, and that, that is when I woke up. See I, I am so not ready to be a father.	Ross	Ross	present	char_tracker_stage05	ross	present	1.0		high	
6	54	122.5	124.98	Only I know there was no way I'm gonna get there in time, right?	Ross	high	community_transcript_match	1.0	dialogue	False	True	Ross | Chandler and Joey | Joey | Chandler	Ross	Ross	False		Speaker agrees with available community-transcript mapping.	Only I know there is no way I'm gonna get there in time, so I am running, and running, and that, that is when I woke up	Ross	Ross	present	char_tracker_stage05	ross	present	1.0		high	
6	55	124.98	126.9	So I am running and I'm running.	Ross	high	community_transcript_match	1.0	dialogue	False	True	Ross | Chandler and Joey | Joey | Chandler	Ross	Ross	False		Speaker agrees with available community-transcript mapping.	so i am running and running and that that is when i woke up	Ross	Ross	present	char_tracker_stage05	chandler|joey|ross	present	1.0		high	
6	56	126.9	127.38	And that.	Ross	high	community_transcript_match	1.0	dialogue	False	True	Ross | Chandler and Joey | Joey | Chandler	Ross	Ross	False		Speaker agrees with available community-transcript mapping.	and that that is when i woke up	Ross	Ross	present	char_tracker_stage05	chandler|joey|ross	present	1.0		high	
6	57	127.46	129.06	That is when I woke up.	Ross	high	community_transcript_match	1.0	dialogue	False	True	Ross | Chandler and Joey | Joey | Chandler	Ross	Ross	False		Speaker agrees with available community-transcript mapping.	that is when i woke up	Ross	Ross	present	char_tracker_stage05	ross	present	1.0		high	
6	58	129.38	132.42	See, I. I am so not ready to be a father.	Ross	medium	visual_disambiguation	0.74	dialogue	True	False	Ross | Chandler and Joey | Joey | Chandler	Ross	Chandler	False		Only one of the two text-context candidates was visually present in the window.				present	char_tracker_stage05	ross	present			medium	
6	59	132.82	134.18	Hey, you're gonna be fine.	Chandler	high	community_transcript_match	1.0	dialogue	False	True	Ross | Chandler and Joey | Joey | Chandler	Ross	Chandler	False		Speaker agrees with available community-transcript mapping.	Hey, you're gonna be fine	Chandler	Chandler	present	char_tracker_stage05	chandler|joey	present	1.0		high	
6	60	134.98	138.18	You're one of the most caring, most responsible men in North America.	Chandler	high	community_transcript_match	1.0	dialogue	False	True	Ross | Chandler and Joey | Joey | Chandler	Chandler	Chandler	False		Speaker agrees with available community-transcript mapping.	Hey, you're gonna be fine. You're one of the most caring, most responsible men in North America. You're gonna make a great dad.	Chandler	Chandler	present	char_tracker_stage05	chandler|joey	present	1.0		high	
6	61	140.02	141.54	You're gonna make a great dad.	Chandler	high	community_transcript_match	1.0	dialogue	False	True	Ross | Chandler and Joey | Joey | Chandler	Chandler	Joey	False		Speaker agrees with available community-transcript mapping.	You're gonna make a great dad	Chandler	Chandler	present	char_tracker_stage05	chandler|joey|ross	present	1.0		high	
6	62	142.18	145.26	Yeah, Ross, you and the baby just need better blocking.	Joey	high	community_transcript_match	1.0	dialogue	False	True	Ross | Chandler and Joey | Joey | Chandler	Chandler	Joey	False		Speaker agrees with available community-transcript mapping.	Yeah, Ross. You and the baby just need better blocking.	Joey	Joey	present	char_tracker_stage05	chandler|joey	present	1.0		high	
6	63	149.25	149.57	Oh.	Joey	medium	scene_context_inference	0.68	reaction	True	False	Ross | Chandler and Joey | Joey | Chandler	Joey		True	scene_end_short_utterance	Filled from previous same-scene context.				present	char_tracker_stage05	joey	present			medium	
7	64	149.65	151.97	Have either one of you guys ever been to the Rainbow Room?	Joey	high	community_transcript_match	1.0	dialogue	False	True	Joey | Chandler | Ross		Joey	False		Speaker agrees with available community-transcript mapping.	Oh, have either one of you guys ever been to the Rainbow Room? Is it real expensive?	Joey	Joey	present	char_tracker_stage05	joey	present	1.0		high	
7	65	151.97	152.93	Is it real expensive?	Joey	high	community_transcript_match	1.0	dialogue	False	True	Joey | Chandler | Ross	Joey	Chandler	False		Speaker agrees with available community-transcript mapping.	Is it real expensive	Joey	Joey	present	char_tracker_stage05	joey	present	1.0		high	
7	66	153.17	154.61	Well, only if you order stuff.	Chandler	high	community_transcript_match	1.0	dialogue	False	True	Joey | Chandler | Ross	Joey	Joey	False		Speaker agrees with available community-transcript mapping.	Well, only if you order stuff.	Chandler	Chandler	present	char_tracker_stage05	chandler|joey	present	1.0		high	
7	67	156.37	157.73	I'm taking Ursula tonight.	Joey	high	community_transcript_match	1.0	dialogue	False	True	Joey | Chandler | Ross	Chandler	Joey	False		Speaker agrees with available community-transcript mapping.	I'm takin' Ursula tonight	Joey	Joey	present	char_tracker_stage05	joey	present	1.0		high	
7	68	157.73	158.53	It's her birthday.	Joey	high	community_transcript_match	1.0	dialogue	False	True	Joey | Chandler | Ross	Joey	Ross	False		Speaker agrees with available community-transcript mapping.	I'm takin' Ursula tonight. It's her birthday.	Joey	Joey	present	char_tracker_stage05	joey|ross	present	1.0		high	
7	69	158.53	159.41	Whoa, whoa, whoa.	Ross	high	community_transcript_match	1.0	dialogue	False	True	Joey | Chandler | Ross	Joey	Ross	False		Speaker agrees with available community-transcript mapping.	Wo-wo-whoa	Ross	Ross	present	char_tracker_stage05	joey|ross	present	1.0		high	
7	70	159.41	160.85	What about Phoebe's birthday?	Ross	high	community_transcript_match	1.0	dialogue	False	True	Joey | Chandler | Ross	Ross	Joey	False		Speaker agrees with available community-transcript mapping.	Wo-wo-whoa. What about Phoebe's birthday?	Ross	Ross	present	char_tracker_stage05	chandler|joey|ross	present	1.0		high	
7	71	160.85	161.649	When's that?	Joey	high	community_transcript_match	1.0	dialogue	False	True	Joey | Chandler | Ross	Ross	Ross	False		Speaker agrees with available community-transcript mapping.	When's that?	Joey	Joey	present	char_tracker_stage05	chandler|joey|ross	present	1.0		high	
7	72	164.53	165.41	It's tonight.	Ross	high	community_transcript_match	1.0	dialogue	False	True	Joey | Chandler | Ross	Joey	Joey	False		Speaker agrees with available community-transcript mapping.	Tonight.	Ross	Ross	present	char_tracker_stage05	chandler|joey|ross	present	1.0		high	
7	73	165.73	166.65	Oh, man.	Joey	high	community_transcript_match	1.0	dialogue	False	True	Joey | Chandler | Ross	Ross	Joey	False		Speaker agrees with available community-transcript mapping.	Oh, man	Joey	Joey	present	char_tracker_stage05	joey|ross	present	1.0		high	
7	74	166.65	168.21	What are the odds of that happening?	Joey	high	community_transcript_match	1.0	dialogue	False	True	Joey | Chandler | Ross	Joey		False		Speaker agrees with available community-transcript mapping.	Oh, man. What're the odds of that happening?	Joey	Joey	present	char_tracker_stage05	joey	present	1.0		high	
8	75	171.31	172.19	You take your time.	Ross	high	community_transcript_match	1.0	dialogue	False	True	Ross			False		Speaker agrees with available community-transcript mapping.	You take your time.	Ross	Ross	present	char_tracker_stage05	ross	present	1.0		high	
9	76	178.43	179.31	There it is.	Chandler	high	community_transcript_match	1.0	dialogue	False	True	Chandler | Joey		Chandler	False		Speaker agrees with available community-transcript mapping.	There it is! So what're you gonna do?	Chandler	Chandler	present	char_tracker_stage05	chandler|joey	present	0.5		high	
9	77	183.79	184.83	So what are you gonna do?	Chandler	high	community_transcript_match	1.0	dialogue	False	True	Chandler | Joey	Chandler	Joey	False		Speaker agrees with available community-transcript mapping.	So what're you gonna do	Chandler	Chandler	present	char_tracker_stage05	chandler|joey|ross	present	1.0		high	
9	78	185.39	186.35	What can I do?	Joey	high	community_transcript_match	1.0	dialogue	False	True	Chandler | Joey	Chandler	Joey	False		Speaker agrees with available community-transcript mapping.	What can I do	Joey	Joey	present	char_tracker_stage05	joey	present	1.0		high	
9	79	186.59	189.39	Look, I don't wanna do anything to screw it up with Ursula.	Joey	high	community_transcript_match	1.0	dialogue	False	True	Chandler | Joey	Joey	Chandler	False		Speaker agrees with available community-transcript mapping.	What can I do? Look, I don't want to do anything to screw it up with Ursula.	Joey	Joey	present	char_tracker_stage05	joey	present	1.0		high	
9	80	189.39	190.51	And your friend Phoebe?	Chandler	high	community_transcript_match	1.0	dialogue	False	True	Chandler | Joey	Joey	Joey	False		Speaker agrees with available community-transcript mapping.	And your friend Phoebe?	Chandler	Chandler	present	char_tracker_stage05	chandler|joey	present	1.0		high	
9	81	190.67	193.23	Well, if she's my friend, hopefully she'll understand.	Joey	high	community_transcript_match	1.0	dialogue	False	True	Chandler | Joey	Chandler	Joey	False		Speaker agrees with available community-transcript mapping.	Well, if she's my friend, hopefully she'll understand. I mean, wouldn't you guys?	Joey	Joey	present	char_tracker_stage05	joey	present	1.0		high	
9	82	193.39	194.59	I mean, wouldn't you guys.	Joey	high	community_transcript_match	1.0	dialogue	False	True	Chandler | Joey	Joey	Chandler	False		Speaker agrees with available community-transcript mapping.	I mean, wouldn't you guys	Joey	Joey	present	char_tracker_stage05	joey	present	1.0		high	
9	83	195.23	197.35	Man, if you tried something like that on my birthday?	Chandler	high	qa_review_resolved_ct_support	1.0	dialogue	False	True	Chandler | Joey	Joey	Chandler	True	speaker_no_face	Speaker agrees with available community-transcript mapping. | QA resolved prior review with community-transcript support.	Man, if you tried something like that on my birthday, you'd be starin' at the business end of a hissy fit.	Chandler	Chandler	absent	char_tracker_stage05		absent	0.0		medium	speaker_no_face
9	84	197.35	204.45	You'd be staring at the business end of a hissy saffron.	Chandler	high	qa_review_resolved_ct_support	1.0	dialogue	False	True	Chandler | Joey	Chandler		True	speaker_no_face	Speaker agrees with available community-transcript mapping. | QA resolved prior review with community-transcript support.	you'd be starin' at the business end of a hissy fit	Chandler	Chandler	partial	char_tracker_stage05		absent	0.375		medium	speaker_no_face
11	85	204.45	205.37	It makes all the difference.	Dr. Mitchell	high	community_transcript_match	1.0	dialogue	False	True	Dr. Mitchell			False		Speaker agrees with available community-transcript mapping.	..you add a pinch of saffron, it makes all the difference.	Dr. Mitchell	Dr. Mitchell	absent	char_tracker_stage05		unobserved			high	
12	86	208.97	212.65	Okay, Monica?	Dr. Mitchell	high	community_transcript_match	1.0	dialogue	False	True	Dr. Mitchell | Monica | Rachel (as Monica) | Monica (as Rachel) | Dr. Rosen		Monica	False		Speaker agrees with available community-transcript mapping.	Okay, errrr, Monica?	Dr. Mitchell	Dr. Mitchell	present	char_tracker_stage05	monica|rachel	unobserved			high	
12	87	212.73	213.21	Yes.	Monica	high	community_transcript_match	1.0	dialogue	False	True	Dr. Mitchell | Monica | Rachel (as Monica) | Monica (as Rachel) | Dr. Rosen	Dr. Mitchell	Monica	False		Speaker agrees with available community-transcript mapping.	Yes	Monica	Monica	present	char_tracker_stage05	monica|rachel	present	1.0		high	
12	88	214.01	215.13	Yes, she is.	Monica	high	community_transcript_match	1.0	dialogue	False	True	Dr. Mitchell | Monica | Rachel (as Monica) | Monica (as Rachel) | Dr. Rosen	Monica	Rachel (as Monica)	False		Speaker agrees with available community-transcript mapping.	Yes? (jumping as Rachel punches her arm) ..yes, she is.	Monica	Monica	present	char_tracker_stage05	monica|rachel	present	1.0		high	
12	89	215.93	216.41	Hi.	Rachel (as Monica)	high	community_transcript_match	1.0	dialogue	False	True	Dr. Mitchell | Monica | Rachel (as Monica) | Monica (as Rachel) | Dr. Rosen	Monica	Rachel (as Monica)	False		Speaker agrees with available community-transcript mapping.	hi	Rachel (as Monica)	Rachel (as Monica)	present	char_tracker_stage05	monica|rachel	unobserved			high	
12	90	217.13	218.29	This is my friend Rachel.	Rachel (as Monica)	high	community_transcript_match	1.0	dialogue	False	True	Dr. Mitchell | Monica | Rachel (as Monica) | Monica (as Rachel) | Dr. Rosen	Rachel (as Monica)	Monica (as Rachel)	False		Speaker agrees with available community-transcript mapping.	Hi, this is my friend Rachel.	Rachel (as Monica)	Rachel (as Monica)	present	char_tracker_stage05	monica|rachel	unobserved			high	
12	91	218.29	218.73	Hi.	Monica (as Rachel)	high	community_transcript_match	1.0	dialogue	False	True	Dr. Mitchell | Monica | Rachel (as Monica) | Monica (as Rachel) | Dr. Rosen	Rachel (as Monica)	Dr. Mitchell	False		Speaker agrees with available community-transcript mapping.	Hi.	Monica (as Rachel)	Monica (as Rachel)	present	char_tracker_stage05	monica|rachel	unobserved			high	
12	92	218.89	219.57	Hi, Rachel.	Dr. Mitchell	high	community_transcript_match	1.0	dialogue	False	True	Dr. Mitchell | Monica | Rachel (as Monica) | Monica (as Rachel) | Dr. Rosen	Monica (as Rachel)	Dr. Rosen	False		Speaker agrees with available community-transcript mapping.	(Smiling) Hi, err Rachel. I'm Dr.Mitchell.	Dr. Mitchell	Dr. Mitchell	present	char_tracker_stage05	monica|rachel	unobserved			high	
12	93	219.57	222.09	I'm Dr. Mitchell and I'm his friend, Dr. Rosie.	Dr. Rosen	high	community_transcript_match	1.0	dialogue	False	True	Dr. Mitchell | Monica | Rachel (as Monica) | Monica (as Rachel) | Dr. Rosen	Dr. Mitchell	Dr. Mitchell	False		Speaker agrees with available community-transcript mapping.	(Smiling even more and attempting to take over) And I'm his friend, Dr.Rosen.	Dr. Rosen	Dr. Rosen	absent	char_tracker_stage05		unobserved			high	
12	94	223.29	224.17	I'm okay here.	Dr. Mitchell	high	community_transcript_match	1.0	dialogue	False	True	Dr. Mitchell | Monica | Rachel (as Monica) | Monica (as Rachel) | Dr. Rosen	Dr. Rosen	Dr. Mitchell	False		Speaker agrees with available community-transcript mapping.	Uh..I'm okay here.	Dr. Mitchell	Dr. Mitchell	absent	char_tracker_stage05		unobserved			high	
12	95	224.17	225.13	Actually, that's all right.	Dr. Mitchell	medium	scene_context_inference	0.66	dialogue	True	False	Dr. Mitchell | Monica | Rachel (as Monica) | Monica (as Rachel) | Dr. Rosen	Dr. Mitchell	Dr. Rosen	True	two_sided_context_ambiguous	No direct transcript match; longer line defaulted to previous speaker in same scene.				absent	char_tracker_stage05		unobserved			medium	
12	96	226.25	226.93	Adam, monitor.	Dr. Rosen	medium	short_turn_alternation	0.7	dialogue	True	False	Dr. Mitchell | Monica | Rachel (as Monica) | Monica (as Rachel) | Dr. Rosen	Dr. Mitchell	Dr. Rosen	True	short_utterance_between_two_speakers	Short utterance inferred from local turn alternation.				absent	char_tracker_stage05		unobserved			medium	
12	97	226.93	227.93	I want you to take your break.	Dr. Rosen	high	community_transcript_match	1.0	dialogue	False	True	Dr. Mitchell | Monica | Rachel (as Monica) | Monica (as Rachel) | Dr. Rosen	Dr. Rosen	Dr. Mitchell	False		Speaker agrees with available community-transcript mapping.	Actually, it's all right. I don't mind at all. Why don't you go take your break?	Dr. Rosen	Dr. Rosen	absent	char_tracker_stage05		unobserved			high	
12	98	228.09	228.65	No, no.	Dr. Mitchell	high	community_transcript_match	1.0	dialogue	False	True	Dr. Mitchell | Monica | Rachel (as Monica) | Monica (as Rachel) | Dr. Rosen	Dr. Rosen	Dr. Mitchell	False		Speaker agrees with available community-transcript mapping.	No, no	Dr. Mitchell	Dr. Mitchell	absent	char_tracker_stage05		unobserved			high	
12	99	228.65	230.09	This is why I became a doctor.	Dr. Mitchell	high	community_transcript_match	1.0	dialogue	False	True	Dr. Mitchell | Monica | Rachel (as Monica) | Monica (as Rachel) | Dr. Rosen	Dr. Mitchell	Dr. Mitchell	False		Speaker agrees with available community-transcript mapping.	No, no. This is why I became a doctor. Ankles, and stuff like that.	Dr. Mitchell	Dr. Mitchell	absent	char_tracker_stage05		unobserved			high	
12	100	231.29	232.54	Ankles and stuff like that.	Dr. Mitchell	high	community_transcript_match	1.0	dialogue	False	True	Dr. Mitchell | Monica | Rachel (as Monica) | Monica (as Rachel) | Dr. Rosen	Dr. Mitchell		False		Speaker agrees with available community-transcript mapping.	Ankles, and stuff like that	Dr. Mitchell	Dr. Mitchell	absent	char_tracker_stage05		unobserved			high	
13	101	234.85	236.61	Aren't you a little cute to be a doctor?	Rachel	high	community_transcript_match	1.0	dialogue	False	True	Rachel | Dr. Rosen | Monica (as Rachel) | Rachel (as Monica)		Dr. Rosen	False		Speaker agrees with available community-transcript mapping.	Aren't you a little cute to be a doctor?	Rachel	Rachel	present	char_tracker_stage05	monica|rachel	present	1.0		high	
13	102	236.77	237.41	Excuse me?	Dr. Rosen	high	community_transcript_match	1.0	dialogue	False	True	Rachel | Dr. Rosen | Monica (as Rachel) | Rachel (as Monica)	Rachel	Rachel	False		Speaker agrees with available community-transcript mapping.	Excuse me?	Dr. Rosen	Dr. Rosen	present	char_tracker_stage05	monica|rachel	unobserved			high	
13	103	237.73	239.33	I mean, God, young, young.	Rachel	medium	visual_disambiguation	0.74	dialogue	True	False	Rachel | Dr. Rosen | Monica (as Rachel) | Rachel (as Monica)	Dr. Rosen	Rachel	False		Only one of the two text-context candidates was visually present in the window.				present	char_tracker_stage05	monica|rachel	present			medium	
13	104	239.33	239.97	I meant young.	Rachel	high	community_transcript_match	1.0	dialogue	False	True	Rachel | Dr. Rosen | Monica (as Rachel) | Rachel (as Monica)	Rachel	Rachel	False		Speaker agrees with available community-transcript mapping.	i meant er young young i meant young oh good rach	Rachel	Rachel	present	char_tracker_stage05	monica|rachel	present	1.0		high	
13	105	240.69	242.01	Young to be a doctor.	Rachel	high	community_transcript_match	1.0	dialogue	False	True	Rachel | Dr. Rosen | Monica (as Rachel) | Rachel (as Monica)	Rachel	Rachel	False		Speaker agrees with available community-transcript mapping.	I meant er, (struggling to concentrate) young, young, I meant young, young to be a doctor. Oh good, Rach.	Rachel	Rachel	present	char_tracker_stage05	monica|rachel	present	1.0		high	
13	106	242.01	243.41	Oh, good, Rach.	Rachel	high	community_transcript_match	1.0	dialogue	False	True	Rachel | Dr. Rosen | Monica (as Rachel) | Rachel (as Monica)	Rachel	Monica (as Rachel)	False		Speaker agrees with available community-transcript mapping.	Oh good, Rach	Rachel	Rachel	present	char_tracker_stage05	monica|rachel	present	1.0		high	
13	107	243.49	244.05	Thank you.	Monica (as Rachel)	high	community_transcript_match	1.0	dialogue	False	True	Rachel | Dr. Rosen | Monica (as Rachel) | Rachel (as Monica)	Rachel	Rachel (as Monica)	False		Speaker agrees with available community-transcript mapping.	Thank you.	Monica (as Rachel)	Monica (as Rachel)	present	char_tracker_stage05	monica|rachel	unobserved			high	
13	108	244.05	244.45	Right.	Rachel (as Monica)	high	community_transcript_match	1.0	dialogue	False	True	Rachel | Dr. Rosen | Monica (as Rachel) | Rachel (as Monica)	Monica (as Rachel)	Rachel (as Monica)	False		Speaker agrees with available community-transcript mapping.	Right.	Rachel (as Monica)	Rachel (as Monica)	present	char_tracker_stage05	monica|rachel	unobserved			high	
13	109	248.29	250.77	What's the frequency can at this yard?	Rachel (as Monica)	high	qa_review_resolved_bridge	0.9	dialogue	True	False	Rachel | Dr. Rosen | Monica (as Rachel) | Rachel (as Monica)	Rachel (as Monica)	Rachel (as Monica)	False		Filled from previous same-scene context. | QA resolved prior review by same-speaker bridge.				absent	char_tracker_stage05		unobserved			high	
13	110	252.29	252.69	So?	Rachel (as Monica)	medium	scene_context_inference	0.68	dialogue	True	False	Rachel | Dr. Rosen | Monica (as Rachel) | Rachel (as Monica)	Rachel (as Monica)		True	scene_end_short_utterance	Filled from previous same-scene context.				absent	char_tracker_stage05		unobserved			medium	
14	111	252.69	254.93	So he said it was just a screen and that was it.	Rachel	high	qa_review_resolved_ct_support	1.0	dialogue	False	True	Rachel | Monica | Chandler		Monica	True	speaker_no_face	Speaker agrees with available community-transcript mapping. | QA resolved prior review with community-transcript support.	..so, he said it was just a sprain, and that was it.	Rachel	Rachel	absent	char_tracker_stage05		absent	0.0		medium	speaker_no_face
14	112	255.41	256.93	You left out the stupid part.	Monica	high	community_transcript_match	1.0	dialogue	False	True	Rachel | Monica | Chandler	Rachel	Rachel	False		Speaker agrees with available community-transcript mapping.	Uh, you left out the stupid part.	Monica	Monica	present	char_tracker_stage05	monica	present	0.5		high	
14	113	258.13	259.25	It's not stupid.	Rachel	high	community_transcript_match	1.0	dialogue	False	True	Rachel | Monica | Chandler	Monica	Rachel	False		Speaker agrees with available community-transcript mapping.	Not stupid	Rachel	Rachel	present	char_tracker_stage05	monica|rachel	present	1.0		high	
14	114	259.49	265.71	The very cute, cute, cute doctors asked us out for tomorrow night and I is totally insane.	Rachel	high	community_transcript_match	1.0	dialogue	False	True	Rachel | Monica | Chandler	Rachel	Monica	False		Speaker agrees with available community-transcript mapping.	"Not stupid. The very cute, cute, cute doctors asked us out for tomorrow night, and I said ""yes."""	Rachel	Rachel	present	char_tracker_stage05	rachel	present	0.7143		high	
14	115	265.71	267.39	I mean, they work for the hospital.	Monica	high	community_transcript_match	1.0	dialogue	False	True	Rachel | Monica | Chandler	Rachel	Monica	False		Speaker agrees with available community-transcript mapping.	I think it's totally insane, I mean, they work for the hospital	Monica	Monica	present	char_tracker_stage05	monica	present	0.6667		high	
14	116	267.47	270.35	It's like returning to the scene of the crime, you know?	Monica	high	community_transcript_match	1.0	dialogue	False	True	Rachel | Monica | Chandler	Monica	Monica	False		Speaker agrees with available community-transcript mapping.	I think it's totally insane, I mean, they work for the hospital. It's like returning to the scene of the crime. You know, I say we blow off the dates.	Monica	Monica	present	char_tracker_stage05	chandler|monica	present	1.0		high	
14	117	270.99	272.35	I say we blow off the dates.	Monica	high	community_transcript_match	1.0	dialogue	False	True	Rachel | Monica | Chandler	Monica	Rachel	False		Speaker agrees with available community-transcript mapping.	You know, I say we blow off the dates	Monica	Monica	present	char_tracker_stage05	monica	present	1.0		high	
14	118	272.67	273.07	What?	Rachel	high	community_transcript_match	1.0	dialogue	False	True	Rachel | Monica | Chandler	Monica	Rachel	False		Speaker agrees with available community-transcript mapping.	what	Rachel	Rachel	present	char_tracker_stage05	monica|rachel	present	0.5		high	
14	119	273.55	275.31	Monica, they are cute.	Rachel	high	community_transcript_match	1.0	dialogue	False	True	Rachel | Monica | Chandler	Rachel	Rachel	False		Speaker agrees with available community-transcript mapping.	what monica they are cute	Rachel	Rachel	present	char_tracker_stage05	monica|rachel	present	1.0		high	
14	120	275.31	276.43	They are doctors.	Rachel	high	community_transcript_match	1.0	dialogue	False	True	Rachel | Monica | Chandler	Rachel	Rachel	False		Speaker agrees with available community-transcript mapping.	what monica they are cute they are doctors	Rachel	Rachel	present	char_tracker_stage05	monica|rachel	present	1.0		high	
14	121	276.51	277.59	Cute doctors.	Rachel	high	community_transcript_match	1.0	dialogue	False	True	Rachel | Monica | Chandler	Rachel	Rachel	False		Speaker agrees with available community-transcript mapping.	what monica they are cute they are doctors cute doctors	Rachel	Rachel	present	char_tracker_stage05	monica|rachel	present	1.0		high	
14	122	277.59	278.59	Doctors who are cute.	Rachel	high	community_transcript_match	1.0	dialogue	False	True	Rachel | Monica | Chandler	Rachel	Chandler	False		Speaker agrees with available community-transcript mapping.	What? Monica, they are cute, they are doctors, (spelling it out in the air for her slow friend) cute doctors, doctors who are cute!	Rachel	Rachel	present	char_tracker_stage05	monica|rachel	present	1.0		high	
14	123	279.55	281.07	All right, what have we learned so far?	Chandler	high	community_transcript_match	1.0	dialogue	False	True	Rachel | Monica | Chandler	Rachel	Chandler	False		Speaker agrees with available community-transcript mapping.	Alright, what have we learned so far?	Chandler	Chandler	present	char_tracker_stage05	chandler|monica|rachel	present	1.0		high	
14	124	284.19	284.71	Oh, God.	Chandler	high	qa_review_resolved_bridge	0.9	dialogue	True	False	Rachel | Monica | Chandler	Chandler	Chandler	True	speaker_no_face	Filled from previous same-scene context. | QA resolved prior review by same-speaker bridge.				absent	char_tracker_stage05		absent			medium	speaker_no_face
14	125	284.71	285.07	Okay.	Chandler	medium	scene_context_inference	0.68	dialogue	True	False	Rachel | Monica | Chandler	Chandler		True	scene_end_short_utterance | speaker_no_face	Filled from previous same-scene context.				absent	char_tracker_stage05		absent			medium	speaker_no_face
16	126	291.4	300.96	Cesare, what the hell are you doing?	Ross	high	community_transcript_match	1.0	dialogue	False	True	Ross | Rachel | Monica		Ross	False		Speaker agrees with available community-transcript mapping.	What the hell are you doing? You scared the crap outta me.	Ross	Ross	present	char_tracker_stage05	ross	present	0.5		high	
16	127	300.96	302.28	You scared the crap out of me.	Ross	high	community_transcript_match	1.0	dialogue	False	True	Ross | Rachel | Monica	Ross	Rachel	False		Speaker agrees with available community-transcript mapping.	You scared the crap outta me	Ross	Ross	present	char_tracker_stage05	ross	present	1.0		high	
16	128	304.76	305.64	Was that the cake?	Rachel	high	qa_review_resolved_ct_support	1.0	dialogue	False	True	Ross | Rachel | Monica	Ross	Ross	True	speaker_no_face	Speaker agrees with available community-transcript mapping. | QA resolved prior review with community-transcript support.	Was that the cake?	Rachel	Rachel	absent	char_tracker_stage05		absent	0.0		medium	speaker_no_face
16	129	305.64	306.68	Yeah, yeah.	Ross	high	qa_review_resolved_ct_support	1.0	dialogue	False	True	Ross | Rachel | Monica	Rachel	Ross	True	speaker_no_face	Speaker agrees with available community-transcript mapping. | QA resolved prior review with community-transcript support.	Yeah, yeah	Ross	Ross	absent	char_tracker_stage05		absent	0.0		medium	speaker_no_face
16	130	307.08	308.52	I got a lemon schmoosh.	Ross	high	community_transcript_match	1.0	dialogue	False	True	Ross | Rachel | Monica	Ross	Monica	False		Speaker agrees with available community-transcript mapping.	Yeah, yeah. I got a lemon schmush.	Ross	Ross	present	char_tracker_stage05	ross	present	1.0		high	
16	131	309.8	311.24	Come on, she'll be here any minute.	Monica	high	community_transcript_match	1.0	dialogue	False	True	Ross | Rachel | Monica	Ross		False		Speaker agrees with available community-transcript mapping.	Come on, she'll be here any minute.	Monica	Monica	present	char_tracker_stage05	monica	present	0.6667		high	
17	132	312.52	313.56	Hope it's okay.	Rachel	high	qa_review_resolved_ct_support	1.0	dialogue	False	True	Rachel			True	speaker_no_face	Speaker agrees with available community-transcript mapping. | QA resolved prior review with community-transcript support.	I hope it's okay.	Rachel	Rachel	absent	char_tracker_stage05		absent	0.0		medium	speaker_no_face
18	133	318.56	320.32	Happy birthday, Pee Hee.	Chandler	high	community_transcript_match	1.0	dialogue	False	True	Chandler | Monica		Monica	False		Speaker agrees with available community-transcript mapping.	"(Reading) ""Happy Birthday Peehe."""	Chandler	Chandler	present	char_tracker_stage05	chandler|monica	present	1.0		high	
18	134	322.16	324.72	Well, maybe we can make a bee out of one of those roses.	Monica	high	community_transcript_match	1.0	dialogue	False	True	Chandler | Monica	Chandler		False		Speaker agrees with available community-transcript mapping.	Well maybe we can make a, a, a 'B' out of one of those roses.	Monica	Monica	present	char_tracker_stage05	chandler|monica	present	1.0		high	
19	135	324.72	326.8	Yeah, we'll just use our special cake tools.	Ross	high	qa_review_resolved_ct_support	1.0	dialogue	False	True	Ross | Phoebe		Phoebe	True	speaker_no_face	Speaker agrees with available community-transcript mapping. | QA resolved prior review with community-transcript support.	(Still annoyed) Yeah, we'll just use our special cake tools.	Ross	Ross	partial	char_tracker_stage05		absent	0.0		medium	speaker_no_face
19	136	328.64	329.76	Hey, what's going on?	Phoebe	high	qa_review_resolved_ct_support	1.0	dialogue	False	True	Ross | Phoebe	Ross	Phoebe	True	speaker_no_face	Speaker agrees with available community-transcript mapping. | QA resolved prior review with community-transcript support.	Hey, what's going on?	Phoebe	Phoebe	absent	char_tracker_stage05		absent	0.0		medium	speaker_no_face
19	137	332.159	332.639	Oh.	Phoebe	medium	visual_disambiguation	0.74	reaction	True	False	Ross | Phoebe	Phoebe	Ross	False		Only one of the two text-context candidates was visually present in the window.				present	char_tracker_stage05	chandler|phoebe	present			medium	
19	138	332.64	333.12	Oh.	Ross	high	qa_review_resolved_ct_support	1.0	reaction	False	True	Ross | Phoebe	Phoebe	Phoebe	True	speaker_offscreen	Speaker agrees with available community-transcript mapping. | QA resolved prior review with community-transcript support.	Oh, we just...	Ross	Ross	present	char_tracker_stage05	chandler|phoebe	absent	0.0		low	speaker_offscreen
19	139	333.12	334.96	Oh, God.	Phoebe	medium	short_turn_alternation	0.7	dialogue	True	False	Ross | Phoebe	Ross	Phoebe	True	short_utterance_between_two_speakers	Short utterance inferred from local turn alternation.				present	char_tracker_stage05	chandler|phoebe|rachel|ross	present			medium	
19	140	335.12	336.24	He's so great.	Phoebe	high	scene_context_bridge	0.88	dialogue	True	False	Ross | Phoebe	Phoebe	Phoebe	False		Same speaker appears on both sides within the same scene.				present	char_tracker_stage05	phoebe|rachel|ross	present			high	
19	141	337.12	338.4	Oh my God.	Phoebe	high	scene_context_bridge	0.88	dialogue	True	False	Ross | Phoebe	Phoebe	Phoebe	False		Same speaker appears on both sides within the same scene.				present	char_tracker_stage05	chandler|phoebe	present			high	
19	142	338.56	339.92	This was not at all scary.	Phoebe	high	scene_context_bridge	0.88	dialogue	True	False	Ross | Phoebe	Phoebe	Phoebe	False		Same speaker appears on both sides within the same scene.				present	char_tracker_stage05	chandler|phoebe	present			high	
19	143	341.28	341.92	Oh, look.	Phoebe	high	community_transcript_match	1.0	dialogue	False	True	Ross | Phoebe	Phoebe	Phoebe	False		Speaker agrees with available community-transcript mapping.	oh look peehe	Phoebe	Phoebe	present	char_tracker_stage05	phoebe	present	1.0		high	
19	144	342.31	343.43	Happy birthday, Pee.	Phoebe	high	community_transcript_match	1.0	dialogue	False	True	Ross | Phoebe	Phoebe	Phoebe	False		Speaker agrees with available community-transcript mapping.	Oh look-- Happy Birthday Peehe	Phoebe	Phoebe	present	char_tracker_stage05	phoebe	present	1.0		high	
19	145	344.95	346.51	What a strange new nickname.	Phoebe	high	community_transcript_match	1.0	dialogue	False	True	Ross | Phoebe	Phoebe	Phoebe	False		Speaker agrees with available community-transcript mapping.	What a strange new nickname	Phoebe	Phoebe	present	char_tracker_stage05	phoebe	present	1.0		high	
19	146	346.51	347.15	I like it.	Phoebe	high	community_transcript_match	1.0	dialogue	False	True	Ross | Phoebe	Phoebe	Phoebe	False		Speaker agrees with available community-transcript mapping.	I like it	Phoebe	Phoebe	present	char_tracker_stage05	phoebe	present	1.0		high	
19	147	347.15	348.07	Oh my God.	Phoebe	high	community_transcript_match	1.0	dialogue	False	True	Ross | Phoebe	Phoebe	Phoebe	False		Speaker agrees with available community-transcript mapping.	Oh my god	Phoebe	Phoebe	present	char_tracker_stage05	phoebe	present	1.0		high	
19	148	348.63	349.63	Hi, everybody.	Phoebe	high	community_transcript_match	1.0	dialogue	False	True	Ross | Phoebe	Phoebe	Phoebe	False		Speaker agrees with available community-transcript mapping.	Hi everybody	Phoebe	Phoebe	present	char_tracker_stage05	phoebe	present	0.5		high	
19	149	349.63	350.51	Hi, Betty.	Phoebe	high	qa_review_resolved_bridge	1.0	dialogue	False	True	Ross | Phoebe	Phoebe	Phoebe	True	speaker_no_face	Speaker agrees with available community-transcript mapping. | QA resolved prior review by same-speaker bridge.	Hi Betty	Phoebe	Phoebe	absent	char_tracker_stage05		absent	0.0		medium	speaker_no_face
19	150	350.51	351.59	Betty, hi.	Phoebe	high	qa_review_resolved_bridge	1.0	dialogue	False	True	Ross | Phoebe	Phoebe	Phoebe	True	speaker_offscreen	Speaker agrees with available community-transcript mapping. | QA resolved prior review by same-speaker bridge.	Betty, Hi	Phoebe	Phoebe	present	char_tracker_stage05	chandler	absent	0.0		low	speaker_offscreen
19	151	351.75	352.87	You found Betty.	Phoebe	high	qa_review_resolved_bridge	1.0	dialogue	False	True	Ross | Phoebe	Phoebe	Phoebe	True	speaker_offscreen	Speaker agrees with available community-transcript mapping. | QA resolved prior review by same-speaker bridge.	You found Betty	Phoebe	Phoebe	present	char_tracker_stage05	chandler	absent	0.0		low	speaker_offscreen
19	152	352.87	353.83	Oh my God.	Phoebe	high	community_transcript_match	1.0	dialogue	False	True	Ross | Phoebe	Phoebe	Phoebe	False		Speaker agrees with available community-transcript mapping.	Oh my god	Phoebe	Phoebe	present	char_tracker_stage05	chandler|monica|phoebe	present	0.5		high	
19	153	354.47	354.87	Great.	Phoebe	high	community_transcript_match	1.0	dialogue	False	True	Ross | Phoebe	Phoebe	Phoebe	False		Speaker agrees with available community-transcript mapping.	This is great	Phoebe	Phoebe	present	char_tracker_stage05	chandler|monica|phoebe	present	1.0		high	
19	154	355.03	358.15	Oh, everybody I love is in the same room.	Phoebe	high	qa_review_resolved_bridge	1.0	dialogue	False	True	Ross | Phoebe	Phoebe	Phoebe	True	speaker_offscreen	Speaker agrees with available community-transcript mapping. | QA resolved prior review by same-speaker bridge.	(Delighted) oh, oh, oh! This is so great! Oh my god! This was not at all scary. (Looks at the smushed cake). Oh look-- Happy Birthday Peehe. What a strange new nickname? I like it. Oh my god!Hi everybody. Hi Betty! Betty, Hi! (Thrilled) You found Betty! Oh my god! (Hugging people) This is great. Everybody I love is in the same room, (still happy) Where's Joey?	Phoebe	Phoebe	present	char_tracker_stage05	chandler	absent	0.0		low	speaker_offscreen
19	155	359.03	359.99	Where's Joey?	Phoebe	medium	scene_context_inference	0.68	dialogue	True	False	Ross | Phoebe	Phoebe		True	medium_confidence_context_fill	Filled from previous same-scene context.				present	char_tracker_stage05	chandler|phoebe	present			medium	
20	156	363.51	364.63	Did you see Betty?	Chandler	high	community_transcript_match	1.0	dialogue	False	True	Chandler | Mr. Geller		Mr. Geller	False		Speaker agrees with available community-transcript mapping.	Did you see Betty?	Chandler	Chandler	present	char_tracker_stage05	chandler|monica|phoebe	present	1.0		high	
20	157	375.54	376.5	I'll tell you one thing.	Mr. Geller	high	community_transcript_match	1.0	dialogue	False	True	Chandler | Mr. Geller	Chandler		False		Speaker agrees with available community-transcript mapping.	i tell you one thing	Mr. Geller	Mr. Geller	absent	char_tracker_stage05		unobserved			high	
22	158	376.5	379.38	I wouldn't mind having a piece of this sun dried tomato business.	Mr. Geller	high	community_transcript_match	1.0	dialogue	False	True	Mr. Geller | Ross		Mr. Geller	False		Speaker agrees with available community-transcript mapping.	I tell you one thing, I wouldn't mind having a piece of this sun-dried tomato business	Mr. Geller	Mr. Geller	partial	char_tracker_stage05		unobserved			high	
22	159	380.26	384.62	Five years ago, if somebody had said to me, here's a tomato that looks like a prune.	Mr. Geller	high	community_transcript_match	1.0	dialogue	False	True	Mr. Geller | Ross	Mr. Geller	Mr. Geller	False		Speaker agrees with available community-transcript mapping.	"I tell you one thing, I wouldn't mind having a piece of this sun-dried tomato business. Five years ago, if somebody had said to me, here's a tomato that looks like a prune, I'd say ""get out of my office!"""	Mr. Geller	Mr. Geller	partial	char_tracker_stage05		unobserved			high	
22	160	384.62	386.1	I'd have said, get out of my office.	Mr. Geller	medium	scene_context_inference	0.66	dialogue	True	False	Mr. Geller | Ross	Mr. Geller	Ross	True	two_sided_context_ambiguous	No direct transcript match; longer line defaulted to previous speaker in same scene.				absent	char_tracker_stage05		unobserved			medium	
22	161	390.34	393.34	Dad, before I was born, did you freak out at all?	Ross	high	community_transcript_match	1.0	dialogue	False	True	Mr. Geller | Ross	Mr. Geller	Mr. Geller	False		Speaker agrees with available community-transcript mapping.	Dad, before I was born, did you freak out at all?	Ross	Ross	present	char_tracker_stage05	ross	present	1.0		high	
22	162	393.34	394.34	I'm not freaking out.	Mr. Geller	high	community_transcript_match	1.0	dialogue	False	True	Mr. Geller | Ross	Ross	Mr. Geller	False		Speaker agrees with available community-transcript mapping.	i'm not freaking out that	Mr. Geller	Mr. Geller	present	char_tracker_stage05	ross	unobserved			high	
22	163	394.34	397.42	I'm just saying if someone had come to me with the idea these.	Mr. Geller	high	community_transcript_match	1.0	dialogue	False	True	Mr. Geller | Ross	Mr. Geller	Ross	False		Speaker agrees with available community-transcript mapping.	I'm not freaking out, I'm just saying, if somebody had come to me with the idea that...	Mr. Geller	Mr. Geller	absent	char_tracker_stage05		unobserved			high	
22	164	397.42	398.34	Dad, dad, dad.	Ross	high	community_transcript_match	1.0	dialogue	False	True	Mr. Geller | Ross	Mr. Geller	Ross	False		Speaker agrees with available community-transcript mapping.	dad dad dad i'm	Ross	Ross	present	char_tracker_stage05	ross	present	0.5		high	
22	165	399.44	409.12	Talking about the whole baby thing, did you ever get this sort of panicky, oh my God, I'm gonna be a father kind of a thing?	Ross	high	community_transcript_match	1.0	dialogue	False	True	Mr. Geller | Ross	Ross	Mr. Geller	False		Speaker agrees with available community-transcript mapping.	"Dad, dad, dad, I'm talkin' about the whole uh, baby thing. Did you uh, ever get this sort of... panicky, ""Oh my god I'm gonna be a father"" kind of a thing?"	Ross	Ross	present	char_tracker_stage05	ross	present	1.0		high	
22	166	410.24	413.6	No, we just had kids back then.	Mr. Geller	high	community_transcript_match	1.0	dialogue	False	True	Mr. Geller | Ross	Ross	Mr. Geller	False		Speaker agrees with available community-transcript mapping.	We just had kids back then	Mr. Geller	Mr. Geller	present	char_tracker_stage05	ross	unobserved			high	
22	167	413.84	415.12	We didn't think about it.	Mr. Geller	high	community_transcript_match	1.0	dialogue	False	True	Mr. Geller | Ross	Mr. Geller	Mr. Geller	False		Speaker agrees with available community-transcript mapping.	We didn't think about it	Mr. Geller	Mr. Geller	absent	char_tracker_stage05		unobserved			high	
22	168	416.24	418.24	What else could the sun dry, I wonder?	Mr. Geller	high	community_transcript_match	1.0	dialogue	False	True	Mr. Geller | Ross	Mr. Geller	Ross	False		Speaker agrees with available community-transcript mapping.	No. We just had kids back then. We didn't think about it. What else could the sun dry, I wonder.	Mr. Geller	Mr. Geller	partial	char_tracker_stage05		unobserved			high	
22	169	419.84	420.24	Dad.	Ross	high	community_transcript_match	1.0	dialogue	False	True	Mr. Geller | Ross	Mr. Geller	Ross	False		Speaker agrees with available community-transcript mapping.	dad	Ross	Ross	present	char_tracker_stage05	ross	present	1.0		high	
22	170	420.24	421.28	Come on, kids.	Ross	high	community_transcript_match	1.0	dialogue	False	True	Mr. Geller | Ross	Ross	Ross	False		Speaker agrees with available community-transcript mapping.	Dad come on kids.	Ross	Ross	present	char_tracker_stage05	ross	present	1.0		high	
22	171	421.92	422.28	Right.	Ross	medium	visual_disambiguation	0.74	dialogue	True	False	Mr. Geller | Ross	Ross	Mr. Geller	False		Only one of the two text-context candidates was visually present in the window.				present	char_tracker_stage05	ross	present			medium	
22	172	422.28	424.88	Look, your mother really did the work.	Mr. Geller	high	community_transcript_match	1.0	dialogue	False	True	Mr. Geller | Ross	Ross	Mr. Geller	False		Speaker agrees with available community-transcript mapping.	Right look, your mother really did the work. I was busy with the business. I wasn't around that much. Is that what this is about?	Mr. Geller	Mr. Geller	present	char_tracker_stage05	ross	unobserved			high	
22	173	424.88	426.16	I was busy with the business.	Mr. Geller	high	community_transcript_match	1.0	dialogue	False	True	Mr. Geller | Ross	Mr. Geller	Mr. Geller	False		Speaker agrees with available community-transcript mapping.	I was busy with the business	Mr. Geller	Mr. Geller	partial	char_tracker_stage05		unobserved			high	
22	174	426.78	427.98	I wasn't around that much.	Mr. Geller	high	community_transcript_match	1.0	dialogue	False	True	Mr. Geller | Ross	Mr. Geller	Mr. Geller	False		Speaker agrees with available community-transcript mapping.	I wasn't around that much	Mr. Geller	Mr. Geller	absent	char_tracker_stage05		unobserved			high	
22	175	428.7	430.06	Is that what this is about?	Mr. Geller	high	community_transcript_match	1.0	dialogue	False	True	Mr. Geller | Ross	Mr. Geller	Ross	False		Speaker agrees with available community-transcript mapping.	Is that what this is about	Mr. Geller	Mr. Geller	partial	char_tracker_stage05		unobserved			high	
22	176	430.94	431.34	No.	Ross	high	community_transcript_match	1.0	dialogue	False	True	Mr. Geller | Ross	Mr. Geller	Ross	False		Speaker agrees with available community-transcript mapping.	no	Ross	Ross	present	char_tracker_stage05	ross	present	1.0		high	
22	177	431.34	431.94	No, Dad.	Ross	high	community_transcript_match	1.0	dialogue	False	True	Mr. Geller | Ross	Ross	Ross	False		Speaker agrees with available community-transcript mapping.	no no dad	Ross	Ross	present	char_tracker_stage05	ross	present	1.0		high	
22	178	431.94	432.7	I was just wondering.	Ross	high	community_transcript_match	1.0	dialogue	False	True	Mr. Geller | Ross	Ross	Mr. Geller	False		Speaker agrees with available community-transcript mapping.	No, no, Dad, I was just wondering.	Ross	Ross	present	char_tracker_stage05	ross	present	1.0		high	
22	179	432.7	434.22	Cause there's time to make up for that.	Mr. Geller	high	community_transcript_match	1.0	dialogue	False	True	Mr. Geller | Ross	Ross	Mr. Geller	False		Speaker agrees with available community-transcript mapping.	'Cause there's time to make up for that	Mr. Geller	Mr. Geller	partial	char_tracker_stage05		unobserved			high	
22	180	434.54	435.82	We can do stuff together.	Mr. Geller	high	community_transcript_match	1.0	dialogue	False	True	Mr. Geller | Ross	Mr. Geller	Mr. Geller	False		Speaker agrees with available community-transcript mapping.	We can do stuff together	Mr. Geller	Mr. Geller	absent	char_tracker_stage05		unobserved			high	
22	181	436.54	439.46	You always wanted to go to that Colonial Williamsburg.	Mr. Geller	high	community_transcript_match	1.0	dialogue	False	True	Mr. Geller | Ross	Mr. Geller	Mr. Geller	False		Speaker agrees with available community-transcript mapping.	'Cause there's time to make up for that. We can do stuff together. You always wanted to go to that Colonial Williamsburg. How 'bout we do that?	Mr. Geller	Mr. Geller	absent	char_tracker_stage05		unobserved			high	
22	182	439.46	440.54	How about we do that?	Mr. Geller	high	community_transcript_match	1.0	dialogue	False	True	Mr. Geller | Ross	Mr. Geller	Ross	False		Speaker agrees with available community-transcript mapping.	How 'bout we do that	Mr. Geller	Mr. Geller	absent	char_tracker_stage05		unobserved			high	
22	183	441.5	442.3	Thanks, dad.	Ross	medium	visual_disambiguation	0.74	dialogue	True	False	Mr. Geller | Ross	Mr. Geller	Ross	False		Only one of the two text-context candidates was visually present in the window.				present	char_tracker_stage05	ross	present			medium	
22	184	442.3	442.579	Really.	Ross	high	scene_context_bridge	0.88	dialogue	True	False	Mr. Geller | Ross	Ross	Ross	False		Same speaker appears on both sides within the same scene.				present	char_tracker_stage05	ross	present			high	
22	185	442.579	443.1	I just.	Ross	high	scene_context_bridge	0.88	dialogue	True	False	Mr. Geller | Ross	Ross	Ross	False		Same speaker appears on both sides within the same scene.				present	char_tracker_stage05	ross	present			high	
22	186	443.58	444.62	You know, I just.	Ross	high	community_transcript_match	1.0	dialogue	False	True	Mr. Geller | Ross	Ross	Ross	False		Speaker agrees with available community-transcript mapping.	you know um	Ross	Ross	present	char_tracker_stage05	ross	present	1.0		high	
22	187	444.78	445.34	I just.	Ross	high	community_transcript_match	1.0	dialogue	False	True	Mr. Geller | Ross	Ross	Ross	False		Speaker agrees with available community-transcript mapping.	you know i just um	Ross	Ross	present	char_tracker_stage05	ross	present	1.0		high	
22	188	446.94	448.14	I just needed to know.	Ross	high	community_transcript_match	1.0	dialogue	False	True	Mr. Geller | Ross	Ross	Ross	False		Speaker agrees with available community-transcript mapping.	you know, I just, I just needed to know, um	Ross	Ross	present	char_tracker_stage05	ross	present	1.0		high	
22	189	449.5	451.74	When did you start to feel like a father?	Ross	high	community_transcript_match	1.0	dialogue	False	True	Mr. Geller | Ross	Ross	Ross	False		Speaker agrees with available community-transcript mapping.	Thanks, Dad, really, I ju... you know, I just, I just needed to know, um... when did you start to feel like a father?	Ross	Ross	present	char_tracker_stage05	ross	present	1.0		high	
22	190	452.95	459.03	Oh, well, I. I guess it must have been the day after you were born.	Ross	high	qa_review_resolved_bridge	0.9	dialogue	True	False	Mr. Geller | Ross	Ross	Ross	True	speaker_no_face	No direct transcript match; longer line defaulted to previous speaker in same scene. | QA resolved prior review by same-speaker bridge.				partial	char_tracker_stage05		absent			medium	speaker_no_face
22	191	459.43	460.91	We were in the hospital room.	Ross	medium	visual_disambiguation	0.74	dialogue	True	False	Mr. Geller | Ross	Ross	Mr. Geller	False		Only one of the two text-context candidates was visually present in the window.				present	char_tracker_stage05	ross	present			medium	
22	192	460.91	462.15	Your mother was asleep.	Mr. Geller	low	scene_context_inference	0.58	dialogue	True	False	Mr. Geller | Ross	Ross	Mr. Geller	True	two_sided_context_ambiguous | low_speaker_confidence	No direct transcript match; weak local context only.				partial	char_tracker_stage05		unobserved			low	low_speaker_confidence
22	193	462.79	465.67	And they brought you in and gave you to me.	Mr. Geller	high	scene_context_bridge	0.88	dialogue	True	False	Mr. Geller | Ross	Mr. Geller	Mr. Geller	False		Same speaker appears on both sides within the same scene.				present	char_tracker_stage05	ross	unobserved			high	
22	194	466.79	469.19	You were this ugly little red thing.	Mr. Geller	high	scene_context_bridge	0.88	dialogue	True	False	Mr. Geller | Ross	Mr. Geller	Mr. Geller	False		Same speaker appears on both sides within the same scene.				present	char_tracker_stage05	ross	unobserved			high	
22	195	470.31	477.51	And all of a sudden you grabbed my finger with your whole fist and you squeezed it so tight.	Mr. Geller	high	community_transcript_match	1.0	dialogue	False	True	Mr. Geller | Ross	Mr. Geller	Mr. Geller	False		Speaker agrees with available community-transcript mapping.	Oh, well, I, I guess it musta been the day after you were born. We were in the hospital room, your mother was asleep, and they brought you in and gave you to me. You were this ugly little red thing, and all of a sudden you grabbed my finger with your whole fist. And you squeezed it, so tight. And that's when I knew.	Mr. Geller	Mr. Geller	partial	char_tracker_stage05		unobserved			high	
22	196	480.4	481.44	And that's when I knew.	Mr. Geller	medium	scene_context_inference	0.7100000000000001	dialogue	True	False	Mr. Geller | Ross	Mr. Geller		True	medium_confidence_context_fill	Continuation-style opener favors previous speaker within the same scene.				present	char_tracker_stage05	ross	unobserved			medium	
23	197	485.6	487.28	So you don't want to go to Williamsburg?	Mr. Geller	high	community_transcript_match	1.0	dialogue	False	True	Mr. Geller | Ross		Ross	False		Speaker agrees with available community-transcript mapping.	So you don't wanna go to Williamsburg?	Mr. Geller	Mr. Geller	present	char_tracker_stage05	ross	unobserved			high	
23	198	491.68	493.04	We can go to Williamsburg.	Ross	high	community_transcript_match	1.0	dialogue	False	True	Mr. Geller | Ross	Mr. Geller	Mr. Geller	False		Speaker agrees with available community-transcript mapping.	No, we can go to Williamsburg.	Ross	Ross	present	char_tracker_stage05	ross	present	1.0		high	
23	199	494.8	495.68	Eat your fish.	Mr. Geller	high	community_transcript_match	1.0	dialogue	False	True	Mr. Geller | Ross	Ross		False		Speaker agrees with available community-transcript mapping.	Eat your fish.	Mr. Geller	Mr. Geller	present	char_tracker_stage05	ross	unobserved			high	
24	200	500.64	502.96	Rachel, the cute doctors are here.	Monica	high	qa_review_resolved_ct_support	1.0	dialogue	False	True	Monica | Rachel		Rachel	True	speaker_no_face	Speaker agrees with available community-transcript mapping. | QA resolved prior review with community-transcript support.	Rachel, the cute doctors are here.	Monica	Monica	absent	char_tracker_stage05		absent	0.0		medium	speaker_no_face
24	201	503.36	503.84	Okay, Coming.	Rachel	high	qa_review_resolved_ct_support	1.0	dialogue	False	True	Monica | Rachel	Monica		True	speaker_no_face	Speaker agrees with available community-transcript mapping. | QA resolved prior review with community-transcript support.	(entering from her room) Okay, coming!	Rachel	Rachel	absent	char_tracker_stage05		absent	0.0		medium	speaker_no_face
25	202	505.12	505.6	Hi.	Monica	high	qa_review_resolved_ct_support	1.0	dialogue	False	True	Monica | Rachel | Dr. Rosen | Dr. Mitchell		Monica	True	speaker_no_face	Speaker agrees with available community-transcript mapping. | QA resolved prior review with community-transcript support.	Hi, come on in.	Monica	Monica	absent	char_tracker_stage05		absent	0.0		medium	speaker_no_face
25	203	506.72	507.6	Hi, Jeffrey.	Monica	high	qa_review_resolved_ct_support	1.0	dialogue	False	True	Monica | Rachel | Dr. Rosen | Dr. Mitchell	Monica	Rachel	True	speaker_offscreen	Speaker agrees with available community-transcript mapping. | QA resolved prior review with community-transcript support.	Hi, Geoffrey.	Monica	Monica	present	char_tracker_stage05	rachel	absent	0.0		low	speaker_offscreen
25	204	507.84	508.32	Hi.	Rachel	high	community_transcript_match	1.0	dialogue	False	True	Monica | Rachel | Dr. Rosen | Dr. Mitchell	Monica	Dr. Rosen	False		Speaker agrees with available community-transcript mapping.	Hi.	Rachel	Rachel	present	char_tracker_stage05	rachel	present	1.0		high	
25	205	509.2	509.48	Here.	Dr. Rosen	high	community_transcript_match	1.0	dialogue	False	True	Monica | Rachel | Dr. Rosen | Dr. Mitchell	Rachel	Dr. Rosen	False		Speaker agrees with available community-transcript mapping.	ah here	Dr. Rosen	Dr. Rosen	present	char_tracker_stage05	rachel	unobserved			high	
25	206	509.48	510.12	We brought wine.	Dr. Rosen	high	community_transcript_match	1.0	dialogue	False	True	Monica | Rachel | Dr. Rosen | Dr. Mitchell	Dr. Rosen	Dr. Mitchell	False		Speaker agrees with available community-transcript mapping.	Ah here, we brought wine.	Dr. Rosen	Dr. Rosen	present	char_tracker_stage05	rachel	unobserved			high	
25	207	510.12	510.6	Look at this.	Dr. Mitchell	high	community_transcript_match	1.0	dialogue	False	True	Monica | Rachel | Dr. Rosen | Dr. Mitchell	Dr. Rosen	Dr. Mitchell	False		Speaker agrees with available community-transcript mapping.	look at this so how could we resist	Dr. Mitchell	Dr. Mitchell	present	char_tracker_stage05	rachel	unobserved			high	
25	208	510.6	513.52	It's from the Sellers of Ernest and Tova Borgnine.	Dr. Mitchell	high	community_transcript_match	1.0	dialogue	False	True	Monica | Rachel | Dr. Rosen | Dr. Mitchell	Dr. Mitchell	Rachel	False		Speaker agrees with available community-transcript mapping.	Look at this, it's from the cellars of Ernest and Tova Borgnine, so how could we resist?	Dr. Mitchell	Dr. Mitchell	present	char_tracker_stage05	rachel	unobserved			high	
25	209	513.52	515.72	So I really resist.	Rachel	medium	visual_disambiguation	0.74	dialogue	True	False	Monica | Rachel | Dr. Rosen | Dr. Mitchell	Dr. Mitchell	Rachel	False		Only one of the two text-context candidates was visually present in the window.				present	char_tracker_stage05	rachel	present			medium	
25	210	515.72	516.44	Oh, that's great.	Rachel	high	community_transcript_match	1.0	dialogue	False	True	Monica | Rachel | Dr. Rosen | Dr. Mitchell	Rachel	Rachel	False		Speaker agrees with available community-transcript mapping.	Oh, that's great. Look at that.	Rachel	Rachel	present	char_tracker_stage05	rachel	present	1.0		high	
25	211	516.44	517.12	Look at that.	Rachel	high	community_transcript_match	1.0	dialogue	False	True	Monica | Rachel | Dr. Rosen | Dr. Mitchell	Rachel	Dr. Rosen	False		Speaker agrees with available community-transcript mapping.	Look at that	Rachel	Rachel	present	char_tracker_stage05	joey|monica|rachel	present	1.0		high	
25	212	517.84	519.28	So Monica has the ankle.	Dr. Rosen	high	community_transcript_match	1.0	dialogue	False	True	Monica | Rachel | Dr. Rosen | Dr. Mitchell	Rachel	Monica	False		Speaker agrees with available community-transcript mapping.	So, Monica, how's the ankle?	Dr. Rosen	Dr. Rosen	present	char_tracker_stage05	joey|monica	unobserved			high	
25	213	519.36	519.84	It's.	Monica	high	community_transcript_match	1.0	dialogue	False	True	Monica | Rachel | Dr. Rosen | Dr. Mitchell	Dr. Rosen		False		Speaker agrees with available community-transcript mapping.	It's uh...	Monica	Monica	present	char_tracker_stage05	monica	present	1.0		high	
26	214	522.56	523.6	Why don't you tell them?	Monica (as Rachel)	high	community_transcript_match	1.0	dialogue	False	True	Monica (as Rachel) | Rachel (as Monica) | Rachel		Monica (as Rachel)	False		Speaker agrees with available community-transcript mapping.	well, why don't you tell them	Monica (as Rachel)	Monica (as Rachel)	present	char_tracker_stage05	monica	unobserved			high	
26	215	524.8	526.56	After all, it is your ankle.	Monica (as Rachel)	high	community_transcript_match	1.0	dialogue	False	True	Monica (as Rachel) | Rachel (as Monica) | Rachel	Monica (as Rachel)	Rachel (as Monica)	False		Speaker agrees with available community-transcript mapping.	..well, why don't you tell them? After all it, is your ankle.	Monica (as Rachel)	Monica (as Rachel)	present	char_tracker_stage05	monica	unobserved			high	
26	216	526.96	527.48	You know what?	Rachel (as Monica)	high	community_transcript_match	1.0	dialogue	False	True	Monica (as Rachel) | Rachel (as Monica) | Rachel	Monica (as Rachel)	Rachel (as Monica)	False		Speaker agrees with available community-transcript mapping.	you know what um	Rachel (as Monica)	Rachel (as Monica)	present	char_tracker_stage05	monica|rachel	unobserved			high	
26	217	527.48	528.56	It's feeling a lot better.	Rachel (as Monica)	high	community_transcript_match	1.0	dialogue	False	True	Monica (as Rachel) | Rachel (as Monica) | Rachel	Rachel (as Monica)	Rachel (as Monica)	False		Speaker agrees with available community-transcript mapping.	you know what it's feeling a lot better um	Rachel (as Monica)	Rachel (as Monica)	present	char_tracker_stage05	rachel	unobserved			high	
26	218	528.56	529.2	Thank you.	Rachel (as Monica)	high	community_transcript_match	1.0	dialogue	False	True	Monica (as Rachel) | Rachel (as Monica) | Rachel	Rachel (as Monica)	Rachel (as Monica)	False		Speaker agrees with available community-transcript mapping.	You know what, it's feeling a lot better, thank you, um	Rachel (as Monica)	Rachel (as Monica)	present	char_tracker_stage05	rachel	unobserved			high	
26	219	529.45	533.69	Um, listen, why don't you guys sit down and we'll get you some glasses, okay?	Rachel (as Monica)	high	community_transcript_match	1.0	dialogue	False	True	Monica (as Rachel) | Rachel (as Monica) | Rachel	Rachel (as Monica)	Rachel (as Monica)	False		Speaker agrees with available community-transcript mapping.	You know what, it's feeling a lot better, thank you, um... Well, listen, why don't you two sit down and, and we'll get you some glasses... okay... (They don't know what to do with their coats and Monica points to the living room) STAT!	Rachel (as Monica)	Rachel (as Monica)	present	char_tracker_stage05	rachel	unobserved			high	
26	220	534.01	534.65	Okay.	Rachel (as Monica)	high	community_transcript_match	1.0	dialogue	False	True	Monica (as Rachel) | Rachel (as Monica) | Rachel	Rachel (as Monica)	Rachel (as Monica)	False		Speaker agrees with available community-transcript mapping.	okay	Rachel (as Monica)	Rachel (as Monica)	absent	char_tracker_stage05		unobserved			high	
26	221	535.69	536.09	Stat.	Rachel (as Monica)	high	community_transcript_match	1.0	dialogue	False	True	Monica (as Rachel) | Rachel (as Monica) | Rachel	Rachel (as Monica)	Rachel	False		Speaker agrees with available community-transcript mapping.	STAT	Rachel (as Monica)	Rachel (as Monica)	absent	char_tracker_stage05		unobserved			high	
26	222	540.41	542.25	Okay, listen, I'm thinking.	Rachel	high	qa_review_resolved_ct_support	1.0	dialogue	False	True	Monica (as Rachel) | Rachel (as Monica) | Rachel	Rachel (as Monica)		True	speaker_offscreen	Speaker agrees with available community-transcript mapping. | QA resolved prior review with community-transcript support.	okay listen i'm thinking i mean it'll be fine i really think it'll be fine	Rachel	Rachel	present	char_tracker_stage05	monica	absent	0.0		low	speaker_offscreen
27	223	542.25	543.85	Why don't we just tell them who we really are?	Rachel	high	qa_review_resolved_ct_support	1.0	dialogue	False	True	Rachel | Monica		Rachel	True	speaker_offscreen	Speaker agrees with available community-transcript mapping. | QA resolved prior review with community-transcript support.	Okay, listen, I'm thinking, why don't we just tell them who we really are? I mean, it'll be fine, I really think it'll be fine.	Rachel	Rachel	present	char_tracker_stage05	monica	absent	0.0		low	speaker_offscreen
27	224	543.93	545.01	I mean, it'll be fine.	Rachel	high	qa_review_resolved_bridge	1.0	dialogue	False	True	Rachel | Monica	Rachel	Rachel	True	speaker_no_face	Speaker agrees with available community-transcript mapping. | QA resolved prior review by same-speaker bridge.	I mean, it'll be fine, I really think it'll be fine	Rachel	Rachel	partial	char_tracker_stage05		absent	0.0		medium	speaker_no_face
27	225	545.01	546.05	I really think it'll be fine.	Rachel	high	qa_review_resolved_ct_support	1.0	dialogue	False	True	Rachel | Monica	Rachel	Monica	True	speaker_no_face	Speaker agrees with available community-transcript mapping. | QA resolved prior review with community-transcript support.	i really think it'll be fine	Rachel	Rachel	absent	char_tracker_stage05		absent	0.0		medium	speaker_no_face
27	226	546.05	547.01	It will not be fine.	Monica	high	qa_review_resolved_ct_support	1.0	dialogue	False	True	Rachel | Monica	Rachel	Monica	True	speaker_no_face	Speaker agrees with available community-transcript mapping. | QA resolved prior review with community-transcript support.	It will not be fine	Monica	Monica	absent	char_tracker_stage05		absent	0.0		medium	speaker_no_face
27	227	547.01	547.81	We'll get in trouble.	Monica	high	qa_review_resolved_ct_support	1.0	dialogue	False	True	Rachel | Monica	Monica	Rachel	True	speaker_no_face	Speaker agrees with available community-transcript mapping. | QA resolved prior review with community-transcript support.	It will not be fine. We'll get in trouble.	Monica	Monica	absent	char_tracker_stage05		absent	0.0		medium	speaker_no_face
27	228	547.81	550.01	Oh, Monica, would you stop being such a wuss?	Rachel	high	qa_review_resolved_ct_support	1.0	dialogue	False	True	Rachel | Monica	Monica	Monica	True	speaker_no_face	Speaker agrees with available community-transcript mapping. | QA resolved prior review with community-transcript support.	Oh, Monica! Would you stop being such a wuss?	Rachel	Rachel	absent	char_tracker_stage05		absent	0.0		medium	speaker_no_face
27	229	550.25	550.89	A wuss?	Monica	high	qa_review_resolved_ct_support	1.0	dialogue	False	True	Rachel | Monica	Rachel	Monica	True	speaker_no_face	Speaker agrees with available community-transcript mapping. | QA resolved prior review with community-transcript support.	A wuss	Monica	Monica	absent	char_tracker_stage05		absent	0.0		medium	speaker_no_face
27	230	552.17	553.93	Excuse me for living in the real world.	Monica	high	community_transcript_match	1.0	dialogue	False	True	Rachel | Monica	Monica		False		Speaker agrees with available community-transcript mapping.	A wuss? Excuse me for living in the real world, okay?	Monica	Monica	present	char_tracker_stage05	monica	present	1.0		high	
28	231	553.93	555.05	Okay, so?	Dr. Mitchell	high	community_transcript_match	1.0	dialogue	False	True	Dr. Mitchell | Dr. Rosen | Monica		Dr. Rosen	False		Speaker agrees with available community-transcript mapping.	So?	Dr. Mitchell	Dr. Mitchell	present	char_tracker_stage05	monica	unobserved			high	
28	232	555.05	556.97	So they still seem normal.	Dr. Rosen	high	community_transcript_match	1.0	dialogue	False	True	Dr. Mitchell | Dr. Rosen | Monica	Dr. Mitchell	Dr. Mitchell	False		Speaker agrees with available community-transcript mapping.	So... they sss-still seem normal.	Dr. Rosen	Dr. Rosen	absent	char_tracker_stage05		unobserved			high	
28	233	556.97	558.18	That's because they are normal.	Dr. Mitchell	high	community_transcript_match	1.0	dialogue	False	True	Dr. Mitchell | Dr. Rosen | Monica	Dr. Rosen	Dr. Rosen	False		Speaker agrees with available community-transcript mapping.	That's because they are.	Dr. Mitchell	Dr. Mitchell	absent	char_tracker_stage05		unobserved			high	
28	234	558.18	562.22	Okay, but you have to admit that every time we go out with women we meet at the hospital, it turns to relax.	Dr. Rosen	high	community_transcript_match	1.0	dialogue	False	True	Dr. Mitchell | Dr. Rosen | Monica	Dr. Mitchell	Dr. Mitchell	False		Speaker agrees with available community-transcript mapping.	(Nervously) okay, but you have to admit that every time we go out... Women we meet at the hospital... It turns into...	Dr. Rosen	Dr. Rosen	present	char_tracker_stage05	joey	unobserved			high	
28	235	562.62	563.5	Take a look around.	Dr. Mitchell	high	community_transcript_match	1.0	dialogue	False	True	Dr. Mitchell | Dr. Rosen | Monica	Dr. Rosen	Dr. Mitchell	False		Speaker agrees with available community-transcript mapping.	Look around	Dr. Mitchell	Dr. Mitchell	present	char_tracker_stage05	joey	unobserved			high	
28	236	563.98	570.06	There are no pagan altars, no piles of bones in the corners.	Dr. Mitchell	high	community_transcript_match	1.0	dialogue	False	True	Dr. Mitchell | Dr. Rosen | Monica	Dr. Mitchell	Dr. Mitchell	False		Speaker agrees with available community-transcript mapping.	Willya relax? Look around. No pagan altars, no piles of bones in the corners, they're fine. (Baring his teeth to clean them with his finger) Go like this. (Dr. Rosen obeys.)	Dr. Mitchell	Dr. Mitchell	absent	char_tracker_stage05		unobserved			high	
28	237	571.02	571.74	They're fine.	Dr. Mitchell	high	community_transcript_match	1.0	dialogue	False	True	Dr. Mitchell | Dr. Rosen | Monica	Dr. Mitchell	Dr. Mitchell	False		Speaker agrees with available community-transcript mapping.	willya relax look around they're fine go like this	Dr. Mitchell	Dr. Mitchell	absent	char_tracker_stage05		unobserved			high	
28	238	571.74	572.38	Go like this.	Dr. Mitchell	high	community_transcript_match	1.0	dialogue	False	True	Dr. Mitchell | Dr. Rosen | Monica	Dr. Mitchell	Monica	False		Speaker agrees with available community-transcript mapping.	willya relax look around go like this	Dr. Mitchell	Dr. Mitchell	absent	char_tracker_stage05		unobserved			high	
28	239	577.02	578.54	I said we are not going to do it.	Monica	high	community_transcript_match	1.0	dialogue	False	True	Dr. Mitchell | Dr. Rosen | Monica	Dr. Mitchell		False		Speaker agrees with available community-transcript mapping.	i said we are not going to do it	Monica	Monica	present	char_tracker_stage05	monica	present	1.0		high	
29	240	578.54	578.94	Okay?	Monica	high	community_transcript_match	1.0	dialogue	False	True	Monica | Rachel		Monica	False		Speaker agrees with available community-transcript mapping.	I said we are not going to do it, okay	Monica	Monica	present	char_tracker_stage05	monica	present	1.0		high	
29	241	578.94	581.1	Sometimes you can be such a big baby.	Monica	high	community_transcript_match	1.0	dialogue	False	True	Monica | Rachel	Monica	Rachel	False		Speaker agrees with available community-transcript mapping.	I said we are not going to do it, okay? Sometimes you can be such a, a big baby.	Monica	Monica	present	char_tracker_stage05	monica	present	1.0		high	
29	242	581.34	582.7	I am not a baby.	Rachel	high	community_transcript_match	1.0	dialogue	False	True	Monica | Rachel	Monica	Rachel	False		Speaker agrees with available community-transcript mapping.	i am not a baby you know what time we	Rachel	Rachel	present	char_tracker_stage05	monica|rachel	present	1.0		high	
29	243	583.18	583.82	I swear to God.	Rachel	high	community_transcript_match	1.0	dialogue	False	True	Monica | Rachel	Rachel	Rachel	False		Speaker agrees with available community-transcript mapping.	i am not a baby you know what i swear to god time we	Rachel	Rachel	present	char_tracker_stage05	monica|rachel	present	1.0		high	
29	244	583.82	585.02	Just because you get uptight every.	Rachel	high	community_transcript_match	1.0	dialogue	False	True	Monica | Rachel	Rachel	Rachel	False		Speaker agrees with available community-transcript mapping.	(Resenting the truth) I am not a baby! You know what? I swear to god, just because you get so uptight every time we...	Rachel	Rachel	present	char_tracker_stage05	monica|rachel	present	1.0		high	
29	245	585.02	585.7	You'll get pregnant.	Rachel	high	scene_context_bridge	0.88	dialogue	True	False	Monica | Rachel	Rachel	Rachel	False		Same speaker appears on both sides within the same scene.				present	char_tracker_stage05	monica|rachel	present			high	
29	246	585.7	586.14	You know what?	Rachel	high	community_transcript_match	1.0	dialogue	False	True	Monica | Rachel	Rachel	Monica	False		Speaker agrees with available community-transcript mapping.	You know what?	Rachel	Rachel	present	char_tracker_stage05	monica|rachel	present	1.0		high	
29	247	586.31	586.47	What?	Monica	high	community_transcript_match	1.0	dialogue	False	True	Monica | Rachel	Rachel	Rachel	False		Speaker agrees with available community-transcript mapping.	What?	Monica	Monica	present	char_tracker_stage05	monica|rachel	present	1.0		high	
29	248	586.47	586.95	You know what?	Rachel	high	community_transcript_match	1.0	dialogue	False	True	Monica | Rachel	Monica	Monica	False		Speaker agrees with available community-transcript mapping.	You know what?	Rachel	Rachel	present	char_tracker_stage05	monica|rachel	present	1.0		high	
29	249	586.95	587.19	What?	Monica	high	community_transcript_match	1.0	dialogue	False	True	Monica | Rachel	Rachel	Rachel	False		Speaker agrees with available community-transcript mapping.	What!?	Monica	Monica	present	char_tracker_stage05	monica|rachel	present	1.0		high	
29	250	587.19	587.83	You know what?	Rachel	high	community_transcript_match	1.0	dialogue	False	True	Monica | Rachel	Monica	Monica	False		Speaker agrees with available community-transcript mapping.	You know what?	Rachel	Rachel	present	char_tracker_stage05	monica|rachel	present	1.0		high	
29	251	587.83	588.23	What?	Monica	high	community_transcript_match	1.0	dialogue	False	True	Monica | Rachel	Rachel	Rachel	False		Speaker agrees with available community-transcript mapping.	(getting angry) What!!?	Monica	Monica	present	char_tracker_stage05	monica|rachel	present	1.0		high	
29	252	588.31	592.23	Every day you are becoming more and more like your mother.	Rachel	high	community_transcript_match	1.0	dialogue	False	True	Monica | Rachel	Monica	Rachel	False		Speaker agrees with available community-transcript mapping.	Every day, you are becoming more and more like your mother.	Rachel	Rachel	present	char_tracker_stage05	monica|rachel	present	0.8		high	
29	253	592.31	593.03	Excuse me.	Rachel	medium	scene_context_inference	0.68	dialogue	True	False	Monica | Rachel	Rachel		True	scene_end_short_utterance | speaker_offscreen	Filled from previous same-scene context.				present	char_tracker_stage05	monica	absent			low	speaker_offscreen
30	254	593.03	593.59	Hello.	Rachel	high	qa_review_resolved_ct_support	1.0	dialogue	False	True	Rachel | Dr. Rosen | Monica		Rachel	True	speaker_offscreen	Speaker agrees with available community-transcript mapping. | QA resolved prior review with community-transcript support.	Hello	Rachel	Rachel	present	char_tracker_stage05	monica	absent	0.0		low	speaker_offscreen
30	255	593.59	594.23	Here we go.	Rachel	high	qa_review_resolved_ct_support	1.0	dialogue	False	True	Rachel | Dr. Rosen | Monica	Rachel	Dr. Rosen	True	speaker_offscreen	Speaker agrees with available community-transcript mapping. | QA resolved prior review with community-transcript support.	Hello! Here we go!	Rachel	Rachel	present	char_tracker_stage05	monica	absent	0.0		low	speaker_offscreen
30	256	595.67	596.15	Hey.	Dr. Rosen	medium	short_turn_alternation	0.7	dialogue	True	False	Rachel | Dr. Rosen | Monica	Rachel	Dr. Rosen	True	short_utterance_between_two_speakers	Short utterance inferred from local turn alternation.				absent	char_tracker_stage05		unobserved			medium	
30	257	597.35	598.27	This is a great place.	Dr. Rosen	high	community_transcript_match	1.0	dialogue	False	True	Rachel | Dr. Rosen | Monica	Dr. Rosen	Dr. Rosen	False		Speaker agrees with available community-transcript mapping.	This is a great place	Dr. Rosen	Dr. Rosen	absent	char_tracker_stage05		unobserved			high	
30	258	598.27	599.23	How long have you lived here?	Dr. Rosen	high	community_transcript_match	1.0	dialogue	False	True	Rachel | Dr. Rosen | Monica	Dr. Rosen	Rachel	False		Speaker agrees with available community-transcript mapping.	This is a great place. How long have you lived here?	Dr. Rosen	Dr. Rosen	present	char_tracker_stage05	rachel	unobserved			high	
30	259	599.23	599.67	Thanks.	Rachel	high	community_transcript_match	1.0	dialogue	False	True	Rachel | Dr. Rosen | Monica	Dr. Rosen	Rachel	False		Speaker agrees with available community-transcript mapping.	thanks	Rachel	Rachel	present	char_tracker_stage05	rachel	present	1.0		high	
30	260	599.67	601.91	I've been here about six years.	Rachel	high	community_transcript_match	1.0	dialogue	False	True	Rachel | Dr. Rosen | Monica	Rachel	Rachel	False		Speaker agrees with available community-transcript mapping.	thanks i've been here about six years	Rachel	Rachel	present	char_tracker_stage05	rachel	present	1.0		high	
30	261	602.31	604.95	And Rachel moved in a few months ago.	Rachel	high	qa_review_resolved_ct_support	1.0	dialogue	False	True	Rachel | Dr. Rosen | Monica	Rachel	Monica	True	speaker_no_face	Speaker agrees with available community-transcript mapping. | QA resolved prior review with community-transcript support.	(as Monica) Thanks! I've been here about six years, and Rachel moved in a few months ago.	Rachel	Rachel	absent	char_tracker_stage05		absent	0.0		medium	speaker_no_face
30	262	605.99	611.11	Yeah, see, I was supposed to get married, but I left the guy at the altar.	Monica	high	community_transcript_match	1.0	dialogue	False	True	Rachel | Dr. Rosen | Monica	Rachel		False		Speaker agrees with available community-transcript mapping.	(as Rachel) Yeah... (joining the others) ..see, I was supposed to get married, but, um, I left the guy at the altar.	Monica	Monica	present	char_tracker_stage05	monica	present	0.8571		high	
31	263	615.82	616.06	Really?	Dr. Mitchell	high	community_transcript_match	1.0	dialogue	False	True	Dr. Mitchell | Monica | Dr. Rosen | Rachel		Monica	False		Speaker agrees with available community-transcript mapping.	Really?	Dr. Mitchell	Dr. Mitchell	present	char_tracker_stage05	monica	unobserved			high	
31	264	616.38	616.94	Yeah.	Monica	medium	visual_disambiguation	0.74	dialogue	True	False	Dr. Mitchell | Monica | Dr. Rosen | Rachel	Dr. Mitchell	Monica	False		Only one of the two text-context candidates was visually present in the window.				present	char_tracker_stage05	monica	present			medium	
31	265	617.34	617.7	Yeah.	Monica	high	community_transcript_match	1.0	dialogue	False	True	Dr. Mitchell | Monica | Dr. Rosen | Rachel	Monica	Monica	False		Speaker agrees with available community-transcript mapping.	Yeah	Monica	Monica	present	char_tracker_stage05	monica	present	1.0		high	
31	266	617.7	621.82	You know, I know it's pretty selfish, but, hey, that's me.	Monica	high	community_transcript_match	1.0	dialogue	False	True	Dr. Mitchell | Monica | Dr. Rosen | Rachel	Monica	Monica	False		Speaker agrees with available community-transcript mapping.	(as Rachel) Yeah... Yeah, I know it's pretty selfish, but haha, hey, that's me. (Indicating a dish on the table) Why don't you try the hummus?	Monica	Monica	present	char_tracker_stage05	monica	present	1.0		high	
31	267	626.86	628.14	Why don't you try the hummus?	Monica	high	community_transcript_match	1.0	dialogue	False	True	Dr. Mitchell | Monica | Dr. Rosen | Rachel	Monica	Dr. Rosen	False		Speaker agrees with available community-transcript mapping.	Why don't you try the hummus	Monica	Monica	present	char_tracker_stage05	monica	present	1.0		high	
31	268	629.1	630.46	So, Monica, what do you do?	Dr. Rosen	high	community_transcript_match	1.0	dialogue	False	True	Dr. Mitchell | Monica | Dr. Rosen | Rachel	Monica	Rachel	False		Speaker agrees with available community-transcript mapping.	So, Monica, what do you do?	Dr. Rosen	Dr. Rosen	present	char_tracker_stage05	monica|rachel	unobserved			high	
31	269	631.419	633.94	I am a chef at a restaurant uptown.	Rachel	high	community_transcript_match	1.0	dialogue	False	True	Dr. Mitchell | Monica | Dr. Rosen | Rachel	Dr. Rosen	Dr. Rosen	False		Speaker agrees with available community-transcript mapping.	(as Monica) Aahh, I'm a... chef at a restaurant uptown.	Rachel	Rachel	present	char_tracker_stage05	rachel	present	1.0		high	
31	270	633.94	634.86	Oh, good for you.	Dr. Rosen	high	community_transcript_match	1.0	dialogue	False	True	Dr. Mitchell | Monica | Dr. Rosen | Rachel	Rachel	Rachel	False		Speaker agrees with available community-transcript mapping.	Good for you.	Dr. Rosen	Dr. Rosen	present	char_tracker_stage05	rachel	unobserved			high	
31	271	634.94	635.66	Yeah, it is.	Rachel	high	community_transcript_match	1.0	dialogue	False	True	Dr. Mitchell | Monica | Dr. Rosen | Rachel	Dr. Rosen	Rachel	False		Speaker agrees with available community-transcript mapping.	yeah it is	Rachel	Rachel	present	char_tracker_stage05	rachel	present	1.0		high	
31	272	637.74	641.73	Mostly because I get to boss people around, which I just love to do.	Rachel	high	community_transcript_match	1.0	dialogue	False	True	Dr. Mitchell | Monica | Dr. Rosen | Rachel	Rachel	Dr. Rosen	False		Speaker agrees with available community-transcript mapping.	(as Monica) Yeah it is, mostly because I get to boss people around, which I just love to do.	Rachel	Rachel	present	char_tracker_stage05	rachel	present	1.0		high	
31	273	645.09	646.29	This hummus is great.	Dr. Rosen	high	community_transcript_match	1.0	dialogue	False	True	Dr. Mitchell | Monica | Dr. Rosen | Rachel	Rachel	Dr. Mitchell	False		Speaker agrees with available community-transcript mapping.	This hummus is great.	Dr. Rosen	Dr. Rosen	present	char_tracker_stage05	monica	unobserved			high	
31	274	647.01	648.29	God bless a chickpea.	Dr. Mitchell	high	community_transcript_match	1.0	dialogue	False	True	Dr. Mitchell | Monica | Dr. Rosen | Rachel	Dr. Rosen	Monica	False		Speaker agrees with available community-transcript mapping.	God bless the chickpea.	Dr. Mitchell	Dr. Mitchell	present	char_tracker_stage05	monica|rachel	unobserved			high	
31	275	653.57	656.69	Oh, God, I am so spoiled.	Monica	high	community_transcript_match	1.0	dialogue	False	True	Dr. Mitchell | Monica | Dr. Rosen | Rachel	Dr. Mitchell	Monica	False		Speaker agrees with available community-transcript mapping.	(as Rachel) (Suddenly laughing) Oh, god, I am so spoiled... That's it!	Monica	Monica	present	char_tracker_stage05	monica	present	1.0		high	
31	276	661.89	662.53	That's it.	Monica	high	community_transcript_match	1.0	dialogue	False	True	Dr. Mitchell | Monica | Dr. Rosen | Rachel	Monica	Rachel	False		Speaker agrees with available community-transcript mapping.	That's it	Monica	Monica	present	char_tracker_stage05	monica	present	1.0		high	
31	277	664.61	665.65	I shoplift.	Rachel	high	community_transcript_match	1.0	dialogue	False	True	Dr. Mitchell | Monica | Dr. Rosen | Rachel	Monica	Monica	False		Speaker agrees with available community-transcript mapping.	(as Monica) I shoplift.	Rachel	Rachel	present	char_tracker_stage05	rachel	present	1.0		high	
31	278	669.14	669.98	That was years ago.	Monica	high	community_transcript_match	1.0	dialogue	False	True	Dr. Mitchell | Monica | Dr. Rosen | Rachel	Rachel	Monica	False		Speaker agrees with available community-transcript mapping.	that was years ago	Monica	Monica	present	char_tracker_stage05	monica	present	1.0		high	
31	279	669.98	672.82	And you had no idea that lipstick was in your pocket.	Monica	high	community_transcript_match	1.0	dialogue	False	True	Dr. Mitchell | Monica | Dr. Rosen | Rachel	Monica	Monica	False		Speaker agrees with available community-transcript mapping.	That was years ago, and you had no idea that the lipstick was in your pocket	Monica	Monica	present	char_tracker_stage05	monica	present	1.0		high	
31	280	673.7	676.82	Did I tell you that I think I am so much cuter than I am?	Monica	high	community_transcript_match	1.0	dialogue	False	True	Dr. Mitchell | Monica | Dr. Rosen | Rachel	Monica		False		Speaker agrees with available community-transcript mapping.	(as Rachel) That was years ago, and you had no idea that the lipstick was in your pocket. Did I tell you that I think I am so much cuter than I am?	Monica	Monica	present	char_tracker_stage05	monica	present	1.0		high	
32	281	678.98	682.98	And by the way, have I mentioned that back in high school I was a cow?	Rachel	high	community_transcript_match	1.0	dialogue	False	True	Rachel | Monica		Monica	False		Speaker agrees with available community-transcript mapping.	(as Monica) And by the way, have I mentioned that back in high school, I was a cow?	Rachel	Rachel	present	char_tracker_stage05	rachel	present	0.8		high	
32	282	685.54	686.98	I used to wet my bed.	Monica	high	community_transcript_match	1.0	dialogue	False	True	Rachel | Monica	Rachel	Rachel	False		Speaker agrees with available community-transcript mapping.	(as Rachel) I used to wet my bed.	Monica	Monica	present	char_tracker_stage05	monica	present	1.0		high	
32	283	688.58	690.9	I used my breasts to get other people's attention.	Rachel	high	community_transcript_match	1.0	dialogue	False	True	Rachel | Monica	Monica	Monica	False		Speaker agrees with available community-transcript mapping.	(as Monica) I use my breasts to get other people's attention.	Rachel	Rachel	present	char_tracker_stage05	rachel	present	1.0		high	
32	284	691.78	692.82	We both do that.	Monica	high	community_transcript_match	1.0	dialogue	False	True	Rachel | Monica	Rachel		False		Speaker agrees with available community-transcript mapping.	(as Rachel) (Revealing her anger to point at her best friend) We both do that!	Monica	Monica	present	char_tracker_stage05	monica|rachel	present	1.0		high	
33	285	708.04	709.64	Monica and Rachel's apartment.	Dr. Mitchell	high	community_transcript_match	1.0	dialogue	False	True	Dr. Mitchell		Dr. Mitchell	False		Speaker agrees with available community-transcript mapping.	(on the phone) Monica and Rachel's apartment. Err yeh, aayah, yeh, just one second... (handing it to Monica) ..ah, Rachel, it's your dad.	Dr. Mitchell	Dr. Mitchell	present	char_tracker_stage05	joey	unobserved			high	
33	286	712.2	712.92	Just one second.	Dr. Mitchell	high	community_transcript_match	1.0	dialogue	False	True	Dr. Mitchell	Dr. Mitchell		False		Speaker agrees with available community-transcript mapping.	Err yeh, aayah, yeh, just one second	Dr. Mitchell	Dr. Mitchell	unknown	char_tracker_stage05		unknown		sentence_outside_visual_data_range	medium	visual_presence_unknown
