scene_id	sentence_id	start	end	utterance	speaker	speaker_confidence	speaker_method	alignment_score	row_type	filled_from_missing	matched_to_ct	scene_speaker_set	prev_speaker_scene	next_speaker_scene	review_flag	review_reason	notes	utterance_ct	speaker_ct	speaker_original	visual_presence	visual_presence_source	visual_presence_chars	speaker_visual_presence	speaker_visual_ratio	visual_presence_note	annotation_confidence	annotation_review_reason
1	1	5.76	6.84	Oh, look, look, look.	Rachel	medium	scene_context_inference	0.68	dialogue	True	False	Rachel | Chandler | Ross | Monica | Phoebe		Rachel	True	medium_confidence_context_fill | speaker_offscreen	Filled from next same-scene context.				present	char_tracker_stage05	joey|monica	absent			low	speaker_offscreen
1	2	6.84	7.92	There's Joey's picture.	Rachel	high	qa_review_resolved_bridge	1.0	dialogue	False	True	Rachel | Chandler | Ross | Monica | Phoebe	Rachel	Rachel	True	speaker_offscreen	Speaker agrees with available community-transcript mapping. | QA resolved prior review by same-speaker bridge.	(reading the program) Ooh! Look! Look! Look! Look, there's Joey's picture! This is so exciting!	Rachel	Rachel	present	char_tracker_stage05	joey|monica	absent	0.0		low	speaker_offscreen
1	3	8.08	9.6	Oh, this is so exciting.	Rachel	high	qa_review_resolved_ct_support	1.0	dialogue	False	True	Rachel | Chandler | Ross | Monica | Phoebe	Rachel	Chandler	True	speaker_offscreen	Speaker agrees with available community-transcript mapping. | QA resolved prior review with community-transcript support.	This is so exciting	Rachel	Rachel	present	char_tracker_stage05	joey|phoebe	absent	0.0		low	speaker_offscreen
1	4	9.84	12.52	You can always spot someone who's never seen one of his plays before.	Chandler	high	qa_review_resolved_ct_support	1.0	dialogue	False	True	Rachel | Chandler | Ross | Monica | Phoebe	Rachel	Chandler	True	speaker_offscreen	Speaker agrees with available community-transcript mapping. | QA resolved prior review with community-transcript support.	You can always spot someone who's never seen one of his plays before. Notice, no fear, no sense of impending doom...	Chandler	Chandler	present	char_tracker_stage05	joey|phoebe	absent	0.0		low	speaker_offscreen
1	5	12.52	15.36	Notice, no fear, no sense of impending doom.	Chandler	high	qa_review_resolved_ct_support	1.0	dialogue	False	True	Rachel | Chandler | Ross | Monica | Phoebe	Chandler	Ross	True	speaker_offscreen	Speaker agrees with available community-transcript mapping. | QA resolved prior review with community-transcript support.	Notice, no fear, no sense of impending doom	Chandler	Chandler	present	char_tracker_stage05	phoebe|rachel	absent	0.0		low	speaker_offscreen
1	6	17.28	17.8	Look, the.	Ross	high	qa_review_resolved_ct_support	1.0	dialogue	False	True	Rachel | Chandler | Ross | Monica | Phoebe	Chandler	Ross	True	speaker_offscreen	Speaker agrees with available community-transcript mapping. | QA resolved prior review with community-transcript support.	look well we came on the wrong night	Ross	Ross	present	char_tracker_stage05	chandler|monica	absent	0.0		low	speaker_offscreen
1	7	17.8	21.52	The role of man number three will not be played by Vic Shapiro.	Ross	high	qa_review_resolved_bridge	1.0	dialogue	False	True	Rachel | Chandler | Ross | Monica | Phoebe	Ross	Ross	True	speaker_offscreen	Speaker agrees with available community-transcript mapping. | QA resolved prior review by same-speaker bridge.	(pulls a notice out of the program) Look, the a- role of “man number 3 will not be played by Vic Shapiro.” Well, we came on the wrong night.	Ross	Ross	present	char_tracker_stage05	chandler	absent	0.0		low	speaker_offscreen
1	8	22.48	24.08	Well, we came on the wrong night.	Ross	high	qa_review_resolved_ct_support	1.0	dialogue	False	True	Rachel | Chandler | Ross | Monica | Phoebe	Ross	Monica	True	speaker_offscreen	Speaker agrees with available community-transcript mapping. | QA resolved prior review with community-transcript support.	""" Well, we came on the wrong night"	Ross	Ross	present	char_tracker_stage05	chandler	absent	0.0		low	speaker_offscreen
1	9	26.24	28.4	I can't believe I forgot to bring a magazine.	Monica	high	qa_review_resolved_ct_support	1.0	dialogue	False	True	Rachel | Chandler | Ross | Monica | Phoebe	Ross	Rachel	True	speaker_offscreen	Speaker agrees with available community-transcript mapping. | QA resolved prior review with community-transcript support.	I can’t believe I forgot to bring a magazine.	Monica	Monica	present	char_tracker_stage05	rachel	absent	0.0		low	speaker_offscreen
1	10	28.97	30.49	Come on, you guys, this might be good.	Rachel	high	community_transcript_match	1.0	dialogue	False	True	Rachel | Chandler | Ross | Monica | Phoebe	Monica	Phoebe	False		Speaker agrees with available community-transcript mapping.	Come on you guys, this might be good.	Rachel	Rachel	present	char_tracker_stage05	phoebe|rachel|ross	present	0.6667		high	
1	11	30.89	31.61	I don't know.	Phoebe	high	qa_review_resolved_ct_support	1.0	dialogue	False	True	Rachel | Chandler | Ross | Monica | Phoebe	Rachel	Phoebe	True	speaker_offscreen	Speaker agrees with available community-transcript mapping. | QA resolved prior review with community-transcript support.	I don't know	Phoebe	Phoebe	present	char_tracker_stage05	ross	absent	0.0		low	speaker_offscreen
1	12	32.17	34.21	Exclamation point in the title scares me.	Phoebe	high	qa_review_resolved_bridge	1.0	dialogue	False	True	Rachel | Chandler | Ross | Monica | Phoebe	Phoebe	Phoebe	True	speaker_offscreen	Speaker agrees with available community-transcript mapping. | QA resolved prior review by same-speaker bridge.	I don’t know. The exclamation point in the title scares me. (Gesturing) Y'know, it's not just Freud, it's Freud!	Phoebe	Phoebe	present	char_tracker_stage05	ross	absent	0.0		low	speaker_offscreen
1	13	34.21	35.93	You know, it's not just Freud, it's Freud.	Phoebe	high	qa_review_resolved_ct_support	1.0	dialogue	False	True	Rachel | Chandler | Ross | Monica | Phoebe	Phoebe		True	speaker_offscreen	Speaker agrees with available community-transcript mapping. | QA resolved prior review with community-transcript support.	Y'know, it's not just Freud, it's Freud	Phoebe	Phoebe	present	char_tracker_stage05	ross	absent	0.0		low	speaker_offscreen
2	14	37.45	38.17	Shh, shh.	Ross	high	community_transcript_match	1.0	dialogue	False	True	Ross		Ross	False		Speaker agrees with available community-transcript mapping.	Oh, shhh, shh	Ross	Ross	present	char_tracker_stage05	monica|phoebe|ross	present	0.5		high	
2	15	38.17	39.45	Magic is about to happen.	Ross	high	qa_review_resolved_bridge	1.0	dialogue	False	True	Ross	Ross	Ross	True	speaker_offscreen	Speaker agrees with available community-transcript mapping. | QA resolved prior review by same-speaker bridge.	Oh, shhh, shh. Magic is about to happen.	Ross	Ross	present	char_tracker_stage05	monica|phoebe	absent	0.0		low	speaker_offscreen
2	16	41.13	46.17	Well, Eva, we've done some excellent work here.	Ross	high	qa_review_resolved_bridge	0.9	dialogue	True	False	Ross	Ross	Ross	False		Continuation-style opener favors previous speaker within the same scene. | QA resolved prior review by same-speaker bridge.				present	char_tracker_stage05	ross	present			high	
2	17	47.61	52.81	And I would have to say your problem is quite clear.	Ross	high	qa_review_resolved_bridge	0.9	dialogue	True	False	Ross	Ross	Ross	False		Continuation-style opener favors previous speaker within the same scene. | QA resolved prior review by same-speaker bridge.				present	char_tracker_stage05	chandler|ross	present			high	
2	18	55.61	58.09	All you want is a tinker.	Ross	high	qa_review_resolved_bridge	0.9	dialogue	True	False	Ross	Ross	Ross	True	speaker_offscreen	Filled from previous same-scene context. | QA resolved prior review by same-speaker bridge.				present	char_tracker_stage05	monica|rachel	absent			low	speaker_offscreen
2	19	59.13	61.43	What you envy is a Shang.	Ross	medium	scene_context_inference	0.68	dialogue	True	False	Ross	Ross		True	medium_confidence_context_fill | speaker_offscreen	Filled from previous same-scene context.				present	char_tracker_stage05	rachel	absent			low	speaker_offscreen
3	20	62.23	68.07	A thing through which you can tinkle or play with or simply let hang.	Joey	high	community_transcript_match	1.0	dialogue	False	True	Joey			False		Speaker agrees with available community-transcript mapping.	Vell, Eva, ve've done some excellent vork here, and I vould have to say, your pwoblem is qviiite clear. (He goes into a song and dance number.) All you want is a dingle, What you envy's a schwang, A thing through which you can tinkle, Or play with, or simply let hang...	Joey	Joey	present	char_tracker_stage05	joey|phoebe	present	0.5714		high	
6	21	102.4	103.68	I feel violated.	Rachel	high	qa_review_resolved_ct_support	1.0	dialogue	False	True	Rachel | Monica | Ross | Chandler | Phoebe | All | Aurora		Monica	True	speaker_offscreen	Speaker agrees with available community-transcript mapping. | QA resolved prior review with community-transcript support.	God. I feel violated.	Rachel	Rachel	present	char_tracker_stage05	ross	absent	0.0		low	speaker_offscreen
6	22	105.36	109.68	Anybody else feel like they just wanted to peel the skin off their body to have something else to do?	Monica	high	qa_review_resolved_ct_support	1.0	dialogue	False	True	Rachel | Monica | Ross | Chandler | Phoebe | All | Aurora	Rachel	Ross	True	speaker_offscreen	Speaker agrees with available community-transcript mapping. | QA resolved prior review with community-transcript support.	Did anybody else feel they just wanted to peel the skin off their body, to have something else to do?	Monica	Monica	present	char_tracker_stage05	ross	absent	0.0		low	speaker_offscreen
6	23	109.68	110.16	Yes.	Ross	medium	visual_disambiguation	0.74	dialogue	True	False	Rachel | Monica | Ross | Chandler | Phoebe | All | Aurora	Monica	Ross	False		Only one of the two text-context candidates was visually present in the window.				present	char_tracker_stage05	ross	present			medium	
6	24	111.04	111.48	Rush.	Ross	high	scene_context_bridge	0.88	dialogue	True	False	Rachel | Monica | Ross | Chandler | Phoebe | All | Aurora	Ross	Ross	False		Same speaker appears on both sides within the same scene.				present	char_tracker_stage05	ross	present			high	
6	25	111.48	112.69	10 o' clock is.	Ross	high	scene_context_bridge	0.88	dialogue	True	False	Rachel | Monica | Ross | Chandler | Phoebe | All | Aurora	Ross	Ross	False		Same speaker appears on both sides within the same scene.				present	char_tracker_stage05	ross	present			high	
6	26	112.69	114.09	It feels like two.	Ross	high	qa_review_resolved_bridge	1.0	dialogue	False	True	Rachel | Monica | Ross | Chandler | Phoebe | All | Aurora	Ross	Ross	True	speaker_no_face	Speaker agrees with available community-transcript mapping. | QA resolved prior review by same-speaker bridge.	Is it? Feels like two.	Ross	Ross	absent	char_tracker_stage05		absent	0.0		medium	speaker_no_face
6	27	116.01	116.53	10 o'.	Ross	high	qa_review_resolved_bridge	0.9	dialogue	True	False	Rachel | Monica | Ross | Chandler | Phoebe | All | Aurora	Ross	Ross	True	speaker_no_face	Same speaker appears on both sides within the same scene. | QA resolved prior review by same-speaker bridge.				absent	char_tracker_stage05		absent			medium	speaker_no_face
6	28	116.53	116.81	Clock.	Ross	high	qa_review_resolved_bridge	0.9	dialogue	True	False	Rachel | Monica | Ross | Chandler | Phoebe | All | Aurora	Ross	Ross	True	speaker_no_face	Same speaker appears on both sides within the same scene. | QA resolved prior review by same-speaker bridge.				absent	char_tracker_stage05		absent			medium	speaker_no_face
6	29	117.37	117.77	What?	Ross	high	qa_review_resolved_ct_support	1.0	dialogue	False	True	Rachel | Monica | Ross | Chandler | Phoebe | All | Aurora	Ross	Chandler	True	speaker_no_face	Speaker agrees with available community-transcript mapping. | QA resolved prior review with community-transcript support.	What?	Ross	Ross	absent	char_tracker_stage05		absent	0.0		medium	speaker_no_face
6	30	119.13	122.05	There's a beautiful woman at 8, 9, 10 o'.	Chandler	high	qa_review_resolved_ct_support	1.0	dialogue	False	True	Rachel | Monica | Ross | Chandler | Phoebe | All | Aurora	Ross	Ross	True	speaker_offscreen	Speaker agrees with available community-transcript mapping. | QA resolved prior review with community-transcript support.	(sighs and gestures to explain) There's a beautiful woman at eight, nine, ten o'clock!	Chandler	Chandler	present	char_tracker_stage05	ross	absent	0.0		low	speaker_offscreen
6	31	122.05	122.33	Clock.	Ross	medium	visual_disambiguation	0.74	dialogue	True	False	Rachel | Monica | Ross | Chandler | Phoebe | All | Aurora	Chandler	Ross	False		Only one of the two text-context candidates was visually present in the window.				present	char_tracker_stage05	ross	present			medium	
6	32	124.17	125.93	Oh, hello.	Ross	high	qa_review_resolved_ct_support	1.0	dialogue	False	True	Rachel | Monica | Ross | Chandler | Phoebe | All | Aurora	Ross	Chandler	True	speaker_no_face	Speaker agrees with available community-transcript mapping. | QA resolved prior review with community-transcript support.	Oh. Hel-lo!	Ross	Ross	absent	char_tracker_stage05		absent	0.0		medium	speaker_no_face
6	33	126.57	127.69	She's amazing.	Chandler	high	qa_review_resolved_ct_support	1.0	dialogue	False	True	Rachel | Monica | Ross | Chandler | Phoebe | All | Aurora	Ross	Chandler	True	speaker_no_face	Speaker agrees with available community-transcript mapping. | QA resolved prior review with community-transcript support.	She's amazing	Chandler	Chandler	absent	char_tracker_stage05		absent	0.0		medium	speaker_no_face
6	34	127.69	131.13	She makes the women I dream about look like short, fat, bald men.	Chandler	high	qa_review_resolved_ct_support	1.0	dialogue	False	True	Rachel | Monica | Ross | Chandler | Phoebe | All | Aurora	Chandler	Monica	True	speaker_no_face	Speaker agrees with available community-transcript mapping. | QA resolved prior review with community-transcript support.	She's amazing! She makes the women that I dream about look like short, fat, bald men!	Chandler	Chandler	absent	char_tracker_stage05		absent	0.0		medium	speaker_no_face
6	35	132.89	133.73	Go over to her.	Monica	high	qa_review_resolved_ct_support	1.0	dialogue	False	True	Rachel | Monica | Ross | Chandler | Phoebe | All | Aurora	Chandler	Monica	True	speaker_no_face	Speaker agrees with available community-transcript mapping. | QA resolved prior review with community-transcript support.	Well, go over to her	Monica	Monica	absent	char_tracker_stage05		absent	0.0		medium	speaker_no_face
6	36	133.73	134.61	She's not with anyone.	Monica	high	qa_review_resolved_ct_support	1.0	dialogue	False	True	Rachel | Monica | Ross | Chandler | Phoebe | All | Aurora	Monica	Chandler	True	speaker_no_face	Speaker agrees with available community-transcript mapping. | QA resolved prior review with community-transcript support.	Well, go over to her! She's not with anyone.	Monica	Monica	absent	char_tracker_stage05		absent	0.0		medium	speaker_no_face
6	37	134.61	135.53	Oh, yeah, right.	Chandler	low	scene_context_inference	0.58	dialogue	True	False	Rachel | Monica | Ross | Chandler | Phoebe | All | Aurora	Monica	Chandler	True	two_sided_context_ambiguous | speaker_no_face	No direct transcript match; weak local context only.				absent	char_tracker_stage05		absent			low	speaker_no_face
6	38	135.53	136.89	And what would my opening line be?	Chandler	high	qa_review_resolved_bridge	1.0	dialogue	False	True	Rachel | Monica | Ross | Chandler | Phoebe | All | Aurora	Chandler	Chandler	True	speaker_offscreen	Speaker agrees with available community-transcript mapping. | QA resolved prior review by same-speaker bridge.	Oh yeah, and what would my opening line be? 'Excuse me. Blarrglarrghh.'	Chandler	Chandler	present	char_tracker_stage05	ross	absent	0.0		low	speaker_offscreen
6	39	136.89	137.61	Excuse me?	Chandler	high	qa_review_resolved_bridge	1.0	dialogue	False	True	Rachel | Monica | Ross | Chandler | Phoebe | All | Aurora	Chandler	Chandler	True	speaker_offscreen	Speaker agrees with available community-transcript mapping. | QA resolved prior review by same-speaker bridge.	'Excuse me	Chandler	Chandler	present	char_tracker_stage05	ross	absent	0.0		low	speaker_offscreen
6	40	140.81	141.92	Come on, she's a.	Chandler	medium	scene_context_inference	0.66	dialogue	True	False	Rachel | Monica | Ross | Chandler | Phoebe | All | Aurora	Chandler	Rachel	True	two_sided_context_ambiguous | speaker_no_face	No direct transcript match; longer line defaulted to previous speaker in same scene.				absent	char_tracker_stage05		absent			medium	speaker_no_face
6	41	142.55	143.11	You can do it.	Rachel	high	qa_review_resolved_ct_support	1.0	dialogue	False	True	Rachel | Monica | Ross | Chandler | Phoebe | All | Aurora	Chandler	Chandler	True	speaker_no_face	Speaker agrees with available community-transcript mapping. | QA resolved prior review with community-transcript support.	Oh, c'mon. She's a person, you can do it!	Rachel	Rachel	absent	char_tracker_stage05		absent	0.0		medium	speaker_no_face
6	42	143.11	143.59	Oh, please.	Chandler	high	qa_review_resolved_ct_support	1.0	dialogue	False	True	Rachel | Monica | Ross | Chandler | Phoebe | All | Aurora	Rachel	Chandler	True	speaker_no_face	Speaker agrees with available community-transcript mapping. | QA resolved prior review with community-transcript support.	oh please ross back me up here	Chandler	Chandler	absent	char_tracker_stage05		absent	0.0		medium	speaker_no_face
6	43	143.59	145.11	Could she be more out of my league?	Chandler	high	qa_review_resolved_bridge	1.0	dialogue	False	True	Rachel | Monica | Ross | Chandler | Phoebe | All | Aurora	Chandler	Chandler	True	speaker_no_face	Speaker agrees with available community-transcript mapping. | QA resolved prior review by same-speaker bridge.	Oh please, could she be more out of my league? Ross, back me up here.	Chandler	Chandler	absent	char_tracker_stage05		absent	0.0		medium	speaker_no_face
6	44	145.19	146.47	Ross, back me up here.	Chandler	high	qa_review_resolved_ct_support	1.0	dialogue	False	True	Rachel | Monica | Ross | Chandler | Phoebe | All | Aurora	Chandler	Ross	True	speaker_no_face	Speaker agrees with available community-transcript mapping. | QA resolved prior review with community-transcript support.	Ross, back me up here	Chandler	Chandler	absent	char_tracker_stage05		absent	0.0		medium	speaker_no_face
6	45	146.47	148.55	You can never get a woman like that in a million years.	Ross	high	qa_review_resolved_ct_support	1.0	dialogue	False	True	Rachel | Monica | Ross | Chandler | Phoebe | All | Aurora	Chandler	Chandler	True	speaker_no_face	Speaker agrees with available community-transcript mapping. | QA resolved prior review with community-transcript support.	He could never get a woman like that in a million years.	Ross	Ross	partial	char_tracker_stage05		absent	0.3333		medium	speaker_no_face
6	46	148.55	149.43	Thank you, buddy.	Chandler	high	qa_review_resolved_ct_support	1.0	dialogue	False	True	Rachel | Monica | Ross | Chandler | Phoebe | All | Aurora	Ross	Phoebe	True	speaker_offscreen	Speaker agrees with available community-transcript mapping. | QA resolved prior review with community-transcript support.	Thank you, buddy.	Chandler	Chandler	present	char_tracker_stage05	ross	absent	0.0		low	speaker_offscreen
6	47	150.87	151.27	Oh.	Phoebe	medium	short_turn_alternation	0.7	reaction	True	False	Rachel | Monica | Ross | Chandler | Phoebe | All | Aurora	Chandler	Phoebe	True	short_utterance_between_two_speakers | speaker_offscreen	Short utterance inferred from local turn alternation.				present	char_tracker_stage05	ross	absent			low	speaker_offscreen
6	48	151.27	151.55	Oh.	Phoebe	high	qa_review_resolved_bridge	0.9	reaction	True	False	Rachel | Monica | Ross | Chandler | Phoebe | All | Aurora	Phoebe	Phoebe	True	speaker_offscreen	Same speaker appears on both sides within the same scene. | QA resolved prior review by same-speaker bridge.				present	char_tracker_stage05	ross	absent			low	speaker_offscreen
6	49	151.55	155.59	But, you know, you always see these really beautiful women with these really nothing guys.	Phoebe	high	qa_review_resolved_bridge	1.0	dialogue	False	True	Rachel | Monica | Ross | Chandler | Phoebe | All | Aurora	Phoebe	Phoebe	True	speaker_no_face	Speaker agrees with available community-transcript mapping. | QA resolved prior review by same-speaker bridge.	Oh, oh, but y'know, you always see these really beautiful women with these really nothing guys, you could be one of those guys.	Phoebe	Phoebe	partial	char_tracker_stage05		absent	0.0		medium	speaker_no_face
6	50	155.59	156.79	You could be one of those guys.	Phoebe	high	qa_review_resolved_ct_support	1.0	dialogue	False	True	Rachel | Monica | Ross | Chandler | Phoebe | All | Aurora	Phoebe	Monica	True	speaker_offscreen	Speaker agrees with available community-transcript mapping. | QA resolved prior review with community-transcript support.	oh oh but y'know you could be one of those guys	Phoebe	Phoebe	present	char_tracker_stage05	ross	absent	0.0		low	speaker_offscreen
6	51	158.55	159.43	You could do that.	Monica	high	qa_review_resolved_ct_support	1.0	dialogue	False	True	Rachel | Monica | Ross | Chandler | Phoebe | All | Aurora	Phoebe	All	True	speaker_offscreen	Speaker agrees with available community-transcript mapping. | QA resolved prior review with community-transcript support.	You could do that!	Monica	Monica	present	char_tracker_stage05	ross	absent	0.0		low	speaker_offscreen
6	52	159.51	159.95	Okay.	All	medium	short_turn_alternation	0.7	dialogue	True	False	Rachel | Monica | Ross | Chandler | Phoebe | All | Aurora	Monica	All	True	short_utterance_between_two_speakers	Short utterance inferred from local turn alternation.				absent	char_tracker_stage05		unobserved			medium	
6	53	159.95	160.35	Yeah.	All	high	scene_context_bridge	0.88	dialogue	True	False	Rachel | Monica | Ross | Chandler | Phoebe | All | Aurora	All	All	False		Same speaker appears on both sides within the same scene.				absent	char_tracker_stage05		unobserved			high	
6	54	160.35	160.79	Yeah.	All	high	community_transcript_match	1.0	dialogue	False	True	Rachel | Monica | Ross | Chandler | Phoebe | All | Aurora	All	Chandler	False		Speaker agrees with available community-transcript mapping.	Yeah!	All	All	absent	char_tracker_stage05		unobserved			high	
6	55	160.79	161.51	Absolutely.	Chandler	medium	short_turn_alternation	0.7	dialogue	True	False	Rachel | Monica | Ross | Chandler | Phoebe | All | Aurora	All	Chandler	True	short_utterance_between_two_speakers | speaker_no_face	Short utterance inferred from local turn alternation.				absent	char_tracker_stage05		absent			medium	speaker_no_face
6	56	161.75	162.39	Oh, God.	Chandler	high	qa_review_resolved_bridge	0.9	dialogue	True	False	Rachel | Monica | Ross | Chandler | Phoebe | All | Aurora	Chandler	Chandler	True	speaker_no_face	Same speaker appears on both sides within the same scene. | QA resolved prior review by same-speaker bridge.				absent	char_tracker_stage05		absent			medium	speaker_no_face
6	57	162.39	163.99	I can't believe I'm even considering this.	Chandler	high	qa_review_resolved_bridge	1.0	dialogue	False	True	Rachel | Monica | Ross | Chandler | Phoebe | All | Aurora	Chandler	Chandler	True	speaker_no_face	Speaker agrees with available community-transcript mapping. | QA resolved prior review by same-speaker bridge.	Oh God, I can't believe I'm even considering this... I'm very very aware of my tongue...	Chandler	Chandler	absent	char_tracker_stage05		absent	0.0		medium	speaker_no_face
6	58	164.47	166.07	I'm very, very aware of my tongue.	Chandler	high	qa_review_resolved_ct_support	1.0	dialogue	False	True	Rachel | Monica | Ross | Chandler | Phoebe | All | Aurora	Chandler	Ross	True	speaker_no_face	Speaker agrees with available community-transcript mapping. | QA resolved prior review with community-transcript support.	I'm very very aware of my tongue	Chandler	Chandler	absent	char_tracker_stage05		absent	0.0		medium	speaker_no_face
6	59	166.07	166.87	Come on, come on.	Ross	low	scene_context_inference	0.58	dialogue	True	False	Rachel | Monica | Ross | Chandler | Phoebe | All | Aurora	Chandler	Ross	True	two_sided_context_ambiguous | speaker_no_face	No direct transcript match; weak local context only.				absent	char_tracker_stage05		absent			low	speaker_no_face
6	60	167.43	168.23	Here it goes.	Ross	high	qa_review_resolved_bridge	0.9	dialogue	True	False	Rachel | Monica | Ross | Chandler | Phoebe | All | Aurora	Ross	Ross	True	speaker_no_face	Same speaker appears on both sides within the same scene. | QA resolved prior review by same-speaker bridge.				absent	char_tracker_stage05		absent			medium	speaker_no_face
6	61	169.03	169.91	Stand back, everyone.	Ross	high	qa_review_resolved_bridge	1.0	dialogue	False	True	Rachel | Monica | Ross | Chandler | Phoebe | All | Aurora	Ross	Ross	True	speaker_no_face	Speaker agrees with available community-transcript mapping. | QA resolved prior review by same-speaker bridge.	c'mon c'mon stand back everyone	Ross	Ross	absent	char_tracker_stage05		absent	0.0		medium	speaker_no_face
6	62	170.07	171.75	Incoming ego shrapnel.	Ross	high	community_transcript_match	1.0	dialogue	False	True	Rachel | Monica | Ross | Chandler | Phoebe | All | Aurora	Ross	Ross	False		Speaker agrees with available community-transcript mapping.	C'mon! C'mon! Stand back everyone, incoming ego shrapnel.	Ross	Ross	present	char_tracker_stage05	ross	present	0.5		high	
6	63	172.79	173.75	All right, I can do.	Ross	medium	visual_disambiguation	0.74	dialogue	True	False	Rachel | Monica | Ross | Chandler | Phoebe | All | Aurora	Ross	Ross	False		Only one of the two text-context candidates was visually present in the window.				present	char_tracker_stage05	ross	present			medium	
6	64	173.89	174.21	Yes.	Ross	medium	visual_disambiguation	0.74	dialogue	True	False	Rachel | Monica | Ross | Chandler | Phoebe | All | Aurora	Ross	Aurora	False		Only one of the two text-context candidates was visually present in the window.				present	char_tracker_stage05	ross	present			medium	
6	65	179.01	179.57	Yes.	Aurora	high	community_transcript_match	1.0	dialogue	False	True	Rachel | Monica | Ross | Chandler | Phoebe | All | Aurora	Ross	Chandler	False		Speaker agrees with available community-transcript mapping.	...Yes?	Aurora	Aurora	present	char_tracker_stage05	ross	unobserved			high	
6	66	180.53	181.01	Hi.	Chandler	medium	short_turn_alternation	0.7	dialogue	True	False	Rachel | Monica | Ross | Chandler | Phoebe | All | Aurora	Aurora	Chandler	True	short_utterance_between_two_speakers | speaker_offscreen	Short utterance inferred from local turn alternation.				present	char_tracker_stage05	ross	absent			low	speaker_offscreen
6	67	182.69	186.05	Okay, next word would be Chandler.	Chandler	high	qa_review_resolved_bridge	1.0	dialogue	False	True	Rachel | Monica | Ross | Chandler | Phoebe | All | Aurora	Chandler	Chandler	True	speaker_no_face	Speaker agrees with available community-transcript mapping. | QA resolved prior review by same-speaker bridge.	Hi.... um... okay, next word... would be... Chandler! Chandler is my name, and, uh...(He clears his throat noisily)...hi.	Chandler	Chandler	partial	char_tracker_stage05		absent	0.0		medium	speaker_no_face
6	68	187.09	188.29	Chandler is my name.	Chandler	high	qa_review_resolved_ct_support	1.0	dialogue	False	True	Rachel | Monica | Ross | Chandler | Phoebe | All | Aurora	Chandler	Aurora	True	speaker_offscreen	Speaker agrees with available community-transcript mapping. | QA resolved prior review with community-transcript support.	hi um chandler is my name and uh hi	Chandler	Chandler	present	char_tracker_stage05	ross	absent	0.0		low	speaker_offscreen
6	69	188.37	188.77	And.	Aurora	medium	short_turn_alternation	0.7	dialogue	True	False	Rachel | Monica | Ross | Chandler | Phoebe | All | Aurora	Chandler	Aurora	True	short_utterance_between_two_speakers	Short utterance inferred from local turn alternation.				present	char_tracker_stage05	ross	unobserved			medium	
6	70	190.61	191.09	Hi.	Aurora	high	scene_context_bridge	0.88	dialogue	True	False	Rachel | Monica | Ross | Chandler | Phoebe | All | Aurora	Aurora	Aurora	False		Same speaker appears on both sides within the same scene.				present	char_tracker_stage05	ross	unobserved			high	
6	71	193.49	194.77	Yes, you said that.	Aurora	high	community_transcript_match	1.0	dialogue	False	True	Rachel | Monica | Ross | Chandler | Phoebe | All | Aurora	Aurora	Chandler	False		Speaker agrees with available community-transcript mapping.	Yes, you said that.	Aurora	Aurora	present	char_tracker_stage05	ross	unobserved			high	
6	72	195.09	196.33	Yes, yes, I did.	Chandler	high	qa_review_resolved_ct_support	1.0	dialogue	False	True	Rachel | Monica | Ross | Chandler | Phoebe | All | Aurora	Aurora	Chandler	True	speaker_offscreen	Speaker agrees with available community-transcript mapping. | QA resolved prior review with community-transcript support.	yes yes i did what i wanted to say was uh	Chandler	Chandler	present	char_tracker_stage05	ross	absent	0.0		low	speaker_offscreen
6	73	196.33	198.61	But what I didn't say was what I was about to say.	Chandler	high	qa_review_resolved_bridge	1.0	dialogue	False	True	Rachel | Monica | Ross | Chandler | Phoebe | All | Aurora	Chandler	Chandler	True	speaker_offscreen	Speaker agrees with available community-transcript mapping. | QA resolved prior review by same-speaker bridge.	Yes, yes I did, but what I didn't say was what I was about to say, what I wanted to say was, uh	Chandler	Chandler	present	char_tracker_stage05	ross	absent	0.0		low	speaker_offscreen
6	74	198.61	201.89	What I wanted to say was would you like to go out with me sometime?	Chandler	high	qa_review_resolved_ct_support	1.0	dialogue	False	True	Rachel | Monica | Ross | Chandler | Phoebe | All | Aurora	Chandler	Aurora	True	speaker_no_face	Speaker agrees with available community-transcript mapping. | QA resolved prior review with community-transcript support.	Yes, yes I did, but what I didn't say was what I was about to say, what I wanted to say was, uh... would you like to go out with me sometime, thankyou, goodnight. (He walks back to the others but she calls him back.)	Chandler	Chandler	absent	char_tracker_stage05		absent	0.0		medium	speaker_no_face
6	75	201.89	202.25	Thank you.	Aurora	medium	short_turn_alternation	0.7	dialogue	True	False	Rachel | Monica | Ross | Chandler | Phoebe | All | Aurora	Chandler	Aurora	True	short_utterance_between_two_speakers	Short utterance inferred from local turn alternation.				absent	char_tracker_stage05		unobserved			medium	
6	76	202.25	205.01	Good night, Chandler.	Aurora	high	community_transcript_match	1.0	dialogue	False	True	Rachel | Monica | Ross | Chandler | Phoebe | All | Aurora	Aurora	Aurora	False		Speaker agrees with available community-transcript mapping.	Chandler?	Aurora	Aurora	absent	char_tracker_stage05		unobserved			high	
6	77	208.27	208.59	Hey.	Aurora	high	qa_review_resolved_bridge	0.9	dialogue	True	False	Rachel | Monica | Ross | Chandler | Phoebe | All | Aurora	Aurora	Aurora	False		Filled from previous same-scene context. | QA resolved prior review by same-speaker bridge.				present	char_tracker_stage05	chandler|phoebe	unobserved			high	
6	78	208.67	209.15	Hey.	Aurora	medium	scene_context_inference	0.68	dialogue	True	False	Rachel | Monica | Ross | Chandler | Phoebe | All | Aurora	Aurora		True	scene_end_short_utterance	Filled from previous same-scene context.				present	char_tracker_stage05	chandler|phoebe	unobserved			medium	
7	79	209.31	210.67	I didn't know you could dance.	All	high	community_transcript_match	1.0	dialogue	False	True	All | Joey		Joey	False		Speaker agrees with available community-transcript mapping.	Hey! You're in a play! I didn't know you could dance! You had a beard!	All	All	present	char_tracker_stage05	chandler|phoebe	unobserved			high	
7	80	212.67	213.39	What'd you think?	Joey	high	qa_review_resolved_ct_support	1.0	dialogue	False	True	All | Joey	All		True	speaker_offscreen	Speaker agrees with available community-transcript mapping. | QA resolved prior review with community-transcript support.	Whadja think?	Joey	Joey	present	char_tracker_stage05	chandler|phoebe	absent	0.0		low	speaker_offscreen
8	81	214.99	215.95	I didn't know you were.	All	high	community_transcript_match	1.0	dialogue	False	True	All | Joey | Rachel | Chandler | Phoebe | Ross		All	False		Speaker agrees with available community-transcript mapping.	...Hey! You're in a play! I didn't know you could dance! You had a beard!	All	All	present	char_tracker_stage05	joey	unobserved			high	
8	82	218.35	220.27	Come on, you guys, it wasn't that bad.	All	medium	scene_context_inference	0.66	dialogue	True	False	All | Joey | Rachel | Chandler | Phoebe | Ross	All	Joey	True	two_sided_context_ambiguous	No direct transcript match; longer line defaulted to previous speaker in same scene.				partial	char_tracker_stage05		unobserved			medium	
8	83	220.35	221.23	I was the lead.	Joey	low	scene_context_inference	0.58	dialogue	True	False	All | Joey | Rachel | Chandler | Phoebe | Ross	All	Joey	True	two_sided_context_ambiguous | speaker_no_face	No direct transcript match; weak local context only.				absent	char_tracker_stage05		absent			low	speaker_no_face
8	84	221.31	223.31	It was better than that thing I did with the trolls.	Joey	high	qa_review_resolved_bridge	1.0	dialogue	False	True	All | Joey | Rachel | Chandler | Phoebe | Ross	Joey	Joey	True	speaker_no_face	Speaker agrees with available community-transcript mapping. | QA resolved prior review by same-speaker bridge.	C'mon, you guys, it wasn't that bad. It was better than that thing I did with the trolls, at least you got to see my head.	Joey	Joey	absent	char_tracker_stage05		absent	0.0		medium	speaker_no_face
8	85	223.31	224.59	At least you got to see my head.	Joey	high	qa_review_resolved_ct_support	1.0	dialogue	False	True	All | Joey | Rachel | Chandler | Phoebe | Ross	Joey	All	True	speaker_offscreen	Speaker agrees with available community-transcript mapping. | QA resolved prior review with community-transcript support.	c'mon you guys it wasn't that bad at least you got to see my head	Joey	Joey	present	char_tracker_stage05	monica	absent	0.0		low	speaker_offscreen
8	86	225.63	226.19	You're right.	All	low	scene_context_inference	0.58	dialogue	True	False	All | Joey | Rachel | Chandler | Phoebe | Ross	Joey	All	True	two_sided_context_ambiguous | low_speaker_confidence	No direct transcript match; weak local context only.				present	char_tracker_stage05	chandler|monica|phoebe	unobserved			low	low_speaker_confidence
8	87	226.35	226.99	Saw your head.	All	high	community_transcript_match	1.0	dialogue	False	True	All | Joey | Rachel | Chandler | Phoebe | Ross	All	All	False		Speaker agrees with available community-transcript mapping.	(admitting) Saw your head. Saw your head.	All	All	present	char_tracker_stage05	chandler|phoebe	unobserved			high	
8	88	227.31	227.99	Saw your head.	All	high	community_transcript_match	1.0	dialogue	False	True	All | Joey | Rachel | Chandler | Phoebe | Ross	All	Joey	False		Speaker agrees with available community-transcript mapping.	saw your head	All	All	present	char_tracker_stage05	chandler|phoebe	unobserved			high	
8	89	227.99	230.19	Hey, hey, how about that German accent?	Joey	high	qa_review_resolved_ct_support	1.0	dialogue	False	True	All | Joey | Rachel | Chandler | Phoebe | Ross	All	Rachel	True	speaker_no_face	Speaker agrees with available community-transcript mapping. | QA resolved prior review with community-transcript support.	Hey, hey about that German (speaking with the accent) accent?	Joey	Joey	partial	char_tracker_stage05		absent	0.0		medium	speaker_no_face
8	90	230.27	231.99	Oh, yeah, yeah.	Rachel	high	qa_review_resolved_ct_support	1.0	dialogue	False	True	All | Joey | Rachel | Chandler | Phoebe | Ross	Joey	Rachel	True	speaker_offscreen	Speaker agrees with available community-transcript mapping. | QA resolved prior review with community-transcript support.	oh ya ya	Rachel	Rachel	present	char_tracker_stage05	phoebe	absent	0.0		low	speaker_offscreen
8	91	231.99	233.35	All of your w's.	Rachel	high	qa_review_resolved_bridge	1.0	dialogue	False	True	All | Joey | Rachel | Chandler | Phoebe | Ross	Rachel	Rachel	True	speaker_offscreen	Speaker agrees with available community-transcript mapping. | QA resolved prior review by same-speaker bridge.	oh ya ya all your w's	Rachel	Rachel	present	char_tracker_stage05	chandler|monica|phoebe	absent	0.0		low	speaker_offscreen
8	92	233.35	234.27	Were V's.	Rachel	high	qa_review_resolved_ct_support	1.0	dialogue	False	True	All | Joey | Rachel | Chandler | Phoebe | Ross	Rachel	Chandler	True	speaker_offscreen	Speaker agrees with available community-transcript mapping. | QA resolved prior review with community-transcript support.	Oh ya ya, all your w’s were v’s.	Rachel	Rachel	present	char_tracker_stage05	chandler|monica	absent	0.0		low	speaker_offscreen
8	93	236.51	237.22	She said yes.	Chandler	low	scene_context_inference	0.58	dialogue	True	False	All | Joey | Rachel | Chandler | Phoebe | Ross	Rachel	Chandler	True	two_sided_context_ambiguous | speaker_offscreen	No direct transcript match; weak local context only.				present	char_tracker_stage05	joey|monica	absent			low	speaker_offscreen
8	94	237.69	238.41	She said yes.	Chandler	high	qa_review_resolved_bridge	0.9	dialogue	True	False	All | Joey | Rachel | Chandler | Phoebe | Ross	Chandler	Chandler	True	speaker_offscreen	Same speaker appears on both sides within the same scene. | QA resolved prior review by same-speaker bridge.				present	char_tracker_stage05	joey|monica	absent			low	speaker_offscreen
8	95	239.61	240.73	Awful play, man.	Chandler	high	qa_review_resolved_bridge	0.9	dialogue	True	False	All | Joey | Rachel | Chandler | Phoebe | Ross	Chandler	Chandler	True	speaker_offscreen	Same speaker appears on both sides within the same scene. | QA resolved prior review by same-speaker bridge.				present	char_tracker_stage05	joey|monica|phoebe	absent			low	speaker_offscreen
8	96	244.01	248.09	Her name's Aurora and she's Italian and she pronounces my name Chandler.	Chandler	high	qa_review_resolved_bridge	1.0	dialogue	False	True	All | Joey | Rachel | Chandler | Phoebe | Ross	Chandler	Chandler	True	speaker_offscreen	Speaker agrees with available community-transcript mapping. | QA resolved prior review by same-speaker bridge.	(running back) She said yes!! She said yes!! (To Joey) Awful play, man. Whoah. (To All) Her name's Aurora, and she's Italian, and she pronounces my name 'Chand-lrr'. 'Chand-lrr'. I think I like it better that way. (To Joey) Oh, listen, the usher gave me this to give to you. (He fishes a card out of his pocket.)	Chandler	Chandler	present	char_tracker_stage05	joey	absent	0.0		low	speaker_offscreen
8	97	248.65	249.37	Chandler.	Chandler	high	qa_review_resolved_bridge	1.0	dialogue	False	True	All | Joey | Rachel | Chandler | Phoebe | Ross	Chandler	Chandler	True	speaker_offscreen	Speaker agrees with available community-transcript mapping. | QA resolved prior review by same-speaker bridge.	'Chand-lrr'	Chandler	Chandler	present	char_tracker_stage05	joey|monica	absent	0.0		low	speaker_offscreen
8	98	250.25	251.57	I think I like it better that way.	Chandler	high	qa_review_resolved_bridge	1.0	dialogue	False	True	All | Joey | Rachel | Chandler | Phoebe | Ross	Chandler	Chandler	True	speaker_offscreen	Speaker agrees with available community-transcript mapping. | QA resolved prior review by same-speaker bridge.	I think I like it better that way	Chandler	Chandler	present	char_tracker_stage05	joey|monica	absent	0.0		low	speaker_offscreen
8	99	251.57	253.65	Oh, listen, the usher gave me this to give to you.	Chandler	high	qa_review_resolved_ct_support	1.0	dialogue	False	True	All | Joey | Rachel | Chandler | Phoebe | Ross	Chandler	Rachel	True	speaker_offscreen	Speaker agrees with available community-transcript mapping. | QA resolved prior review with community-transcript support.	Oh, listen, the usher gave me this to give to you	Chandler	Chandler	present	char_tracker_stage05	joey|monica	absent	0.0		low	speaker_offscreen
8	100	253.65	254.21	What is it?	Rachel	high	qa_review_resolved_ct_support	1.0	dialogue	False	True	All | Joey | Rachel | Chandler | Phoebe | Ross	Chandler	Joey	True	speaker_offscreen	Speaker agrees with available community-transcript mapping. | QA resolved prior review with community-transcript support.	What is it?	Rachel	Rachel	present	char_tracker_stage05	joey	absent	0.0		low	speaker_offscreen
8	101	254.21	256.33	The Estelle Leonard Talent Agency.	Joey	high	qa_review_resolved_ct_support	1.0	dialogue	False	True	All | Joey | Rachel | Chandler | Phoebe | Ross	Rachel	Joey	True	speaker_no_face	Speaker agrees with available community-transcript mapping. | QA resolved prior review with community-transcript support.	The Estelle Leonard Talent Agency. Wow, an agency left me its card! Maybe they wanna sign me!	Joey	Joey	absent	char_tracker_stage05		absent	0.0		medium	speaker_no_face
8	102	256.97	258.73	Wow, an agency left me its card.	Joey	high	qa_review_resolved_bridge	1.0	dialogue	False	True	All | Joey | Rachel | Chandler | Phoebe | Ross	Joey	Joey	True	speaker_offscreen	Speaker agrees with available community-transcript mapping. | QA resolved prior review by same-speaker bridge.	Wow, an agency left me its card	Joey	Joey	present	char_tracker_stage05	phoebe	absent	0.0		low	speaker_offscreen
8	103	258.73	259.93	Maybe they want to sign me.	Joey	high	community_transcript_match	1.0	dialogue	False	True	All | Joey | Rachel | Chandler | Phoebe | Ross	Joey	Phoebe	False		Speaker agrees with available community-transcript mapping.	Maybe they wanna sign me	Joey	Joey	present	char_tracker_stage05	joey|monica|phoebe	present	0.5		high	
8	104	259.93	261.05	Based on this play.	Phoebe	high	community_transcript_match	1.0	dialogue	False	True	All | Joey | Rachel | Chandler | Phoebe | Ross	Joey	Phoebe	False		Speaker agrees with available community-transcript mapping.	based on this play	Phoebe	Phoebe	present	char_tracker_stage05	joey|monica|phoebe	present	1.0		high	
8	105	263.85	264.97	Based on this play.	Phoebe	high	community_transcript_match	1.0	dialogue	False	True	All | Joey | Rachel | Chandler | Phoebe | Ross	Phoebe	Phoebe	False		Speaker agrees with available community-transcript mapping.	Based on this play? ...Based on this play!	Phoebe	Phoebe	present	char_tracker_stage05	joey|monica|phoebe	present	1.0		high	
8	106	266.17	266.93	Look, look, look.	Phoebe	medium	visual_disambiguation	0.74	dialogue	True	False	All | Joey | Rachel | Chandler | Phoebe | Ross	Phoebe	Phoebe	False		Only one of the two text-context candidates was visually present in the window.				present	char_tracker_stage05	phoebe	present			medium	
8	107	266.93	267.85	There's a note on the back.	Phoebe	medium	visual_disambiguation	0.74	dialogue	True	False	All | Joey | Rachel | Chandler | Phoebe | Ross	Phoebe	Joey	False		Only one of the two text-context candidates was visually present in the window.				present	char_tracker_stage05	phoebe	present			medium	
8	108	268.65	269.45	Loved your work.	Joey	high	community_transcript_match	1.0	dialogue	False	True	All | Joey | Rachel | Chandler | Phoebe | Ross	Phoebe	Joey	False		Speaker agrees with available community-transcript mapping.	loved your work	Joey	Joey	present	char_tracker_stage05	joey|monica|phoebe	present	0.5		high	
8	109	269.53	270.73	Call me a SAP.	Joey	high	community_transcript_match	1.0	dialogue	False	True	All | Joey | Rachel | Chandler | Phoebe | Ross	Joey	Joey	False		Speaker agrees with available community-transcript mapping.	"""Loved your work, call me a sap"	Joey	Joey	present	char_tracker_stage05	joey|monica|phoebe	present	1.0		high	
8	110	273.85	275.69	She was obviously very moved.	Joey	high	community_transcript_match	1.0	dialogue	False	True	All | Joey | Rachel | Chandler | Phoebe | Ross	Joey	Ross	False		Speaker agrees with available community-transcript mapping.	Look-look it’s a note on the back! (reads it) “Loved your work, call me a sap.” (which is actually supposed to read ASAP: As Soon As Possible) She was obviously very moved.	Joey	Joey	present	char_tracker_stage05	joey	present	1.0		high	
8	111	276.57	278.89	And you should probably call her fairly quickly.	Ross	high	qa_review_resolved_ct_support	1.0	dialogue	False	True	All | Joey | Rachel | Chandler | Phoebe | Ross	Joey	Joey	True	speaker_offscreen	Speaker agrees with available community-transcript mapping. | QA resolved prior review with community-transcript support.	And you should probably call her very fairly quickly.	Ross	Ross	present	char_tracker_stage05	joey|monica	absent	0.0		low	speaker_offscreen
8	112	278.97	279.45	Yeah.	Joey	medium	visual_disambiguation	0.74	dialogue	True	False	All | Joey | Rachel | Chandler | Phoebe | Ross	Ross	Joey	False		Only one of the two text-context candidates was visually present in the window.				present	char_tracker_stage05	joey|monica	present			medium	
8	113	279.45	280.41	As soon as possible.	Joey	high	community_transcript_match	1.0	dialogue	False	True	All | Joey | Rachel | Chandler | Phoebe | Ross	Joey	Joey	False		Speaker agrees with available community-transcript mapping.	Ya, as soon as possible!	Joey	Joey	present	char_tracker_stage05	joey|monica	present	1.0		high	
8	114	284.97	285.37	Coming.	Joey	medium	scene_context_inference	0.68	dialogue	True	False	All | Joey | Rachel | Chandler | Phoebe | Ross	Joey		True	scene_end_short_utterance | speaker_offscreen	Filled from previous same-scene context.				present	char_tracker_stage05	monica	absent			low	speaker_offscreen
9	115	287.69	290.25	Hi, I'm here to see Estelle Leonard.	Joey	high	qa_review_resolved_ct_support	1.0	dialogue	False	True	Joey | Estelle | Ross		Estelle	True	speaker_no_face	Speaker agrees with available community-transcript mapping. | QA resolved prior review with community-transcript support.	Hi, um- I’m here to see (reading the card) Estelle Leonard	Joey	Joey	partial	char_tracker_stage05		absent	0.0		medium	speaker_no_face
9	116	290.41	292.57	Just a moment, let me see if she's in.	Estelle	high	community_transcript_match	1.0	dialogue	False	True	Joey | Estelle | Ross	Joey	Estelle	False		Speaker agrees with available community-transcript mapping.	Just a moment let me see if she’s in. (she turns her back to Joey and then turns right back around). Hello	Estelle	Estelle	present	char_tracker_stage05	chandler	unobserved			high	
9	117	295.06	295.46	Hello.	Estelle	high	community_transcript_match	1.0	dialogue	False	True	Joey | Estelle | Ross	Estelle	Joey	False		Speaker agrees with available community-transcript mapping.	Hello	Estelle	Estelle	present	char_tracker_stage05	joey|phoebe	unobserved			high	
9	118	298.18	299.34	You're Estelle Leonard.	Joey	high	qa_review_resolved_ct_support	1.0	dialogue	False	True	Joey | Estelle | Ross	Estelle	Estelle	True	speaker_offscreen	Speaker agrees with available community-transcript mapping. | QA resolved prior review with community-transcript support.	You’re Estelle Leonard?	Joey	Joey	present	char_tracker_stage05	rachel	absent	0.0		low	speaker_offscreen
9	119	299.34	300.34	I know, I know.	Estelle	high	community_transcript_match	1.0	dialogue	False	True	Joey | Estelle | Ross	Joey	Estelle	False		Speaker agrees with available community-transcript mapping.	i know i know so lump love take a load off already darling sit	Estelle	Estelle	present	char_tracker_stage05	phoebe|rachel	unobserved			high	
9	120	300.34	303.54	You weren't expecting someone so fantastically beautiful.	Estelle	high	community_transcript_match	1.0	dialogue	False	True	Joey | Estelle | Ross	Estelle	Estelle	False		Speaker agrees with available community-transcript mapping.	I know, I know you weren’t expecting some one so fantastically beautiful. (pops open a cup with circle rack of cigarettes, and takes one.) So, lump love. Take a load off already darling. Sit!	Estelle	Estelle	present	char_tracker_stage05	phoebe|rachel	unobserved			high	
9	121	306.26	306.66	So.	Estelle	high	community_transcript_match	1.0	dialogue	False	True	Joey | Estelle | Ross	Estelle	Joey	False		Speaker agrees with available community-transcript mapping.	So, lump love	Estelle	Estelle	present	char_tracker_stage05	rachel	unobserved			high	
9	122	306.98	307.78	Lovelump.	Joey	medium	short_turn_alternation	0.7	dialogue	True	False	Joey | Estelle | Ross	Estelle	Joey	True	short_utterance_between_two_speakers | speaker_offscreen	Short utterance inferred from local turn alternation.				present	char_tracker_stage05	rachel	absent			low	speaker_offscreen
9	123	308.1	309.78	Take a load off already, darling.	Joey	high	qa_review_resolved_bridge	0.9	dialogue	True	False	Joey | Estelle | Ross	Joey	Joey	True	speaker_offscreen	Same speaker appears on both sides within the same scene. | QA resolved prior review by same-speaker bridge.				present	char_tracker_stage05	rachel	absent			low	speaker_offscreen
9	124	309.78	310.18	Sit.	Joey	high	qa_review_resolved_bridge	0.9	dialogue	True	False	Joey | Estelle | Ross	Joey	Joey	True	speaker_offscreen	Same speaker appears on both sides within the same scene. | QA resolved prior review by same-speaker bridge.				present	char_tracker_stage05	phoebe	absent			low	speaker_offscreen
9	125	310.26	310.98	Sit a bit.	Joey	high	qa_review_resolved_bridge	0.9	dialogue	True	False	Joey | Estelle | Ross	Joey	Joey	True	speaker_offscreen	Same speaker appears on both sides within the same scene. | QA resolved prior review by same-speaker bridge.				present	char_tracker_stage05	phoebe	absent			low	speaker_offscreen
9	126	312.26	312.94	Ms. Leonard.	Joey	high	qa_review_resolved_bridge	1.0	dialogue	False	True	Joey | Estelle | Ross	Joey	Joey	True	speaker_offscreen	Speaker agrees with available community-transcript mapping. | QA resolved prior review by same-speaker bridge.	miss leonard	Joey	Joey	present	char_tracker_stage05	monica|phoebe	absent	0.0		low	speaker_offscreen
9	127	312.94	315.78	I can't tell you how excited I am just to even be here.	Joey	high	qa_review_resolved_ct_support	1.0	dialogue	False	True	Joey | Estelle | Ross	Joey	Estelle	True	speaker_offscreen	Speaker agrees with available community-transcript mapping. | QA resolved prior review with community-transcript support.	(sits) Miss Leonard I can’t tell you how excited I am just to even be here.	Joey	Joey	present	char_tracker_stage05	monica	absent	0.0		low	speaker_offscreen
9	128	315.86	316.5	Why not?	Estelle	high	community_transcript_match	1.0	dialogue	False	True	Joey | Estelle | Ross	Joey	Joey	False		Speaker agrees with available community-transcript mapping.	Why not?!	Estelle	Estelle	absent	char_tracker_stage05		unobserved			high	
9	129	318.74	319.66	Look, what I meant.	Joey	high	qa_review_resolved_ct_support	1.0	dialogue	False	True	Joey | Estelle | Ross	Estelle	Estelle	True	speaker_offscreen	Speaker agrees with available community-transcript mapping. | QA resolved prior review with community-transcript support.	Look, what I meant…….	Joey	Joey	present	char_tracker_stage05	rachel	absent	0.0		low	speaker_offscreen
9	130	319.66	322.02	You don't mind if I eat while we talk, do you?	Estelle	high	community_transcript_match	1.0	dialogue	False	True	Joey | Estelle | Ross	Joey	Estelle	False		Speaker agrees with available community-transcript mapping.	(interrupts) You don’t mind if I eat while we talk, do ya?	Estelle	Estelle	present	char_tracker_stage05	rachel	unobserved			high	
9	131	327.68	331.2	So, Joey, sweetheart, let me ask you a question.	Estelle	high	community_transcript_match	1.0	dialogue	False	True	Joey | Estelle | Ross	Estelle	Estelle	False		Speaker agrees with available community-transcript mapping.	Joey, sweetheart let me ask you a question	Estelle	Estelle	present	char_tracker_stage05	joey	unobserved			high	
9	132	333.04	336.4	Did you ever see the movie Sleepless in Seattle?	Estelle	high	community_transcript_match	1.0	dialogue	False	True	Joey | Estelle | Ross	Estelle	Joey	False		Speaker agrees with available community-transcript mapping.	(she takes a bite of her sandwich and takes another smoke) So…Joey, sweetheart let me ask you a question. Did you ever see the movie Sleepless In Seattle?	Estelle	Estelle	present	char_tracker_stage05	monica	unobserved			high	
9	133	336.4	336.88	Yeah.	Joey	high	qa_review_resolved_ct_support	1.0	dialogue	False	True	Joey | Estelle | Ross	Estelle	Joey	True	speaker_offscreen	Speaker agrees with available community-transcript mapping. | QA resolved prior review with community-transcript support.	Yeah	Joey	Joey	present	char_tracker_stage05	monica	absent	0.0		low	speaker_offscreen
9	134	336.96	337.36	Wow.	Joey	high	qa_review_resolved_bridge	1.0	dialogue	False	True	Joey | Estelle | Ross	Joey	Joey	True	speaker_offscreen	Speaker agrees with available community-transcript mapping. | QA resolved prior review by same-speaker bridge.	Wow	Joey	Joey	present	char_tracker_stage05	monica	absent	0.0		low	speaker_offscreen
9	135	337.36	338.88	Do you represent those actors?	Joey	high	qa_review_resolved_ct_support	1.0	dialogue	False	True	Joey | Estelle | Ross	Joey	Estelle	True	speaker_offscreen	Speaker agrees with available community-transcript mapping. | QA resolved prior review with community-transcript support.	Yeah! Wow! You represent those actors?	Joey	Joey	present	char_tracker_stage05	monica	absent	0.0		low	speaker_offscreen
9	136	339.36	339.76	No.	Estelle	high	community_transcript_match	1.0	dialogue	False	True	Joey | Estelle | Ross	Joey	Estelle	False		Speaker agrees with available community-transcript mapping.	No	Estelle	Estelle	present	char_tracker_stage05	monica|rachel	unobserved			high	
9	137	340.56	344.16	But, you know at the end of the movie the part where they're all so happy with each other?	Estelle	high	community_transcript_match	1.0	dialogue	False	True	Joey | Estelle | Ross	Estelle	Estelle	False		Speaker agrees with available community-transcript mapping.	No! You know at the end of the movie the part where they’re all so happy with each other? That’s going to be you and me.	Estelle	Estelle	present	char_tracker_stage05	monica|rachel	unobserved			high	
9	138	344.32	346.16	That's gonna be you and me.	Estelle	high	community_transcript_match	1.0	dialogue	False	True	Joey | Estelle | Ross	Estelle	Joey	False		Speaker agrees with available community-transcript mapping.	That's going to be you and me	Estelle	Estelle	present	char_tracker_stage05	rachel	unobserved			high	
9	139	347.6	349.44	Ah, you mean you wanna sign me?	Joey	high	community_transcript_match	1.0	dialogue	False	True	Joey | Estelle | Ross	Estelle	Estelle	False		Speaker agrees with available community-transcript mapping.	You mean, you want to sign me?	Joey	Joey	present	char_tracker_stage05	joey	present	1.0		high	
9	140	350.08	356.72	No, I wanna go up on top of the Empire State Building and make out of.	Estelle	high	community_transcript_match	1.0	dialogue	False	True	Joey | Estelle | Ross	Joey	Estelle	False		Speaker agrees with available community-transcript mapping.	No I want to go up on top of the Empire State Building and make out! Of course, I wanna sign you!	Estelle	Estelle	present	char_tracker_stage05	joey	unobserved			high	
9	141	357.26	358.22	I wanna sign you.	Estelle	high	community_transcript_match	1.0	dialogue	False	True	Joey | Estelle | Ross	Estelle	Estelle	False		Speaker agrees with available community-transcript mapping.	Of course, I wanna sign you	Estelle	Estelle	absent	char_tracker_stage05		unobserved			high	
9	142	358.7	362.86	Oh, Ms. Leonardo Cowboy.	Estelle	high	community_transcript_match	1.0	dialogue	False	True	Joey | Estelle | Ross	Estelle	Ross	False		Speaker agrees with available community-transcript mapping.	Oh boy! Ride them cowboy!	Estelle	Estelle	absent	char_tracker_stage05		unobserved			high	
9	143	374.54	375.5	I don't see it.	Ross	high	qa_review_resolved_ct_support	1.0	dialogue	False	True	Joey | Estelle | Ross	Estelle		True	speaker_offscreen	Speaker agrees with available community-transcript mapping. | QA resolved prior review with community-transcript support.	i don't see it	Ross	Ross	present	char_tracker_stage05	monica|rachel	absent	0.0		low	speaker_offscreen
10	144	375.5	376.46	I don't see it.	Ross	high	qa_review_resolved_ct_support	1.0	dialogue	False	True	Ross | Joey | Monica | Phoebe | Chandler (enters) | Chandler		Joey	True	speaker_offscreen	Speaker agrees with available community-transcript mapping. | QA resolved prior review with community-transcript support.	(frustrated) I don’t see it! I don’t see it!	Ross	Ross	present	char_tracker_stage05	monica|rachel	absent	0.0		low	speaker_offscreen
10	145	379.26	380.78	Try to look past the book.	Joey	high	qa_review_resolved_ct_support	1.0	dialogue	False	True	Ross | Joey | Monica | Phoebe | Chandler (enters) | Chandler	Ross	Monica	True	speaker_offscreen	Speaker agrees with available community-transcript mapping. | QA resolved prior review with community-transcript support.	Try to look past the book.	Joey	Joey	present	char_tracker_stage05	monica|rachel	absent	0.0		low	speaker_offscreen
10	146	381.02	382.66	You just have to unfocus your eyes.	Monica	high	community_transcript_match	1.0	dialogue	False	True	Ross | Joey | Monica | Phoebe | Chandler (enters) | Chandler	Joey	Ross	False		Speaker agrees with available community-transcript mapping.	You just have to un-focus your eyes.	Monica	Monica	present	char_tracker_stage05	chandler|joey|monica|rachel	present	0.5		high	
10	147	382.66	383.38	Who's focusing?	Ross	high	qa_review_resolved_ct_support	1.0	dialogue	False	True	Ross | Joey | Monica | Phoebe | Chandler (enters) | Chandler	Monica	Ross	True	speaker_offscreen	Speaker agrees with available community-transcript mapping. | QA resolved prior review with community-transcript support.	Who's focusing	Ross	Ross	present	char_tracker_stage05	chandler|joey	absent	0.0		low	speaker_offscreen
10	148	383.38	384.7	There's nothing to focus on.	Ross	high	qa_review_resolved_ct_support	1.0	dialogue	False	True	Ross | Joey | Monica | Phoebe | Chandler (enters) | Chandler	Ross	Phoebe	True	speaker_offscreen	Speaker agrees with available community-transcript mapping. | QA resolved prior review with community-transcript support.	(frustrated) Who’s focusing? There’s nothing to focus on!	Ross	Ross	present	char_tracker_stage05	chandler|joey	absent	0.0		low	speaker_offscreen
10	149	385.9	387.18	It's the Statue of Libert.	Phoebe	high	qa_review_resolved_ct_support	1.0	dialogue	False	True	Ross | Joey | Monica | Phoebe | Chandler (enters) | Chandler	Ross	Ross	True	speaker_offscreen	Speaker agrees with available community-transcript mapping. | QA resolved prior review with community-transcript support.	(takes the book) Oh the Statue of Liberty!	Phoebe	Phoebe	present	char_tracker_stage05	chandler|joey|monica|rachel	absent	0.0		low	speaker_offscreen
10	150	389.64	391.0	Where's the Statue of Liberty?	Ross	high	qa_review_resolved_ct_support	1.0	dialogue	False	True	Ross | Joey | Monica | Phoebe | Chandler (enters) | Chandler	Phoebe	Ross	True	speaker_offscreen	Speaker agrees with available community-transcript mapping. | QA resolved prior review with community-transcript support.	(grabs back the book) Where’s the Statue of Liberty?! Where?!	Ross	Ross	present	char_tracker_stage05	chandler|monica|rachel	absent	0.0		low	speaker_offscreen
10	151	391.0	391.32	Where?	Ross	high	qa_review_resolved_ct_support	1.0	dialogue	False	True	Ross | Joey | Monica | Phoebe | Chandler (enters) | Chandler	Ross	Phoebe	True	speaker_offscreen	Speaker agrees with available community-transcript mapping. | QA resolved prior review with community-transcript support.	Where	Ross	Ross	present	char_tracker_stage05	chandler	absent	0.0		low	speaker_offscreen
10	152	391.32	392.04	Right there.	Phoebe	high	qa_review_resolved_ct_support	1.0	dialogue	False	True	Ross | Joey | Monica | Phoebe | Chandler (enters) | Chandler	Ross	Phoebe	True	speaker_offscreen	Speaker agrees with available community-transcript mapping. | QA resolved prior review with community-transcript support.	Right there	Phoebe	Phoebe	present	char_tracker_stage05	chandler	absent	0.0		low	speaker_offscreen
10	153	392.52	394.2	God, I can't not see it now.	Phoebe	high	qa_review_resolved_ct_support	1.0	dialogue	False	True	Ross | Joey | Monica | Phoebe | Chandler (enters) | Chandler	Phoebe	Chandler (enters)	True	speaker_offscreen	Speaker agrees with available community-transcript mapping. | QA resolved prior review with community-transcript support.	Right there! (points to it) God, I can’t not see it now.	Phoebe	Phoebe	present	char_tracker_stage05	chandler	absent	0.0		low	speaker_offscreen
10	154	395.96	396.68	Hey, kids.	Chandler (enters)	high	community_transcript_match	1.0	dialogue	False	True	Ross | Joey | Monica | Phoebe | Chandler (enters) | Chandler	Phoebe	Ross	False		Speaker agrees with available community-transcript mapping.	Hey, kids.	Chandler (enters)	Chandler (enters)	present	char_tracker_stage05	chandler	unobserved			high	
10	155	397.24	398.12	Charlie, come here.	Ross	high	qa_review_resolved_ct_support	1.0	dialogue	False	True	Ross | Joey | Monica | Phoebe | Chandler (enters) | Chandler	Chandler (enters)	Ross	True	speaker_no_face	Speaker agrees with available community-transcript mapping. | QA resolved prior review with community-transcript support.	Come here	Ross	Ross	absent	char_tracker_stage05		absent	0.0		medium	speaker_no_face
10	156	398.2	398.92	Do you see anything?	Ross	high	qa_review_resolved_bridge	1.0	dialogue	False	True	Ross | Joey | Monica | Phoebe | Chandler (enters) | Chandler	Ross	Ross	True	speaker_no_face	Speaker agrees with available community-transcript mapping. | QA resolved prior review by same-speaker bridge.	(shows Chandler the book) Come here. Do you see anything right here?	Ross	Ross	absent	char_tracker_stage05		absent	0.0		medium	speaker_no_face
10	157	398.92	399.4	Right here?	Ross	high	qa_review_resolved_ct_support	1.0	dialogue	False	True	Ross | Joey | Monica | Phoebe | Chandler (enters) | Chandler	Ross	Chandler	True	speaker_no_face	Speaker agrees with available community-transcript mapping. | QA resolved prior review with community-transcript support.	come here right here	Ross	Ross	absent	char_tracker_stage05		absent	0.0		medium	speaker_no_face
10	158	400.04	401.16	Yeah, it looks like a boat.	Chandler	high	qa_review_resolved_ct_support	1.0	dialogue	False	True	Ross | Joey | Monica | Phoebe | Chandler (enters) | Chandler	Ross	Ross	True	speaker_offscreen	Speaker agrees with available community-transcript mapping. | QA resolved prior review with community-transcript support.	Yeah, looks like a boat.	Chandler	Chandler	present	char_tracker_stage05	ross	absent	0.0		low	speaker_offscreen
10	159	401.64	402.52	A boat?	Ross	high	community_transcript_match	1.0	dialogue	False	True	Ross | Joey | Monica | Phoebe | Chandler (enters) | Chandler	Chandler	Chandler	False		Speaker agrees with available community-transcript mapping.	A boat! Ha!	Ross	Ross	present	char_tracker_stage05	ross	present	1.0		high	
10	160	403.56	405.32	Yeah, right there in front of the Statue of Liberty.	Chandler	high	qa_review_resolved_ct_support	1.0	dialogue	False	True	Ross | Joey | Monica | Phoebe | Chandler (enters) | Chandler	Ross	Chandler	True	speaker_offscreen	Speaker agrees with available community-transcript mapping. | QA resolved prior review with community-transcript support.	Yeah, right there in front of the Statue of Liberty	Chandler	Chandler	present	char_tracker_stage05	ross	absent	0.0		low	speaker_offscreen
10	161	408.12	412.04	Well, I can't believe I've been here almost seven seconds and you haven't asked me how my date went.	Chandler	high	qa_review_resolved_ct_support	1.0	dialogue	False	True	Ross | Joey | Monica | Phoebe | Chandler (enters) | Chandler	Chandler	Monica	True	speaker_offscreen	Speaker agrees with available community-transcript mapping. | QA resolved prior review with community-transcript support.	Yeah, right there in front of the Statue of Liberty.  (Ross drops the book and gives up, while Monica and Phoebe put the book away) (sits down) Well, I can't believe I've been here almost seven seconds and you haven't asked me how my date went.	Chandler	Chandler	present	char_tracker_stage05	joey|monica|ross	absent	0.0		low	speaker_offscreen
10	162	413.08	414.68	How was your date, Chandler?	Monica	high	community_transcript_match	1.0	dialogue	False	True	Ross | Joey | Monica | Phoebe | Chandler (enters) | Chandler	Chandler	Chandler	False		Speaker agrees with available community-transcript mapping.	Oh, right, right. How was your date, 'Chand-lrr'?	Monica	Monica	present	char_tracker_stage05	monica|ross	present	1.0		high	
10	163	415.98	417.26	It was unbelievable.	Chandler	high	qa_review_resolved_ct_support	1.0	dialogue	False	True	Ross | Joey | Monica | Phoebe | Chandler (enters) | Chandler	Monica	Chandler	True	speaker_offscreen	Speaker agrees with available community-transcript mapping. | QA resolved prior review with community-transcript support.	It was unbelievable	Chandler	Chandler	present	char_tracker_stage05	monica|ross	absent	0.0		low	speaker_offscreen
10	164	417.5	419.02	I've never met anyone like her.	Chandler	high	qa_review_resolved_bridge	1.0	dialogue	False	True	Ross | Joey | Monica | Phoebe | Chandler (enters) | Chandler	Chandler	Chandler	True	speaker_offscreen	Speaker agrees with available community-transcript mapping. | QA resolved prior review by same-speaker bridge.	I-I've never met anyone like her	Chandler	Chandler	present	char_tracker_stage05	ross	absent	0.0		low	speaker_offscreen
10	165	419.02	420.7	She's had the most amazing life.	Chandler	high	qa_review_resolved_bridge	1.0	dialogue	False	True	Ross | Joey | Monica | Phoebe | Chandler (enters) | Chandler	Chandler	Chandler	True	speaker_offscreen	Speaker agrees with available community-transcript mapping. | QA resolved prior review by same-speaker bridge.	It was unbelievable. I-I've never met anyone like her. She's had the most amazing life! She was in the Israeli army...	Chandler	Chandler	present	char_tracker_stage05	ross	absent	0.0		low	speaker_offscreen
10	166	421.1	422.54	She was in the Israeli army.	Chandler	high	qa_review_resolved_ct_support	1.0	dialogue	False	True	Ross | Joey | Monica | Phoebe | Chandler (enters) | Chandler	Chandler		True	speaker_offscreen	Speaker agrees with available community-transcript mapping. | QA resolved prior review with community-transcript support.	She was in the Israeli army	Chandler	Chandler	present	char_tracker_stage05	monica|ross	absent	0.0		low	speaker_offscreen
11	167	422.86	427.5	Luckily, none of the bullets hit the engine block so we made it to the border.	Aurora	high	community_transcript_match	1.0	dialogue	False	True	Aurora | Chandler | Joey | All | Monica | Phoebe | Ross		Aurora	False		Speaker agrees with available community-transcript mapping.	...Luckily none of the bullets hit the engine block. So, we made it to the border, but just barely, and I- ...I've been talking about myself all night long, I'm sorry. What about you? Tell me one of your stories.	Aurora	Aurora	present	char_tracker_stage05	monica|ross	unobserved			high	
11	168	427.74	428.58	But just barely.	Aurora	high	community_transcript_match	1.0	dialogue	False	True	Aurora | Chandler | Joey | All | Monica | Phoebe | Ross	Aurora	Aurora	False		Speaker agrees with available community-transcript mapping.	So, we made it to the border, but just barely, and I	Aurora	Aurora	present	char_tracker_stage05	monica|ross	unobserved			high	
11	169	428.58	433.34	And I, I. I've been talking about myself all night long.	Aurora	high	community_transcript_match	1.0	dialogue	False	True	Aurora | Chandler | Joey | All | Monica | Phoebe | Ross	Aurora	Aurora	False		Speaker agrees with available community-transcript mapping.	I've been talking about myself all night long, I'm sorry	Aurora	Aurora	present	char_tracker_stage05	monica|ross	unobserved			high	
11	170	433.34	433.98	I'm sorry.	Aurora	high	community_transcript_match	1.0	dialogue	False	True	Aurora | Chandler | Joey | All | Monica | Phoebe | Ross	Aurora	Chandler	False		Speaker agrees with available community-transcript mapping.	i'm sorry	Aurora	Aurora	present	char_tracker_stage05	ross	unobserved			high	
11	171	434.94	435.82	What about you?	Chandler	low	scene_context_inference	0.58	dialogue	True	False	Aurora | Chandler | Joey | All | Monica | Phoebe | Ross	Aurora	Chandler	True	two_sided_context_ambiguous | speaker_offscreen	No direct transcript match; weak local context only.				present	char_tracker_stage05	ross	absent			low	speaker_offscreen
11	172	435.9	437.26	Tell me one of your stories.	Chandler	high	qa_review_resolved_bridge	0.9	dialogue	True	False	Aurora | Chandler | Joey | All | Monica | Phoebe | Ross	Chandler	Chandler	True	speaker_offscreen	Same speaker appears on both sides within the same scene. | QA resolved prior review by same-speaker bridge.				present	char_tracker_stage05	ross	absent			low	speaker_offscreen
11	173	438.22	438.62	Once.	Chandler	high	qa_review_resolved_bridge	0.9	dialogue	True	False	Aurora | Chandler | Joey | All | Monica | Phoebe | Ross	Chandler	Chandler	True	speaker_offscreen	Same speaker appears on both sides within the same scene. | QA resolved prior review by same-speaker bridge.				present	char_tracker_stage05	ross	absent			low	speaker_offscreen
11	174	439.34	442.24	Once I got on the subway, right?	Chandler	high	qa_review_resolved_bridge	1.0	dialogue	False	True	Aurora | Chandler | Joey | All | Monica | Phoebe | Ross	Chandler	Chandler	True	speaker_no_face	Speaker agrees with available community-transcript mapping. | QA resolved prior review by same-speaker bridge.	alright once i got on the subway right just for the hell of it	Chandler	Chandler	partial	char_tracker_stage05		absent	0.0		medium	speaker_no_face
11	175	442.24	443.24	And it was at night.	Chandler	high	qa_review_resolved_bridge	1.0	dialogue	False	True	Aurora | Chandler | Joey | All | Monica | Phoebe | Ross	Chandler	Chandler	True	speaker_offscreen	Speaker agrees with available community-transcript mapping. | QA resolved prior review by same-speaker bridge.	alright once i got on the subway right and it was at night just for the hell of it	Chandler	Chandler	present	char_tracker_stage05	joey|phoebe|rachel	absent	0.0		low	speaker_offscreen
11	176	444.2	446.12	And I rode it all the way to Brooklyn.	Chandler	high	qa_review_resolved_bridge	1.0	dialogue	False	True	Aurora | Chandler | Joey | All | Monica | Phoebe | Ross	Chandler	Chandler	True	speaker_offscreen	Speaker agrees with available community-transcript mapping. | QA resolved prior review by same-speaker bridge.	Alright. Once I got on the subway, right, and it was at night, and I rode it all the way to Brooklyn... just for the hell of it.	Chandler	Chandler	present	char_tracker_stage05	joey|monica|phoebe|rachel|ross	absent	0.0		low	speaker_offscreen
11	177	447.8	448.84	Just for the hell of it.	Chandler	high	qa_review_resolved_bridge	1.0	dialogue	False	True	Aurora | Chandler | Joey | All | Monica | Phoebe | Ross	Chandler	Chandler	True	speaker_offscreen	Speaker agrees with available community-transcript mapping. | QA resolved prior review by same-speaker bridge.	just for the hell of it	Chandler	Chandler	present	char_tracker_stage05	monica|rachel|ross	absent	0.0		low	speaker_offscreen
11	178	450.28	451.56	We talked to, like, two.	Chandler	high	qa_review_resolved_bridge	1.0	dialogue	False	True	Aurora | Chandler | Joey | All | Monica | Phoebe | Ross	Chandler	Chandler	True	speaker_offscreen	Speaker agrees with available community-transcript mapping. | QA resolved prior review by same-speaker bridge.	We talked 'til like two	Chandler	Chandler	present	char_tracker_stage05	ross	absent	0.0		low	speaker_offscreen
11	179	451.56	455.0	It was this perfect evening, more or less.	Chandler	high	qa_review_resolved_ct_support	1.0	dialogue	False	True	Aurora | Chandler | Joey | All | Monica | Phoebe | Ross	Chandler	Aurora	True	speaker_offscreen	Speaker agrees with available community-transcript mapping. | QA resolved prior review with community-transcript support.	We talked 'til like two. It was this perfect evening... more or less.	Chandler	Chandler	present	char_tracker_stage05	ross	absent	0.0		low	speaker_offscreen
11	180	455.4	457.8	All of a sudden, we realized we're in Yemen.	Aurora	high	community_transcript_match	1.0	dialogue	False	True	Aurora | Chandler | Joey | All | Monica | Phoebe | Ross	Chandler	Chandler	False		Speaker agrees with available community-transcript mapping.	...All of a sudden we realized we were in Yemon.	Aurora	Aurora	present	char_tracker_stage05	joey|ross	unobserved			high	
11	181	458.36	458.92	I'm sorry.	Chandler	high	qa_review_resolved_ct_support	1.0	dialogue	False	True	Aurora | Chandler | Joey | All | Monica | Phoebe | Ross	Aurora	Chandler	True	speaker_offscreen	Speaker agrees with available community-transcript mapping. | QA resolved prior review with community-transcript support.	Oh, I'm sorry, so 'we' is?	Chandler	Chandler	present	char_tracker_stage05	joey	absent	0.0		low	speaker_offscreen
11	182	458.92	459.72	So we is.	Chandler	high	qa_review_resolved_ct_support	1.0	dialogue	False	True	Aurora | Chandler | Joey | All | Monica | Phoebe | Ross	Chandler	Aurora	True	speaker_offscreen	Speaker agrees with available community-transcript mapping. | QA resolved prior review with community-transcript support.	oh so 'we' is	Chandler	Chandler	present	char_tracker_stage05	joey	absent	0.0		low	speaker_offscreen
11	183	460.6	461.28	We would be.	Aurora	high	community_transcript_match	1.0	dialogue	False	True	Aurora | Chandler | Joey | All | Monica | Phoebe | Ross	Chandler	Aurora	False		Speaker agrees with available community-transcript mapping.	'we' would be	Aurora	Aurora	present	char_tracker_stage05	joey	unobserved			high	
11	184	461.28	461.96	Me and Rick.	Aurora	high	community_transcript_match	1.0	dialogue	False	True	Aurora | Chandler | Joey | All | Monica | Phoebe | Ross	Aurora	Joey	False		Speaker agrees with available community-transcript mapping.	'We' would be me and Rick.	Aurora	Aurora	present	char_tracker_stage05	joey	unobserved			high	
11	185	462.12	462.92	Who's Rick?	Joey	high	community_transcript_match	1.0	dialogue	False	True	Aurora | Chandler | Joey | All | Monica | Phoebe | Ross	Aurora	Chandler	False		Speaker agrees with available community-transcript mapping.	Who's Rick?	Joey	Joey	present	char_tracker_stage05	joey	present	1.0		high	
11	186	463.24	464.04	Who's Rick?	Chandler	high	qa_review_resolved_ct_support	1.0	dialogue	False	True	Aurora | Chandler | Joey | All | Monica | Phoebe | Ross	Joey	Aurora	True	speaker_offscreen	Speaker agrees with available community-transcript mapping. | QA resolved prior review with community-transcript support.	Who's Rick?	Chandler	Chandler	present	char_tracker_stage05	joey|monica|ross	absent	0.0		low	speaker_offscreen
11	187	465.88	466.6	My husband.	Aurora	high	community_transcript_match	1.0	dialogue	False	True	Aurora | Chandler | Joey | All | Monica | Phoebe | Ross	Chandler	Chandler	False		Speaker agrees with available community-transcript mapping.	My husband.	Aurora	Aurora	present	char_tracker_stage05	monica|ross	unobserved			high	
11	188	469.34	470.7	Oh, so you're divorced?	Chandler	high	qa_review_resolved_ct_support	1.0	dialogue	False	True	Aurora | Chandler | Joey | All | Monica | Phoebe | Ross	Aurora	Aurora	True	speaker_offscreen	Speaker agrees with available community-transcript mapping. | QA resolved prior review with community-transcript support.	Oh, so you're divorced?	Chandler	Chandler	present	char_tracker_stage05	monica|ross	absent	0.0		low	speaker_offscreen
11	189	471.1	471.5	No.	Aurora	high	community_transcript_match	1.0	dialogue	False	True	Aurora | Chandler | Joey | All | Monica | Phoebe | Ross	Chandler	Chandler	False		Speaker agrees with available community-transcript mapping.	No.	Aurora	Aurora	present	char_tracker_stage05	monica|ross	unobserved			high	
11	190	472.54	473.54	Oh, I'm sorry.	Chandler	high	community_transcript_match	1.0	dialogue	False	True	Aurora | Chandler | Joey | All | Monica | Phoebe | Ross	Aurora	Chandler	False		Speaker agrees with available community-transcript mapping.	Oh, I'm sorry, then you're widowed?...Hopefully?	Chandler	Chandler	present	char_tracker_stage05	chandler|monica|rachel|ross	present	0.5		high	
11	191	473.54	474.62	So you're widowed?	Chandler	high	community_transcript_match	1.0	dialogue	False	True	Aurora | Chandler | Joey | All | Monica | Phoebe | Ross	Chandler	Chandler	False		Speaker agrees with available community-transcript mapping.	then you're widowed hopefully	Chandler	Chandler	present	char_tracker_stage05	chandler|monica|rachel|ross	present	1.0		high	
11	192	475.1	475.74	Hopefully.	Chandler	high	community_transcript_match	1.0	dialogue	False	True	Aurora | Chandler | Joey | All | Monica | Phoebe | Ross	Chandler	Aurora	False		Speaker agrees with available community-transcript mapping.	then hopefully	Chandler	Chandler	present	char_tracker_stage05	chandler|rachel	present	1.0		high	
11	193	477.18	478.46	No, I'm still married.	Aurora	high	community_transcript_match	1.0	dialogue	False	True	Aurora | Chandler | Joey | All | Monica | Phoebe | Ross	Chandler	Chandler	False		Speaker agrees with available community-transcript mapping.	No, I'm still married.	Aurora	Aurora	present	char_tracker_stage05	chandler|monica|rachel|ross	unobserved			high	
11	194	480.38	489.34	So tell me, how do you think your husband would feel about you sitting here with me sliding your foot so far up my pant leg you can count the change in my pocket?	Chandler	high	qa_review_resolved_ct_support	1.0	dialogue	False	True	Aurora | Chandler | Joey | All | Monica | Phoebe | Ross	Aurora	Aurora	True	speaker_offscreen	Speaker agrees with available community-transcript mapping. | QA resolved prior review with community-transcript support.	So tell me, how do- how do you think your husband would feel about you sitting here with me?...Sliding your foot so far up my pant leg you can count the change in my pocket?	Chandler	Chandler	present	char_tracker_stage05	monica|ross	absent	0.0		low	speaker_offscreen
11	195	491.66	492.38	Don't worry.	Aurora	high	community_transcript_match	1.0	dialogue	False	True	Aurora | Chandler | Joey | All | Monica | Phoebe | Ross	Chandler	Aurora	False		Speaker agrees with available community-transcript mapping.	don't worry	Aurora	Aurora	absent	char_tracker_stage05		unobserved			high	
11	196	492.74	494.1	I imagine he'd be okay with you.	Aurora	high	community_transcript_match	1.0	dialogue	False	True	Aurora | Chandler | Joey | All | Monica | Phoebe | Ross	Aurora	Aurora	False		Speaker agrees with available community-transcript mapping.	don't worry i imagine he'd be okay with you	Aurora	Aurora	partial	char_tracker_stage05		unobserved			high	
11	197	494.1	495.86	Because really, he's okay with Ethan.	Aurora	high	community_transcript_match	1.0	dialogue	False	True	Aurora | Chandler | Joey | All | Monica | Phoebe | Ross	Aurora	Chandler	False		Speaker agrees with available community-transcript mapping.	Don't worry. I imagine he'd be okay with you because really, he's okay with Ethan.	Aurora	Aurora	present	char_tracker_stage05	joey	unobserved			high	
11	198	497.7	498.34	Ethan?	Chandler	high	qa_review_resolved_ct_support	1.0	dialogue	False	True	Aurora | Chandler | Joey | All | Monica | Phoebe | Ross	Aurora	Chandler	True	speaker_no_face	Speaker agrees with available community-transcript mapping. | QA resolved prior review with community-transcript support.	ethan	Chandler	Chandler	absent	char_tracker_stage05		absent	0.0		medium	speaker_no_face
11	199	498.66	499.1	There's.	Chandler	high	qa_review_resolved_bridge	1.0	dialogue	False	True	Aurora | Chandler | Joey | All | Monica | Phoebe | Ross	Chandler	Chandler	True	speaker_no_face	Speaker agrees with available community-transcript mapping. | QA resolved prior review by same-speaker bridge.	ethan there's	Chandler	Chandler	absent	char_tracker_stage05		absent	0.0		medium	speaker_no_face
11	200	499.1	499.94	There's an Ethan?	Chandler	high	qa_review_resolved_ct_support	1.0	dialogue	False	True	Aurora | Chandler | Joey | All | Monica | Phoebe | Ross	Chandler	Aurora	True	speaker_no_face	Speaker agrees with available community-transcript mapping. | QA resolved prior review with community-transcript support.	Ethan? There's, there's an Ethan?	Chandler	Chandler	absent	char_tracker_stage05		absent	0.0		medium	speaker_no_face
11	201	500.74	501.34	Mm.	Aurora	medium	short_turn_alternation	0.7	dialogue	True	False	Aurora | Chandler | Joey | All | Monica | Phoebe | Ross	Chandler	Aurora	True	short_utterance_between_two_speakers	Short utterance inferred from local turn alternation.				absent	char_tracker_stage05		unobserved			medium	
11	202	501.34	504.66	Ethan is my boyfriend.	Aurora	high	community_transcript_match	1.0	dialogue	False	True	Aurora | Chandler | Joey | All | Monica | Phoebe | Ross	Aurora	All	False		Speaker agrees with available community-transcript mapping.	Mmmm... Ethan is my... boyfriend.	Aurora	Aurora	absent	char_tracker_stage05		unobserved			high	
11	203	504.98	505.38	What?	All	high	community_transcript_match	1.0	dialogue	False	True	Aurora | Chandler | Joey | All | Monica | Phoebe | Ross	Aurora	Chandler	False		Speaker agrees with available community-transcript mapping.	What?!	All	All	absent	char_tracker_stage05		unobserved			high	
11	204	508.339	509.62	So explain something to me here.	Chandler	high	qa_review_resolved_ct_support	1.0	dialogue	False	True	Aurora | Chandler | Joey | All | Monica | Phoebe | Ross	All	Chandler	True	speaker_no_face	Speaker agrees with available community-transcript mapping. | QA resolved prior review with community-transcript support.	so explain something to me here uh	Chandler	Chandler	absent	char_tracker_stage05		absent	0.0		medium	speaker_no_face
11	205	509.86	514.18	What kind of relationship do you imagine us having if you already have a husband and a boyfriend?	Chandler	high	qa_review_resolved_ct_support	1.0	dialogue	False	True	Aurora | Chandler | Joey | All | Monica | Phoebe | Ross	Chandler	Aurora	True	speaker_offscreen	Speaker agrees with available community-transcript mapping. | QA resolved prior review with community-transcript support.	So explain something to me here, uh, what kind of a relationship do you imagine us having if you already have a husband and a boyfriend?	Chandler	Chandler	present	char_tracker_stage05	monica	absent	0.0		low	speaker_offscreen
11	206	514.82	516.98	I suppose mainly sexual.	Aurora	high	community_transcript_match	1.0	dialogue	False	True	Aurora | Chandler | Joey | All | Monica | Phoebe | Ross	Chandler	Monica	False		Speaker agrees with available community-transcript mapping.	I suppose mainly sexual.	Aurora	Aurora	present	char_tracker_stage05	monica	unobserved			high	
11	207	518.74	519.14	Huh?	Monica	medium	short_turn_alternation	0.7	dialogue	True	False	Aurora | Chandler | Joey | All | Monica | Phoebe | Ross	Aurora	Monica	True	short_utterance_between_two_speakers | speaker_no_face	Short utterance inferred from local turn alternation.				absent	char_tracker_stage05		absent			medium	speaker_no_face
11	208	521.22	522.5	I'm sorry it didn't work out.	Monica	high	qa_review_resolved_ct_support	1.0	dialogue	False	True	Aurora | Chandler | Joey | All | Monica | Phoebe | Ross	Monica	Chandler	True	speaker_no_face	Speaker agrees with available community-transcript mapping. | QA resolved prior review with community-transcript support.	Oh. I'm sorry it didn't work out.	Monica	Monica	absent	char_tracker_stage05		absent	0.0		medium	speaker_no_face
11	209	522.9	523.86	What not work out?	Chandler	high	qa_review_resolved_ct_support	1.0	dialogue	False	True	Aurora | Chandler | Joey | All | Monica | Phoebe | Ross	Monica	Chandler	True	speaker_no_face	Speaker agrees with available community-transcript mapping. | QA resolved prior review with community-transcript support.	What 'not work out'	Chandler	Chandler	absent	char_tracker_stage05		absent	0.0		medium	speaker_no_face
11	210	523.86	525.06	I'm seeing her again on Thursday.	Chandler	high	qa_review_resolved_bridge	1.0	dialogue	False	True	Aurora | Chandler | Joey | All | Monica | Phoebe | Ross	Chandler	Chandler	True	speaker_no_face	Speaker agrees with available community-transcript mapping. | QA resolved prior review by same-speaker bridge.	What 'not work out'? I'm seeing her again on Thursday. Didn't you listen to the story?	Chandler	Chandler	partial	char_tracker_stage05		absent	0.0		medium	speaker_no_face
11	211	526.42	527.78	Didn't you listen to the story?	Chandler	high	qa_review_resolved_ct_support	1.0	dialogue	False	True	Aurora | Chandler | Joey | All | Monica | Phoebe | Ross	Chandler	Monica	True	speaker_offscreen	Speaker agrees with available community-transcript mapping. | QA resolved prior review with community-transcript support.	Didn't you listen to the story	Chandler	Chandler	present	char_tracker_stage05	monica|ross	absent	0.0		low	speaker_offscreen
11	212	530.34	532.02	Didn't you listen to the story?	Monica	high	qa_review_resolved_ct_support	1.0	dialogue	False	True	Aurora | Chandler | Joey | All | Monica | Phoebe | Ross	Chandler	Monica	True	speaker_offscreen	Speaker agrees with available community-transcript mapping. | QA resolved prior review with community-transcript support.	Didn't you listen to the story	Monica	Monica	present	char_tracker_stage05	ross	absent	0.0		low	speaker_offscreen
11	213	532.18	533.3	I mean, this is twisted.	Monica	high	qa_review_resolved_bridge	1.0	dialogue	False	True	Aurora | Chandler | Joey | All | Monica | Phoebe | Ross	Monica	Monica	True	speaker_offscreen	Speaker agrees with available community-transcript mapping. | QA resolved prior review by same-speaker bridge.	I mean, this is twisted	Monica	Monica	present	char_tracker_stage05	ross	absent	0.0		low	speaker_offscreen
11	214	533.3	535.18	How could you get involved with a woman like this?	Monica	high	qa_review_resolved_ct_support	1.0	dialogue	False	True	Aurora | Chandler | Joey | All | Monica | Phoebe | Ross	Monica	Chandler	True	speaker_offscreen	Speaker agrees with available community-transcript mapping. | QA resolved prior review with community-transcript support.	Didn't you listen to the story? I mean, this is twisted! How could you get involved with a woman like this?	Monica	Monica	present	char_tracker_stage05	ross	absent	0.0		low	speaker_offscreen
11	215	535.18	536.98	Well, you know, I had some trouble with it at first too.	Chandler	high	qa_review_resolved_ct_support	1.0	dialogue	False	True	Aurora | Chandler | Joey | All | Monica | Phoebe | Ross	Monica	Chandler	True	speaker_offscreen	Speaker agrees with available community-transcript mapping. | QA resolved prior review with community-transcript support.	well y'know i had some trouble with it at first too	Chandler	Chandler	present	char_tracker_stage05	ross	absent	0.0		low	speaker_offscreen
11	216	536.98	539.02	But the way I look at it is I get all the good stuff.	Chandler	high	qa_review_resolved_bridge	1.0	dialogue	False	True	Aurora | Chandler | Joey | All | Monica | Phoebe | Ross	Chandler	Chandler	True	speaker_offscreen	Speaker agrees with available community-transcript mapping. | QA resolved prior review by same-speaker bridge.	Well, y'know, I had some trouble with it at first too, but the way I look at it is, I get all the good stuff	Chandler	Chandler	present	char_tracker_stage05	monica|ross	absent	0.0		low	speaker_offscreen
11	217	539.02	544.1	All the fun, all the talking, all the sex and none of the responsibility.	Chandler	high	qa_review_resolved_bridge	1.0	dialogue	False	True	Aurora | Chandler | Joey | All | Monica | Phoebe | Ross	Chandler	Chandler	True	speaker_offscreen	Speaker agrees with available community-transcript mapping. | QA resolved prior review by same-speaker bridge.	Well, y'know, I had some trouble with it at first too, but the way I look at it is, I get all the good stuff. All the fun, all the talking, all the sex, and none of the responsibility. I mean, this is every guy's fantasy!	Chandler	Chandler	present	char_tracker_stage05	monica	absent	0.0		low	speaker_offscreen
11	218	545.62	547.78	I mean, this is every guy's fantasy.	Chandler	high	qa_review_resolved_ct_support	1.0	dialogue	False	True	Aurora | Chandler | Joey | All | Monica | Phoebe | Ross	Chandler	Phoebe	True	speaker_offscreen	Speaker agrees with available community-transcript mapping. | QA resolved prior review with community-transcript support.	I mean, this is every guy's fantasy	Chandler	Chandler	present	char_tracker_stage05	monica	absent	0.0		low	speaker_offscreen
11	219	547.85	548.37	Oh, yuck.	Phoebe	high	qa_review_resolved_ct_support	1.0	dialogue	False	True	Aurora | Chandler | Joey | All | Monica | Phoebe | Ross	Chandler	Phoebe	True	speaker_offscreen	Speaker agrees with available community-transcript mapping. | QA resolved prior review with community-transcript support.	Oh, yeah	Phoebe	Phoebe	present	char_tracker_stage05	monica	absent	0.0		low	speaker_offscreen
11	220	548.37	549.29	That is not true.	Phoebe	high	qa_review_resolved_bridge	1.0	dialogue	False	True	Aurora | Chandler | Joey | All | Monica | Phoebe | Ross	Phoebe	Phoebe	True	speaker_offscreen	Speaker agrees with available community-transcript mapping. | QA resolved prior review by same-speaker bridge.	That is not true	Phoebe	Phoebe	present	char_tracker_stage05	monica	absent	0.0		low	speaker_offscreen
11	221	549.29	550.77	Ross, is this your fantasy?	Phoebe	high	qa_review_resolved_ct_support	1.0	dialogue	False	True	Aurora | Chandler | Joey | All | Monica | Phoebe | Ross	Phoebe	Ross	True	speaker_offscreen	Speaker agrees with available community-transcript mapping. | QA resolved prior review with community-transcript support.	Oh, yeah. That is not true. Ross, is this your fantasy?	Phoebe	Phoebe	present	char_tracker_stage05	monica	absent	0.0		low	speaker_offscreen
11	222	550.77	551.85	No, of course not.	Ross	high	qa_review_resolved_ct_support	1.0	dialogue	False	True	Aurora | Chandler | Joey | All | Monica | Phoebe | Ross	Phoebe	Ross	True	speaker_no_face	Speaker agrees with available community-transcript mapping. | QA resolved prior review with community-transcript support.	No, of course not! (Thinks) ...Yeah, yeah, it is.	Ross	Ross	absent	char_tracker_stage05		absent	0.0		medium	speaker_no_face
11	223	554.73	555.21	Yeah.	Ross	high	community_transcript_match	1.0	dialogue	False	True	Aurora | Chandler | Joey | All | Monica | Phoebe | Ross	Ross	Ross	False		Speaker agrees with available community-transcript mapping.	Yeah, yeah, it is	Ross	Ross	present	char_tracker_stage05	monica|ross	present	0.5		high	
11	224	555.29	555.77	Yeah.	Ross	high	community_transcript_match	1.0	dialogue	False	True	Aurora | Chandler | Joey | All | Monica | Phoebe | Ross	Ross	Monica	False		Speaker agrees with available community-transcript mapping.	yeah it is	Ross	Ross	present	char_tracker_stage05	monica|ross	present	1.0		high	
11	225	557.29	559.29	So you guys don't mind going out with someone else?	Monica	high	community_transcript_match	1.0	dialogue	False	True	Aurora | Chandler | Joey | All | Monica | Phoebe | Ross	Ross	Monica	False		Speaker agrees with available community-transcript mapping.	What? So you guys don't mind going out with someone else who's going out with someone else?	Monica	Monica	present	char_tracker_stage05	monica|ross	present	1.0		high	
11	226	559.29	560.89	Who is going out with someone else?	Monica	high	community_transcript_match	1.0	dialogue	False	True	Aurora | Chandler | Joey | All | Monica | Phoebe | Ross	Monica	Joey	False		Speaker agrees with available community-transcript mapping.	what who's going out with someone else	Monica	Monica	present	char_tracker_stage05	monica|ross	present	1.0		high	
11	227	561.45	562.41	I couldn't do it.	Joey	high	qa_review_resolved_ct_support	1.0	dialogue	False	True	Aurora | Chandler | Joey | All | Monica | Phoebe | Ross	Monica	Monica	True	speaker_no_face	Speaker agrees with available community-transcript mapping. | QA resolved prior review with community-transcript support.	I couldn't do it.	Joey	Joey	absent	char_tracker_stage05		absent	0.0		medium	speaker_no_face
11	228	562.41	563.13	Good for you.	Monica	high	qa_review_resolved_ct_support	1.0	dialogue	False	True	Aurora | Chandler | Joey | All | Monica | Phoebe | Ross	Joey	Joey	True	speaker_no_face	Speaker agrees with available community-transcript mapping. | QA resolved prior review with community-transcript support.	Good for you, Joey.	Monica	Monica	absent	char_tracker_stage05		absent	0.0		medium	speaker_no_face
11	229	563.13	568.01	Joey, when I'm with a woman I need to know that I'm going out with more people than she is.	Joey	high	qa_review_resolved_ct_support	1.0	dialogue	False	True	Aurora | Chandler | Joey | All | Monica | Phoebe | Ross	Monica	Phoebe	True	speaker_offscreen	Speaker agrees with available community-transcript mapping. | QA resolved prior review with community-transcript support.	When I'm with a woman, I need to know that I'm going out with more people than she is.	Joey	Joey	present	char_tracker_stage05	monica	absent	0.0		low	speaker_offscreen
11	230	569.93	570.29	No.	Phoebe	medium	short_turn_alternation	0.7	dialogue	True	False	Aurora | Chandler | Joey | All | Monica | Phoebe | Ross	Joey	Phoebe	True	short_utterance_between_two_speakers | speaker_offscreen	Short utterance inferred from local turn alternation.				present	char_tracker_stage05	monica	absent			low	speaker_offscreen
11	231	570.29	574.17	One time I went out with a guy who had just gotten divorced and it was really hard.	Phoebe	high	qa_review_resolved_bridge	1.0	dialogue	False	True	Aurora | Chandler | Joey | All | Monica | Phoebe | Ross	Phoebe	Phoebe	True	speaker_offscreen	Speaker agrees with available community-transcript mapping. | QA resolved prior review by same-speaker bridge.	Y’ know, one time I went out with a guy who had just gotten divorced. And it was really hard. His kids liked me better than him.	Phoebe	Phoebe	present	char_tracker_stage05	monica|ross	absent	0.0		low	speaker_offscreen
11	232	574.59	576.03	His kids like me better than him.	Phoebe	high	qa_review_resolved_ct_support	1.0	dialogue	False	True	Aurora | Chandler | Joey | All | Monica | Phoebe | Ross	Phoebe	Monica	True	speaker_offscreen	Speaker agrees with available community-transcript mapping. | QA resolved prior review with community-transcript support.	y' know his kids liked me better than him	Phoebe	Phoebe	present	char_tracker_stage05	monica|ross	absent	0.0		low	speaker_offscreen
11	233	576.91	579.79	Phoebe, what does this have to do with Chandler's thing?	Monica	high	qa_review_resolved_ct_support	1.0	dialogue	False	True	Aurora | Chandler | Joey | All | Monica | Phoebe | Ross	Phoebe	Phoebe	True	speaker_offscreen	Speaker agrees with available community-transcript mapping. | QA resolved prior review with community-transcript support.	Phoebe, what does this have to do with Chandler’s thing?	Monica	Monica	present	char_tracker_stage05	ross	absent	0.0		low	speaker_offscreen
11	234	579.87	581.07	Oh, nothing.	Phoebe	high	qa_review_resolved_ct_support	1.0	dialogue	False	True	Aurora | Chandler | Joey | All | Monica | Phoebe | Ross	Monica	Phoebe	True	speaker_no_face	Speaker agrees with available community-transcript mapping. | QA resolved prior review with community-transcript support.	No, nothing	Phoebe	Phoebe	absent	char_tracker_stage05		absent	0.0		medium	speaker_no_face
11	235	582.59	586.75	But I didn't have anything on that topic, so I went another way.	Phoebe	high	qa_review_resolved_ct_support	1.0	dialogue	False	True	Aurora | Chandler | Joey | All | Monica | Phoebe | Ross	Phoebe	Ross	True	speaker_no_face	Speaker agrees with available community-transcript mapping. | QA resolved prior review with community-transcript support.	No, nothing.  But I didn’t have anything on that topic. (small pause) So I went another way.	Phoebe	Phoebe	absent	char_tracker_stage05		absent	0.0		medium	speaker_no_face
11	236	588.67	592.91	Well, you know, monogamy can be a tricky concept.	Ross	high	qa_review_resolved_ct_support	1.0	dialogue	False	True	Aurora | Chandler | Joey | All | Monica | Phoebe | Ross	Phoebe	Ross	True	speaker_no_face	Speaker agrees with available community-transcript mapping. | QA resolved prior review with community-transcript support.	Well, y'know, monogamy can be a, uh, tricky concept	Ross	Ross	partial	char_tracker_stage05		absent	0.4		medium	speaker_no_face
11	237	592.91	594.59	I mean, anthropologically speaking.	Ross	high	community_transcript_match	1.0	dialogue	False	True	Aurora | Chandler | Joey | All | Monica | Phoebe | Ross	Ross		False		Speaker agrees with available community-transcript mapping.	Well, y'know, monogamy can be a, uh, tricky concept. I mean, anthropologically speaking-	Ross	Ross	present	char_tracker_stage05	ross	present	0.6667		high	
12	238	597.23	598.11	Fine, Fine.	Ross	high	qa_review_resolved_ct_support	1.0	dialogue	False	True	Ross | Monica		Ross	True	speaker_offscreen	Speaker agrees with available community-transcript mapping. | QA resolved prior review with community-transcript support.	Fine	Ross	Ross	present	char_tracker_stage05	monica	absent	0.0		low	speaker_offscreen
12	239	598.11	599.47	All right, now you'll never know.	Ross	high	qa_review_resolved_ct_support	1.0	dialogue	False	True	Ross | Monica	Ross	Monica	True	speaker_offscreen	Speaker agrees with available community-transcript mapping. | QA resolved prior review with community-transcript support.	Fine. Fine, alright, now you'll never know.	Ross	Ross	present	char_tracker_stage05	monica	absent	0.0		low	speaker_offscreen
12	240	599.47	600.07	We're kidding.	Monica	high	community_transcript_match	1.0	dialogue	False	True	Ross | Monica	Ross	Monica	False		Speaker agrees with available community-transcript mapping.	We're kidding. C'mon, tell us!	Monica	Monica	present	char_tracker_stage05	monica	present	1.0		high	
12	241	600.07	602.75	Go on, Ross.	Monica	medium	name_address_rule	0.74	dialogue	True	False	Ross | Monica	Monica	Ross	False		Utterance names the next speaker, so the previous speaker is more likely.				present	char_tracker_stage05	monica	present			medium	
12	242	603.25	603.73	All right.	Ross	high	qa_review_resolved_ct_support	1.0	dialogue	False	True	Ross | Monica	Monica	Ross	True	speaker_no_face	Speaker agrees with available community-transcript mapping. | QA resolved prior review with community-transcript support.	Alright	Ross	Ross	absent	char_tracker_stage05		absent	0.0		medium	speaker_no_face
12	243	604.37	607.01	There's a theory put forth by Richard Leakey.	Ross	high	qa_review_resolved_bridge	1.0	dialogue	False	True	Ross | Monica	Ross	Ross	True	speaker_offscreen	Speaker agrees with available community-transcript mapping. | QA resolved prior review by same-speaker bridge.	Alright. There's a theory, put forth by Richard Leakey-	Ross	Ross	present	char_tracker_stage05	monica	absent	0.0		low	speaker_offscreen
12	244	615.97	616.69	Ta da.	Ross	medium	scene_context_inference	0.68	dialogue	True	False	Ross | Monica	Ross		True	scene_end_short_utterance | speaker_offscreen	Filled from previous same-scene context.				present	char_tracker_stage05	monica	absent			low	speaker_offscreen
14	245	618.13	619.73	Are we greeting each other this way now?	Chandler	high	qa_review_resolved_ct_support	1.0	dialogue	False	True	Chandler | Rachel | Ross | All | Monica | Phoebe		Chandler	True	speaker_no_face	Speaker agrees with available community-transcript mapping. | QA resolved prior review with community-transcript support.	Are we greeting each other this way now? 'Cause I like that.	Chandler	Chandler	absent	char_tracker_stage05		absent	0.0		medium	speaker_no_face
14	246	619.73	620.61	Because I like that.	Chandler	high	qa_review_resolved_ct_support	1.0	dialogue	False	True	Chandler | Rachel | Ross | All | Monica | Phoebe	Chandler	Rachel	True	speaker_offscreen	Speaker agrees with available community-transcript mapping. | QA resolved prior review with community-transcript support.	'Cause I like that	Chandler	Chandler	present	char_tracker_stage05	monica	absent	0.0		low	speaker_offscreen
14	247	622.93	623.33	Look.	Rachel	medium	short_turn_alternation	0.7	dialogue	True	False	Chandler | Rachel | Ross | All | Monica | Phoebe	Chandler	Rachel	True	short_utterance_between_two_speakers | speaker_offscreen	Short utterance inferred from local turn alternation.				present	char_tracker_stage05	monica	absent			low	speaker_offscreen
14	248	623.57	624.61	I cleaned.	Rachel	high	qa_review_resolved_bridge	1.0	dialogue	False	True	Chandler | Rachel | Ross | All | Monica | Phoebe	Rachel	Rachel	True	speaker_no_face	Speaker agrees with available community-transcript mapping. | QA resolved prior review by same-speaker bridge.	look i cleaned i don't know what that's for	Rachel	Rachel	absent	char_tracker_stage05		absent	0.0		medium	speaker_no_face
14	249	624.69	627.01	I did the windows, I did the floors.	Rachel	high	qa_review_resolved_bridge	1.0	dialogue	False	True	Chandler | Rachel | Ross | All | Monica | Phoebe	Rachel	Rachel	True	speaker_no_face	Speaker agrees with available community-transcript mapping. | QA resolved prior review by same-speaker bridge.	look i cleaned i did the windows i did the floors i don't know what that's for	Rachel	Rachel	absent	char_tracker_stage05		absent	0.0		medium	speaker_no_face
14	250	627.01	629.17	I even used all those attachments on the vacuum.	Rachel	high	qa_review_resolved_bridge	1.0	dialogue	False	True	Chandler | Rachel | Ross | All | Monica | Phoebe	Rachel	Rachel	True	speaker_offscreen	Speaker agrees with available community-transcript mapping. | QA resolved prior review by same-speaker bridge.	look i cleaned i did the windows i did the floors i even used all the attachments on the vacuum i don't know what that's for	Rachel	Rachel	present	char_tracker_stage05	monica	absent	0.0		low	speaker_offscreen
14	251	629.17	631.43	Except for that little round one with the bristles.	Rachel	high	qa_review_resolved_bridge	1.0	dialogue	False	True	Chandler | Rachel | Ross | All | Monica | Phoebe	Rachel	Rachel	True	speaker_offscreen	Speaker agrees with available community-transcript mapping. | QA resolved prior review by same-speaker bridge.	Look! I cleaned! I did the windows, I did the floors... I even used all the attachments on the vacuum, except that little round one with the bristles, I don't know what that's for.	Rachel	Rachel	present	char_tracker_stage05	monica	absent	0.0		low	speaker_offscreen
14	252	631.43	632.35	I don't know what that's for.	Rachel	high	qa_review_resolved_ct_support	1.0	dialogue	False	True	Chandler | Rachel | Ross | All | Monica | Phoebe	Rachel	Ross	True	speaker_offscreen	Speaker agrees with available community-transcript mapping. | QA resolved prior review with community-transcript support.	look i cleaned i did the windows i did the floors i even used all the attachments on the vacuum i don't know what that's for	Rachel	Rachel	present	char_tracker_stage05	monica	absent	0.0		low	speaker_offscreen
14	253	632.35	632.87	Oh, yeah.	Ross	high	qa_review_resolved_ct_support	1.0	dialogue	False	True	Chandler | Rachel | Ross | All | Monica | Phoebe	Rachel	Ross	True	speaker_no_face	Speaker agrees with available community-transcript mapping. | QA resolved prior review with community-transcript support.	oh yeah	Ross	Ross	absent	char_tracker_stage05		absent	0.0		medium	speaker_no_face
14	254	632.87	633.43	Nobody knows.	Ross	high	qa_review_resolved_bridge	1.0	dialogue	False	True	Chandler | Rachel | Ross | All | Monica | Phoebe	Ross	Ross	True	speaker_no_face	Speaker agrees with available community-transcript mapping. | QA resolved prior review by same-speaker bridge.	Oh yeah, nobody knows	Ross	Ross	absent	char_tracker_stage05		absent	0.0		medium	speaker_no_face
14	255	633.43	634.59	And we're not supposed to ask.	Ross	high	qa_review_resolved_ct_support	1.0	dialogue	False	True	Chandler | Rachel | Ross | All | Monica | Phoebe	Ross	Rachel	True	speaker_no_face	Speaker agrees with available community-transcript mapping. | QA resolved prior review with community-transcript support.	Oh yeah, nobody knows. And we're not supposed to ask.	Ross	Ross	absent	char_tracker_stage05		absent	0.0		medium	speaker_no_face
14	256	635.79	636.11	Oh.	Rachel	medium	short_turn_alternation	0.7	reaction	True	False	Chandler | Rachel | Ross | All | Monica | Phoebe	Ross	Rachel	True	short_utterance_between_two_speakers | speaker_offscreen	Short utterance inferred from local turn alternation.				present	char_tracker_stage05	monica	absent			low	speaker_offscreen
14	257	636.11	636.75	What do you think?	Rachel	high	qa_review_resolved_ct_support	1.0	dialogue	False	True	Chandler | Rachel | Ross | All | Monica | Phoebe	Rachel	All	True	speaker_offscreen	Speaker agrees with available community-transcript mapping. | QA resolved prior review with community-transcript support.	Well, whaddya think?	Rachel	Rachel	present	char_tracker_stage05	monica	absent	0.0		low	speaker_offscreen
14	258	637.23	637.87	Very clean.	All	high	community_transcript_match	1.0	dialogue	False	True	Chandler | Rachel | Ross | All | Monica | Phoebe	Rachel	All	False		Speaker agrees with available community-transcript mapping.	Very clean	All	All	present	char_tracker_stage05	monica	unobserved			high	
14	259	638.59	639.31	It looks great.	All	high	community_transcript_match	1.0	dialogue	False	True	Chandler | Rachel | Ross | All | Monica | Phoebe	All	All	False		Speaker agrees with available community-transcript mapping.	Very clean! It looks great! Terrific!	All	All	present	char_tracker_stage05	monica	unobserved			high	
14	260	639.31	639.95	Very clean.	All	high	community_transcript_match	1.0	dialogue	False	True	Chandler | Rachel | Ross | All | Monica | Phoebe	All	Monica	False		Speaker agrees with available community-transcript mapping.	very clean terrific	All	All	absent	char_tracker_stage05		unobserved			high	
14	261	643.15	647.23	Oh, I see you move the green ottoman.	Monica	high	qa_review_resolved_ct_support	1.0	dialogue	False	True	Chandler | Rachel | Ross | All | Monica | Phoebe	All	Monica	True	speaker_offscreen	Speaker agrees with available community-transcript mapping. | QA resolved prior review with community-transcript support.	...Oh! I-I see you moved the green ottoman.	Monica	Monica	present	char_tracker_stage05	ross	absent	0.4		low	speaker_offscreen
14	262	651.23	652.19	How did that happen?	Monica	high	qa_review_resolved_ct_support	1.0	dialogue	False	True	Chandler | Rachel | Ross | All | Monica | Phoebe	Monica	Rachel	True	speaker_no_face	Speaker agrees with available community-transcript mapping. | QA resolved prior review with community-transcript support.	How-how did that happen?	Monica	Monica	absent	char_tracker_stage05		absent	0.0		medium	speaker_no_face
14	263	653.95	654.59	I don't know.	Rachel	high	qa_review_resolved_ct_support	1.0	dialogue	False	True	Chandler | Rachel | Ross | All | Monica | Phoebe	Monica	Rachel	True	speaker_no_face	Speaker agrees with available community-transcript mapping. | QA resolved prior review with community-transcript support.	I dunno	Rachel	Rachel	absent	char_tracker_stage05		absent	0.0		medium	speaker_no_face
14	264	654.59	656.19	I thought it looked better there.	Rachel	high	qa_review_resolved_bridge	1.0	dialogue	False	True	Chandler | Rachel | Ross | All | Monica | Phoebe	Rachel	Rachel	True	speaker_no_face	Speaker agrees with available community-transcript mapping. | QA resolved prior review by same-speaker bridge.	I dunno.. I-I thought it looked better there. And I- and also, it's an extra seat around the coffee table.	Rachel	Rachel	absent	char_tracker_stage05		absent	0.0		medium	speaker_no_face
14	265	656.82	657.22	And I.	Rachel	high	qa_review_resolved_bridge	1.0	dialogue	False	True	Chandler | Rachel | Ross | All | Monica | Phoebe	Rachel	Rachel	True	speaker_no_face	Speaker agrees with available community-transcript mapping. | QA resolved prior review by same-speaker bridge.	And I- and also, it's an extra seat around the coffee table	Rachel	Rachel	absent	char_tracker_stage05		absent	0.0		medium	speaker_no_face
14	266	657.22	659.46	And also, it's an extra seater on the coffee table.	Rachel	high	qa_review_resolved_ct_support	1.0	dialogue	False	True	Chandler | Rachel | Ross | All | Monica | Phoebe	Rachel	Monica	True	speaker_no_face	Speaker agrees with available community-transcript mapping. | QA resolved prior review with community-transcript support.	and also it's an extra seat around the coffee table	Rachel	Rachel	absent	char_tracker_stage05		absent	0.0		medium	speaker_no_face
14	267	660.58	662.1	Yeah, it's interesting.	Monica	high	community_transcript_match	1.0	dialogue	False	True	Chandler | Rachel | Ross | All | Monica | Phoebe	Rachel	Monica	False		Speaker agrees with available community-transcript mapping.	Yeah, yeah, it's interesting	Monica	Monica	present	char_tracker_stage05	monica	present	1.0		high	
14	268	663.94	664.9	But you know what?	Monica	high	community_transcript_match	1.0	dialogue	False	True	Chandler | Rachel | Ross | All | Monica | Phoebe	Monica	Monica	False		Speaker agrees with available community-transcript mapping.	but y'know what	Monica	Monica	present	char_tracker_stage05	monica	present	1.0		high	
14	269	665.38	669.14	Just for fun, let's see what it looked like in the old spot.	Monica	high	community_transcript_match	1.0	dialogue	False	True	Chandler | Rachel | Ross | All | Monica | Phoebe	Monica	Monica	False		Speaker agrees with available community-transcript mapping.	Yeah, yeah, it's interesting.. but y'know what? Just for fun, let's see what it looked like in the old spot. (She moves it.) Alright, just to compare. Let's see. Well, it looks good there too. Let's just leave it there for a while.	Monica	Monica	present	char_tracker_stage05	monica	present	1.0		high	
14	270	670.82	671.78	Just to compare.	Monica	high	community_transcript_match	1.0	dialogue	False	True	Chandler | Rachel | Ross | All | Monica | Phoebe	Monica	Monica	False		Speaker agrees with available community-transcript mapping.	Alright, just to compare	Monica	Monica	present	char_tracker_stage05	monica|ross	present	1.0		high	
14	271	673.86	674.26	Ha.	Monica	medium	visual_disambiguation	0.74	reaction	True	False	Chandler | Rachel | Ross | All | Monica | Phoebe	Monica	Monica	False		Only one of the two text-context candidates was visually present in the window.				present	char_tracker_stage05	monica|ross	present			medium	
14	272	674.66	676.58	Well, it looks good there too.	Monica	medium	visual_disambiguation	0.74	dialogue	True	False	Chandler | Rachel | Ross | All | Monica | Phoebe	Monica	Monica	False		Only one of the two text-context candidates was visually present in the window.				present	char_tracker_stage05	monica	present			medium	
14	273	676.9	678.34	Let's just leave it there for a while.	Monica	medium	visual_disambiguation	0.74	dialogue	True	False	Chandler | Rachel | Ross | All | Monica | Phoebe	Monica	Phoebe	False		Only one of the two text-context candidates was visually present in the window.				present	char_tracker_stage05	monica|ross	present			medium	
14	274	680.02	682.26	Can't believe you tried to move the green ottoman.	Phoebe	high	qa_review_resolved_ct_support	1.0	dialogue	False	True	Chandler | Rachel | Ross | All | Monica | Phoebe	Monica	Chandler	True	speaker_offscreen	Speaker agrees with available community-transcript mapping. | QA resolved prior review with community-transcript support.	(to Rachel) I can't believe you tried to move the green ottoman.	Phoebe	Phoebe	present	char_tracker_stage05	monica|ross	absent	0.0		low	speaker_offscreen
14	275	683.7	685.74	Thank God you didn't try to fan out the magazines.	Chandler	high	qa_review_resolved_ct_support	1.0	dialogue	False	True	Chandler | Rachel | Ross | All | Monica | Phoebe	Phoebe	Chandler	True	speaker_offscreen	Speaker agrees with available community-transcript mapping. | QA resolved prior review with community-transcript support.	Thank God you didn't try to fan out the magazines. I mean, she'll scratch your eyes right out.	Chandler	Chandler	present	char_tracker_stage05	monica	absent	0.0		low	speaker_offscreen
14	276	685.74	687.22	I mean, she'll scratch your eyes, right?	Chandler	high	qa_review_resolved_ct_support	1.0	dialogue	False	True	Chandler | Rachel | Ross | All | Monica | Phoebe	Chandler	Monica	True	speaker_no_face	Speaker agrees with available community-transcript mapping. | QA resolved prior review with community-transcript support.	I mean, she'll scratch your eyes right out	Chandler	Chandler	absent	char_tracker_stage05		absent	0.0		medium	speaker_no_face
14	277	688.56	690.0	Guys, I am not that bad.	Monica	high	qa_review_resolved_ct_support	1.0	dialogue	False	True	Chandler | Rachel | Ross | All | Monica | Phoebe	Chandler	Phoebe	True	speaker_no_face	Speaker agrees with available community-transcript mapping. | QA resolved prior review with community-transcript support.	You guys, I am not that bad!	Monica	Monica	absent	char_tracker_stage05		absent	0.0		medium	speaker_no_face
14	278	690.56	691.28	Yeah, you are.	Phoebe	high	qa_review_resolved_ct_support	1.0	dialogue	False	True	Chandler | Rachel | Ross | All | Monica | Phoebe	Monica	Phoebe	True	speaker_no_face	Speaker agrees with available community-transcript mapping. | QA resolved prior review with community-transcript support.	yeah you are	Phoebe	Phoebe	absent	char_tracker_stage05		absent	0.0		medium	speaker_no_face
14	279	691.28	693.68	Monica, remember?	Phoebe	high	qa_review_resolved_bridge	1.0	dialogue	False	True	Chandler | Rachel | Ross | All | Monica | Phoebe	Phoebe	Phoebe	True	speaker_no_face	Speaker agrees with available community-transcript mapping. | QA resolved prior review by same-speaker bridge.	Yeah, you are, Monica	Phoebe	Phoebe	absent	char_tracker_stage05		absent	0.0		medium	speaker_no_face
14	280	693.68	694.64	I lived with you.	Phoebe	high	qa_review_resolved_bridge	1.0	dialogue	False	True	Chandler | Rachel | Ross | All | Monica | Phoebe	Phoebe	Phoebe	True	speaker_no_face	Speaker agrees with available community-transcript mapping. | QA resolved prior review by same-speaker bridge.	Yeah, you are, Monica. Remember when I lived with you? You were like, a little, y'know, (psycho) Ree! Ree! Ree! Ree!	Phoebe	Phoebe	absent	char_tracker_stage05		absent	0.0		medium	speaker_no_face
14	281	694.88	696.24	You were like a little, you know.	Phoebe	high	qa_review_resolved_bridge	1.0	dialogue	False	True	Chandler | Rachel | Ross | All | Monica | Phoebe	Phoebe	Phoebe	True	speaker_offscreen	Speaker agrees with available community-transcript mapping. | QA resolved prior review by same-speaker bridge.	You were like, a little, y'know, Ree	Phoebe	Phoebe	present	char_tracker_stage05	ross	absent	0.0		low	speaker_offscreen
14	282	696.32	699.12	Reek, reek, reek, reek, reek, reek, reek.	Phoebe	medium	scene_context_inference	0.66	dialogue	True	False	Chandler | Rachel | Ross | All | Monica | Phoebe	Phoebe	Monica	True	two_sided_context_ambiguous | speaker_offscreen	No direct transcript match; longer line defaulted to previous speaker in same scene.				present	char_tracker_stage05	ross	absent			low	speaker_offscreen
14	283	700.72	702.08	That is so unfair.	Monica	high	qa_review_resolved_ct_support	1.0	dialogue	False	True	Chandler | Rachel | Ross | All | Monica | Phoebe	Phoebe	Ross	True	speaker_offscreen	Speaker agrees with available community-transcript mapping. | QA resolved prior review with community-transcript support.	That is so unfair!	Monica	Monica	present	char_tracker_stage05	ross	absent	0.0		low	speaker_offscreen
14	284	702.32	703.04	Oh, come on.	Ross	high	community_transcript_match	1.0	dialogue	False	True	Chandler | Rachel | Ross | All | Monica | Phoebe	Monica	Ross	False		Speaker agrees with available community-transcript mapping.	Oh c'mon	Ross	Ross	present	char_tracker_stage05	ross	present	1.0		high	
14	285	703.04	706.56	When we were kids, yours was the only Raggedy Ann doll that wasn't raggedy.	Ross	high	community_transcript_match	1.0	dialogue	False	True	Chandler | Rachel | Ross | All | Monica | Phoebe	Ross	Monica	False		Speaker agrees with available community-transcript mapping.	Oh c'mon! When we were kids, yours was the only Raggedy Ann doll that wasn't raggedy!	Ross	Ross	present	char_tracker_stage05	ross	present	1.0		high	
14	286	709.04	710.96	Okay, so I'm responsible.	Monica	high	qa_review_resolved_ct_support	1.0	dialogue	False	True	Chandler | Rachel | Ross | All | Monica | Phoebe	Ross	Monica	True	speaker_offscreen	Speaker agrees with available community-transcript mapping. | QA resolved prior review with community-transcript support.	okay so i'm responsible	Monica	Monica	present	char_tracker_stage05	ross	absent	0.0		low	speaker_offscreen
14	287	710.96	711.88	I'm organized.	Monica	high	qa_review_resolved_bridge	1.0	dialogue	False	True	Chandler | Rachel | Ross | All | Monica | Phoebe	Monica	Monica	True	speaker_offscreen	Speaker agrees with available community-transcript mapping. | QA resolved prior review by same-speaker bridge.	Okay, so I'm responsible, I'm organized	Monica	Monica	present	char_tracker_stage05	ross	absent	0.0		low	speaker_offscreen
14	288	711.88	713.68	But, hey, I can be a kook.	Monica	high	qa_review_resolved_ct_support	1.0	dialogue	False	True	Chandler | Rachel | Ross | All | Monica | Phoebe	Monica	Ross	True	speaker_offscreen	Speaker agrees with available community-transcript mapping. | QA resolved prior review with community-transcript support.	Okay, so I'm responsible, I'm organized. But hey, I can be a kook.	Monica	Monica	present	char_tracker_stage05	ross	absent	0.0		low	speaker_offscreen
14	289	716.36	721.16	All right, you madcap gal, try to imagine this.	Ross	high	community_transcript_match	1.0	dialogue	False	True	Chandler | Rachel | Ross | All | Monica | Phoebe	Monica		False		Speaker agrees with available community-transcript mapping.	Alright, you madcap gal. Try to imagine this. The phone bill arrives, but you don't pay it right away.	Ross	Ross	unknown	char_tracker_stage05		unknown		sentence_outside_visual_data_range	medium	visual_presence_unknown
