scene_id	sentence_id	start	end	utterance	speaker	speaker_confidence	speaker_method	alignment_score	row_type	filled_from_missing	matched_to_ct	scene_speaker_set	prev_speaker_scene	next_speaker_scene	review_flag	review_reason	notes	utterance_ct	speaker_ct	speaker_original	visual_presence	visual_presence_source	visual_presence_chars	speaker_visual_presence	speaker_visual_ratio	visual_presence_note	annotation_confidence	annotation_review_reason
1	1	14.96	15.68	What's going on?	Ross	high	community_transcript_match	1.0	dialogue	False	True	Ross | Rachel		Rachel	False		Speaker agrees with available community-transcript mapping.	What's going on?	Ross	Ross	present	char_tracker_stage05	rachel|ross	present	0.5		high	
1	2	16.56	18.56	Well, my eye is a little itchy.	Rachel	high	community_transcript_match	1.0	dialogue	False	True	Ross | Rachel	Ross		False		Speaker agrees with available community-transcript mapping.	Well, my eye is a little itchy.	Rachel	Rachel	present	char_tracker_stage05	rachel	present	1.0		high	
2	3	20.16	21.2	Need mine too.	Joey	high	community_transcript_match	1.0	dialogue	False	True	Joey | Monica | Rachel | Chandler | Ross | All		Joey	False		Speaker agrees with available community-transcript mapping.	Uhhh, mine too	Joey	Joey	present	char_tracker_stage05	joey	present	1.0		high	
2	4	21.2	21.68	Yeah.	Joey	high	community_transcript_match	1.0	dialogue	False	True	Joey | Monica | Rachel | Chandler | Ross | All	Joey	Monica	False		Speaker agrees with available community-transcript mapping.	Uhhh, mine too! Yeah.	Joey	Joey	present	char_tracker_stage05	joey	present	1.0		high	
2	5	23.2	24.4	Wow, it's really red.	Monica	high	community_transcript_match	1.0	dialogue	False	True	Joey | Monica | Rachel | Chandler | Ross | All	Joey	Monica	False		Speaker agrees with available community-transcript mapping.	It's really red	Monica	Monica	present	char_tracker_stage05	monica	present	1.0		high	
2	6	24.8	26.24	We should go see my eye doctor.	Monica	high	community_transcript_match	1.0	dialogue	False	True	Joey | Monica | Rachel | Chandler | Ross | All	Monica	Rachel	False		Speaker agrees with available community-transcript mapping.	(To Rachel) Wow! It's really red! You should go see my eye doctor.	Monica	Monica	present	char_tracker_stage05	monica	present	0.6667		high	
2	7	26.72	28.72	Richard, I'm not gonna go see your ex boyfriend.	Rachel	high	qa_review_resolved_ct_support	1.0	dialogue	False	True	Joey | Monica | Rachel | Chandler | Ross | All	Monica	Chandler	True	speaker_no_face	Speaker agrees with available community-transcript mapping. | QA resolved prior review with community-transcript support.	Richard? I'm not gonna go see your ex-boyfriend!	Rachel	Rachel	absent	char_tracker_stage05		absent	0.0		medium	speaker_no_face
2	8	28.72	29.48	Ugh, Richard.	Chandler	high	community_transcript_match	1.0	dialogue	False	True	Joey | Monica | Rachel | Chandler | Ross | All	Rachel	Chandler	False		Speaker agrees with available community-transcript mapping.	oh richard	Chandler	Chandler	present	char_tracker_stage05	chandler	present	0.5		high	
2	9	29.48	30.4	That's all I ever hear.	Chandler	high	community_transcript_match	1.0	dialogue	False	True	Joey | Monica | Rachel | Chandler | Ross | All	Chandler	Chandler	False		Speaker agrees with available community-transcript mapping.	oh richard that's all i ever hear	Chandler	Chandler	present	char_tracker_stage05	chandler	present	1.0		high	
2	10	30.4	31.68	Richard, Richard, Richard.	Chandler	high	community_transcript_match	1.0	dialogue	False	True	Joey | Monica | Rachel | Chandler | Ross | All	Chandler	Monica	False		Speaker agrees with available community-transcript mapping.	Oh, Richard. That's all I ever hear, Richard, Richard, Richard!	Chandler	Chandler	present	char_tracker_stage05	chandler|monica|rachel|ross	present	1.0		high	
2	11	33.12	35.6	Since we've been going out, I think I've mentioned his name twice.	Monica	high	community_transcript_match	1.0	dialogue	False	True	Joey | Monica | Rachel | Chandler | Ross | All	Chandler	Chandler	False		Speaker agrees with available community-transcript mapping.	Since we've been going out, I think I've mentioned his name twice!	Monica	Monica	present	char_tracker_stage05	monica|rachel|ross	present	1.0		high	
2	12	35.68	37.2	Okay, so Richard, Richard.	Chandler	high	community_transcript_match	1.0	dialogue	False	True	Joey | Monica | Rachel | Chandler | Ross | All	Monica	Monica	False		Speaker agrees with available community-transcript mapping.	Okay, so Richard, Richard!	Chandler	Chandler	present	char_tracker_stage05	chandler	present	1.0		high	
2	13	39.36	40.8	It's not Richard, okay?	Monica	high	community_transcript_match	1.0	dialogue	False	True	Joey | Monica | Rachel | Chandler | Ross | All	Chandler	Monica	False		Speaker agrees with available community-transcript mapping.	it's not richard okay	Monica	Monica	present	char_tracker_stage05	monica|rachel|ross	present	1.0		high	
2	14	40.8	42.16	It's this new guy and he's really good.	Monica	high	community_transcript_match	1.0	dialogue	False	True	Joey | Monica | Rachel | Chandler | Ross | All	Monica	Rachel	False		Speaker agrees with available community-transcript mapping.	It's not Richard! Okay? It's this new guy and he's really good.	Monica	Monica	present	char_tracker_stage05	monica|rachel|ross	present	0.6667		high	
2	15	42.16	43.12	No, I'm sorry.	Rachel	high	community_transcript_match	1.0	dialogue	False	True	Joey | Monica | Rachel | Chandler | Ross | All	Monica	Rachel	False		Speaker agrees with available community-transcript mapping.	well i'm sorry	Rachel	Rachel	present	char_tracker_stage05	rachel|ross	present	1.0		high	
2	16	43.12	45.12	I'm not going to an eye doctor.	Rachel	high	community_transcript_match	1.0	dialogue	False	True	Joey | Monica | Rachel | Chandler | Ross | All	Rachel	Ross	False		Speaker agrees with available community-transcript mapping.	Well, I'm sorry I'm not going to an eye doctor!	Rachel	Rachel	present	char_tracker_stage05	rachel|ross	present	1.0		high	
2	17	45.44	46.4	Oh, God.	Ross	high	community_transcript_match	1.0	dialogue	False	True	Joey | Monica | Rachel | Chandler | Ross | All	Rachel	Ross	False		Speaker agrees with available community-transcript mapping.	oh god	Ross	Ross	present	char_tracker_stage05	rachel|ross	present	1.0		high	
2	18	46.4	47.28	Here we go.	Ross	high	community_transcript_match	1.0	dialogue	False	True	Joey | Monica | Rachel | Chandler | Ross | All	Ross	Chandler	False		Speaker agrees with available community-transcript mapping.	Oh God, here we go!	Ross	Ross	present	char_tracker_stage05	chandler|rachel|ross	present	1.0		high	
2	19	47.6	48.0	What?	Chandler	high	community_transcript_match	1.0	dialogue	False	True	Joey | Monica | Rachel | Chandler | Ross | All	Ross	Ross	False		Speaker agrees with available community-transcript mapping.	What?	Chandler	Chandler	present	char_tracker_stage05	chandler|rachel|ross	present	1.0		high	
2	20	48.4	53.24	Anytime anything comes close to touching her eye or anyone else's, she, like, freaks out.	Ross	high	community_transcript_match	1.0	dialogue	False	True	Joey | Monica | Rachel | Chandler | Ross | All	Chandler	Ross	False		Speaker agrees with available community-transcript mapping.	Anytime anything comes close to touching her eye or anyone else's she like freaks out. Watch! Watch! (He takes his finger and moves it towards his eye.)	Ross	Ross	present	char_tracker_stage05	rachel|ross	present	1.0		high	
2	21	53.24	53.52	Watch.	Ross	high	community_transcript_match	1.0	dialogue	False	True	Joey | Monica | Rachel | Chandler | Ross | All	Ross	Ross	False		Speaker agrees with available community-transcript mapping.	Watch	Ross	Ross	present	char_tracker_stage05	rachel|ross	present	1.0		high	
2	22	53.52	53.84	Watch.	Ross	high	community_transcript_match	1.0	dialogue	False	True	Joey | Monica | Rachel | Chandler | Ross | All	Ross	Rachel	False		Speaker agrees with available community-transcript mapping.	Watch	Ross	Ross	present	char_tracker_stage05	rachel|ross	present	1.0		high	
2	23	55.04	56.16	Ross, come on.	Rachel	high	community_transcript_match	1.0	dialogue	False	True	Joey | Monica | Rachel | Chandler | Ross | All	Ross	Rachel	False		Speaker agrees with available community-transcript mapping.	(flinches) Ross! Come on! That's all right! Fine--Okay, I have a weird thing about my eye. Can we not talk about it please?	Rachel	Rachel	present	char_tracker_stage05	rachel|ross	present	1.0		high	
2	24	56.32	56.68	That's.	Rachel	high	community_transcript_match	1.0	dialogue	False	True	Joey | Monica | Rachel | Chandler | Ross | All	Rachel	All	False		Speaker agrees with available community-transcript mapping.	That's all right	Rachel	Rachel	present	char_tracker_stage05	rachel|ross	present	1.0		high	
2	25	56.68	57.04	All right.	All	high	community_transcript_match	1.0	dialogue	False	True	Joey | Monica | Rachel | Chandler | Ross | All	Rachel	All	False		Speaker agrees with available community-transcript mapping.	All right, fine.	All	All	present	char_tracker_stage05	rachel|ross	unobserved			high	
2	26	57.04	57.32	Fine.	All	high	community_transcript_match	1.0	dialogue	False	True	Joey | Monica | Rachel | Chandler | Ross | All	All	All	False		Speaker agrees with available community-transcript mapping.	fine	All	All	present	char_tracker_stage05	rachel|ross	unobserved			high	
2	27	57.32	58.24	Okay, I have a weird thing.	All	high	qa_review_resolved_bridge	0.9	dialogue	True	False	Joey | Monica | Rachel | Chandler | Ross | All	All	All	False		No direct transcript match; longer line defaulted to previous speaker in same scene. | QA resolved prior review by same-speaker bridge.				present	char_tracker_stage05	rachel|ross	unobserved			high	
2	28	58.78	60.22	Can we just not talk about it, please?	All	medium	scene_context_inference	0.66	dialogue	True	False	Joey | Monica | Rachel | Chandler | Ross | All	All	Monica	True	two_sided_context_ambiguous	No direct transcript match; longer line defaulted to previous speaker in same scene.				present	char_tracker_stage05	rachel|ross	unobserved			medium	
2	29	62.78	64.62	Hey, Rach, you know that great song?	Monica	high	community_transcript_match	1.0	dialogue	False	True	Joey | Monica | Rachel | Chandler | Ross | All	All	Monica	False		Speaker agrees with available community-transcript mapping.	"Hey Rach, remember that great song, Me, Myself, and I? (And on the ""I"" part she mimics poking her eye.)"	Monica	Monica	present	char_tracker_stage05	monica|rachel	present	1.0		high	
2	30	65.1	66.22	Me, myself and.	Monica	high	community_transcript_match	1.0	dialogue	False	True	Joey | Monica | Rachel | Chandler | Ross | All	Monica	Ross	False		Speaker agrees with available community-transcript mapping.	me myself and i	Monica	Monica	present	char_tracker_stage05	monica|rachel	present	1.0		high	
2	31	68.46	69.98	Hey, does anyone want to get some lunch?	Ross	high	community_transcript_match	1.0	dialogue	False	True	Joey | Monica | Rachel | Chandler | Ross | All	Monica	Ross	False		Speaker agrees with available community-transcript mapping.	Hey, does anybody want to get some lunch? All those in favor say I? (Pokes his eye)	Ross	Ross	present	char_tracker_stage05	monica|ross	present	1.0		high	
2	32	69.98	71.5	All those in favor, say aye.	Ross	high	community_transcript_match	1.0	dialogue	False	True	Joey | Monica | Rachel | Chandler | Ross | All	Ross	Ross	False		Speaker agrees with available community-transcript mapping.	All those in favor say I	Ross	Ross	present	char_tracker_stage05	ross	present	1.0		high	
2	33	71.58	72.78	Frostomy.	Ross	medium	visual_disambiguation	0.74	dialogue	True	False	Joey | Monica | Rachel | Chandler | Ross | All	Ross	Chandler	False		Only one of the two text-context candidates was visually present in the window.				present	char_tracker_stage05	monica|ross	present			medium	
2	34	73.42	76.38	How much did I love the King and I?	Chandler	high	community_transcript_match	1.0	dialogue	False	True	Joey | Monica | Rachel | Chandler | Ross | All	Ross	Rachel	False		Speaker agrees with available community-transcript mapping.	How much did I love The King and I? (Oh, you get the point by now.)	Chandler	Chandler	present	char_tracker_stage05	chandler	present	1.0		high	
2	35	76.38	77.02	Chandler.	Rachel	high	community_transcript_match	1.0	dialogue	False	True	Joey | Monica | Rachel | Chandler | Ross | All	Chandler	Joey	False		Speaker agrees with available community-transcript mapping.	Chandler!	Rachel	Rachel	present	char_tracker_stage05	chandler|joey|rachel	present	1.0		high	
2	36	77.02	77.54	Glory.	Joey	medium	short_turn_alternation	0.7	dialogue	True	False	Joey | Monica | Rachel | Chandler | Ross | All	Rachel	Joey	True	short_utterance_between_two_speakers	Short utterance inferred from local turn alternation.				present	char_tracker_stage05	joey|rachel	present			medium	
2	37	77.54	77.94	Me too.	Joey	high	community_transcript_match	1.0	dialogue	False	True	Joey | Monica | Rachel | Chandler | Ross | All	Joey	Joey	False		Speaker agrees with available community-transcript mapping.	me too me too	Joey	Joey	present	char_tracker_stage05	joey|rachel	present	1.0		high	
2	38	77.94	78.3	Me too.	Joey	high	community_transcript_match	1.0	dialogue	False	True	Joey | Monica | Rachel | Chandler | Ross | All	Joey	Joey	False		Speaker agrees with available community-transcript mapping.	Me too! Me too! Me too! (Yeah, he does the same thing.)	Joey	Joey	present	char_tracker_stage05	joey|rachel	present	1.0		high	
2	39	78.3	78.78	Me too.	Joey	high	community_transcript_match	1.0	dialogue	False	True	Joey | Monica | Rachel | Chandler | Ross | All	Joey		False		Speaker agrees with available community-transcript mapping.	me too me too	Joey	Joey	present	char_tracker_stage05	joey	present	1.0		high	
3	40	82.46	83.5	You okay there, man?	Chandler	high	community_transcript_match	1.0	dialogue	False	True	Chandler | Joey		Joey	False		Speaker agrees with available community-transcript mapping.	You okay there man?	Chandler	Chandler	present	char_tracker_stage05	chandler|joey	present	1.0		high	
3	41	83.5	84.86	Yeah, I got too excited.	Joey	high	community_transcript_match	1.0	dialogue	False	True	Chandler | Joey	Chandler		False		Speaker agrees with available community-transcript mapping.	Yeah, I got too excited!	Joey	Joey	present	char_tracker_stage05	chandler|joey	present	1.0		high	
5	42	135.22	136.02	All right, I gotta go.	Ross	high	qa_review_resolved_ct_support	1.0	dialogue	False	True	Ross | Phoebe | Monica | Chandler | Joey | Rachel		Ross	True	speaker_no_face	Speaker agrees with available community-transcript mapping. | QA resolved prior review with community-transcript support.	All right, I gotta go	Ross	Ross	absent	char_tracker_stage05		absent	0.0		medium	speaker_no_face
5	43	136.02	137.3	I'm taking Ben to the park.	Ross	high	qa_review_resolved_ct_support	1.0	dialogue	False	True	Ross | Phoebe | Monica | Chandler | Joey | Rachel	Ross	Phoebe	True	speaker_offscreen	Speaker agrees with available community-transcript mapping. | QA resolved prior review with community-transcript support.	All right, I gotta go. I'm taking Ben to the park.	Ross	Ross	present	char_tracker_stage05	monica|phoebe	absent	0.0		low	speaker_offscreen
5	44	137.3	138.82	Oh, give him a kiss for me.	Phoebe	high	community_transcript_match	1.0	dialogue	False	True	Ross | Phoebe | Monica | Chandler | Joey | Rachel	Ross	Ross	False		Speaker agrees with available community-transcript mapping.	Ohh, give him a kiss for me!	Phoebe	Phoebe	present	char_tracker_stage05	monica|phoebe	present	1.0		high	
5	45	138.82	139.3	All right.	Ross	high	qa_review_resolved_ct_support	1.0	dialogue	False	True	Ross | Phoebe | Monica | Chandler | Joey | Rachel	Phoebe	Ross	True	speaker_offscreen	Speaker agrees with available community-transcript mapping. | QA resolved prior review with community-transcript support.	All right, bye!	Ross	Ross	present	char_tracker_stage05	monica|phoebe	absent	0.0		low	speaker_offscreen
5	46	139.3	139.7	Bye.	Ross	high	qa_review_resolved_ct_support	1.0	dialogue	False	True	Ross | Phoebe | Monica | Chandler | Joey | Rachel	Ross	Monica	True	speaker_offscreen	Speaker agrees with available community-transcript mapping. | QA resolved prior review with community-transcript support.	bye	Ross	Ross	present	char_tracker_stage05	monica|phoebe	absent	0.0		low	speaker_offscreen
5	47	139.78	140.26	Bye.	Monica	high	community_transcript_match	1.0	dialogue	False	True	Ross | Phoebe | Monica | Chandler | Joey | Rachel	Ross	Phoebe	False		Speaker agrees with available community-transcript mapping.	Bye!	Monica	Monica	present	char_tracker_stage05	monica|phoebe|ross	present	1.0		high	
5	48	140.42	140.9	Bye.	Phoebe	high	community_transcript_match	1.0	dialogue	False	True	Ross | Phoebe | Monica | Chandler | Joey | Rachel	Monica	Ross	False		Speaker agrees with available community-transcript mapping.	Bye!	Phoebe	Phoebe	present	char_tracker_stage05	monica|phoebe|ross	present	1.0		high	
5	49	141.22	141.62	Later.	Ross	high	community_transcript_match	1.0	dialogue	False	True	Ross | Phoebe | Monica | Chandler | Joey | Rachel	Phoebe	Phoebe	False		Speaker agrees with available community-transcript mapping.	Later! (Exits.)	Ross	Ross	present	char_tracker_stage05	phoebe|ross	present	1.0		high	
5	50	143.06	145.82	I am so sorry you got caught in the middle of that.	Phoebe	high	community_transcript_match	1.0	dialogue	False	True	Ross | Phoebe | Monica | Chandler | Joey | Rachel	Ross	Phoebe	False		Speaker agrees with available community-transcript mapping.	(after he's gone) I am so sorry you got caught in the middle of that. I didn't mean to be so out there. I am furious with him!	Phoebe	Phoebe	present	char_tracker_stage05	phoebe	present	1.0		high	
5	51	145.82	148.66	I didn't mean to be so out there, but I am furious with him.	Phoebe	high	community_transcript_match	1.0	dialogue	False	True	Ross | Phoebe | Monica | Chandler | Joey | Rachel	Phoebe	Chandler	False		Speaker agrees with available community-transcript mapping.	I didn't mean to be so out there	Phoebe	Phoebe	present	char_tracker_stage05	phoebe	present	1.0		high	
5	52	152.27	152.59	Wow.	Chandler	high	community_transcript_match	1.0	dialogue	False	True	Ross | Phoebe | Monica | Chandler | Joey | Rachel	Phoebe	Chandler	False		Speaker agrees with available community-transcript mapping.	wow umm	Chandler	Chandler	present	char_tracker_stage05	chandler	present	1.0		high	
5	53	153.79	154.59	Calm down.	Chandler	high	community_transcript_match	1.0	dialogue	False	True	Ross | Phoebe | Monica | Chandler | Joey | Rachel	Chandler	Phoebe	False		Speaker agrees with available community-transcript mapping.	Wow umm, calm down.	Chandler	Chandler	present	char_tracker_stage05	chandler	present	1.0		high	
5	54	156.51	157.23	I'm trying.	Phoebe	high	community_transcript_match	1.0	dialogue	False	True	Ross | Phoebe | Monica | Chandler | Joey | Rachel	Chandler	Phoebe	False		Speaker agrees with available community-transcript mapping.	i'm trying	Phoebe	Phoebe	present	char_tracker_stage05	monica|phoebe	present	1.0		high	
5	55	157.23	159.55	But, man, that guy can push my buttons.	Phoebe	high	community_transcript_match	1.0	dialogue	False	True	Ross | Phoebe | Monica | Chandler | Joey | Rachel	Phoebe	Monica	False		Speaker agrees with available community-transcript mapping.	I'm trying, but man that guy can push my buttons!	Phoebe	Phoebe	present	char_tracker_stage05	phoebe	present	0.6667		high	
5	56	160.91	162.27	Why are you so mad at him?	Monica	high	community_transcript_match	1.0	dialogue	False	True	Ross | Phoebe | Monica | Chandler | Joey | Rachel	Phoebe	Phoebe	False		Speaker agrees with available community-transcript mapping.	Why are so mad at him?	Monica	Monica	present	char_tracker_stage05	monica	present	1.0		high	
5	57	162.67	164.27	Look, I don't want to talk about it, okay?	Phoebe	high	community_transcript_match	1.0	dialogue	False	True	Ross | Phoebe | Monica | Chandler | Joey | Rachel	Monica	Monica	False		Speaker agrees with available community-transcript mapping.	Look, I don't wanna talk about it. Okay?	Phoebe	Phoebe	present	char_tracker_stage05	monica|phoebe	present	1.0		high	
5	58	164.27	166.59	It just seems like you want to be on my list too.	Monica	high	community_transcript_match	1.0	dialogue	False	True	Ross | Phoebe | Monica | Chandler | Joey | Rachel	Phoebe	Phoebe	False		Speaker agrees with available community-transcript mapping.	Well, it just seems that…	Monica	Monica	present	char_tracker_stage05	monica|phoebe	present	1.0		high	
5	59	166.59	167.23	Keep talking.	Phoebe	high	community_transcript_match	1.0	dialogue	False	True	Ross | Phoebe | Monica | Chandler | Joey | Rachel	Monica	Phoebe	False		Speaker agrees with available community-transcript mapping.	Keep talking	Phoebe	Phoebe	present	char_tracker_stage05	monica|phoebe	present	1.0		high	
5	60	169.63	171.55	Has anyone seen my list, by the way?	Phoebe	high	community_transcript_match	1.0	dialogue	False	True	Ross | Phoebe | Monica | Chandler | Joey | Rachel	Phoebe	Chandler	False		Speaker agrees with available community-transcript mapping.	You wanna be on my list too? Keep talking! Has anyone seem my list by the way?	Phoebe	Phoebe	present	char_tracker_stage05	phoebe	present	1.0		high	
5	61	173.47	173.79	No.	Chandler	medium	visual_disambiguation	0.74	dialogue	True	False	Ross | Phoebe | Monica | Chandler | Joey | Rachel	Phoebe	Chandler	False		Only one of the two text-context candidates was visually present in the window.				present	char_tracker_stage05	chandler	present			medium	
5	62	173.79	174.19	Phoebes.	Chandler	high	scene_context_bridge	0.88	dialogue	True	False	Ross | Phoebe | Monica | Chandler | Joey | Rachel	Chandler	Chandler	False		Same speaker appears on both sides within the same scene.				present	char_tracker_stage05	chandler|phoebe	present			high	
5	63	174.19	174.91	What's it look like?	Chandler	high	community_transcript_match	1.0	dialogue	False	True	Ross | Phoebe | Monica | Chandler | Joey | Rachel	Chandler	Phoebe	False		Speaker agrees with available community-transcript mapping.	Uh, no Pheebs. What's it look like?	Chandler	Chandler	present	char_tracker_stage05	chandler|phoebe	present	1.0		high	
5	64	175.06	177.3	Um, it's a piece of paper and it says Ross on it.	Phoebe	high	community_transcript_match	1.0	dialogue	False	True	Ross | Phoebe | Monica | Chandler | Joey | Rachel	Chandler	Joey	False		Speaker agrees with available community-transcript mapping.	"Uh, it's a piece of paper and it says, ""Ross"" on it."	Phoebe	Phoebe	present	char_tracker_stage05	phoebe	present	1.0		high	
5	65	181.62	183.34	I just got off the phone with Estelle.	Joey	high	community_transcript_match	1.0	dialogue	False	True	Ross | Phoebe | Monica | Chandler | Joey | Rachel	Phoebe	Joey	False		Speaker agrees with available community-transcript mapping.	(entering, depressed) Hey. I just got off the phone with Estelle and guess what. (Pause, then very excitedly) I GOT THE LEAD IN A MOVIE!!!!!!	Joey	Joey	present	char_tracker_stage05	joey	present	1.0		high	
5	66	183.34	183.94	Guess what?	Joey	high	community_transcript_match	1.0	dialogue	False	True	Ross | Phoebe | Monica | Chandler | Joey | Rachel	Joey	Joey	False		Speaker agrees with available community-transcript mapping.	hey and guess what i got the lead in a movie	Joey	Joey	present	char_tracker_stage05	joey	present	1.0		high	
5	67	184.98	186.5	I got the lead in the movie.	Joey	high	community_transcript_match	1.0	dialogue	False	True	Ross | Phoebe | Monica | Chandler | Joey | Rachel	Joey	Chandler	False		Speaker agrees with available community-transcript mapping.	hey and i got the lead in a movie	Joey	Joey	present	char_tracker_stage05	joey	present	1.0		high	
5	68	186.9	188.1	You got the lead in the movie?	Chandler	high	qa_review_resolved_ct_support	1.0	dialogue	False	True	Ross | Phoebe | Monica | Chandler | Joey | Rachel	Joey	Chandler	True	speaker_no_face	Speaker agrees with available community-transcript mapping. | QA resolved prior review with community-transcript support.	You got the lead in a movie? That's amazing! What's the movie about?!	Chandler	Chandler	partial	char_tracker_stage05		absent	0.0		medium	speaker_no_face
5	69	188.1	188.82	That's amazing.	Chandler	high	qa_review_resolved_bridge	1.0	dialogue	False	True	Ross | Phoebe | Monica | Chandler | Joey | Rachel	Chandler	Chandler	True	speaker_no_face	Speaker agrees with available community-transcript mapping. | QA resolved prior review by same-speaker bridge.	That's amazing	Chandler	Chandler	absent	char_tracker_stage05		absent	0.0		medium	speaker_no_face
5	70	188.82	189.78	What's the movie about?	Chandler	high	qa_review_resolved_ct_support	1.0	dialogue	False	True	Ross | Phoebe | Monica | Chandler | Joey | Rachel	Chandler	Joey	True	speaker_offscreen	Speaker agrees with available community-transcript mapping. | QA resolved prior review with community-transcript support.	What's the movie about	Chandler	Chandler	present	char_tracker_stage05	joey	absent	0.0		low	speaker_offscreen
5	71	189.78	191.74	Oh, it's called Shutter Speed.	Joey	medium	visual_disambiguation	0.74	dialogue	True	False	Ross | Phoebe | Monica | Chandler | Joey | Rachel	Chandler	Joey	False		Only one of the two text-context candidates was visually present in the window.				present	char_tracker_stage05	joey	present			medium	
5	72	191.74	192.42	It's really cool.	Joey	high	scene_context_bridge	0.88	dialogue	True	False	Ross | Phoebe | Monica | Chandler | Joey | Rachel	Joey	Joey	False		Same speaker appears on both sides within the same scene.				present	char_tracker_stage05	joey	present			high	
5	73	192.42	197.3	Yeah, well, I meet this girl on the subway and we fall in love in, like, a day, right?	Joey	high	scene_context_bridge	0.88	dialogue	True	False	Ross | Phoebe | Monica | Chandler | Joey | Rachel	Joey	Joey	False		Same speaker appears on both sides within the same scene.				present	char_tracker_stage05	joey	present			high	
5	74	197.62	199.78	And then she disappears.	Joey	high	scene_context_bridge	0.88	dialogue	True	False	Ross | Phoebe | Monica | Chandler | Joey | Rachel	Joey	Joey	False		Same speaker appears on both sides within the same scene.				present	char_tracker_stage05	joey	present			high	
5	75	199.78	200.98	But I find out where she lives.	Joey	high	scene_context_bridge	0.88	dialogue	True	False	Ross | Phoebe | Monica | Chandler | Joey | Rachel	Joey	Joey	False		Same speaker appears on both sides within the same scene.				present	char_tracker_stage05	joey	present			high	
5	76	200.98	204.9	And when I get there, this, like, old lady answers the door and I say, where's Betsy?	Joey	high	community_transcript_match	1.0	dialogue	False	True	Ross | Phoebe | Monica | Chandler | Joey | Rachel	Joey	Joey	False		Speaker agrees with available community-transcript mapping.	"It's called Shutter Speed, it's really cool! Yeah, umm, I meet this girl in the subway and we fall in love in like a day, right? And then, she disappears… But I find out where she lives and when I get there this like old lady answers the door and I say, ""Where's Betsy?"" Right? And she says, ""Betsy's been dead for 10 years."""	Joey	Joey	present	char_tracker_stage05	joey	present	1.0		high	
5	77	204.9	205.26	Right.	Joey	high	community_transcript_match	1.0	dialogue	False	True	Ross | Phoebe | Monica | Chandler | Joey | Rachel	Joey	Joey	False		Speaker agrees with available community-transcript mapping.	""" Right"	Joey	Joey	present	char_tracker_stage05	joey	present	1.0		high	
5	78	205.26	208.94	And she says Betsy's been dead for 10 years.	Joey	high	community_transcript_match	1.0	dialogue	False	True	Ross | Phoebe | Monica | Chandler | Joey | Rachel	Joey	Phoebe	False		Speaker agrees with available community-transcript mapping.	"And she says, ""Betsy's been dead for 10 years"	Joey	Joey	present	char_tracker_stage05	joey	present	1.0		high	
5	79	211.82	212.38	Ooh.	Phoebe	medium	visual_disambiguation	0.74	reaction	True	False	Ross | Phoebe | Monica | Chandler | Joey | Rachel	Joey	Phoebe	False		Only one of the two text-context candidates was visually present in the window.				present	char_tracker_stage05	chandler|monica|phoebe	present			medium	
5	80	212.54	213.02	Ooh.	Phoebe	high	scene_context_bridge	0.88	reaction	True	False	Ross | Phoebe | Monica | Chandler | Joey | Rachel	Phoebe	Phoebe	False		Same speaker appears on both sides within the same scene.				present	char_tracker_stage05	chandler|monica|phoebe	present			high	
5	81	213.02	213.74	Chilling.	Phoebe	high	community_transcript_match	1.0	dialogue	False	True	Ross | Phoebe | Monica | Chandler | Joey | Rachel	Phoebe	Joey	False		Speaker agrees with available community-transcript mapping.	Ohh-oh, chilling!	Phoebe	Phoebe	present	char_tracker_stage05	chandler|monica|phoebe	present	1.0		high	
5	82	214.7	217.74	The best part is we're filming in the desert outside of Vegas.	Joey	high	community_transcript_match	1.0	dialogue	False	True	Ross | Phoebe | Monica | Chandler | Joey | Rachel	Phoebe	Joey	False		Speaker agrees with available community-transcript mapping.	And the best part is, we're filming in the desert outside Vegas! (To Chandler) And you know what that means buddy!	Joey	Joey	present	char_tracker_stage05	joey	present	1.0		high	
5	83	217.979	219.14	You know what that means, buddy?	Joey	high	community_transcript_match	1.0	dialogue	False	True	Ross | Phoebe | Monica | Chandler | Joey | Rachel	Joey	Chandler	False		Speaker agrees with available community-transcript mapping.	And you know what that means buddy	Joey	Joey	present	char_tracker_stage05	joey	present	1.0		high	
5	84	219.14	220.34	I know what that means, buddy.	Chandler	high	community_transcript_match	1.0	dialogue	False	True	Ross | Phoebe | Monica | Chandler | Joey | Rachel	Joey	Joey	False		Speaker agrees with available community-transcript mapping.	Yeah, I know that means buddy!	Chandler	Chandler	present	char_tracker_stage05	chandler|joey	present	1.0		high	
5	85	220.34	221.5	Road two, baby.	Joey	high	qa_review_resolved_ct_support	1.0	dialogue	False	True	Ross | Phoebe | Monica | Chandler | Joey | Rachel	Chandler	Joey	True	speaker_offscreen	Speaker agrees with available community-transcript mapping. | QA resolved prior review with community-transcript support.	Road trip	Joey	Joey	present	char_tracker_stage05	chandler	absent	0.0		low	speaker_offscreen
5	86	221.5	222.62	Yeah, we can rent a car.	Joey	high	qa_review_resolved_bridge	1.0	dialogue	False	True	Ross | Phoebe | Monica | Chandler | Joey | Rachel	Joey	Joey	True	speaker_no_face	Speaker agrees with available community-transcript mapping. | QA resolved prior review by same-speaker bridge.	Yeah, we can rent a car	Joey	Joey	absent	char_tracker_stage05		absent	0.0		medium	speaker_no_face
5	87	222.78	224.14	I just have to be there by Tuesday.	Joey	high	qa_review_resolved_ct_support	1.0	dialogue	False	True	Ross | Phoebe | Monica | Chandler | Joey | Rachel	Joey	Phoebe	True	speaker_no_face	Speaker agrees with available community-transcript mapping. | QA resolved prior review with community-transcript support.	Road trip! Yeah, we can rent a car! I just have to be there by Tuesday!	Joey	Joey	partial	char_tracker_stage05		absent	0.0		medium	speaker_no_face
5	88	224.62	226.54	Oh, wait, my grandmother's dead.	Phoebe	high	community_transcript_match	1.0	dialogue	False	True	Ross | Phoebe | Monica | Chandler | Joey | Rachel	Joey	Chandler	False		Speaker agrees with available community-transcript mapping.	Oh wait, my grandmother's dead.	Phoebe	Phoebe	present	char_tracker_stage05	chandler|monica|phoebe	present	1.0		high	
5	89	231.1	234.05	Well, we can talk about that too, Phoebe.	Chandler	high	community_transcript_match	1.0	dialogue	False	True	Ross | Phoebe | Monica | Chandler | Joey | Rachel	Phoebe	Phoebe	False		Speaker agrees with available community-transcript mapping.	Well, uh, we can talk about that too Pheebs.	Chandler	Chandler	present	char_tracker_stage05	chandler	present	1.0		high	
5	90	235.25	236.49	No, no, her cab.	Phoebe	high	community_transcript_match	1.0	dialogue	False	True	Ross | Phoebe | Monica | Chandler | Joey | Rachel	Chandler	Phoebe	False		Speaker agrees with available community-transcript mapping.	No, her cab	Phoebe	Phoebe	present	char_tracker_stage05	chandler|phoebe	present	1.0		high	
5	91	236.49	238.29	She probably won't be using it.	Phoebe	high	community_transcript_match	1.0	dialogue	False	True	Ross | Phoebe | Monica | Chandler | Joey | Rachel	Phoebe	Phoebe	False		Speaker agrees with available community-transcript mapping.	No! No, her cab! She probably won't be using it; you can drive it to Las Vegas.	Phoebe	Phoebe	present	char_tracker_stage05	chandler|phoebe	present	1.0		high	
5	92	238.29	239.65	You could drive it to Las Vegas.	Phoebe	high	community_transcript_match	1.0	dialogue	False	True	Ross | Phoebe | Monica | Chandler | Joey | Rachel	Phoebe	Joey	False		Speaker agrees with available community-transcript mapping.	you can drive it to Las Vegas	Phoebe	Phoebe	present	char_tracker_stage05	chandler|joey|phoebe	present	1.0		high	
5	93	239.73	241.45	All right, thanks, Pheeves.	Joey	high	community_transcript_match	1.0	dialogue	False	True	Ross | Phoebe | Monica | Chandler | Joey | Rachel	Phoebe	Chandler	False		Speaker agrees with available community-transcript mapping.	All right! Thanks Pheebs!	Joey	Joey	present	char_tracker_stage05	chandler|joey	present	1.0		high	
5	94	241.45	242.69	Whoa, whoa, whoa, whoa, whoa.	Chandler	high	community_transcript_match	1.0	dialogue	False	True	Ross | Phoebe | Monica | Chandler | Joey | Rachel	Joey	Chandler	False		Speaker agrees with available community-transcript mapping.	whoa whoa whoa	Chandler	Chandler	present	char_tracker_stage05	chandler|joey	present	1.0		high	
5	95	242.69	244.29	What are we gonna do about my job?	Chandler	high	community_transcript_match	1.0	dialogue	False	True	Ross | Phoebe | Monica | Chandler | Joey | Rachel	Chandler	Joey	False		Speaker agrees with available community-transcript mapping.	Whoa-whoa-whoa, what are we going to do about my job?	Chandler	Chandler	present	char_tracker_stage05	chandler	present	1.0		high	
5	96	244.69	245.85	Oh, not go.	Joey	high	community_transcript_match	1.0	dialogue	False	True	Ross | Phoebe | Monica | Chandler | Joey | Rachel	Chandler	Chandler	False		Speaker agrees with available community-transcript mapping.	Oh umm, not go.	Joey	Joey	present	char_tracker_stage05	chandler|joey	present	1.0		high	
5	97	245.85	246.37	All right.	Chandler	high	qa_review_resolved_ct_support	1.0	dialogue	False	True	Ross | Phoebe | Monica | Chandler | Joey | Rachel	Joey	Monica	True	speaker_offscreen	Speaker agrees with available community-transcript mapping. | QA resolved prior review with community-transcript support.	All right, great, road trip baby! (To Monica) This okay with you?	Chandler	Chandler	present	char_tracker_stage05	joey	absent	0.0		low	speaker_offscreen
5	98	246.37	246.65	Great.	Monica	medium	short_turn_alternation	0.7	dialogue	True	False	Ross | Phoebe | Monica | Chandler | Joey | Rachel	Chandler	Monica	True	short_utterance_between_two_speakers | speaker_no_face	Short utterance inferred from local turn alternation.				absent	char_tracker_stage05		absent			medium	speaker_no_face
5	99	246.65	247.73	Road ship, baby.	Monica	high	qa_review_resolved_bridge	0.9	dialogue	True	False	Ross | Phoebe | Monica | Chandler | Joey | Rachel	Monica	Monica	True	speaker_offscreen	Same speaker appears on both sides within the same scene. | QA resolved prior review by same-speaker bridge.				present	char_tracker_stage05	chandler	absent			low	speaker_offscreen
5	100	249.09	251.25	Is this okay with you, Chandler?	Monica	high	community_transcript_match	1.0	dialogue	False	True	Ross | Phoebe | Monica | Chandler | Joey | Rachel	Monica	Monica	False		Speaker agrees with available community-transcript mapping.	Chandler	Monica	Monica	present	char_tracker_stage05	monica	present	0.6667		high	
5	101	251.41	253.17	You don't have to ask for my permission.	Monica	high	community_transcript_match	1.0	dialogue	False	True	Ross | Phoebe | Monica | Chandler | Joey | Rachel	Monica	Monica	False		Speaker agrees with available community-transcript mapping.	Chandler! You don't have to ask for my permission. (Quietly) You can go.	Monica	Monica	present	char_tracker_stage05	monica	present	1.0		high	
5	102	253.97	254.61	You can go.	Monica	high	community_transcript_match	1.0	dialogue	False	True	Ross | Phoebe | Monica | Chandler | Joey | Rachel	Monica	Monica	False		Speaker agrees with available community-transcript mapping.	You can go	Monica	Monica	present	char_tracker_stage05	chandler|monica	present	1.0		high	
5	103	256.21	257.17	Hey, Rach, come on.	Monica	high	community_transcript_match	1.0	dialogue	False	True	Ross | Phoebe | Monica | Chandler | Joey | Rachel	Monica	Monica	False		Speaker agrees with available community-transcript mapping.	Hey Rach, come on	Monica	Monica	present	char_tracker_stage05	chandler|monica	present	1.0		high	
5	104	257.17	258.69	You're gonna be late for the eye doctor appointment.	Monica	high	community_transcript_match	1.0	dialogue	False	True	Ross | Phoebe | Monica | Chandler | Joey | Rachel	Monica	Monica	False		Speaker agrees with available community-transcript mapping.	Hey Rach, come on! We're gonna be late for the eye doctor appointment!	Monica	Monica	present	char_tracker_stage05	chandler|monica	present	1.0		high	
5	105	259.09	260.85	All right, let's get this over with.	Monica	medium	scene_context_inference	0.66	dialogue	True	False	Ross | Phoebe | Monica | Chandler | Joey | Rachel	Monica	Rachel	True	two_sided_context_ambiguous | speaker_no_face	No direct transcript match; longer line defaulted to previous speaker in same scene.				absent	char_tracker_stage05		absent			medium	speaker_no_face
5	106	261.89	262.45	Ugh.	Rachel	medium	short_turn_alternation	0.7	dialogue	True	False	Ross | Phoebe | Monica | Chandler | Joey | Rachel	Monica	Rachel	True	short_utterance_between_two_speakers | speaker_no_face	Short utterance inferred from local turn alternation.				absent	char_tracker_stage05		absent			medium	speaker_no_face
5	107	264.53	266.05	Oh, no.	Rachel	high	qa_review_resolved_bridge	0.9	dialogue	True	False	Ross | Phoebe | Monica | Chandler | Joey | Rachel	Rachel	Rachel	True	speaker_no_face	Same speaker appears on both sides within the same scene. | QA resolved prior review by same-speaker bridge.				absent	char_tracker_stage05		absent			medium	speaker_no_face
5	108	266.45	268.05	Look what I did.	Rachel	high	qa_review_resolved_bridge	0.9	dialogue	True	False	Ross | Phoebe | Monica | Chandler | Joey | Rachel	Rachel	Rachel	True	speaker_no_face	Same speaker appears on both sides within the same scene. | QA resolved prior review by same-speaker bridge.				absent	char_tracker_stage05		absent			medium	speaker_no_face
5	109	271.89	273.65	I mean, look at this mess.	Rachel	high	qa_review_resolved_bridge	0.9	dialogue	True	False	Ross | Phoebe | Monica | Chandler | Joey | Rachel	Rachel	Rachel	True	speaker_no_face	Same speaker appears on both sides within the same scene. | QA resolved prior review by same-speaker bridge.				absent	char_tracker_stage05		absent			medium	speaker_no_face
5	110	274.05	277.09	I mean, we're gonna probably have to clean this up, you know?	Rachel	high	scene_context_bridge	0.88	dialogue	True	False	Ross | Phoebe | Monica | Chandler | Joey | Rachel	Rachel	Rachel	False		Same speaker appears on both sides within the same scene.				present	char_tracker_stage05	rachel	present			high	
5	111	277.17	278.93	I mean, we're gonna have to reschedule.	Rachel	high	community_transcript_match	1.0	dialogue	False	True	Ross | Phoebe | Monica | Chandler | Joey | Rachel	Rachel	Monica	False		Speaker agrees with available community-transcript mapping.	(entering from her bedroom) All right! Let's get this over with! Ugh! (She walks by the table and notices that no one is looking and accidentally on purpose knocks over the open cereal box.) Ohhh! No! Look what I did! (She starts walking through the mess. {Also, notice the continuity error in this scene. Note the position of the box and dispersal pattern of the cereal before and after the camera cut.}) Oh, I mean, look at this mess! I mean, we're probably gonna have to clean this up! Y'know? We're gonna have to reschedule!	Rachel	Rachel	present	char_tracker_stage05	rachel	present	1.0		high	
5	112	280.77	284.69	If you thought that this master was gonna bother me, you're wrong.	Monica	high	community_transcript_match	1.0	dialogue	False	True	Ross | Phoebe | Monica | Chandler | Joey | Rachel	Rachel	Monica	False		Speaker agrees with available community-transcript mapping.	If you thought this mess is going to bother me, you are wrong	Monica	Monica	present	char_tracker_stage05	chandler|monica|phoebe	present	1.0		high	
5	113	285.17	286.69	All right, let's go, Blinky.	Monica	high	community_transcript_match	1.0	dialogue	False	True	Ross | Phoebe | Monica | Chandler | Joey | Rachel	Monica	Monica	False		Speaker agrees with available community-transcript mapping.	No. If you thought this mess is going to bother me, you are wrong! All right, let's go Blinky! (She ushers Rachel out the door, but before the door fully closes she sticks her head back in.) Chandler!!!! (Chandler agrees to clean up the mess.)	Monica	Monica	present	char_tracker_stage05	chandler|monica|phoebe	present	1.0		high	
5	114	291.63	292.27	Kill her.	Monica	medium	scene_context_inference	0.68	dialogue	True	False	Ross | Phoebe | Monica | Chandler | Joey | Rachel	Monica		True	scene_end_short_utterance | speaker_offscreen	Filled from previous same-scene context.				present	char_tracker_stage05	chandler|phoebe	absent			low	speaker_offscreen
6	115	298.67	299.63	Oh, hey, Joey.	Phoebe	high	qa_review_resolved_ct_support	1.0	dialogue	False	True	Phoebe | Joey | Ross		Phoebe	True	speaker_no_face	Speaker agrees with available community-transcript mapping. | QA resolved prior review with community-transcript support.	Oh hey Joey	Phoebe	Phoebe	absent	char_tracker_stage05		absent	0.0		medium	speaker_no_face
6	116	299.63	300.67	Hey, what's up?	Phoebe	high	qa_review_resolved_ct_support	1.0	dialogue	False	True	Phoebe | Joey | Ross	Phoebe	Joey	True	speaker_offscreen	Speaker agrees with available community-transcript mapping. | QA resolved prior review with community-transcript support.	Oh hey Joey! What's up?	Phoebe	Phoebe	present	char_tracker_stage05	joey	absent	0.0		low	speaker_offscreen
6	117	301.31	303.55	I can't decide which route to take to Vegas.	Joey	high	community_transcript_match	1.0	dialogue	False	True	Phoebe | Joey | Ross	Phoebe	Joey	False		Speaker agrees with available community-transcript mapping.	I can't decide which route to take to Vegas. Hey, you've traveled a lot right?	Joey	Joey	present	char_tracker_stage05	joey	present	1.0		high	
6	118	304.51	306.59	Hey, you've traveled a lot, right?	Joey	high	community_transcript_match	1.0	dialogue	False	True	Phoebe | Joey | Ross	Joey	Phoebe	False		Speaker agrees with available community-transcript mapping.	Hey, you've traveled a lot right	Joey	Joey	present	char_tracker_stage05	joey	present	1.0		high	
6	119	306.59	307.47	Yeah, I've been around.	Phoebe	high	community_transcript_match	1.0	dialogue	False	True	Phoebe | Joey | Ross	Joey	Joey	False		Speaker agrees with available community-transcript mapping.	Yeah, I've been around.	Phoebe	Phoebe	present	char_tracker_stage05	joey|phoebe	present	1.0		high	
6	120	307.71	310.07	Okay, so which route should I take?	Joey	high	community_transcript_match	1.0	dialogue	False	True	Phoebe | Joey | Ross	Phoebe	Joey	False		Speaker agrees with available community-transcript mapping.	okay so so which route should i take	Joey	Joey	present	char_tracker_stage05	joey|phoebe	present	1.0		high	
6	121	310.07	312.03	The northern route or the southern route?	Joey	high	qa_review_resolved_ct_support	1.0	dialogue	False	True	Phoebe | Joey | Ross	Joey	Phoebe	True	speaker_offscreen	Speaker agrees with available community-transcript mapping. | QA resolved prior review with community-transcript support.	Okay, so-so which route should I take the northern route or the southern route?	Joey	Joey	present	char_tracker_stage05	phoebe	absent	0.3333		low	speaker_offscreen
6	122	312.11	312.47	Ooh.	Phoebe	high	community_transcript_match	1.0	reaction	False	True	Phoebe | Joey | Ross	Joey	Phoebe	False		Speaker agrees with available community-transcript mapping.	ooh	Phoebe	Phoebe	present	char_tracker_stage05	phoebe	present	1.0		high	
6	123	312.47	315.63	If you take the northern route there's a man in Illinois with a beard of bees.	Phoebe	high	community_transcript_match	1.0	dialogue	False	True	Phoebe | Joey | Ross	Phoebe	Joey	False		Speaker agrees with available community-transcript mapping.	Ooh, if you take the northern route there's a man in Illinois with a beard of bees.	Phoebe	Phoebe	present	char_tracker_stage05	phoebe	present	1.0		high	
6	124	317.72	317.96	Great.	Joey	high	community_transcript_match	1.0	dialogue	False	True	Phoebe | Joey | Ross	Phoebe	Joey	False		Speaker agrees with available community-transcript mapping.	Great	Joey	Joey	present	char_tracker_stage05	joey	present	1.0		high	
6	125	318.2	319.32	Problem solved.	Joey	high	community_transcript_match	1.0	dialogue	False	True	Phoebe | Joey | Ross	Joey	Phoebe	False		Speaker agrees with available community-transcript mapping.	Great! Problem solved!	Joey	Joey	present	char_tracker_stage05	joey	present	1.0		high	
6	126	320.68	323.64	But on the southern route there's a chicken that plays tic tac toe.	Phoebe	high	community_transcript_match	1.0	dialogue	False	True	Phoebe | Joey | Ross	Joey	Joey	False		Speaker agrees with available community-transcript mapping.	But on the southern route there's a chicken that plays tic-tac-toe.	Phoebe	Phoebe	present	char_tracker_stage05	phoebe	present	1.0		high	
6	127	325.88	327.32	Well, back to square one.	Joey	high	community_transcript_match	1.0	dialogue	False	True	Phoebe | Joey | Ross	Phoebe	Phoebe	False		Speaker agrees with available community-transcript mapping.	Well, back to square one.	Joey	Joey	present	char_tracker_stage05	joey	present	1.0		high	
6	128	328.84	330.76	Oh, I know a way that you can decide.	Phoebe	high	community_transcript_match	1.0	dialogue	False	True	Phoebe | Joey | Ross	Joey	Phoebe	False		Speaker agrees with available community-transcript mapping.	Oh, I know a way that you can decide	Phoebe	Phoebe	present	char_tracker_stage05	phoebe	present	1.0		high	
6	129	331.08	335.4	All right, I'm gonna ask you a series of questions and you answer as quickly as you can.	Phoebe	high	community_transcript_match	1.0	dialogue	False	True	Phoebe | Joey | Ross	Phoebe	Joey	False		Speaker agrees with available community-transcript mapping.	Oh, I know a way that you can decide! All right, I'm going to ask you a series of questions and you answer as quickly as you can.	Phoebe	Phoebe	present	char_tracker_stage05	phoebe	present	1.0		high	
6	130	335.4	335.88	Yes.	Joey	high	community_transcript_match	1.0	dialogue	False	True	Phoebe | Joey | Ross	Phoebe	Phoebe	False		Speaker agrees with available community-transcript mapping.	(quickly) Yes!	Joey	Joey	present	char_tracker_stage05	joey|phoebe	present	1.0		high	
6	131	336.92	337.24	Good.	Phoebe	high	community_transcript_match	1.0	dialogue	False	True	Phoebe | Joey | Ross	Joey	Phoebe	False		Speaker agrees with available community-transcript mapping.	good	Phoebe	Phoebe	present	char_tracker_stage05	joey|phoebe	present	1.0		high	
6	132	337.24	337.96	But wait.	Phoebe	high	community_transcript_match	1.0	dialogue	False	True	Phoebe | Joey | Ross	Phoebe	Phoebe	False		Speaker agrees with available community-transcript mapping.	Good, but wait	Phoebe	Phoebe	present	char_tracker_stage05	joey|phoebe	present	1.0		high	
6	133	339.8	340.68	All right, here we go.	Phoebe	high	community_transcript_match	1.0	dialogue	False	True	Phoebe | Joey | Ross	Phoebe	Phoebe	False		Speaker agrees with available community-transcript mapping.	Okay, all right, here we go	Phoebe	Phoebe	present	char_tracker_stage05	joey|phoebe	present	1.0		high	
6	134	340.76	342.12	Now, I want you to relax.	Phoebe	high	community_transcript_match	1.0	dialogue	False	True	Phoebe | Joey | Ross	Phoebe	Phoebe	False		Speaker agrees with available community-transcript mapping.	Now I want you to relax	Phoebe	Phoebe	present	char_tracker_stage05	joey|phoebe	present	1.0		high	
6	135	342.98	343.94	Take a deep breath.	Phoebe	high	community_transcript_match	1.0	dialogue	False	True	Phoebe | Joey | Ross	Phoebe	Phoebe	False		Speaker agrees with available community-transcript mapping.	Take a deep breath	Phoebe	Phoebe	present	char_tracker_stage05	joey|phoebe	present	0.5		high	
6	136	344.66	345.7	Clear your mind.	Phoebe	high	qa_review_resolved_bridge	1.0	dialogue	False	True	Phoebe | Joey | Ross	Phoebe	Phoebe	True	speaker_offscreen	Speaker agrees with available community-transcript mapping. | QA resolved prior review by same-speaker bridge.	Clear your mind	Phoebe	Phoebe	present	char_tracker_stage05	joey	absent	0.0		low	speaker_offscreen
6	137	346.82	348.86	Which do you like better, peanut butter or egg whites?	Phoebe	high	community_transcript_match	1.0	dialogue	False	True	Phoebe | Joey | Ross	Phoebe	Joey	False		Speaker agrees with available community-transcript mapping.	Good, but wait. Okay, all right, here we go. Now I want you to relax. Take a deep breath. Clear your mind. (Quickly) Which do you like better peanut butter or egg whites?	Phoebe	Phoebe	present	char_tracker_stage05	joey|phoebe	present	1.0		high	
6	138	348.86	349.38	Peanut butter.	Joey	high	community_transcript_match	1.0	dialogue	False	True	Phoebe | Joey | Ross	Phoebe	Phoebe	False		Speaker agrees with available community-transcript mapping.	Peanut butter!	Joey	Joey	present	char_tracker_stage05	joey|phoebe	present	1.0		high	
6	139	349.38	351.22	Which would you rather be, a fireman or a swimmer?	Phoebe	high	community_transcript_match	1.0	dialogue	False	True	Phoebe | Joey | Ross	Joey	Joey	False		Speaker agrees with available community-transcript mapping.	Which would you rather be a fireman or a swimmer?	Phoebe	Phoebe	present	char_tracker_stage05	joey|phoebe	present	1.0		high	
6	140	351.22	351.74	A swimmer.	Joey	high	community_transcript_match	1.0	dialogue	False	True	Phoebe | Joey | Ross	Phoebe	Phoebe	False		Speaker agrees with available community-transcript mapping.	A swimmer!	Joey	Joey	present	char_tracker_stage05	joey|phoebe	present	1.0		high	
6	141	351.74	353.62	Who would you rather sleep with, Monica or Rachel?	Phoebe	high	community_transcript_match	1.0	dialogue	False	True	Phoebe | Joey | Ross	Joey	Joey	False		Speaker agrees with available community-transcript mapping.	Who would you rather sleep with Monica or Rachel?	Phoebe	Phoebe	present	char_tracker_stage05	joey|phoebe	present	1.0		high	
6	142	353.62	354.18	Monica.	Joey	high	community_transcript_match	1.0	dialogue	False	True	Phoebe | Joey | Ross	Phoebe	Joey	False		Speaker agrees with available community-transcript mapping.	monica	Joey	Joey	present	char_tracker_stage05	joey|phoebe	present	1.0		high	
6	143	354.18	357.86	Oh, I always thought it'd be Rachel.	Joey	high	community_transcript_match	1.0	dialogue	False	True	Phoebe | Joey | Ross	Joey	Phoebe	False		Speaker agrees with available community-transcript mapping.	Monica. Oh… huh, I always thought it would be Rachel.	Joey	Joey	present	char_tracker_stage05	joey	present	1.0		high	
6	144	358.98	359.58	No thinking.	Phoebe	high	community_transcript_match	1.0	dialogue	False	True	Phoebe | Joey | Ross	Joey	Phoebe	False		Speaker agrees with available community-transcript mapping.	no thinking tie or ascot	Phoebe	Phoebe	present	char_tracker_stage05	phoebe	present	1.0		high	
6	145	359.58	360.1	No thinking.	Phoebe	high	community_transcript_match	1.0	dialogue	False	True	Phoebe | Joey | Ross	Phoebe	Joey	False		Speaker agrees with available community-transcript mapping.	No thinking! No thinking! Tie or ascot?	Phoebe	Phoebe	present	char_tracker_stage05	phoebe	present	1.0		high	
6	146	360.18	361.14	Ty or Ascot?	Joey	low	scene_context_inference	0.58	dialogue	True	False	Phoebe | Joey | Ross	Phoebe	Joey	True	two_sided_context_ambiguous | low_speaker_confidence	No direct transcript match; weak local context only.				present	char_tracker_stage05	joey|phoebe	present			low	low_speaker_confidence
6	147	361.14	361.7	Ascot.	Joey	high	community_transcript_match	1.0	dialogue	False	True	Phoebe | Joey | Ross	Joey	Phoebe	False		Speaker agrees with available community-transcript mapping.	Ascot!	Joey	Joey	present	char_tracker_stage05	joey|phoebe	present	1.0		high	
6	148	361.7	362.82	North route or south route?	Phoebe	high	community_transcript_match	1.0	dialogue	False	True	Phoebe | Joey | Ross	Joey	Joey	False		Speaker agrees with available community-transcript mapping.	North route or south route?	Phoebe	Phoebe	present	char_tracker_stage05	joey|phoebe	present	1.0		high	
6	149	362.82	363.46	North route.	Joey	high	community_transcript_match	1.0	dialogue	False	True	Phoebe | Joey | Ross	Phoebe	Phoebe	False		Speaker agrees with available community-transcript mapping.	North route!	Joey	Joey	present	char_tracker_stage05	joey|phoebe	present	1.0		high	
6	150	363.46	363.82	Bam.	Phoebe	high	community_transcript_match	1.0	dialogue	False	True	Phoebe | Joey | Ross	Joey	Phoebe	False		Speaker agrees with available community-transcript mapping.	Bamn	Phoebe	Phoebe	present	char_tracker_stage05	joey|phoebe	present	1.0		high	
6	151	363.82	364.38	There you go.	Phoebe	high	community_transcript_match	1.0	dialogue	False	True	Phoebe | Joey | Ross	Phoebe	Phoebe	False		Speaker agrees with available community-transcript mapping.	Bamn! There you go! Huh?	Phoebe	Phoebe	present	char_tracker_stage05	joey|phoebe	present	1.0		high	
6	152	364.38	364.9	Huh.	Phoebe	high	community_transcript_match	1.0	dialogue	False	True	Phoebe | Joey | Ross	Phoebe	Joey	False		Speaker agrees with available community-transcript mapping.	Huh	Phoebe	Phoebe	present	char_tracker_stage05	joey|phoebe	present	1.0		high	
6	153	365.22	367.62	Wow, that was incredible.	Joey	high	community_transcript_match	1.0	dialogue	False	True	Phoebe | Joey | Ross	Phoebe	Joey	False		Speaker agrees with available community-transcript mapping.	That was incredible	Joey	Joey	present	char_tracker_stage05	joey	present	1.0		high	
6	154	368.03	369.47	Beard of bees, here I come.	Joey	high	community_transcript_match	1.0	dialogue	False	True	Phoebe | Joey | Ross	Joey	Phoebe	False		Speaker agrees with available community-transcript mapping.	Wow! That was incredible! Beard of bees, here I come!	Joey	Joey	present	char_tracker_stage05	joey	present	1.0		high	
6	155	372.11	374.43	Hey, this guy again.	Phoebe	high	qa_review_resolved_ct_support	1.0	dialogue	False	True	Phoebe | Joey | Ross	Joey	Joey	True	speaker_no_face	Speaker agrees with available community-transcript mapping. | QA resolved prior review with community-transcript support.	Oh, this guy again. (She ignores him.)	Phoebe	Phoebe	partial	char_tracker_stage05		absent	0.3333		medium	speaker_no_face
6	156	377.87	378.51	Hey, man.	Joey	high	community_transcript_match	1.0	dialogue	False	True	Phoebe | Joey | Ross	Phoebe	Joey	False		Speaker agrees with available community-transcript mapping.	hey man	Joey	Joey	present	char_tracker_stage05	joey|phoebe|ross	present	0.5		high	
6	157	378.51	379.15	What's up?	Joey	high	qa_review_resolved_ct_support	1.0	dialogue	False	True	Phoebe | Joey | Ross	Joey	Ross	True	speaker_offscreen	Speaker agrees with available community-transcript mapping. | QA resolved prior review with community-transcript support.	Hey man, what's up?	Joey	Joey	present	char_tracker_stage05	phoebe|ross	absent	0.0		low	speaker_offscreen
6	158	379.47	380.51	Uh, not much.	Ross	high	community_transcript_match	1.0	dialogue	False	True	Phoebe | Joey | Ross	Joey	Ross	False		Speaker agrees with available community-transcript mapping.	Uhh, not much	Ross	Ross	present	char_tracker_stage05	phoebe|ross	present	1.0		high	
6	159	380.51	381.95	You guys want to see a movie tonight?	Ross	high	community_transcript_match	1.0	dialogue	False	True	Phoebe | Joey | Ross	Ross	Joey	False		Speaker agrees with available community-transcript mapping.	Uhh, not much. You guys want to see a movie tonight?	Ross	Ross	present	char_tracker_stage05	joey|phoebe|ross	present	1.0		high	
6	160	382.11	382.51	Sure.	Joey	high	community_transcript_match	1.0	dialogue	False	True	Phoebe | Joey | Ross	Ross	Joey	False		Speaker agrees with available community-transcript mapping.	sure	Joey	Joey	present	char_tracker_stage05	joey|phoebe|ross	present	1.0		high	
6	161	382.51	383.39	What do you want to see?	Joey	high	community_transcript_match	1.0	dialogue	False	True	Phoebe | Joey | Ross	Joey	Ross	False		Speaker agrees with available community-transcript mapping.	Sure, what do you want to see?	Joey	Joey	present	char_tracker_stage05	joey|phoebe|ross	present	1.0		high	
6	162	383.47	384.27	I don't know.	Ross	high	community_transcript_match	1.0	dialogue	False	True	Phoebe | Joey | Ross	Joey	Joey	False		Speaker agrees with available community-transcript mapping.	I don't know, umm…	Ross	Ross	present	char_tracker_stage05	joey|phoebe|ross	present	1.0		high	
6	163	384.83	385.99	Oh, I know how we can decide.	Joey	high	community_transcript_match	1.0	dialogue	False	True	Phoebe | Joey | Ross	Ross	Joey	False		Speaker agrees with available community-transcript mapping.	Oh, I know how we can decide. Phoebe, show him your game!	Joey	Joey	present	char_tracker_stage05	joey|phoebe|ross	present	1.0		high	
6	164	385.99	387.07	Phoebe, show them your game.	Joey	high	community_transcript_match	1.0	dialogue	False	True	Phoebe | Joey | Ross	Joey	Phoebe	False		Speaker agrees with available community-transcript mapping.	Phoebe, show him your game	Joey	Joey	present	char_tracker_stage05	joey|phoebe	present	1.0		high	
6	165	387.23	388.51	Um, no, thank you.	Phoebe	high	community_transcript_match	1.0	dialogue	False	True	Phoebe | Joey | Ross	Joey	Ross	False		Speaker agrees with available community-transcript mapping.	Umm, no thank you. (She gets up and moves to the couch. They were at a table previously.)	Phoebe	Phoebe	present	char_tracker_stage05	joey|phoebe	present	1.0		high	
6	166	391.07	391.95	What's with her?	Ross	high	community_transcript_match	1.0	dialogue	False	True	Phoebe | Joey | Ross	Phoebe	Joey	False		Speaker agrees with available community-transcript mapping.	What's with her?	Ross	Ross	present	char_tracker_stage05	joey|ross	present	1.0		high	
6	167	392.43	393.07	I don't know.	Joey	high	community_transcript_match	1.0	dialogue	False	True	Phoebe | Joey | Ross	Ross	Joey	False		Speaker agrees with available community-transcript mapping.	I don't know	Joey	Joey	present	char_tracker_stage05	joey|ross	present	1.0		high	
6	168	393.23	394.75	But I know how we can decide.	Joey	high	community_transcript_match	1.0	dialogue	False	True	Phoebe | Joey | Ross	Joey	Joey	False		Speaker agrees with available community-transcript mapping.	But hey, I know we can decide	Joey	Joey	present	char_tracker_stage05	joey|ross	present	0.5		high	
6	169	394.99	397.11	Okay, I'm gonna ask you questions and you answer real quick.	Joey	high	qa_review_resolved_bridge	1.0	dialogue	False	True	Phoebe | Joey | Ross	Joey	Joey	True	speaker_offscreen	Speaker agrees with available community-transcript mapping. | QA resolved prior review by same-speaker bridge.	I don't know. But hey, I know we can decide. Okay, I'm gonna ask you questions and you answer real quick. Okay?	Joey	Joey	present	char_tracker_stage05	ross	absent	0.0		low	speaker_offscreen
6	170	397.11	397.51	Okay?	Joey	high	qa_review_resolved_ct_support	1.0	dialogue	False	True	Phoebe | Joey | Ross	Joey	Ross	True	speaker_offscreen	Speaker agrees with available community-transcript mapping. | QA resolved prior review with community-transcript support.	Okay	Joey	Joey	present	char_tracker_stage05	ross	absent	0.0		low	speaker_offscreen
6	171	397.51	397.99	Okay.	Ross	high	community_transcript_match	1.0	dialogue	False	True	Phoebe | Joey | Ross	Joey	Joey	False		Speaker agrees with available community-transcript mapping.	Okay.	Ross	Ross	present	char_tracker_stage05	ross	present	1.0		high	
6	172	397.99	399.47	What do you like better, action or comedy?	Joey	high	community_transcript_match	1.0	dialogue	False	True	Phoebe | Joey | Ross	Ross	Ross	False		Speaker agrees with available community-transcript mapping.	What do you like better action or comedy?	Joey	Joey	present	char_tracker_stage05	joey|ross	present	0.6667		high	
6	173	399.47	399.75	Action.	Ross	high	qa_review_resolved_ct_support	1.0	dialogue	False	True	Phoebe | Joey | Ross	Joey	Joey	True	speaker_offscreen	Speaker agrees with available community-transcript mapping. | QA resolved prior review with community-transcript support.	Action.	Ross	Ross	present	char_tracker_stage05	joey	absent	0.0		low	speaker_offscreen
6	174	399.75	401.63	Who would you rather sleep with, Monica or Rachel?	Joey	high	community_transcript_match	1.0	dialogue	False	True	Phoebe | Joey | Ross	Ross		False		Speaker agrees with available community-transcript mapping.	Who would you rather sleep with Monica or Rachel?	Joey	Joey	present	char_tracker_stage05	joey	present	1.0		high	
7	175	407.23	408.43	Dude, you are sick.	Ross	high	community_transcript_match	1.0	dialogue	False	True	Ross | Joey		Joey	False		Speaker agrees with available community-transcript mapping.	Dude, you are sick.	Ross	Ross	present	char_tracker_stage05	ross	present	1.0		high	
7	176	411.07	413.67	Oh, sorry.	Joey	high	community_transcript_match	1.0	dialogue	False	True	Ross | Joey	Ross	Joey	False		Speaker agrees with available community-transcript mapping.	Oh, I'm sorry	Joey	Joey	present	char_tracker_stage05	joey	present	1.0		high	
7	177	413.67	415.39	I forgot you had that whole Rachel thing.	Joey	high	community_transcript_match	1.0	dialogue	False	True	Ross | Joey	Joey	Joey	False		Speaker agrees with available community-transcript mapping.	Oh, I'm sorry. I forgot you had that whole Rachel thing.	Joey	Joey	present	char_tracker_stage05	joey	present	1.0		high	
7	178	415.39	416.03	I'm sorry.	Joey	high	community_transcript_match	1.0	dialogue	False	True	Ross | Joey	Joey		False		Speaker agrees with available community-transcript mapping.	oh i'm sorry	Joey	Joey	present	char_tracker_stage05	joey|ross	present	1.0		high	
8	179	421.55	422.51	Oh my God.	Rachel	high	qa_review_resolved_ct_support	1.0	dialogue	False	True	Rachel | Monica		Rachel	True	speaker_no_face	Speaker agrees with available community-transcript mapping. | QA resolved prior review with community-transcript support.	Oh my God	Rachel	Rachel	absent	char_tracker_stage05		absent	0.0		medium	speaker_no_face
8	180	423.15	424.27	What does that thing do?	Rachel	high	community_transcript_match	1.0	dialogue	False	True	Rachel | Monica	Rachel	Monica	False		Speaker agrees with available community-transcript mapping.	Oh my God! What does that thing do?	Rachel	Rachel	present	char_tracker_stage05	rachel	present	0.5		high	
8	181	426.43	427.79	It's an eye removal machine.	Monica	high	community_transcript_match	1.0	dialogue	False	True	Rachel | Monica	Rachel	Rachel	False		Speaker agrees with available community-transcript mapping.	(looks at it more closely) Oh that's an eye removal machine.	Monica	Monica	present	char_tracker_stage05	monica|rachel	present	1.0		high	
8	182	427.79	428.59	All right, I'm out of here.	Rachel	high	community_transcript_match	1.0	dialogue	False	True	Rachel | Monica	Monica	Monica	False		Speaker agrees with available community-transcript mapping.	All right, I'm outta here!	Rachel	Rachel	present	char_tracker_stage05	monica|rachel	present	1.0		high	
8	183	428.59	429.71	I'm kidding, I'm kidding.	Monica	high	community_transcript_match	1.0	dialogue	False	True	Rachel | Monica	Rachel	Monica	False		Speaker agrees with available community-transcript mapping.	I'm kidding! I'm kidding!	Monica	Monica	present	char_tracker_stage05	monica|rachel	present	0.5		high	
8	184	430.11	430.43	Uh.	Monica	high	qa_review_resolved_bridge	0.9	reaction	True	False	Rachel | Monica	Monica	Monica	True	speaker_no_face	Filled from previous same-scene context. | QA resolved prior review by same-speaker bridge.				absent	char_tracker_stage05		absent			medium	speaker_no_face
8	185	430.43	430.71	Oh.	Monica	medium	scene_context_inference	0.68	reaction	True	False	Rachel | Monica	Monica		True	scene_end_short_utterance | speaker_no_face	Filled from previous same-scene context.				absent	char_tracker_stage05		absent			medium	speaker_no_face
9	186	430.71	431.31	Hi Rachel.	The Doctor	high	community_transcript_match	1.0	dialogue	False	True	The Doctor | Rachel | Dr. Miller | Monica		Rachel	False		Speaker agrees with available community-transcript mapping.	Hi Rachel!	The Doctor	The Doctor	present	char_tracker_stage05	monica	unobserved			high	
9	187	431.31	432.59	Hey, I'm Dr. Miller.	Rachel	high	qa_review_resolved_ct_support	1.0	dialogue	False	True	The Doctor | Rachel | Dr. Miller | Monica	The Doctor	The Doctor	True	speaker_offscreen	Speaker agrees with available community-transcript mapping. | QA resolved prior review with community-transcript support.	Hey!	Rachel	Rachel	present	char_tracker_stage05	monica	absent	0.0		low	speaker_offscreen
9	188	432.59	433.99	Monica told me you were a little nervous.	The Doctor	high	community_transcript_match	1.0	dialogue	False	True	The Doctor | Rachel | Dr. Miller | Monica	Rachel	The Doctor	False		Speaker agrees with available community-transcript mapping.	i'm dr miller monica told me you were a little nervous	The Doctor	The Doctor	present	char_tracker_stage05	monica	unobserved			high	
9	189	433.99	435.95	But don't worry, everything's gonna be just fine.	The Doctor	high	community_transcript_match	1.0	dialogue	False	True	The Doctor | Rachel | Dr. Miller | Monica	The Doctor	Rachel	False		Speaker agrees with available community-transcript mapping.	I'm Dr. Miller. Monica told me you were a little nervous, but don't worry everything's gonna be just fine.	The Doctor	The Doctor	present	char_tracker_stage05	monica	unobserved			high	
9	190	435.95	436.75	So we're done then?	Rachel	high	qa_review_resolved_ct_support	1.0	dialogue	False	True	The Doctor | Rachel | Dr. Miller | Monica	The Doctor	Dr. Miller	True	speaker_offscreen	Speaker agrees with available community-transcript mapping. | QA resolved prior review with community-transcript support.	So were done then!	Rachel	Rachel	present	char_tracker_stage05	monica	absent	0.0		low	speaker_offscreen
9	191	437.07	437.47	Almost.	Dr. Miller	high	community_transcript_match	1.0	dialogue	False	True	The Doctor | Rachel | Dr. Miller | Monica	Rachel	Dr. Miller	False		Speaker agrees with available community-transcript mapping.	Almost	Dr. Miller	Dr. Miller	present	char_tracker_stage05	monica	unobserved			high	
9	192	437.55	438.83	But first we gotta start.	Dr. Miller	high	community_transcript_match	1.0	dialogue	False	True	The Doctor | Rachel | Dr. Miller | Monica	Dr. Miller	Dr. Miller	False		Speaker agrees with available community-transcript mapping.	Almost! But first, we gotta start.	Dr. Miller	Dr. Miller	present	char_tracker_stage05	monica	unobserved			high	
9	193	438.989	440.83	Okay, this is the glaucoma test.	Dr. Miller	high	community_transcript_match	1.0	dialogue	False	True	The Doctor | Rachel | Dr. Miller | Monica	Dr. Miller	Rachel	False		Speaker agrees with available community-transcript mapping.	This is a glaucoma test.	Dr. Miller	Dr. Miller	present	char_tracker_stage05	monica	unobserved			high	
9	194	440.83	441.39	Uh huh.	Rachel	high	qa_review_resolved_ct_support	1.0	dialogue	False	True	The Doctor | Rachel | Dr. Miller | Monica	Dr. Miller	Dr. Miller	True	speaker_no_face	Speaker agrees with available community-transcript mapping. | QA resolved prior review with community-transcript support.	Uh-huh.	Rachel	Rachel	absent	char_tracker_stage05		absent	0.0		medium	speaker_no_face
9	195	441.39	441.87	Sit down.	Dr. Miller	high	community_transcript_match	1.0	dialogue	False	True	The Doctor | Rachel | Dr. Miller | Monica	Rachel	Rachel	False		Speaker agrees with available community-transcript mapping.	Sit down.	Dr. Miller	Dr. Miller	absent	char_tracker_stage05		unobserved			high	
9	196	442.91	443.79	Okay.	Rachel	high	qa_review_resolved_ct_support	1.0	dialogue	False	True	The Doctor | Rachel | Dr. Miller | Monica	Dr. Miller	Dr. Miller	True	speaker_no_face	Speaker agrees with available community-transcript mapping. | QA resolved prior review with community-transcript support.	Okay.	Rachel	Rachel	absent	char_tracker_stage05		absent	0.0		medium	speaker_no_face
9	197	444.03	444.99	Put your chin here.	Dr. Miller	low	scene_context_inference	0.58	dialogue	True	False	The Doctor | Rachel | Dr. Miller | Monica	Rachel	Dr. Miller	True	two_sided_context_ambiguous | low_speaker_confidence	No direct transcript match; weak local context only.				absent	char_tracker_stage05		unobserved			low	low_speaker_confidence
9	198	444.99	445.47	Mm.	Dr. Miller	high	scene_context_bridge	0.88	dialogue	True	False	The Doctor | Rachel | Dr. Miller | Monica	Dr. Miller	Dr. Miller	False		Same speaker appears on both sides within the same scene.				absent	char_tracker_stage05		unobserved			high	
9	199	446.75	449.79	Now you're gonna feel a small puff of air in each eye.	Dr. Miller	high	community_transcript_match	1.0	dialogue	False	True	The Doctor | Rachel | Dr. Miller | Monica	Dr. Miller	Rachel	False		Speaker agrees with available community-transcript mapping.	But your chin here. (She does so.) Now, you'll feel a small puff of air in each eye.	Dr. Miller	Dr. Miller	partial	char_tracker_stage05		unobserved			high	
9	200	450.11	450.51	What?	Rachel	high	community_transcript_match	1.0	dialogue	False	True	The Doctor | Rachel | Dr. Miller | Monica	Dr. Miller	Monica	False		Speaker agrees with available community-transcript mapping.	(jerks back from the tester) What?!	Rachel	Rachel	present	char_tracker_stage05	monica|rachel	present	1.0		high	
9	201	452.07	453.31	A small puff of air.	Monica	high	community_transcript_match	1.0	dialogue	False	True	The Doctor | Rachel | Dr. Miller | Monica	Rachel	Monica	False		Speaker agrees with available community-transcript mapping.	A small puff of air, now come on!	Monica	Monica	present	char_tracker_stage05	monica|rachel	present	1.0		high	
9	202	453.31	454.15	Now come on.	Monica	high	community_transcript_match	1.0	dialogue	False	True	The Doctor | Rachel | Dr. Miller | Monica	Monica	Dr. Miller	False		Speaker agrees with available community-transcript mapping.	now come on	Monica	Monica	present	char_tracker_stage05	monica|rachel	present	1.0		high	
9	203	456.71	457.39	Here we go.	Dr. Miller	high	community_transcript_match	1.0	dialogue	False	True	The Doctor | Rachel | Dr. Miller | Monica	Monica	Rachel	False		Speaker agrees with available community-transcript mapping.	Here we go.	Dr. Miller	Dr. Miller	present	char_tracker_stage05	monica	unobserved			high	
9	204	457.39	457.83	All right.	Rachel	high	qa_review_resolved_ct_support	1.0	dialogue	False	True	The Doctor | Rachel | Dr. Miller | Monica	Dr. Miller	Rachel	True	speaker_no_face	Speaker agrees with available community-transcript mapping. | QA resolved prior review with community-transcript support.	All right.	Rachel	Rachel	absent	char_tracker_stage05		absent	0.0		medium	speaker_no_face
9	205	458.95	461.19	One, two, three.	Rachel	high	qa_review_resolved_bridge	0.9	dialogue	True	False	The Doctor | Rachel | Dr. Miller | Monica	Rachel	Rachel	True	speaker_no_face	Same speaker appears on both sides within the same scene. | QA resolved prior review by same-speaker bridge.				partial	char_tracker_stage05		absent			medium	speaker_no_face
9	206	461.75	464.31	Okay, sorry.	Rachel	high	community_transcript_match	1.0	dialogue	False	True	The Doctor | Rachel | Dr. Miller | Monica	Rachel	Rachel	False		Speaker agrees with available community-transcript mapping.	I'm sorry	Rachel	Rachel	present	char_tracker_stage05	rachel	present	1.0		high	
9	207	464.47	466.79	All right, I'm gonna stay in here this time.	Rachel	high	community_transcript_match	1.0	dialogue	False	True	The Doctor | Rachel | Dr. Miller | Monica	Rachel	Dr. Miller	False		Speaker agrees with available community-transcript mapping.	I'm sorry. All right, I'll just stay in here this time. (Puts her head back.) Okay.	Rachel	Rachel	present	char_tracker_stage05	rachel	present	1.0		high	
9	208	467.35	468.75	Okay, ready?	Dr. Miller	high	community_transcript_match	1.0	dialogue	False	True	The Doctor | Rachel | Dr. Miller | Monica	Rachel	Rachel	False		Speaker agrees with available community-transcript mapping.	Ready?	Dr. Miller	Dr. Miller	present	char_tracker_stage05	rachel	unobserved			high	
9	209	468.75	469.43	Uh huh.	Rachel	high	community_transcript_match	1.0	dialogue	False	True	The Doctor | Rachel | Dr. Miller | Monica	Dr. Miller	Monica	False		Speaker agrees with available community-transcript mapping.	Uh-huh.	Rachel	Rachel	present	char_tracker_stage05	rachel	present	0.5		high	
9	210	469.67	470.87	One, two.	Monica	medium	short_turn_alternation	0.7	dialogue	True	False	The Doctor | Rachel | Dr. Miller | Monica	Rachel	Monica	True	short_utterance_between_two_speakers | speaker_no_face	Short utterance inferred from local turn alternation.				absent	char_tracker_stage05		absent			medium	speaker_no_face
9	211	471.59	472.23	I'm sorry.	Monica	high	qa_review_resolved_bridge	0.9	dialogue	True	False	The Doctor | Rachel | Dr. Miller | Monica	Monica	Monica	True	speaker_offscreen	Same speaker appears on both sides within the same scene. | QA resolved prior review by same-speaker bridge.				present	char_tracker_stage05	rachel	absent			low	speaker_offscreen
9	212	472.63	473.11	You know what?	Monica	high	qa_review_resolved_bridge	1.0	dialogue	False	True	The Doctor | Rachel | Dr. Miller | Monica	Monica	Monica	True	speaker_offscreen	Speaker agrees with available community-transcript mapping. | QA resolved prior review by same-speaker bridge.	y'know what	Monica	Monica	present	char_tracker_stage05	rachel	absent	0.0		low	speaker_offscreen
9	213	473.11	473.99	I'm gonna hold her head.	Monica	high	qa_review_resolved_ct_support	1.0	dialogue	False	True	The Doctor | Rachel | Dr. Miller | Monica	Monica	Rachel	True	speaker_offscreen	Speaker agrees with available community-transcript mapping. | QA resolved prior review with community-transcript support.	Y'know what, I'm gonna hold her head.	Monica	Monica	present	char_tracker_stage05	rachel	absent	0.0		low	speaker_offscreen
9	214	473.99	474.55	Okay.	Rachel	high	community_transcript_match	1.0	dialogue	False	True	The Doctor | Rachel | Dr. Miller | Monica	Monica	Dr. Miller	False		Speaker agrees with available community-transcript mapping.	Okay.	Rachel	Rachel	present	char_tracker_stage05	rachel	present	0.5		high	
9	215	475.43	476.23	That's okay.	Dr. Miller	high	community_transcript_match	1.0	dialogue	False	True	The Doctor | Rachel | Dr. Miller | Monica	Rachel	Monica	False		Speaker agrees with available community-transcript mapping.	That's okay.	Dr. Miller	Dr. Miller	absent	char_tracker_stage05		unobserved			high	
9	216	476.54	476.82	Okay.	Monica	medium	short_turn_alternation	0.7	dialogue	True	False	The Doctor | Rachel | Dr. Miller | Monica	Dr. Miller	Monica	True	short_utterance_between_two_speakers | speaker_no_face	Short utterance inferred from local turn alternation.				absent	char_tracker_stage05		absent			medium	speaker_no_face
9	217	476.82	477.34	Okay.	Monica	high	qa_review_resolved_ct_support	1.0	dialogue	False	True	The Doctor | Rachel | Dr. Miller | Monica	Monica	Rachel	True	speaker_offscreen	Speaker agrees with available community-transcript mapping. | QA resolved prior review with community-transcript support.	Okay. (Monica backs off.)	Monica	Monica	present	char_tracker_stage05	rachel	absent	0.0		low	speaker_offscreen
9	218	477.74	478.38	Okay.	Rachel	high	community_transcript_match	1.0	dialogue	False	True	The Doctor | Rachel | Dr. Miller | Monica	Monica	Rachel	False		Speaker agrees with available community-transcript mapping.	Okay. Okay!	Rachel	Rachel	present	char_tracker_stage05	rachel	present	1.0		high	
9	219	479.26	479.66	One.	Rachel	medium	visual_disambiguation	0.74	dialogue	True	False	The Doctor | Rachel | Dr. Miller | Monica	Rachel	Rachel	False		Only one of the two text-context candidates was visually present in the window.				present	char_tracker_stage05	rachel	present			medium	
9	220	479.74	480.42	Uh huh.	Rachel	medium	visual_disambiguation	0.74	dialogue	True	False	The Doctor | Rachel | Dr. Miller | Monica	Rachel	Rachel	False		Only one of the two text-context candidates was visually present in the window.				present	char_tracker_stage05	rachel	present			medium	
9	221	480.42	480.78	Two.	Rachel	medium	visual_disambiguation	0.74	dialogue	True	False	The Doctor | Rachel | Dr. Miller | Monica	Rachel	Rachel	False		Only one of the two text-context candidates was visually present in the window.				present	char_tracker_stage05	rachel	present			medium	
9	222	480.78	482.38	Oh, I'm sorry.	Rachel	medium	visual_disambiguation	0.74	dialogue	True	False	The Doctor | Rachel | Dr. Miller | Monica	Rachel	Rachel	False		Only one of the two text-context candidates was visually present in the window.				present	char_tracker_stage05	rachel	present			medium	
9	223	483.1	483.74	You know what?	Rachel	medium	visual_disambiguation	0.74	dialogue	True	False	The Doctor | Rachel | Dr. Miller | Monica	Rachel	Dr. Miller	False		Only one of the two text-context candidates was visually present in the window.				present	char_tracker_stage05	rachel	present			medium	
9	224	483.74	485.62	You're young, you probably don't have glaucoma.	Dr. Miller	high	community_transcript_match	1.0	dialogue	False	True	The Doctor | Rachel | Dr. Miller | Monica	Rachel	Rachel	False		Speaker agrees with available community-transcript mapping.	1…2! (She flinches again.) (Gives up.) Y'know what? You're young; you probably don't have glaucoma.	Dr. Miller	Dr. Miller	present	char_tracker_stage05	rachel	unobserved			high	
9	225	485.62	488.62	Oh, okay.	Rachel	medium	short_turn_alternation	0.7	dialogue	True	False	The Doctor | Rachel | Dr. Miller | Monica	Dr. Miller	Rachel	True	short_utterance_between_two_speakers | speaker_no_face	Short utterance inferred from local turn alternation.				absent	char_tracker_stage05		absent			medium	speaker_no_face
9	226	489.26	489.7	Okay.	Rachel	high	scene_context_bridge	0.88	dialogue	True	False	The Doctor | Rachel | Dr. Miller | Monica	Rachel	Rachel	False		Same speaker appears on both sides within the same scene.				present	char_tracker_stage05	monica|rachel	present			high	
9	227	489.7	492.139	So it was very, very nice to meet you, sir.	Rachel	high	community_transcript_match	1.0	dialogue	False	True	The Doctor | Rachel | Dr. Miller | Monica	Rachel	Rachel	False		Speaker agrees with available community-transcript mapping.	(really excited) Great!! It was very, very nice to meet you sir--Ow! Hey! What are you doing?! Are you crazy! (He took out that thing they use to look at people's retinas and looked at Rachel's when she was shaking his hand causing her to flinch and scream at him.)	Rachel	Rachel	present	char_tracker_stage05	monica|rachel	present	1.0		high	
9	228	492.139	492.58	And I'm.	Rachel	medium	visual_disambiguation	0.74	dialogue	True	False	The Doctor | Rachel | Dr. Miller | Monica	Rachel	Rachel	False		Only one of the two text-context candidates was visually present in the window.				present	char_tracker_stage05	monica|rachel	present			medium	
9	229	492.58	492.82	Ow.	Rachel	medium	visual_disambiguation	0.74	dialogue	True	False	The Doctor | Rachel | Dr. Miller | Monica	Rachel	Rachel	False		Only one of the two text-context candidates was visually present in the window.				present	char_tracker_stage05	monica|rachel	present			medium	
9	230	492.82	494.06	Hey, what are you.	Rachel	medium	visual_disambiguation	0.74	dialogue	True	False	The Doctor | Rachel | Dr. Miller | Monica	Rachel	Rachel	False		Only one of the two text-context candidates was visually present in the window.				present	char_tracker_stage05	monica|rachel	present			medium	
9	231	494.06	494.98	Are you crazy?	Rachel	medium	visual_disambiguation	0.74	dialogue	True	False	The Doctor | Rachel | Dr. Miller | Monica	Rachel	Dr. Miller	False		Only one of the two text-context candidates was visually present in the window.				present	char_tracker_stage05	monica|rachel	present			medium	
9	232	494.98	499.18	Okay, got a small minor infection in that left eye.	Dr. Miller	high	community_transcript_match	1.0	dialogue	False	True	The Doctor | Rachel | Dr. Miller | Monica	Rachel	Dr. Miller	False		Speaker agrees with available community-transcript mapping.	You've got a small, minor infection in that left eye	Dr. Miller	Dr. Miller	partial	char_tracker_stage05		unobserved			high	
9	233	499.26	502.94	I want you to take these drops three times a day for a week and you'll be as good as new.	Dr. Miller	high	community_transcript_match	1.0	dialogue	False	True	The Doctor | Rachel | Dr. Miller | Monica	Dr. Miller	Rachel	False		Speaker agrees with available community-transcript mapping.	Okay. You've got a small, minor infection in that left eye. I want you to take these drops three times a day and you'll be as good as new.	Dr. Miller	Dr. Miller	absent	char_tracker_stage05		unobserved			high	
9	234	503.12	505.6	Yeah, no, I don't, I don't put things in my eye.	Rachel	high	community_transcript_match	1.0	dialogue	False	True	The Doctor | Rachel | Dr. Miller | Monica	Dr. Miller	Dr. Miller	False		Speaker agrees with available community-transcript mapping.	Yeah, no, I don't-I don't put things in my eye.	Rachel	Rachel	present	char_tracker_stage05	monica|rachel	present	1.0		high	
9	235	506.16	508.88	Okay, then I guess we'll see you back here in three months.	Dr. Miller	high	community_transcript_match	1.0	dialogue	False	True	The Doctor | Rachel | Dr. Miller | Monica	Rachel	Rachel	False		Speaker agrees with available community-transcript mapping.	Okay then, I guess we'll see you back here in three months.	Dr. Miller	Dr. Miller	partial	char_tracker_stage05		unobserved			high	
9	236	508.96	509.32	Great.	Rachel	high	community_transcript_match	1.0	dialogue	False	True	The Doctor | Rachel | Dr. Miller | Monica	Dr. Miller	Dr. Miller	False		Speaker agrees with available community-transcript mapping.	Great!	Rachel	Rachel	present	char_tracker_stage05	monica|rachel	present	1.0		high	
9	237	509.32	510.6	I'll fit you for a glass eye.	Dr. Miller	high	community_transcript_match	1.0	dialogue	False	True	The Doctor | Rachel | Dr. Miller | Monica	Rachel	Rachel	False		Speaker agrees with available community-transcript mapping.	And I'll fit you for a glass eye.	Dr. Miller	Dr. Miller	present	char_tracker_stage05	monica|rachel	unobserved			high	
9	238	510.6	512.16	Okay, just give me the damn drops.	Rachel	high	community_transcript_match	1.0	dialogue	False	True	The Doctor | Rachel | Dr. Miller | Monica	Dr. Miller	Monica	False		Speaker agrees with available community-transcript mapping.	Okay, just give me the damn drops! (Grabs them and storms out.)	Rachel	Rachel	present	char_tracker_stage05	monica|rachel	present	1.0		high	
9	239	514.16	515.04	Dr. Miller.	Monica	high	community_transcript_match	1.0	dialogue	False	True	The Doctor | Rachel | Dr. Miller | Monica	Rachel	Dr. Miller	False		Speaker agrees with available community-transcript mapping.	Dr. Miller? (She covers her right eye and reads from the chart) P E C F D.	Monica	Monica	present	char_tracker_stage05	monica	present	0.5		high	
9	240	516.96	525.08	P, E, C, F, D. Very good, Monica, you know where they are?	Dr. Miller	high	community_transcript_match	1.0	dialogue	False	True	The Doctor | Rachel | Dr. Miller | Monica	Monica	Monica	False		Speaker agrees with available community-transcript mapping.	Very good Monica! You know where they are.	Dr. Miller	Dr. Miller	present	char_tracker_stage05	monica	unobserved			high	
9	241	525.08	525.92	I sure do.	Monica	high	qa_review_resolved_ct_support	1.0	dialogue	False	True	The Doctor | Rachel | Dr. Miller | Monica	Dr. Miller	Monica	True	speaker_no_face	Speaker agrees with available community-transcript mapping. | QA resolved prior review with community-transcript support.	I sure do	Monica	Monica	absent	char_tracker_stage05		absent	0.0		medium	speaker_no_face
9	242	530.56	531.76	And you don't get one.	Monica	high	qa_review_resolved_ct_support	1.0	dialogue	False	True	The Doctor | Rachel | Dr. Miller | Monica	Monica		True	speaker_no_face	Speaker agrees with available community-transcript mapping. | QA resolved prior review with community-transcript support.	I sure do! (She runs over to a drawer, opens it, and grabs a lollipop.) (To Rachel) And you don't get one!	Monica	Monica	absent	char_tracker_stage05		absent	0.0		medium	speaker_no_face
10	243	537.18	539.74	You know, I gotta tell ya, those eye drops are a miracle.	Rachel	high	qa_review_resolved_ct_support	1.0	dialogue	False	True	Rachel | Monica | Chandler | Joey		Rachel	True	speaker_no_face	Speaker agrees with available community-transcript mapping. | QA resolved prior review with community-transcript support.	Y'know, I-I gotta tell ya, those eye drops are a miracle. My eye is a 100% better.	Rachel	Rachel	partial	char_tracker_stage05		absent	0.3333		medium	speaker_no_face
10	244	539.74	541.5	My eye is 100% better.	Rachel	high	community_transcript_match	1.0	dialogue	False	True	Rachel | Monica | Chandler | Joey	Rachel	Monica	False		Speaker agrees with available community-transcript mapping.	My eye is a 100% better	Rachel	Rachel	present	char_tracker_stage05	rachel	present	1.0		high	
10	245	541.66	542.86	They're still in my coat.	Monica	high	qa_review_resolved_ct_support	1.0	dialogue	False	True	Rachel | Monica | Chandler | Joey	Rachel	Rachel	True	speaker_offscreen	Speaker agrees with available community-transcript mapping. | QA resolved prior review with community-transcript support.	They're still in my coat.	Monica	Monica	present	char_tracker_stage05	rachel	absent	0.0		low	speaker_offscreen
10	246	542.86	543.42	Damn.	Rachel	high	community_transcript_match	1.0	dialogue	False	True	Rachel | Monica | Chandler | Joey	Monica	Rachel	False		Speaker agrees with available community-transcript mapping.	Damn!	Rachel	Rachel	present	char_tracker_stage05	monica|rachel	present	1.0		high	
10	247	544.86	545.34	Hey.	Rachel	medium	visual_disambiguation	0.74	dialogue	True	False	Rachel | Monica | Chandler | Joey	Rachel	Chandler	False		Only one of the two text-context candidates was visually present in the window.				present	char_tracker_stage05	joey|monica|rachel	present			medium	
10	248	545.5	545.82	Hey.	Chandler	medium	short_turn_alternation	0.7	dialogue	True	False	Rachel | Monica | Chandler | Joey	Rachel	Chandler	True	short_utterance_between_two_speakers | speaker_offscreen	Short utterance inferred from local turn alternation.				present	char_tracker_stage05	joey	absent			low	speaker_offscreen
10	249	545.82	546.06	Hey.	Chandler	high	qa_review_resolved_ct_support	1.0	dialogue	False	True	Rachel | Monica | Chandler | Joey	Chandler	Joey	True	speaker_offscreen	Speaker agrees with available community-transcript mapping. | QA resolved prior review with community-transcript support.	(entering) Hey!	Chandler	Chandler	present	char_tracker_stage05	joey	absent	0.0		low	speaker_offscreen
10	250	546.06	546.82	You ready to go?	Joey	high	community_transcript_match	1.0	dialogue	False	True	Rachel | Monica | Chandler | Joey	Chandler	Chandler	False		Speaker agrees with available community-transcript mapping.	Hey! You ready to go?	Joey	Joey	present	char_tracker_stage05	joey	present	1.0		high	
10	251	546.82	547.14	Yeah.	Chandler	high	community_transcript_match	1.0	dialogue	False	True	Rachel | Monica | Chandler | Joey	Joey	Chandler	False		Speaker agrees with available community-transcript mapping.	yeah	Chandler	Chandler	present	char_tracker_stage05	chandler|joey	present	0.5		high	
10	252	547.14	548.54	Listen, how cold is it gonna be there?	Chandler	high	community_transcript_match	1.0	dialogue	False	True	Rachel | Monica | Chandler | Joey	Chandler	Chandler	False		Speaker agrees with available community-transcript mapping.	Yeah, listen, how cold is it going to be there	Chandler	Chandler	present	char_tracker_stage05	chandler|joey	present	1.0		high	
10	253	548.54	550.78	Do I need a coat or will all these sweater vests be enough?	Chandler	high	community_transcript_match	1.0	dialogue	False	True	Rachel | Monica | Chandler | Joey	Chandler		False		Speaker agrees with available community-transcript mapping.	Yeah, listen, how cold is it going to be there? Do I need a coat or will all these sweater vests be enough? (Holds up 3 of them in different colors.)	Chandler	Chandler	present	char_tracker_stage05	chandler	present	1.0		high	
11	254	552.94	553.34	What?	Chandler	high	community_transcript_match	1.0	dialogue	False	True	Chandler | Monica		Monica	False		Speaker agrees with available community-transcript mapping.	What?	Chandler	Chandler	present	char_tracker_stage05	chandler|monica|rachel	present	1.0		high	
11	255	553.82	554.62	I love you.	Monica	high	community_transcript_match	1.0	dialogue	False	True	Chandler | Monica	Chandler		False		Speaker agrees with available community-transcript mapping.	I love you.	Monica	Monica	present	char_tracker_stage05	chandler|monica|rachel	present	1.0		high	
12	256	557.02	558.98	Man, I wish Ross was coming with us.	Joey	high	community_transcript_match	1.0	dialogue	False	True	Joey | Phoebe | Chandler | Ross		Joey	False		Speaker agrees with available community-transcript mapping.	Man, I wish Ross was coming with us! Y'know? I'm gonna miss him!	Joey	Joey	present	char_tracker_stage05	joey	present	1.0		high	
12	257	558.98	560.06	You know I'm gonna miss him.	Joey	high	community_transcript_match	1.0	dialogue	False	True	Joey | Phoebe | Chandler | Ross	Joey	Phoebe	False		Speaker agrees with available community-transcript mapping.	y'know i'm gonna miss him	Joey	Joey	present	char_tracker_stage05	joey	present	1.0		high	
12	258	560.14	560.78	Thanks a lot.	Phoebe	high	community_transcript_match	1.0	dialogue	False	True	Joey | Phoebe | Chandler | Ross	Joey	Phoebe	False		Speaker agrees with available community-transcript mapping.	Thanks a lot	Phoebe	Phoebe	present	char_tracker_stage05	joey|phoebe	present	1.0		high	
12	259	560.78	562.46	I just got that jerk out of my mind.	Phoebe	high	community_transcript_match	1.0	dialogue	False	True	Joey | Phoebe | Chandler | Ross	Phoebe	Chandler	False		Speaker agrees with available community-transcript mapping.	Thanks a lot! I just got that jerk out of my mind!	Phoebe	Phoebe	present	char_tracker_stage05	phoebe	present	1.0		high	
12	260	564.44	565.28	Hey, so where are we staying?	Chandler	high	qa_review_resolved_ct_support	1.0	dialogue	False	True	Joey | Phoebe | Chandler | Ross	Phoebe	Chandler	True	speaker_no_face	Speaker agrees with available community-transcript mapping. | QA resolved prior review with community-transcript support.	Hey, so where are we staying	Chandler	Chandler	absent	char_tracker_stage05		absent	0.0		medium	speaker_no_face
12	261	565.28	567.64	Is the movie putting us up in a big hotel suite?	Chandler	high	community_transcript_match	1.0	dialogue	False	True	Joey | Phoebe | Chandler | Ross	Chandler	Joey	False		Speaker agrees with available community-transcript mapping.	Hey, so where are we staying? Is the movie putting us up in a big hotel suite?	Chandler	Chandler	present	char_tracker_stage05	chandler	present	0.6667		high	
12	262	567.64	568.76	Uh, no, not really.	Joey	high	community_transcript_match	1.0	dialogue	False	True	Joey | Phoebe | Chandler | Ross	Chandler	Joey	False		Speaker agrees with available community-transcript mapping.	uh no not really i figured i'd just stay in your room	Joey	Joey	present	char_tracker_stage05	chandler|joey	present	0.5		high	
12	263	568.76	571.28	It's an independent film, you know, so we don't have a real big budget.	Joey	high	community_transcript_match	1.0	dialogue	False	True	Joey | Phoebe | Chandler | Ross	Joey	Joey	False		Speaker agrees with available community-transcript mapping.	Uh no, not really. It's an independent film y'know? So we don't have a real big budget. I figured I'd just stay in your room.	Joey	Joey	present	char_tracker_stage05	joey	present	1.0		high	
12	264	571.28	572.68	I figured I'd just stay in your room.	Joey	high	community_transcript_match	1.0	dialogue	False	True	Joey | Phoebe | Chandler | Ross	Joey	Chandler	False		Speaker agrees with available community-transcript mapping.	I figured I'd just stay in your room	Joey	Joey	present	char_tracker_stage05	joey	present	1.0		high	
12	265	574.76	575.2	I see.	Chandler	medium	visual_disambiguation	0.74	dialogue	True	False	Joey | Phoebe | Chandler | Ross	Joey	Chandler	False		Only one of the two text-context candidates was visually present in the window.				present	char_tracker_stage05	chandler	present			medium	
12	266	575.2	578.24	But once you get your first paycheck, you'll be springing for a big hotel suite, right?	Chandler	high	community_transcript_match	1.0	dialogue	False	True	Joey | Phoebe | Chandler | Ross	Chandler	Chandler	False		Speaker agrees with available community-transcript mapping.	I see, but once you get your first paycheck you'll be springing a big hotel suite, right? I mean, lead in a movie, they must be paying you a lot?	Chandler	Chandler	present	char_tracker_stage05	chandler	present	1.0		high	
12	267	578.24	579.2	I mean, leading the movie.	Chandler	medium	visual_disambiguation	0.74	dialogue	True	False	Joey | Phoebe | Chandler | Ross	Chandler	Chandler	False		Only one of the two text-context candidates was visually present in the window.				present	char_tracker_stage05	chandler	present			medium	
12	268	579.2	580.24	They must be paying you a lot.	Chandler	medium	scene_context_inference	0.66	dialogue	True	False	Joey | Phoebe | Chandler | Ross	Chandler	Joey	True	two_sided_context_ambiguous	No direct transcript match; longer line defaulted to previous speaker in same scene.				present	char_tracker_stage05	chandler|joey	present			medium	
12	269	580.24	580.88	Oh, yeah.	Joey	medium	short_turn_alternation	0.7	dialogue	True	False	Joey | Phoebe | Chandler | Ross	Chandler	Joey	True	short_utterance_between_two_speakers	Short utterance inferred from local turn alternation.				present	char_tracker_stage05	chandler|joey	present			medium	
12	270	580.88	581.48	Check this out.	Joey	high	scene_context_bridge	0.88	dialogue	True	False	Joey | Phoebe | Chandler | Ross	Joey	Joey	False		Same speaker appears on both sides within the same scene.				present	char_tracker_stage05	chandler|joey	present			high	
12	271	581.48	586.12	For every dollar shutter speed makes, one penny of it goes right in Joey's pocket.	Joey	high	community_transcript_match	1.0	dialogue	False	True	Joey | Phoebe | Chandler | Ross	Joey	Chandler	False		Speaker agrees with available community-transcript mapping.	Oh yeah! For every dollar Shutter Speed makes, one penny of it goes right in Joey's pocket.	Joey	Joey	present	char_tracker_stage05	joey	present	1.0		high	
12	272	587.72	589.96	So you don't get paid unless the movie makes money.	Chandler	high	community_transcript_match	1.0	dialogue	False	True	Joey | Phoebe | Chandler | Ross	Joey	Joey	False		Speaker agrees with available community-transcript mapping.	So you don't get paid unless the movie makes money?	Chandler	Chandler	present	char_tracker_stage05	chandler	present	1.0		high	
12	273	590.97	593.05	Did you not hear the plot of the movie?	Joey	high	community_transcript_match	1.0	dialogue	False	True	Joey | Phoebe | Chandler | Ross	Chandler	Joey	False		Speaker agrees with available community-transcript mapping.	"Did you not hear the plot of the movie? ""She's been dead for ten years."" I'm gonna be a millionaire!"	Joey	Joey	present	char_tracker_stage05	joey	present	1.0		high	
12	274	594.25	596.33	He's been dead for 10 years.	Joey	high	community_transcript_match	1.0	dialogue	False	True	Joey | Phoebe | Chandler | Ross	Joey	Joey	False		Speaker agrees with available community-transcript mapping.	"""She's been dead for ten years"	Joey	Joey	present	char_tracker_stage05	joey	present	1.0		high	
12	275	597.77	599.37	I'm gonna be a millionaire.	Joey	high	community_transcript_match	1.0	dialogue	False	True	Joey | Phoebe | Chandler | Ross	Joey	Ross	False		Speaker agrees with available community-transcript mapping.	""" I'm gonna be a millionaire"	Joey	Joey	present	char_tracker_stage05	joey	present	1.0		high	
12	276	601.05	601.61	Thank you.	Ross	medium	short_turn_alternation	0.7	dialogue	True	False	Joey | Phoebe | Chandler | Ross	Joey	Ross	True	short_utterance_between_two_speakers | speaker_no_face	Short utterance inferred from local turn alternation.				absent	char_tracker_stage05		absent			medium	speaker_no_face
12	277	601.61	604.41	Hey, just wanna say goodbye to you guys, okay?	Ross	high	community_transcript_match	1.0	dialogue	False	True	Joey | Phoebe | Chandler | Ross	Ross	Ross	False		Speaker agrees with available community-transcript mapping.	i just wanna say good bye to you guys twenty bucks on black 15	Ross	Ross	present	char_tracker_stage05	monica|ross	present	0.75		high	
12	278	604.41	607.85	And to see if maybe you guys will place a little bet for me, huh?	Ross	high	community_transcript_match	1.0	dialogue	False	True	Joey | Phoebe | Chandler | Ross	Ross	Ross	False		Speaker agrees with available community-transcript mapping.	I just wanna say good-bye to you guys and to see if you guys will place a little bet for me, huh? Twenty bucks on black 15.	Ross	Ross	present	char_tracker_stage05	monica|ross	present	1.0		high	
12	279	607.93	609.93	20 bucks on black 15.	Ross	high	community_transcript_match	1.0	dialogue	False	True	Joey | Phoebe | Chandler | Ross	Ross	Joey	False		Speaker agrees with available community-transcript mapping.	Twenty bucks on black 15	Ross	Ross	present	char_tracker_stage05	chandler|monica|ross	present	1.0		high	
12	280	610.33	611.29	You got it.	Joey	high	community_transcript_match	1.0	dialogue	False	True	Joey | Phoebe | Chandler | Ross	Ross	Ross	False		Speaker agrees with available community-transcript mapping.	You got it!	Joey	Joey	present	char_tracker_stage05	chandler|joey|ross	present	1.0		high	
12	281	611.29	611.85	All right.	Ross	high	qa_review_resolved_ct_support	1.0	dialogue	False	True	Joey | Phoebe | Chandler | Ross	Joey		True	speaker_offscreen	Speaker agrees with available community-transcript mapping. | QA resolved prior review with community-transcript support.	All right!	Ross	Ross	present	char_tracker_stage05	joey	absent	0.0		low	speaker_offscreen
13	282	615.37	616.89	You remember the number, right?	Ross	high	community_transcript_match	1.0	dialogue	False	True	Ross | Joey | Chandler | Phoebe | Rachel		Joey	False		Speaker agrees with available community-transcript mapping.	(stares at Joey) You remember the number, right?	Ross	Ross	present	char_tracker_stage05	chandler|ross	present	1.0		high	
13	283	617.19	617.43	Yeah.	Joey	high	community_transcript_match	1.0	dialogue	False	True	Ross | Joey | Chandler | Phoebe | Rachel	Ross	Joey	False		Speaker agrees with available community-transcript mapping.	yeah	Joey	Joey	present	char_tracker_stage05	chandler|joey|ross	present	1.0		high	
13	284	617.43	617.99	Black 13.	Joey	high	community_transcript_match	1.0	dialogue	False	True	Ross | Joey | Chandler | Phoebe | Rachel	Joey	Ross	False		Speaker agrees with available community-transcript mapping.	Yeah black 13.	Joey	Joey	present	char_tracker_stage05	chandler|joey|ross	present	1.0		high	
13	285	618.07	618.79	Black 13.	Ross	high	community_transcript_match	1.0	dialogue	False	True	Ross | Joey | Chandler | Phoebe | Rachel	Joey	Joey	False		Speaker agrees with available community-transcript mapping.	Black 15!!!	Ross	Ross	present	char_tracker_stage05	chandler|joey|ross	present	1.0		high	
13	286	619.75	620.63	You got it.	Joey	high	community_transcript_match	1.0	dialogue	False	True	Ross | Joey | Chandler | Phoebe | Rachel	Ross	Joey	False		Speaker agrees with available community-transcript mapping.	"You got it. (shakes his head ""No Way"" again)"	Joey	Joey	present	char_tracker_stage05	joey	present	1.0		high	
13	287	620.71	621.35	Okay.	Joey	medium	visual_disambiguation	0.74	dialogue	True	False	Ross | Joey | Chandler | Phoebe | Rachel	Joey	Chandler	False		Only one of the two text-context candidates was visually present in the window.				present	char_tracker_stage05	joey|phoebe	present			medium	
13	288	621.99	622.47	All right.	Chandler	high	qa_review_resolved_ct_support	1.0	dialogue	False	True	Ross | Joey | Chandler | Phoebe | Rachel	Joey	Phoebe	True	speaker_offscreen	Speaker agrees with available community-transcript mapping. | QA resolved prior review with community-transcript support.	All right, bye-bye now!	Chandler	Chandler	present	char_tracker_stage05	joey|phoebe	absent	0.0		low	speaker_offscreen
13	289	622.71	623.03	Bye.	Phoebe	high	community_transcript_match	1.0	dialogue	False	True	Ross | Joey | Chandler | Phoebe | Rachel	Chandler	Rachel	False		Speaker agrees with available community-transcript mapping.	Bye!	Phoebe	Phoebe	present	char_tracker_stage05	phoebe	present	0.5		high	
13	290	623.03	623.51	Bye, now.	Rachel	high	qa_review_resolved_ct_support	1.0	dialogue	False	True	Ross | Joey | Chandler | Phoebe | Rachel	Phoebe	Joey	True	speaker_no_face	Speaker agrees with available community-transcript mapping. | QA resolved prior review with community-transcript support.	Bye you guys!	Rachel	Rachel	absent	char_tracker_stage05		absent	0.0		medium	speaker_no_face
13	291	623.51	623.87	Bye.	Joey	high	qa_review_resolved_ct_support	1.0	dialogue	False	True	Ross | Joey | Chandler | Phoebe | Rachel	Rachel	Joey	True	speaker_no_face	Speaker agrees with available community-transcript mapping. | QA resolved prior review with community-transcript support.	Bye-bye!	Joey	Joey	absent	char_tracker_stage05		absent	0.0		medium	speaker_no_face
13	292	623.87	624.79	How are you guys?	Joey	high	qa_review_resolved_bridge	0.9	dialogue	True	False	Ross | Joey | Chandler | Phoebe | Rachel	Joey	Joey	True	speaker_no_face	Same speaker appears on both sides within the same scene. | QA resolved prior review by same-speaker bridge.				absent	char_tracker_stage05		absent			medium	speaker_no_face
13	293	625.11	626.87	I'm gonna say goodbye at the car, okay?	Joey	high	scene_context_bridge	0.88	dialogue	True	False	Ross | Joey | Chandler | Phoebe | Rachel	Joey	Joey	False		Same speaker appears on both sides within the same scene.				present	char_tracker_stage05	joey	present			high	
13	294	627.99	629.99	Anybody want to say goodbye to me at the car?	Joey	high	community_transcript_match	1.0	dialogue	False	True	Ross | Joey | Chandler | Phoebe | Rachel	Joey	Rachel	False		Speaker agrees with available community-transcript mapping.	Anybody want to say good-bye to me at the car?	Joey	Joey	present	char_tracker_stage05	joey	present	1.0		high	
13	295	630.23	633.67	Oh, honey, I'll say goodbye to you at the car if you don't mind the pus.	Rachel	high	community_transcript_match	1.0	dialogue	False	True	Ross | Joey | Chandler | Phoebe | Rachel	Joey		False		Speaker agrees with available community-transcript mapping.	Oh honey, I'll say good-bye to you at the car if you don't mind the puss.	Rachel	Rachel	present	char_tracker_stage05	phoebe|rachel	present	1.0		high	
14	296	637.27	637.91	See ya.	Joey	high	community_transcript_match	1.0	dialogue	False	True	Joey | Rachel | Ross		Rachel	False		Speaker agrees with available community-transcript mapping.	See ya! (Walks out.)	Joey	Joey	present	char_tracker_stage05	joey	present	1.0		high	
14	297	639.11	639.83	Wait a minute.	Rachel	high	qa_review_resolved_ct_support	1.0	dialogue	False	True	Joey | Rachel | Ross	Joey	Rachel	True	speaker_no_face	Speaker agrees with available community-transcript mapping. | QA resolved prior review with community-transcript support.	Well, wait a minute	Rachel	Rachel	absent	char_tracker_stage05		absent	0.0		medium	speaker_no_face
14	298	639.83	640.75	Well, the pus is good.	Rachel	high	qa_review_resolved_bridge	1.0	dialogue	False	True	Joey | Rachel | Ross	Rachel	Rachel	True	speaker_no_face	Speaker agrees with available community-transcript mapping. | QA resolved prior review by same-speaker bridge.	The puss is good	Rachel	Rachel	absent	char_tracker_stage05		absent	0.0		medium	speaker_no_face
14	299	640.75	641.91	It means it's healing.	Rachel	high	qa_review_resolved_ct_support	1.0	dialogue	False	True	Joey | Rachel | Ross	Rachel	Ross	True	speaker_no_face	Speaker agrees with available community-transcript mapping. | QA resolved prior review with community-transcript support.	Well, wait a minute! The puss is good! It means it's healing! (Runs after him.)	Rachel	Rachel	absent	char_tracker_stage05		absent	0.0		medium	speaker_no_face
14	300	646.96	647.6	Hey, Phoebe's.	Ross	low	scene_context_inference	0.58	dialogue	True	False	Joey | Rachel | Ross	Rachel	Ross	True	two_sided_context_ambiguous | speaker_no_face	No direct transcript match; weak local context only.				absent	char_tracker_stage05		absent			low	speaker_no_face
14	301	647.6	648.32	What you reading?	Ross	high	qa_review_resolved_bridge	1.0	dialogue	False	True	Joey | Rachel | Ross	Ross	Ross	True	speaker_no_face	Speaker agrees with available community-transcript mapping. | QA resolved prior review by same-speaker bridge.	Hey Pheebs, what 'cha reading	Ross	Ross	absent	char_tracker_stage05		absent	0.0		medium	speaker_no_face
14	302	651.2	651.92	Phoebe's.	Ross	high	community_transcript_match	1.0	dialogue	False	True	Joey | Rachel | Ross	Ross	Ross	False		Speaker agrees with available community-transcript mapping.	Pheebs	Ross	Ross	present	char_tracker_stage05	ross	present	1.0		high	
14	303	654.88	655.36	Hello?	Ross	high	community_transcript_match	1.0	dialogue	False	True	Joey | Rachel | Ross	Ross	Ross	False		Speaker agrees with available community-transcript mapping.	Hello	Ross	Ross	present	char_tracker_stage05	ross	present	0.5		high	
14	304	657.2	657.68	Phoebe?	Ross	high	community_transcript_match	1.0	dialogue	False	True	Joey | Rachel | Ross	Ross	Ross	False		Speaker agrees with available community-transcript mapping.	Hey Pheebs, what 'cha reading? (Phoebe ignores him) Pheebs? (Turns away) Hello? (He sits down next to her and she moves over a bit.) Phoebe? (He moves closer and she keeps moving away.) Phoe-Phoebe! (They end up hanging over the arm rest.) Come on! (He grabs the magazine away from her.)	Ross	Ross	present	char_tracker_stage05	phoebe|ross	present	1.0		high	
14	305	659.28	659.76	Phoebe.	Ross	high	community_transcript_match	1.0	dialogue	False	True	Joey | Rachel | Ross	Ross	Ross	False		Speaker agrees with available community-transcript mapping.	Phoe-Phoebe	Ross	Ross	present	char_tracker_stage05	ross	present	1.0		high	
14	306	661.2	661.68	Phoebe.	Ross	high	community_transcript_match	1.0	dialogue	False	True	Joey | Rachel | Ross	Ross		False		Speaker agrees with available community-transcript mapping.	Phoebe, are you, are you mad at me, or something? 'Cause if are please, tell me what it is I did!	Ross	Ross	present	char_tracker_stage05	ross	present	1.0		high	
