scene_id	sentence_id	start	end	utterance	speaker	speaker_confidence	speaker_method	alignment_score	row_type	filled_from_missing	matched_to_ct	scene_speaker_set	prev_speaker_scene	next_speaker_scene	review_flag	review_reason	notes	utterance_ct	speaker_ct	speaker_original	visual_presence	visual_presence_source	visual_presence_chars	speaker_visual_presence	speaker_visual_ratio	visual_presence_note	annotation_confidence	annotation_review_reason
15	1	0.24	0.68	Glad you're here.	Joey	high	community_transcript_match	1.0	dialogue	False	True	Joey | Ross | Chandler		Joey	False		Speaker agrees with available community-transcript mapping.	Ross good, I'm uh glad you're here	Joey	Joey	present	char_tracker_stage05	joey	present	1.0		high	
15	2	0.68	2.0	I want to talk to you about something.	Joey	high	community_transcript_match	1.0	dialogue	False	True	Joey | Ross | Chandler	Joey	Ross	False		Speaker agrees with available community-transcript mapping.	Ross good, I'm uh glad you're here. I wanna talk to you about something.	Joey	Joey	present	char_tracker_stage05	joey	present	1.0		high	
15	3	2.32	2.8	Huh?	Ross	medium	visual_disambiguation	0.74	dialogue	True	False	Joey | Ross | Chandler	Joey	Ross	False		Only one of the two text-context candidates was visually present in the window.				present	char_tracker_stage05	ross	present			medium	
15	4	3.44	4.08	What's up?	Ross	high	community_transcript_match	1.0	dialogue	False	True	Joey | Ross | Chandler	Ross	Joey	False		Speaker agrees with available community-transcript mapping.	What's up?	Ross	Ross	present	char_tracker_stage05	joey|ross	present	1.0		high	
15	5	4.16	7.36	Well, I've been thinking about this whole commercial thing.	Joey	high	community_transcript_match	1.0	dialogue	False	True	Joey | Ross | Chandler	Ross	Joey	False		Speaker agrees with available community-transcript mapping.	Well, I've been thinking about this whole commercial thing, y'know me going up against Ben, the two of us competing, and that can't lead to anything good. So, I think I'm just gonna step aside. I'm gonna tell them that I won't audition.	Joey	Joey	present	char_tracker_stage05	joey	present	1.0		high	
15	6	7.6	10.8	You know, me going up against Ben, the two of us competing.	Joey	medium	visual_disambiguation	0.74	dialogue	True	False	Joey | Ross | Chandler	Joey	Joey	False		Only one of the two text-context candidates was visually present in the window.				present	char_tracker_stage05	joey	present			medium	
15	7	11.44	13.12	But that can't lead to anything good.	Joey	medium	visual_disambiguation	0.74	dialogue	True	False	Joey | Ross | Chandler	Joey	Joey	False		Only one of the two text-context candidates was visually present in the window.				present	char_tracker_stage05	joey	present			medium	
15	8	13.28	16.88	So I think I'm just gonna step aside.	Joey	medium	visual_disambiguation	0.74	dialogue	True	False	Joey | Ross | Chandler	Joey	Joey	False		Only one of the two text-context candidates was visually present in the window.				present	char_tracker_stage05	joey	present			medium	
15	9	16.88	18.88	I'm gonna tell them that I won't audition.	Joey	medium	visual_disambiguation	0.74	dialogue	True	False	Joey | Ross | Chandler	Joey	Ross	False		Only one of the two text-context candidates was visually present in the window.				present	char_tracker_stage05	joey	present			medium	
15	10	20.56	22.8	Wow, Joy, that's.	Ross	medium	visual_disambiguation	0.74	dialogue	True	False	Joey | Ross | Chandler	Joey	Ross	False		Only one of the two text-context candidates was visually present in the window.				present	char_tracker_stage05	ross	present			medium	
15	11	22.8	23.44	That's great.	Ross	high	community_transcript_match	1.0	dialogue	False	True	Joey | Ross | Chandler	Ross	Ross	False		Speaker agrees with available community-transcript mapping.	Wow, uh, Joey that's-that's great. Thanks man.	Ross	Ross	present	char_tracker_stage05	ross	present	1.0		high	
15	12	23.52	24.32	Thanks, man.	Ross	high	community_transcript_match	1.0	dialogue	False	True	Joey | Ross | Chandler	Ross	Joey	False		Speaker agrees with available community-transcript mapping.	Thanks man	Ross	Ross	present	char_tracker_stage05	ross	present	1.0		high	
15	13	29.93	30.41	That's it?	Joey	high	community_transcript_match	1.0	dialogue	False	True	Joey | Ross | Chandler	Ross	Joey	False		Speaker agrees with available community-transcript mapping.	That's it	Joey	Joey	present	char_tracker_stage05	joey|ross	present	1.0		high	
15	14	32.25	33.37	You gonna let me do this?	Joey	high	community_transcript_match	1.0	dialogue	False	True	Joey | Ross | Chandler	Joey	Joey	False		Speaker agrees with available community-transcript mapping.	You're-you're gonna let me do this	Joey	Joey	present	char_tracker_stage05	joey|ross	present	1.0		high	
15	15	33.53	35.37	This is my career we're talking about here.	Joey	high	community_transcript_match	1.0	dialogue	False	True	Joey | Ross | Chandler	Joey	Ross	False		Speaker agrees with available community-transcript mapping.	That's it? You're-you're gonna let me do this?! This-this is my career we're talking about here!	Joey	Joey	present	char_tracker_stage05	joey	present	1.0		high	
15	16	36.33	37.33	But you just.	Ross	high	community_transcript_match	1.0	dialogue	False	True	Joey | Ross | Chandler	Joey	Joey	False		Speaker agrees with available community-transcript mapping.	Well, you just…	Ross	Ross	present	char_tracker_stage05	joey|ross	present	1.0		high	
15	17	37.33	39.21	I just said that so you wouldn't let Ben do it.	Joey	high	community_transcript_match	1.0	dialogue	False	True	Joey | Ross | Chandler	Ross	Joey	False		Speaker agrees with available community-transcript mapping.	I just said that so you wouldn't let Ben do it	Joey	Joey	present	char_tracker_stage05	joey|ross	present	1.0		high	
15	18	40.49	43.37	Look, Ross, if anyone should step aside, it should be Ben.	Joey	high	community_transcript_match	1.0	dialogue	False	True	Joey | Ross | Chandler	Joey	Ross	False		Speaker agrees with available community-transcript mapping.	I just said that so you wouldn't let Ben do it! Look Ross, if anyone should step aside it should be Ben!	Joey	Joey	present	char_tracker_stage05	joey|ross	present	1.0		high	
15	19	43.53	43.93	What?	Ross	high	community_transcript_match	1.0	dialogue	False	True	Joey | Ross | Chandler	Joey	Joey	False		Speaker agrees with available community-transcript mapping.	What?!	Ross	Ross	present	char_tracker_stage05	joey|ross	present	1.0		high	
15	20	43.93	44.33	What?	Joey	high	community_transcript_match	1.0	dialogue	False	True	Joey | Ross | Chandler	Ross	Joey	False		Speaker agrees with available community-transcript mapping.	What	Joey	Joey	present	char_tracker_stage05	joey|ross	present	1.0		high	
15	21	44.33	45.53	Chandler, tell him.	Joey	high	community_transcript_match	1.0	dialogue	False	True	Joey | Ross | Chandler	Joey	Chandler	False		Speaker agrees with available community-transcript mapping.	What? Chandler! Tell 'em!	Joey	Joey	present	char_tracker_stage05	chandler|joey|ross	present	1.0		high	
15	22	48.17	50.25	Well, I mean, let me get the door first.	Chandler	high	community_transcript_match	1.0	dialogue	False	True	Joey | Ross | Chandler	Joey	Chandler	False		Speaker agrees with available community-transcript mapping.	(shocked) Well I mean, let me get the door first. (Goes and opens the door.) Oh, hi! No one. (Exits.)	Chandler	Chandler	present	char_tracker_stage05	chandler	present	1.0		high	
15	23	52.49	53.17	Oh, hi.	Chandler	high	qa_review_resolved_bridge	1.0	dialogue	False	True	Joey | Ross | Chandler	Chandler	Chandler	True	speaker_no_face	Speaker agrees with available community-transcript mapping. | QA resolved prior review by same-speaker bridge.	Oh, hi	Chandler	Chandler	absent	char_tracker_stage05		absent	0.0		medium	speaker_no_face
15	24	53.17	53.69	No one.	Chandler	high	qa_review_resolved_ct_support	1.0	dialogue	False	True	Joey | Ross | Chandler	Chandler	Ross	True	speaker_no_face	Speaker agrees with available community-transcript mapping. | QA resolved prior review with community-transcript support.	No one	Chandler	Chandler	absent	char_tracker_stage05		absent	0.0		medium	speaker_no_face
15	25	57.88	59.56	Why should Ben step aside?	Ross	high	community_transcript_match	1.0	dialogue	False	True	Joey | Ross | Chandler	Chandler	Ross	False		Speaker agrees with available community-transcript mapping.	Why should Ben step aside	Ross	Ross	present	char_tracker_stage05	ross	present	1.0		high	
15	26	59.56	61.88	It was his audition in the first place.	Ross	high	community_transcript_match	1.0	dialogue	False	True	Joey | Ross | Chandler	Ross	Ross	False		Speaker agrees with available community-transcript mapping.	Why should Ben step aside? It was his audition in the first place! You-you just tagged along! You're like the uh, tag-a-long dad.	Ross	Ross	present	char_tracker_stage05	ross	present	1.0		high	
15	27	61.88	62.2	You.	Ross	high	community_transcript_match	1.0	dialogue	False	True	Joey | Ross | Chandler	Ross	Ross	False		Speaker agrees with available community-transcript mapping.	You-you just tagged along	Ross	Ross	present	char_tracker_stage05	ross	present	1.0		high	
15	28	62.2	63.32	You just tagged along.	Ross	high	community_transcript_match	1.0	dialogue	False	True	Joey | Ross | Chandler	Ross	Ross	False		Speaker agrees with available community-transcript mapping.	you just tagged along	Ross	Ross	present	char_tracker_stage05	ross	present	1.0		high	
15	29	63.32	66.04	You're like the tag along dad.	Ross	medium	visual_disambiguation	0.74	dialogue	True	False	Joey | Ross | Chandler	Ross	Joey	False		Only one of the two text-context candidates was visually present in the window.				present	char_tracker_stage05	ross	present			medium	
15	30	66.04	67.64	At least I care about his feelings.	Joey	high	community_transcript_match	1.0	dialogue	False	True	Joey | Ross | Chandler	Ross	Ross	False		Speaker agrees with available community-transcript mapping.	At least I care about his feelings!	Joey	Joey	present	char_tracker_stage05	joey|ross	present	1.0		high	
15	31	68.6	69.0	What?	Ross	high	community_transcript_match	1.0	dialogue	False	True	Joey | Ross | Chandler	Joey	Joey	False		Speaker agrees with available community-transcript mapping.	What?!	Ross	Ross	present	char_tracker_stage05	joey|ross	present	1.0		high	
15	32	69.56	72.28	Do you know how hard this is gonna be on him when he doesn't get it?	Joey	high	community_transcript_match	1.0	dialogue	False	True	Joey | Ross | Chandler	Ross	Ross	False		Speaker agrees with available community-transcript mapping.	Do you know how hard this is gonna be on him when he doesn’t get it?	Joey	Joey	present	char_tracker_stage05	joey|ross	present	1.0		high	
15	33	72.92	74.76	And why wouldn't he get it?	Ross	high	community_transcript_match	1.0	dialogue	False	True	Joey | Ross | Chandler	Joey	Joey	False		Speaker agrees with available community-transcript mapping.	And why wouldn't he get it?	Ross	Ross	present	char_tracker_stage05	joey|ross	present	1.0		high	
15	34	74.92	76.2	Oh, come on.	Joey	high	community_transcript_match	1.0	dialogue	False	True	Joey | Ross | Chandler	Ross	Joey	False		Speaker agrees with available community-transcript mapping.	Oh, come on	Joey	Joey	present	char_tracker_stage05	joey	present	1.0		high	
15	35	77.08	79.8	Have you seen what my kid can do, huh?	Joey	high	community_transcript_match	1.0	dialogue	False	True	Joey | Ross | Chandler	Joey	Joey	False		Speaker agrees with available community-transcript mapping.	Oh, come on! Have you seen what my kid can do?! Huh?! I mean he dials phones! He-he-he eats tortilla chips! He-he plays soccer with the cartoon tiger!	Joey	Joey	present	char_tracker_stage05	joey|ross	present	1.0		high	
15	36	80.36	81.76	I mean, he dials phones.	Joey	high	community_transcript_match	1.0	dialogue	False	True	Joey | Ross | Chandler	Joey	Joey	False		Speaker agrees with available community-transcript mapping.	oh come on i mean he dials phones he he he eats tortilla chips he he plays soccer with the cartoon tiger	Joey	Joey	present	char_tracker_stage05	joey|ross	present	1.0		high	
15	37	81.76	83.56	He eats tortilla chips.	Joey	high	community_transcript_match	1.0	dialogue	False	True	Joey | Ross | Chandler	Joey	Joey	False		Speaker agrees with available community-transcript mapping.	oh come on he he he eats tortilla chips he he plays soccer with the cartoon tiger	Joey	Joey	present	char_tracker_stage05	joey	present	1.0		high	
15	38	83.64	85.56	He plays soccer with the cartoon.	Joey	high	community_transcript_match	1.0	dialogue	False	True	Joey | Ross | Chandler	Joey	Ross	False		Speaker agrees with available community-transcript mapping.	oh come on he he he he plays soccer with the cartoon tiger	Joey	Joey	present	char_tracker_stage05	joey	present	1.0		high	
15	39	87.3	91.02	Are you saying your kid eats soup better than my kid?	Ross	high	community_transcript_match	1.0	dialogue	False	True	Joey | Ross | Chandler	Joey	Joey	False		Speaker agrees with available community-transcript mapping.	Are you saying your kid eats soup better than my kid?	Ross	Ross	present	char_tracker_stage05	ross	present	1.0		high	
15	40	91.02	92.98	You just give him a spoon, baby.	Joey	high	community_transcript_match	1.0	dialogue	False	True	Joey | Ross | Chandler	Ross	Ross	False		Speaker agrees with available community-transcript mapping.	You just give him a spoon baby!	Joey	Joey	present	char_tracker_stage05	joey|ross	present	1.0		high	
15	41	94.1	95.94	Oh, yeah, I guess we'll see.	Ross	high	community_transcript_match	1.0	dialogue	False	True	Joey | Ross | Chandler	Joey	Joey	False		Speaker agrees with available community-transcript mapping.	Oh yeah? I guess we'll just see!	Ross	Ross	present	char_tracker_stage05	ross	present	1.0		high	
15	42	95.94	96.42	Yeah.	Joey	high	community_transcript_match	1.0	dialogue	False	True	Joey | Ross | Chandler	Ross	Joey	False		Speaker agrees with available community-transcript mapping.	Yeah	Joey	Joey	present	char_tracker_stage05	joey|ross	present	0.5		high	
15	43	96.5	98.9	Because this commercial belongs to me and Mitch.	Joey	high	community_transcript_match	1.0	dialogue	False	True	Joey | Ross | Chandler	Joey	Ross	False		Speaker agrees with available community-transcript mapping.	Yeah! Because this commercial belongs to me and Mitch!	Joey	Joey	present	char_tracker_stage05	joey	present	1.0		high	
15	44	98.9	100.5	Your kid's name is Raymond.	Ross	high	qa_review_resolved_ct_support	1.0	dialogue	False	True	Joey | Ross | Chandler	Joey	Joey	True	speaker_offscreen	Speaker agrees with available community-transcript mapping. | QA resolved prior review with community-transcript support.	You're kid's name is Raymond!	Ross	Ross	present	char_tracker_stage05	joey	absent	0.0		low	speaker_offscreen
15	45	100.5	101.62	Yeah, so is yours.	Joey	high	community_transcript_match	1.0	dialogue	False	True	Joey | Ross | Chandler	Ross		False		Speaker agrees with available community-transcript mapping.	Yeah?! So's yours!	Joey	Joey	present	char_tracker_stage05	joey|ross	present	0.5		high	
16	46	107.38	108.38	How'd it work out?	Monica	high	qa_review_resolved_ct_support	1.0	dialogue	False	True	Monica | Rachel | Chandler | Kim		Rachel	True	speaker_no_face	Speaker agrees with available community-transcript mapping. | QA resolved prior review with community-transcript support.	(To Rachel) How did work go?	Monica	Monica	absent	char_tracker_stage05		absent	0.0		medium	speaker_no_face
16	47	108.38	109.38	Oh, it was great.	Rachel	high	qa_review_resolved_ct_support	1.0	dialogue	False	True	Monica | Rachel | Chandler | Kim	Monica	Rachel	True	speaker_no_face	Speaker agrees with available community-transcript mapping. | QA resolved prior review with community-transcript support.	Oh it was great	Rachel	Rachel	absent	char_tracker_stage05		absent	0.0		medium	speaker_no_face
16	48	109.38	109.98	It was great.	Rachel	high	qa_review_resolved_bridge	1.0	dialogue	False	True	Monica | Rachel | Chandler | Kim	Rachel	Rachel	True	speaker_no_face	Speaker agrees with available community-transcript mapping. | QA resolved prior review by same-speaker bridge.	It was great	Rachel	Rachel	absent	char_tracker_stage05		absent	0.0		medium	speaker_no_face
16	49	109.98	111.46	I went down there just like you said.	Rachel	high	qa_review_resolved_bridge	1.0	dialogue	False	True	Monica | Rachel | Chandler | Kim	Rachel	Rachel	True	speaker_no_face	Speaker agrees with available community-transcript mapping. | QA resolved prior review by same-speaker bridge.	Oh it was great! It was great! I went down there just like you said, y'know? And we talked business. Kim totally took my opinions.	Rachel	Rachel	absent	char_tracker_stage05		absent	0.0		medium	speaker_no_face
16	50	111.46	112.66	You know, and we talked business.	Rachel	high	qa_review_resolved_bridge	1.0	dialogue	False	True	Monica | Rachel | Chandler | Kim	Rachel	Rachel	True	speaker_no_face	Speaker agrees with available community-transcript mapping. | QA resolved prior review by same-speaker bridge.	And we talked business	Rachel	Rachel	absent	char_tracker_stage05		absent	0.0		medium	speaker_no_face
16	51	112.98	114.9	And Kim totally took my opinions.	Rachel	high	community_transcript_match	1.0	dialogue	False	True	Monica | Rachel | Chandler | Kim	Rachel	Monica	False		Speaker agrees with available community-transcript mapping.	Kim totally took my opinions	Rachel	Rachel	present	char_tracker_stage05	rachel	present	0.6667		high	
16	52	115.22	116.1	You stink.	Monica	high	community_transcript_match	1.0	dialogue	False	True	Monica | Rachel | Chandler | Kim	Rachel	Rachel	False		Speaker agrees with available community-transcript mapping.	You stink!	Monica	Monica	present	char_tracker_stage05	monica|rachel	present	1.0		high	
16	53	118.72	119.04	Thanks.	Rachel	high	community_transcript_match	1.0	dialogue	False	True	Monica | Rachel | Chandler | Kim	Monica	Monica	False		Speaker agrees with available community-transcript mapping.	Thanks!	Rachel	Rachel	present	char_tracker_stage05	monica|rachel	present	1.0		high	
16	54	119.12	120.64	No, I'm serious.	Monica	high	community_transcript_match	1.0	dialogue	False	True	Monica | Rachel | Chandler | Kim	Rachel	Rachel	False		Speaker agrees with available community-transcript mapping.	No, I'm-I'm serious!	Monica	Monica	present	char_tracker_stage05	monica|rachel	present	1.0		high	
16	55	120.8	123.52	Well, that's just because I went down there and they were all smoking.	Rachel	high	community_transcript_match	1.0	dialogue	False	True	Monica | Rachel | Chandler | Kim	Monica	Rachel	False		Speaker agrees with available community-transcript mapping.	Well-well that's 'cause I went down there and they were all smoking. This is actually the smell of success.	Rachel	Rachel	present	char_tracker_stage05	rachel	present	1.0		high	
16	56	123.52	125.28	This is actually the smell of success.	Rachel	high	community_transcript_match	1.0	dialogue	False	True	Monica | Rachel | Chandler | Kim	Rachel	Chandler	False		Speaker agrees with available community-transcript mapping.	This is actually the smell of success	Rachel	Rachel	present	char_tracker_stage05	rachel	present	1.0		high	
16	57	126.88	128.0	Okay, there's something different.	Chandler	high	community_transcript_match	1.0	dialogue	False	True	Monica | Rachel | Chandler | Kim	Rachel	Chandler	False		Speaker agrees with available community-transcript mapping.	Okay, there's something different though--Oh my God! You smoked!	Chandler	Chandler	present	char_tracker_stage05	chandler|monica|rachel	present	1.0		high	
16	58	129.28	130.12	Oh, my God.	Chandler	high	community_transcript_match	1.0	dialogue	False	True	Monica | Rachel | Chandler | Kim	Chandler	Chandler	False		Speaker agrees with available community-transcript mapping.	though oh my god you smoked	Chandler	Chandler	present	char_tracker_stage05	chandler|monica	present	1.0		high	
16	59	130.12	131.04	You smoked.	Chandler	high	community_transcript_match	1.0	dialogue	False	True	Monica | Rachel | Chandler | Kim	Chandler	Rachel	False		Speaker agrees with available community-transcript mapping.	though you smoked	Chandler	Chandler	present	char_tracker_stage05	chandler|monica|rachel	present	1.0		high	
16	60	132.4	133.36	I did not.	Rachel	high	community_transcript_match	1.0	dialogue	False	True	Monica | Rachel | Chandler | Kim	Chandler	Chandler	False		Speaker agrees with available community-transcript mapping.	I did not!	Rachel	Rachel	present	char_tracker_stage05	chandler|monica|rachel	present	1.0		high	
16	61	133.36	134.24	Yes, you did.	Chandler	high	community_transcript_match	1.0	dialogue	False	True	Monica | Rachel | Chandler | Kim	Rachel	Chandler	False		Speaker agrees with available community-transcript mapping.	Yes you did	Chandler	Chandler	present	char_tracker_stage05	chandler|monica|rachel	present	1.0		high	
16	62	134.24	135.72	You looked happy and sick.	Chandler	high	community_transcript_match	1.0	dialogue	False	True	Monica | Rachel | Chandler | Kim	Chandler	Chandler	False		Speaker agrees with available community-transcript mapping.	Yes you did! You look happy and sick; you smoked!	Chandler	Chandler	present	char_tracker_stage05	chandler|monica	present	1.0		high	
16	63	135.72	136.56	You smoked.	Chandler	high	community_transcript_match	1.0	dialogue	False	True	Monica | Rachel | Chandler | Kim	Chandler	Rachel	False		Speaker agrees with available community-transcript mapping.	you smoked	Chandler	Chandler	present	char_tracker_stage05	chandler|monica|rachel	present	1.0		high	
16	64	137.76	138.96	All right, fine.	Rachel	high	community_transcript_match	1.0	dialogue	False	True	Monica | Rachel | Chandler | Kim	Chandler	Rachel	False		Speaker agrees with available community-transcript mapping.	All right, fine	Rachel	Rachel	present	char_tracker_stage05	rachel	present	1.0		high	
16	65	138.96	139.68	But I had to.	Rachel	high	community_transcript_match	1.0	dialogue	False	True	Monica | Rachel | Chandler | Kim	Rachel	Rachel	False		Speaker agrees with available community-transcript mapping.	But I had too	Rachel	Rachel	present	char_tracker_stage05	rachel	present	1.0		high	
16	66	139.68	141.12	I had to do it for my career.	Rachel	high	community_transcript_match	1.0	dialogue	False	True	Monica | Rachel | Chandler | Kim	Rachel	Chandler	False		Speaker agrees with available community-transcript mapping.	All right, fine! But I had too! I had to do it for my career!	Rachel	Rachel	present	char_tracker_stage05	rachel	present	1.0		high	
16	67	141.68	143.28	Wish I had smoke for my career.	Chandler	high	community_transcript_match	1.0	dialogue	False	True	Monica | Rachel | Chandler | Kim	Rachel	Monica	False		Speaker agrees with available community-transcript mapping.	I wish I had smoked for my career…	Chandler	Chandler	present	char_tracker_stage05	chandler|monica	present	1.0		high	
16	68	145.2	146.32	That's so gross.	Monica	high	community_transcript_match	1.0	dialogue	False	True	Monica | Rachel | Chandler | Kim	Chandler	Monica	False		Speaker agrees with available community-transcript mapping.	That's so gross!	Monica	Monica	present	char_tracker_stage05	chandler|monica	present	1.0		high	
16	69	147.08	148.24	Well, no, it's not that bad.	Monica	medium	scene_context_inference	0.7100000000000001	dialogue	True	False	Monica | Rachel | Chandler | Kim	Monica	Rachel	True	medium_confidence_context_fill	Continuation-style opener favors previous speaker within the same scene.				present	char_tracker_stage05	chandler|monica|rachel	present			medium	
16	70	148.24	149.16	You know, it's.	Rachel	medium	visual_disambiguation	0.74	dialogue	True	False	Monica | Rachel | Chandler | Kim	Monica	Rachel	False		Only one of the two text-context candidates was visually present in the window.				present	char_tracker_stage05	rachel	present			medium	
16	71	149.16	153.72	I mean, yeah, my tongue feels a little fuzzy and fingers sort of smell.	Rachel	high	community_transcript_match	1.0	dialogue	False	True	Monica | Rachel | Chandler | Kim	Rachel	Rachel	False		Speaker agrees with available community-transcript mapping.	No well, no it's not that bad, y'know? I mean yeah, my tongue feels a little fuzzy and these fingers sort of smell, I actually feel like I can throw up.	Rachel	Rachel	present	char_tracker_stage05	rachel	present	1.0		high	
16	72	154.36	156.2	I actually feel like I could throw up.	Rachel	high	community_transcript_match	1.0	dialogue	False	True	Monica | Rachel | Chandler | Kim	Rachel	Monica	False		Speaker agrees with available community-transcript mapping.	no well no it's not that bad y'know i actually feel like i can throw up	Rachel	Rachel	present	char_tracker_stage05	rachel	present	1.0		high	
16	73	157.24	158.36	Can you hear yourself?	Monica	high	community_transcript_match	1.0	dialogue	False	True	Monica | Rachel | Chandler | Kim	Rachel	Rachel	False		Speaker agrees with available community-transcript mapping.	Can you hear yourself?	Monica	Monica	present	char_tracker_stage05	monica|rachel	present	1.0		high	
16	74	158.44	158.76	No.	Rachel	medium	short_turn_alternation	0.7	dialogue	True	False	Monica | Rachel | Chandler | Kim	Monica	Rachel	True	short_utterance_between_two_speakers	Short utterance inferred from local turn alternation.				present	char_tracker_stage05	monica|rachel	present			medium	
16	75	158.76	159.48	I'm sorry.	Rachel	high	scene_context_bridge	0.88	dialogue	True	False	Monica | Rachel | Chandler | Kim	Rachel	Rachel	False		Same speaker appears on both sides within the same scene.				present	char_tracker_stage05	monica|rachel	present			high	
16	76	159.64	160.36	I'm sorry.	Rachel	high	scene_context_bridge	0.88	dialogue	True	False	Monica | Rachel | Chandler | Kim	Rachel	Rachel	False		Same speaker appears on both sides within the same scene.				present	char_tracker_stage05	rachel	present			high	
16	77	160.36	161.24	I'm not myself.	Rachel	high	scene_context_bridge	0.88	dialogue	True	False	Monica | Rachel | Chandler | Kim	Rachel	Rachel	False		Same speaker appears on both sides within the same scene.				present	char_tracker_stage05	rachel	present			high	
16	78	161.24	161.68	I just.	Rachel	high	community_transcript_match	1.0	dialogue	False	True	Monica | Rachel | Chandler | Kim	Rachel	Rachel	False		Speaker agrees with available community-transcript mapping.	i i	Rachel	Rachel	present	char_tracker_stage05	rachel	present	1.0		high	
16	79	161.68	162.959	I smoked, like, half a pack.	Rachel	high	community_transcript_match	1.0	dialogue	False	True	Monica | Rachel | Chandler | Kim	Rachel	Rachel	False		Speaker agrees with available community-transcript mapping.	I-I-I smoked like half a pack	Rachel	Rachel	present	char_tracker_stage05	rachel	present	1.0		high	
16	80	162.959	164.6	I feel a little shaky and a little weird.	Rachel	high	community_transcript_match	1.0	dialogue	False	True	Monica | Rachel | Chandler | Kim	Rachel	Chandler	False		Speaker agrees with available community-transcript mapping.	I know. I'm sorry. I'm sorry. I-I-I'm not myself. I-I-I smoked like half a pack. I feel a little shaky and a little weird.	Rachel	Rachel	present	char_tracker_stage05	rachel	present	1.0		high	
16	81	165.96	168.16	Okay, but you gotta push past this, okay?	Chandler	high	community_transcript_match	1.0	dialogue	False	True	Monica | Rachel | Chandler | Kim	Rachel	Chandler	False		Speaker agrees with available community-transcript mapping.	Okay, but you gotta push past this because it is about to get so good!	Chandler	Chandler	present	char_tracker_stage05	chandler|monica	present	1.0		high	
16	82	168.16	170.04	Because it's about to get so good.	Chandler	high	community_transcript_match	1.0	dialogue	False	True	Monica | Rachel | Chandler | Kim	Chandler	Monica	False		Speaker agrees with available community-transcript mapping.	because it is about to get so good	Chandler	Chandler	present	char_tracker_stage05	chandler|monica	present	1.0		high	
16	83	171.48	172.28	Taylor.	Monica	medium	short_turn_alternation	0.7	dialogue	True	False	Monica | Rachel | Chandler | Kim	Chandler	Monica	True	short_utterance_between_two_speakers	Short utterance inferred from local turn alternation.				present	char_tracker_stage05	chandler|monica	present			medium	
16	84	173.81	174.65	Oh, I can tell you.	Monica	high	scene_context_bridge	0.88	dialogue	True	False	Monica | Rachel | Chandler | Kim	Monica	Monica	False		Same speaker appears on both sides within the same scene.				present	char_tracker_stage05	chandler|monica	present			high	
16	85	174.65	175.65	You smell so smoky.	Monica	high	community_transcript_match	1.0	dialogue	False	True	Monica | Rachel | Chandler | Kim	Monica	Chandler	False		Speaker agrees with available community-transcript mapping.	Chandler! I have to tell you, you smell so smoky I have to get up. I'm not kidding. (She's not; she stands and walks away. Chandler moves closer.)	Monica	Monica	present	char_tracker_stage05	chandler|monica	present	1.0		high	
16	86	176.13	177.01	I gotta get up.	Chandler	low	scene_context_inference	0.58	dialogue	True	False	Monica | Rachel | Chandler | Kim	Monica	Chandler	True	two_sided_context_ambiguous | low_speaker_confidence	No direct transcript match; weak local context only.				present	char_tracker_stage05	chandler|monica|rachel	present			low	low_speaker_confidence
16	87	177.25	177.97	Not kidding.	Chandler	high	qa_review_resolved_bridge	0.9	dialogue	True	False	Monica | Rachel | Chandler | Kim	Chandler	Chandler	True	speaker_offscreen	Same speaker appears on both sides within the same scene. | QA resolved prior review by same-speaker bridge.				present	char_tracker_stage05	rachel	absent			low	speaker_offscreen
16	88	179.17	180.53	I think you smell great.	Chandler	high	community_transcript_match	1.0	dialogue	False	True	Monica | Rachel | Chandler | Kim	Chandler	Kim	False		Speaker agrees with available community-transcript mapping.	I think you smell great! (He sniffs her shoulder.)	Chandler	Chandler	present	char_tracker_stage05	chandler	present	1.0		high	
16	89	186.77	187.77	So we're Decided.	Kim	high	community_transcript_match	1.0	dialogue	False	True	Monica | Rachel | Chandler | Kim	Chandler		False		Speaker agrees with available community-transcript mapping.	so we're decided	Kim	Kim	present	char_tracker_stage05	rachel	unobserved			high	
17	90	187.77	189.57	No on plaid, yes on pink.	Kim	high	community_transcript_match	1.0	dialogue	False	True	Kim | Nancy | Rachel		Nancy	False		Speaker agrees with available community-transcript mapping.	So, we're decided, no on plaid, yes on pink?	Kim	Kim	present	char_tracker_stage05	rachel	unobserved			high	
17	91	189.65	190.53	Absolutely.	Nancy	high	community_transcript_match	1.0	dialogue	False	True	Kim | Nancy | Rachel	Kim	Rachel	False		Speaker agrees with available community-transcript mapping.	Absolutely!	Nancy	Nancy	present	char_tracker_stage05	rachel	unobserved			high	
17	92	191.25	192.61	I'm so on board.	Rachel	high	community_transcript_match	1.0	dialogue	False	True	Kim | Nancy | Rachel	Nancy	Kim	False		Speaker agrees with available community-transcript mapping.	I am so on board! (She throws away her recently lit cigarette.)	Rachel	Rachel	present	char_tracker_stage05	rachel	present	1.0		high	
17	93	195.97	197.41	Rachel, didn't you just like that?	Kim	high	community_transcript_match	1.0	dialogue	False	True	Kim | Nancy | Rachel	Rachel	Rachel	False		Speaker agrees with available community-transcript mapping.	Rachel didn't you just light that?	Kim	Kim	partial	char_tracker_stage05		unobserved			high	
17	94	197.65	199.13	Yeah, but you know what?	Rachel	medium	visual_disambiguation	0.74	dialogue	True	False	Kim | Nancy | Rachel	Kim	Rachel	False		Only one of the two text-context candidates was visually present in the window.				present	char_tracker_stage05	rachel	present			medium	
17	95	199.13	199.49	I'm just.	Rachel	high	scene_context_bridge	0.88	dialogue	True	False	Kim | Nancy | Rachel	Rachel	Rachel	False		Same speaker appears on both sides within the same scene.				present	char_tracker_stage05	rachel	present			high	
17	96	199.49	202.61	I'm really, really trying to cut back, you know?	Rachel	high	community_transcript_match	1.0	dialogue	False	True	Kim | Nancy | Rachel	Rachel	Rachel	False		Speaker agrees with available community-transcript mapping.	Yeah, I did, but y'know what? I am really, really trying to cut back, y'know? (Laughs) Good luck, Rach.	Rachel	Rachel	present	char_tracker_stage05	rachel	present	1.0		high	
17	97	203.57	204.21	Good luck.	Rachel	high	community_transcript_match	1.0	dialogue	False	True	Kim | Nancy | Rachel	Rachel	Nancy	False		Speaker agrees with available community-transcript mapping.	Good luck, Rach	Rachel	Rachel	present	char_tracker_stage05	rachel	present	1.0		high	
17	98	207.39	209.19	I've actually been thinking about quitting lately.	Nancy	high	community_transcript_match	1.0	dialogue	False	True	Kim | Nancy | Rachel	Rachel	Kim	False		Speaker agrees with available community-transcript mapping.	I've actually been thinking about quitting lately.	Nancy	Nancy	present	char_tracker_stage05	rachel	unobserved			high	
17	99	209.19	210.11	Oh, well, sure.	Kim	low	scene_context_inference	0.58	dialogue	True	False	Kim | Nancy | Rachel	Nancy	Kim	True	two_sided_context_ambiguous | low_speaker_confidence	No direct transcript match; weak local context only.				present	char_tracker_stage05	rachel	unobserved			low	low_speaker_confidence
17	100	210.27	212.03	Every Sunday night, I tell myself I'm quitting.	Kim	high	community_transcript_match	1.0	dialogue	False	True	Kim | Nancy | Rachel	Kim	Nancy	False		Speaker agrees with available community-transcript mapping.	Oh sure, every Sunday night I'm telling myself I'm quitting but every Monday morning it's like (Mimics chain smoking.)	Kim	Kim	absent	char_tracker_stage05		unobserved			high	
17	101	212.03	215.55	Every Monday morning, it's like, tell me about it.	Nancy	high	community_transcript_match	1.0	dialogue	False	True	Kim | Nancy | Rachel	Kim	Rachel	False		Speaker agrees with available community-transcript mapping.	Tell me about it!	Nancy	Nancy	present	char_tracker_stage05	rachel	unobserved			high	
17	102	215.55	216.91	Well, let's quit.	Rachel	high	community_transcript_match	1.0	dialogue	False	True	Kim | Nancy | Rachel	Nancy	Rachel	False		Speaker agrees with available community-transcript mapping.	Well then let's just quit	Rachel	Rachel	present	char_tracker_stage05	rachel	present	1.0		high	
17	103	216.91	217.59	We'll just quit.	Rachel	high	community_transcript_match	1.0	dialogue	False	True	Kim | Nancy | Rachel	Rachel	Rachel	False		Speaker agrees with available community-transcript mapping.	Well then let's just quit! We'll just quit! Let's all quit!	Rachel	Rachel	present	char_tracker_stage05	rachel	present	1.0		high	
17	104	217.59	218.35	Let's all quit.	Rachel	high	community_transcript_match	1.0	dialogue	False	True	Kim | Nancy | Rachel	Rachel	Kim	False		Speaker agrees with available community-transcript mapping.	Let's all quit	Rachel	Rachel	present	char_tracker_stage05	rachel	present	1.0		high	
17	105	218.75	220.03	It does sound appealing.	Kim	high	community_transcript_match	1.0	dialogue	False	True	Kim | Nancy | Rachel	Rachel	Nancy	False		Speaker agrees with available community-transcript mapping.	It does sound appealing.	Kim	Kim	present	char_tracker_stage05	rachel	unobserved			high	
17	106	220.19	221.39	I never could do it.	Nancy	high	community_transcript_match	1.0	dialogue	False	True	Kim | Nancy | Rachel	Kim	Rachel	False		Speaker agrees with available community-transcript mapping.	Oh, I never could do it.	Nancy	Nancy	present	char_tracker_stage05	rachel	unobserved			high	
17	107	221.39	222.19	Oh, but you could.	Rachel	high	community_transcript_match	1.0	dialogue	False	True	Kim | Nancy | Rachel	Nancy	Rachel	False		Speaker agrees with available community-transcript mapping.	Oh but you could	Rachel	Rachel	present	char_tracker_stage05	rachel	present	0.5		high	
17	108	222.19	222.71	You can.	Rachel	high	qa_review_resolved_bridge	1.0	dialogue	False	True	Kim | Nancy | Rachel	Rachel	Rachel	True	speaker_no_face	Speaker agrees with available community-transcript mapping. | QA resolved prior review by same-speaker bridge.	You can	Rachel	Rachel	absent	char_tracker_stage05		absent	0.0		medium	speaker_no_face
17	109	222.71	223.19	Absolutely.	Rachel	high	qa_review_resolved_bridge	1.0	dialogue	False	True	Kim | Nancy | Rachel	Rachel	Rachel	True	speaker_no_face	Speaker agrees with available community-transcript mapping. | QA resolved prior review by same-speaker bridge.	Absolutely	Rachel	Rachel	absent	char_tracker_stage05		absent	0.0		medium	speaker_no_face
17	110	223.19	224.43	We can help each other out, you know?	Rachel	high	community_transcript_match	1.0	dialogue	False	True	Kim | Nancy | Rachel	Rachel	Rachel	False		Speaker agrees with available community-transcript mapping.	We can help each other out	Rachel	Rachel	present	char_tracker_stage05	rachel	present	0.5		high	
17	111	224.43	226.07	We can get one of those patches.	Rachel	high	community_transcript_match	1.0	dialogue	False	True	Kim | Nancy | Rachel	Rachel	Rachel	False		Speaker agrees with available community-transcript mapping.	We can get--what are those--those patches	Rachel	Rachel	present	char_tracker_stage05	rachel	present	1.0		high	
17	112	226.07	227.95	We could be like the Patch Sisters.	Rachel	high	community_transcript_match	1.0	dialogue	False	True	Kim | Nancy | Rachel	Rachel	Kim	False		Speaker agrees with available community-transcript mapping.	Oh but you could. You can. Absolutely! We can help each other out! We can get--what are those--those patches! We could be like the Patch Sisters!	Rachel	Rachel	present	char_tracker_stage05	rachel	present	1.0		high	
17	113	228.75	230.43	You know, we really should quit.	Kim	high	community_transcript_match	1.0	dialogue	False	True	Kim | Nancy | Rachel	Rachel	Kim	False		Speaker agrees with available community-transcript mapping.	Oh y'know, we really should quit	Kim	Kim	present	char_tracker_stage05	rachel	unobserved			high	
17	114	230.67	231.71	Okay, let's quit.	Kim	high	community_transcript_match	1.0	dialogue	False	True	Kim | Nancy | Rachel	Kim	Rachel	False		Speaker agrees with available community-transcript mapping.	Oh y'know, we really should quit. Okay, let's quit!	Kim	Kim	present	char_tracker_stage05	rachel	unobserved			high	
17	115	232.07	232.39	Yes.	Rachel	high	qa_review_resolved_ct_support	1.0	dialogue	False	True	Kim | Nancy | Rachel	Kim	Rachel	True	speaker_no_face	Speaker agrees with available community-transcript mapping. | QA resolved prior review with community-transcript support.	Yes	Rachel	Rachel	absent	char_tracker_stage05		absent	0.0		medium	speaker_no_face
17	116	232.39	232.79	Great.	Rachel	high	qa_review_resolved_bridge	1.0	dialogue	False	True	Kim | Nancy | Rachel	Rachel	Rachel	True	speaker_no_face	Speaker agrees with available community-transcript mapping. | QA resolved prior review by same-speaker bridge.	Great	Rachel	Rachel	absent	char_tracker_stage05		absent	0.0		medium	speaker_no_face
17	117	232.95	234.23	Give me those sinks.	Rachel	high	qa_review_resolved_bridge	1.0	dialogue	False	True	Kim | Nancy | Rachel	Rachel	Rachel	True	speaker_no_face	Speaker agrees with available community-transcript mapping. | QA resolved prior review by same-speaker bridge.	Yes! Great! Give me those cigs! Give it! Give it! (She grabs their cigarettes and lighters and throws them in the trash.)	Rachel	Rachel	absent	char_tracker_stage05		absent	0.0		medium	speaker_no_face
17	118	234.23	235.59	Come on, give it, give it.	Rachel	high	qa_review_resolved_ct_support	1.0	dialogue	False	True	Kim | Nancy | Rachel	Rachel	Kim	True	speaker_no_face	Speaker agrees with available community-transcript mapping. | QA resolved prior review with community-transcript support.	Give it	Rachel	Rachel	absent	char_tracker_stage05		absent	0.0		medium	speaker_no_face
17	119	235.59	236.19	Oh, done.	Kim	medium	short_turn_alternation	0.7	dialogue	True	False	Kim | Nancy | Rachel	Rachel	Kim	True	short_utterance_between_two_speakers	Short utterance inferred from local turn alternation.				absent	char_tracker_stage05		unobserved			medium	
17	120	236.19	236.55	Quick.	Kim	high	scene_context_bridge	0.88	dialogue	True	False	Kim | Nancy | Rachel	Kim	Kim	False		Same speaker appears on both sides within the same scene.				absent	char_tracker_stage05		unobserved			high	
17	121	239.35	241.27	My late husband gave me that lighter.	Kim	high	community_transcript_match	1.0	dialogue	False	True	Kim | Nancy | Rachel	Kim	Kim	False		Speaker agrees with available community-transcript mapping.	My late husband gave me that lighter. (Rachel laughs.) I'm not kidding.	Kim	Kim	partial	char_tracker_stage05		unobserved			high	
17	122	243.91	244.87	I'm not kidding.	Kim	high	community_transcript_match	1.0	dialogue	False	True	Kim | Nancy | Rachel	Kim	Kim	False		Speaker agrees with available community-transcript mapping.	I'm not kidding	Kim	Kim	absent	char_tracker_stage05		unobserved			high	
17	123	245.91	246.87	Don't hate him.	Kim	high	qa_review_resolved_bridge	0.9	dialogue	True	False	Kim | Nancy | Rachel	Kim	Kim	False		Filled from previous same-scene context. | QA resolved prior review by same-speaker bridge.				present	char_tracker_stage05	rachel	unobserved			high	
17	124	250.23	251.91	Mmm, soup.	Kim	high	qa_review_resolved_bridge	0.9	dialogue	True	False	Kim | Nancy | Rachel	Kim	Kim	False		Filled from previous same-scene context. | QA resolved prior review by same-speaker bridge.				present	char_tracker_stage05	joey	unobserved			high	
17	125	253.43	255.27	M. Soup.	Kim	medium	scene_context_inference	0.68	dialogue	True	False	Kim | Nancy | Rachel	Kim		True	scene_end_short_utterance	Filled from previous same-scene context.				present	char_tracker_stage05	joey	unobserved			medium	
18	126	256.95	258.31	Mmm, soup.	Joey	high	community_transcript_match	1.0	dialogue	False	True	Joey | Carol | Ross | The Casting Director		Carol	False		Speaker agrees with available community-transcript mapping.	Hmmm, soup! (Tries again.) Hmm soup! (Tries again, with a little caveman thrown in.) Hmm, soup!	Joey	Joey	present	char_tracker_stage05	joey	present	1.0		high	
18	127	260.12	261.64	Joey, Ross is gonna be here any second.	Carol	high	community_transcript_match	1.0	dialogue	False	True	Joey | Carol | Ross | The Casting Director	Joey	Carol	False		Speaker agrees with available community-transcript mapping.	joey ross is gonna be here any second	Carol	Carol	present	char_tracker_stage05	joey	unobserved			high	
18	128	261.64	264.2	Would you mind watching Ben for me while I use the ladies room?	Carol	high	community_transcript_match	1.0	dialogue	False	True	Joey | Carol | Ross | The Casting Director	Carol	Joey	False		Speaker agrees with available community-transcript mapping.	Joey, Ross is gonna be here any second, would you mind watching Ben for me while I use the ladies' room?	Carol	Carol	partial	char_tracker_stage05		unobserved			high	
18	129	264.28	265.2	Oh, yeah, no problem.	Joey	high	community_transcript_match	1.0	dialogue	False	True	Joey | Carol | Ross | The Casting Director	Carol	Carol	False		Speaker agrees with available community-transcript mapping.	Oh yeah, no problem.	Joey	Joey	present	char_tracker_stage05	joey	present	1.0		high	
18	130	265.2	265.64	Thanks.	Carol	high	community_transcript_match	1.0	dialogue	False	True	Joey | Carol | Ross | The Casting Director	Joey	Joey	False		Speaker agrees with available community-transcript mapping.	Thanks. (Exits.)	Carol	Carol	present	char_tracker_stage05	joey	unobserved			high	
18	131	267.56	268.2	Mmm.	Joey	medium	short_turn_alternation	0.7	dialogue	True	False	Joey | Carol | Ross | The Casting Director	Carol	Joey	True	short_utterance_between_two_speakers | speaker_no_face	Short utterance inferred from local turn alternation.				absent	char_tracker_stage05		absent			medium	speaker_no_face
18	132	276.12	276.84	Hi, Ben.	Joey	high	scene_context_bridge	0.88	dialogue	True	False	Joey | Carol | Ross | The Casting Director	Joey	Joey	False		Same speaker appears on both sides within the same scene.				present	char_tracker_stage05	joey	present			high	
18	133	278.36	279.8	So you wanna be an actor, huh?	Joey	high	scene_context_bridge	0.88	dialogue	True	False	Joey | Carol | Ross | The Casting Director	Joey	Joey	False		Same speaker appears on both sides within the same scene.				present	char_tracker_stage05	joey	present			high	
18	134	279.96	282.04	I gotta tell you, it's no picnic.	Joey	high	scene_context_bridge	0.88	dialogue	True	False	Joey | Carol | Ross | The Casting Director	Joey	Joey	False		Same speaker appears on both sides within the same scene.				present	char_tracker_stage05	joey	present			high	
18	135	282.52	283.96	There's tons of rejection.	Joey	high	scene_context_bridge	0.88	dialogue	True	False	Joey | Carol | Ross | The Casting Director	Joey	Joey	False		Same speaker appears on both sides within the same scene.				present	char_tracker_stage05	joey	present			high	
18	136	284.36	285.24	No stability.	Joey	high	scene_context_bridge	0.88	dialogue	True	False	Joey | Carol | Ross | The Casting Director	Joey	Joey	False		Same speaker appears on both sides within the same scene.				present	char_tracker_stage05	joey	present			high	
18	137	286.13	292.93	I mean, One day you're Dr. Drake Remori, the next day you're eating ketchup right out of the bottle.	Joey	high	community_transcript_match	1.0	dialogue	False	True	Joey | Carol | Ross | The Casting Director	Joey	Joey	False		Speaker agrees with available community-transcript mapping.	(goes over to Ben) Hi Ben! So you wanna be an actor huh? I gotta tell ya, it's no picnic. There's tons of rejection. No stability. One day you're Dr. Drake Remoray, the next day you're eating ketchup right out of the bottle. It's a tough life. I mean, sure, you can get up whenever you want, watch TV all day....meet tons of woman in acting class (smiles). (thinks about it) Oh, who am I kidding. I can't talk you out of this. It's a great life!	Joey	Joey	present	char_tracker_stage05	joey	present	1.0		high	
18	138	293.57	294.53	It's a tough life.	Joey	high	qa_review_resolved_bridge	1.0	dialogue	False	True	Joey | Carol | Ross | The Casting Director	Joey	Joey	True	speaker_no_face	Speaker agrees with available community-transcript mapping. | QA resolved prior review by same-speaker bridge.	It's a tough life	Joey	Joey	absent	char_tracker_stage05		absent	0.0		medium	speaker_no_face
18	139	294.85	295.85	I mean, sure, okay.	Joey	high	scene_context_bridge	0.88	dialogue	True	False	Joey | Carol | Ross | The Casting Director	Joey	Joey	False		Same speaker appears on both sides within the same scene.				present	char_tracker_stage05	joey	present			high	
18	140	295.85	302.05	Yeah, you can get up whenever you want, watch TV all day, meet tons of women in acting class.	Joey	high	scene_context_bridge	0.88	dialogue	True	False	Joey | Carol | Ross | The Casting Director	Joey	Joey	False		Same speaker appears on both sides within the same scene.				present	char_tracker_stage05	joey	present			high	
18	141	304.05	304.81	Who am I kidding?	Joey	high	scene_context_bridge	0.88	dialogue	True	False	Joey | Carol | Ross | The Casting Director	Joey	Joey	False		Same speaker appears on both sides within the same scene.				present	char_tracker_stage05	joey	present			high	
18	142	304.81	305.77	I can't talk you out of this.	Joey	high	scene_context_bridge	0.88	dialogue	True	False	Joey | Carol | Ross | The Casting Director	Joey	Joey	False		Same speaker appears on both sides within the same scene.				present	char_tracker_stage05	joey	present			high	
18	143	305.77	306.69	It's a great life.	Joey	high	scene_context_bridge	0.88	dialogue	True	False	Joey | Carol | Ross | The Casting Director	Joey	Joey	False		Same speaker appears on both sides within the same scene.				present	char_tracker_stage05	joey	present			high	
18	144	310.53	316.63	Joey, Ross, Ben.	Joey	high	community_transcript_match	1.0	dialogue	False	True	Joey | Carol | Ross | The Casting Director	Joey	Ross	False		Speaker agrees with available community-transcript mapping.	(angrily) Ross!	Joey	Joey	present	char_tracker_stage05	joey	present	0.5714		high	
18	145	317.99	318.91	I mean, Ben.	Ross	high	qa_review_resolved_ct_support	1.0	dialogue	False	True	Joey | Carol | Ross | The Casting Director	Joey	Ross	True	speaker_no_face	Speaker agrees with available community-transcript mapping. | QA resolved prior review with community-transcript support.	(angrily) Ben! (Pause.) (Happily.) I mean, Ben! Ben!	Ross	Ross	absent	char_tracker_stage05		absent	0.0		medium	speaker_no_face
18	146	318.91	319.35	Ben.	Ross	high	qa_review_resolved_ct_support	1.0	dialogue	False	True	Joey | Carol | Ross | The Casting Director	Ross	The Casting Director	True	speaker_no_face	Speaker agrees with available community-transcript mapping. | QA resolved prior review with community-transcript support.	Ben	Ross	Ross	absent	char_tracker_stage05		absent	0.0		medium	speaker_no_face
18	147	320.63	322.87	Okay, Raymond, Joey, you're up.	The Casting Director	high	community_transcript_match	1.0	dialogue	False	True	Joey | Carol | Ross | The Casting Director	Ross		False		Speaker agrees with available community-transcript mapping.	(entering) Okay, Raymond, Joey you're up.	The Casting Director	The Casting Director	absent	char_tracker_stage05		unobserved			high	
19	148	327.19	329.51	Okay, so here's what.	The Casting Director	high	community_transcript_match	1.0	dialogue	False	True	The Casting Director | Joey		The Casting Director	False		Speaker agrees with available community-transcript mapping.	So here's what	The Casting Director	The Casting Director	partial	char_tracker_stage05		unobserved			high	
19	149	330.71	333.03	Are you sure that I haven't seen you somewhere before?	The Casting Director	high	community_transcript_match	1.0	dialogue	False	True	The Casting Director | Joey	The Casting Director	Joey	False		Speaker agrees with available community-transcript mapping.	Okay. So here's what (looks at Joey)....are-are you sure I haven't seen you somewhere before?	The Casting Director	The Casting Director	present	char_tracker_stage05	joey	unobserved			high	
19	150	333.67	335.35	No, I haven't been in any plays.	Joey	high	community_transcript_match	1.0	dialogue	False	True	The Casting Director | Joey	The Casting Director	The Casting Director	False		Speaker agrees with available community-transcript mapping.	No, I haven't been in any plays.	Joey	Joey	present	char_tracker_stage05	joey	present	1.0		high	
19	151	336.63	339.41	All right, well, let's try one.	The Casting Director	high	community_transcript_match	1.0	dialogue	False	True	The Casting Director | Joey	Joey	The Casting Director	False		Speaker agrees with available community-transcript mapping.	Okay, uh well, let's try one	The Casting Director	The Casting Director	partial	char_tracker_stage05		unobserved			high	
19	152	339.41	340.77	Whenever you guys are ready.	The Casting Director	high	community_transcript_match	1.0	dialogue	False	True	The Casting Director | Joey	The Casting Director	Joey	False		Speaker agrees with available community-transcript mapping.	Okay, uh well, let's try one. Whenever you guys are ready. (Some dude puts down a couple bowls of soup in front of them.)	The Casting Director	The Casting Director	present	char_tracker_stage05	joey	unobserved			high	
19	153	341.97	342.37	Uh.	Joey	high	community_transcript_match	1.0	reaction	False	True	The Casting Director | Joey	The Casting Director	Joey	False		Speaker agrees with available community-transcript mapping.	uh	Joey	Joey	present	char_tracker_stage05	joey	present	1.0		high	
19	154	342.37	342.85	Oh.	Joey	high	community_transcript_match	1.0	reaction	False	True	The Casting Director | Joey	Joey	The Casting Director	False		Speaker agrees with available community-transcript mapping.	Uh-oh.	Joey	Joey	present	char_tracker_stage05	joey	present	1.0		high	
19	155	343.01	343.89	Is there a problem?	The Casting Director	high	community_transcript_match	1.0	dialogue	False	True	The Casting Director | Joey	Joey	Joey	False		Speaker agrees with available community-transcript mapping.	Is there a problem?	The Casting Director	The Casting Director	present	char_tracker_stage05	joey	unobserved			high	
19	156	344.37	349.57	Well, this is noodle soup, and I've been working with tomato, but it's okay.	Joey	high	community_transcript_match	1.0	dialogue	False	True	The Casting Director | Joey	The Casting Director	Joey	False		Speaker agrees with available community-transcript mapping.	Well this is noodle soup and uh, I've been working with tomato. But that's okay, no problem. No problem. Hmm, noodle soup.	Joey	Joey	present	char_tracker_stage05	joey	present	1.0		high	
19	157	349.57	350.13	No problem.	Joey	high	community_transcript_match	1.0	dialogue	False	True	The Casting Director | Joey	Joey	Joey	False		Speaker agrees with available community-transcript mapping.	But that's okay, no problem	Joey	Joey	present	char_tracker_stage05	joey	present	1.0		high	
19	158	350.13	350.77	No problem.	Joey	high	community_transcript_match	1.0	dialogue	False	True	The Casting Director | Joey	Joey	Joey	False		Speaker agrees with available community-transcript mapping.	No problem	Joey	Joey	present	char_tracker_stage05	joey	present	1.0		high	
19	159	350.93	351.57	Mmm.	Joey	medium	visual_disambiguation	0.74	dialogue	True	False	The Casting Director | Joey	Joey	Joey	False		Only one of the two text-context candidates was visually present in the window.				present	char_tracker_stage05	joey	present			medium	
19	160	351.57	352.61	Noodle soup.	Joey	medium	visual_disambiguation	0.74	dialogue	True	False	The Casting Director | Joey	Joey	The Casting Director	False		Only one of the two text-context candidates was visually present in the window.				present	char_tracker_stage05	joey	present			medium	
19	161	353.25	353.93	You know, that's.	The Casting Director	high	community_transcript_match	1.0	dialogue	False	True	The Casting Director | Joey	Joey	The Casting Director	False		Speaker agrees with available community-transcript mapping.	y'know that's	The Casting Director	The Casting Director	present	char_tracker_stage05	joey	unobserved			high	
19	162	353.93	354.53	That's fine.	The Casting Director	high	community_transcript_match	1.0	dialogue	False	True	The Casting Director | Joey	The Casting Director	The Casting Director	False		Speaker agrees with available community-transcript mapping.	y'know that's that's fine	The Casting Director	The Casting Director	present	char_tracker_stage05	joey	unobserved			high	
19	163	354.53	356.77	But the line is, mm, soup.	The Casting Director	high	community_transcript_match	1.0	dialogue	False	True	The Casting Director | Joey	The Casting Director	Joey	False		Speaker agrees with available community-transcript mapping.	"Y'know, that's-that's fine, but the line is, ""Hmm, soup."""	The Casting Director	The Casting Director	partial	char_tracker_stage05		unobserved			high	
19	164	356.85	358.05	Oh, what'd I say?	Joey	high	community_transcript_match	1.0	dialogue	False	True	The Casting Director | Joey	The Casting Director	The Casting Director	False		Speaker agrees with available community-transcript mapping.	Oh, what did I say?	Joey	Joey	present	char_tracker_stage05	joey	present	1.0		high	
19	165	358.29	359.89	Mm, noodle soup.	The Casting Director	high	community_transcript_match	1.0	dialogue	False	True	The Casting Director | Joey	Joey	Joey	False		Speaker agrees with available community-transcript mapping.	Hmm, noodle soup.	The Casting Director	The Casting Director	present	char_tracker_stage05	joey	unobserved			high	
19	166	362.13	362.93	How's that different?	Joey	high	community_transcript_match	1.0	dialogue	False	True	The Casting Director | Joey	The Casting Director	Joey	False		Speaker agrees with available community-transcript mapping.	How's that different? (She looks at him until he gets it.) Oh! Yeah!	Joey	Joey	present	char_tracker_stage05	joey	present	1.0		high	
19	167	366.87	368.07	Oh, yeah.	Joey	high	community_transcript_match	1.0	dialogue	False	True	The Casting Director | Joey	Joey	The Casting Director	False		Speaker agrees with available community-transcript mapping.	Oh	Joey	Joey	present	char_tracker_stage05	joey	present	0.6667		high	
19	168	369.83	371.99	All right, let's try one.	The Casting Director	high	community_transcript_match	1.0	dialogue	False	True	The Casting Director | Joey	Joey	The Casting Director	False		Speaker agrees with available community-transcript mapping.	All right, let's try one.	The Casting Director	The Casting Director	partial	char_tracker_stage05		unobserved			high	
19	169	375.83	376.55	Mmm.	The Casting Director	medium	scene_context_inference	0.68	dialogue	True	False	The Casting Director | Joey	The Casting Director		True	scene_end_short_utterance	Filled from previous same-scene context.				present	char_tracker_stage05	joey	unobserved			medium	
20	170	376.95	377.99	Noodle soup.	Joey	high	community_transcript_match	1.0	dialogue	False	True	Joey | The Casting Director		The Casting Director	False		Speaker agrees with available community-transcript mapping.	Hmm, noodle soup.	Joey	Joey	present	char_tracker_stage05	joey	present	1.0		high	
20	171	381.99	384.23	Okay, let's do it again.	The Casting Director	high	community_transcript_match	1.0	dialogue	False	True	Joey | The Casting Director	Joey	Joey	False		Speaker agrees with available community-transcript mapping.	Okay. Let's do it again.	The Casting Director	The Casting Director	present	char_tracker_stage05	joey	unobserved			high	
20	172	384.23	384.87	Okay.	Joey	high	community_transcript_match	1.0	dialogue	False	True	Joey | The Casting Director	The Casting Director		False		Speaker agrees with available community-transcript mapping.	Okay.	Joey	Joey	present	char_tracker_stage05	joey	present	1.0		high	
21	173	388.47	390.47	Mmm, soup.	Joey	high	community_transcript_match	1.0	dialogue	False	True	Joey | The Casting Director		Joey	False		Speaker agrees with available community-transcript mapping.	Hmm, soup	Joey	Joey	present	char_tracker_stage05	joey	present	1.0		high	
21	174	390.79	391.99	I mean, noodle soup.	Joey	high	community_transcript_match	1.0	dialogue	False	True	Joey | The Casting Director	Joey	Joey	False		Speaker agrees with available community-transcript mapping.	Hmm, soup. (Pause.) I mean, noodle soup. I mean soup!	Joey	Joey	present	char_tracker_stage05	joey	present	1.0		high	
21	175	392.4	393.12	I mean, soup.	Joey	high	community_transcript_match	1.0	dialogue	False	True	Joey | The Casting Director	Joey	The Casting Director	False		Speaker agrees with available community-transcript mapping.	I mean soup	Joey	Joey	present	char_tracker_stage05	joey	present	1.0		high	
21	176	397.12	397.84	You know what?	The Casting Director	high	community_transcript_match	1.0	dialogue	False	True	Joey | The Casting Director	Joey	The Casting Director	False		Speaker agrees with available community-transcript mapping.	Y'know what	The Casting Director	The Casting Director	absent	char_tracker_stage05		unobserved			high	
21	177	398.08	399.2	We need to move on.	The Casting Director	high	community_transcript_match	1.0	dialogue	False	True	Joey | The Casting Director	The Casting Director	Joey	False		Speaker agrees with available community-transcript mapping.	Y'know what? We need to move on.	The Casting Director	The Casting Director	present	char_tracker_stage05	joey	unobserved			high	
21	178	399.28	400.0	Oh, no.	Joey	high	community_transcript_match	1.0	dialogue	False	True	Joey | The Casting Director	The Casting Director	Joey	False		Speaker agrees with available community-transcript mapping.	No	Joey	Joey	present	char_tracker_stage05	joey	present	1.0		high	
21	179	400.08	401.08	I could do it one more time.	Joey	high	community_transcript_match	1.0	dialogue	False	True	Joey | The Casting Director	Joey	Joey	False		Speaker agrees with available community-transcript mapping.	No! No! I-I can do it one more time! See? Look! (Eats another spoonful) Hmm, noodle soup. Damnit! (Storms out.)	Joey	Joey	present	char_tracker_stage05	joey	present	1.0		high	
21	180	401.08	401.6	I see.	Joey	high	community_transcript_match	1.0	dialogue	False	True	Joey | The Casting Director	Joey	Joey	False		Speaker agrees with available community-transcript mapping.	See	Joey	Joey	present	char_tracker_stage05	joey	present	1.0		high	
21	181	401.92	402.32	Look.	Joey	high	community_transcript_match	1.0	dialogue	False	True	Joey | The Casting Director	Joey	Joey	False		Speaker agrees with available community-transcript mapping.	Look	Joey	Joey	present	char_tracker_stage05	joey	present	1.0		high	
21	182	402.8	403.44	Mmm.	Joey	high	qa_review_resolved_bridge	0.9	dialogue	True	False	Joey | The Casting Director	Joey	Joey	False		Filled from previous same-scene context. | QA resolved prior review by same-speaker bridge.				present	char_tracker_stage05	joey	present			high	
21	183	404.0	404.96	Noodle soup.	Joey	high	qa_review_resolved_bridge	0.9	dialogue	True	False	Joey | The Casting Director	Joey	Joey	False		Filled from previous same-scene context. | QA resolved prior review by same-speaker bridge.				present	char_tracker_stage05	joey	present			high	
21	184	405.28	406.0	Damn it.	Joey	medium	scene_context_inference	0.68	dialogue	True	False	Joey | The Casting Director	Joey		True	scene_end_short_utterance	Filled from previous same-scene context.				present	char_tracker_stage05	joey	present			medium	
22	185	410.56	414.16	So I think that if we get these samples into the magazine by Monday, we're gonna be fine.	Rachel	high	qa_review_resolved_ct_support	1.0	dialogue	False	True	Rachel | Kim | Nancy		Kim	True	speaker_no_face	Speaker agrees with available community-transcript mapping. | QA resolved prior review with community-transcript support.	So I think that if we get these samples into the magazine by Monday, we'll be fine.	Rachel	Rachel	absent	char_tracker_stage05		absent	0.0		medium	speaker_no_face
22	186	414.16	414.88	Sounds good.	Kim	medium	short_turn_alternation	0.7	dialogue	True	False	Rachel | Kim | Nancy	Rachel	Kim	True	short_utterance_between_two_speakers	Short utterance inferred from local turn alternation.				absent	char_tracker_stage05		unobserved			medium	
22	187	414.88	415.36	Yeah.	Kim	high	scene_context_bridge	0.88	dialogue	True	False	Rachel | Kim | Nancy	Kim	Kim	False		Same speaker appears on both sides within the same scene.				absent	char_tracker_stage05		unobserved			high	
22	188	415.52	416.64	So, Rach, how you Doing?	Kim	high	community_transcript_match	1.0	dialogue	False	True	Rachel | Kim | Nancy	Kim	Rachel	False		Speaker agrees with available community-transcript mapping.	Sounds good. So, Rach, how you doing?	Kim	Kim	present	char_tracker_stage05	rachel	unobserved			high	
22	189	416.88	417.52	I'm great.	Rachel	high	community_transcript_match	1.0	dialogue	False	True	Rachel | Kim | Nancy	Kim	Kim	False		Speaker agrees with available community-transcript mapping.	I'm great!	Rachel	Rachel	present	char_tracker_stage05	rachel	present	1.0		high	
22	190	418.24	419.6	No, with the not smoking thing.	Kim	high	community_transcript_match	1.0	dialogue	False	True	Rachel | Kim | Nancy	Rachel	Rachel	False		Speaker agrees with available community-transcript mapping.	No, with the not-smoking thing.	Kim	Kim	present	char_tracker_stage05	rachel	unobserved			high	
22	191	419.84	423.44	Oh, well, kill me now.	Rachel	medium	visual_disambiguation	0.74	dialogue	True	False	Rachel | Kim | Nancy	Kim	Rachel	False		Only one of the two text-context candidates was visually present in the window.				present	char_tracker_stage05	rachel	present			medium	
22	192	423.44	424.4	Let me tell you something.	Rachel	high	scene_context_bridge	0.88	dialogue	True	False	Rachel | Kim | Nancy	Rachel	Rachel	False		Same speaker appears on both sides within the same scene.				present	char_tracker_stage05	rachel	present			high	
22	193	424.88	427.48	I ate 40 malamars today.	Rachel	high	scene_context_bridge	0.88	dialogue	True	False	Rachel | Kim | Nancy	Rachel	Rachel	False		Same speaker appears on both sides within the same scene.				present	char_tracker_stage05	rachel	present			high	
22	194	427.48	433.04	I mean, I have patches all over my body, you know, I mean, I haven't slept in two days.	Rachel	high	community_transcript_match	1.0	dialogue	False	True	Rachel | Kim | Nancy	Rachel	Kim	False		Speaker agrees with available community-transcript mapping.	Oh....well...kill... me now. Let me tell you something, I ate 40 Mallomars today. I mean, I have-I have patches all over my body, you know? I mean, I haven't slept in two days.	Rachel	Rachel	present	char_tracker_stage05	rachel	present	1.0		high	
22	195	433.12	434.16	We quit yesterday.	Kim	high	community_transcript_match	1.0	dialogue	False	True	Rachel | Kim | Nancy	Rachel	Rachel	False		Speaker agrees with available community-transcript mapping.	We quit yesterday.	Kim	Kim	present	char_tracker_stage05	rachel	unobserved			high	
22	196	435.76	437.2	That's counting today.	Rachel	high	community_transcript_match	1.0	dialogue	False	True	Rachel | Kim | Nancy	Kim	Rachel	False		Speaker agrees with available community-transcript mapping.	That's counting today	Rachel	Rachel	present	char_tracker_stage05	rachel	present	1.0		high	
22	197	439.12	441.92	But anyway, so these samples, I think that like I was saying.	Rachel	high	community_transcript_match	1.0	dialogue	False	True	Rachel | Kim | Nancy	Rachel	Rachel	False		Speaker agrees with available community-transcript mapping.	(quickly thinks) That's counting today. (picking up a folder) But anyway, so these samples, I think, that, like I was saying....	Rachel	Rachel	present	char_tracker_stage05	rachel	present	1.0		high	
22	198	441.92	442.64	Oh my God.	Rachel	medium	visual_disambiguation	0.74	dialogue	True	False	Rachel | Kim | Nancy	Rachel	Nancy	False		Only one of the two text-context candidates was visually present in the window.				present	char_tracker_stage05	rachel	present			medium	
22	199	443.28	444.28	Oh, I'm so sorry.	Nancy	high	community_transcript_match	1.0	dialogue	False	True	Rachel | Kim | Nancy	Rachel	Nancy	False		Speaker agrees with available community-transcript mapping.	i'm so sorry i	Nancy	Nancy	absent	char_tracker_stage05		unobserved			high	
22	200	444.28	444.92	I forgot.	Nancy	high	community_transcript_match	1.0	dialogue	False	True	Rachel | Kim | Nancy	Nancy	Nancy	False		Speaker agrees with available community-transcript mapping.	I'm so sorry, I forgot I	Nancy	Nancy	absent	char_tracker_stage05		unobserved			high	
22	201	444.92	447.64	I. I have to go to the mail room and mail some proofs.	Nancy	high	community_transcript_match	1.0	dialogue	False	True	Rachel | Kim | Nancy	Nancy	Kim	False		Speaker agrees with available community-transcript mapping.	(interrupting) Oh my god. I'm so sorry, I forgot I...I have to go the mailroom and mail some proofs.	Nancy	Nancy	absent	char_tracker_stage05		unobserved			high	
22	202	447.64	448.56	Oh, well, go ahead.	Kim	high	community_transcript_match	1.0	dialogue	False	True	Rachel | Kim | Nancy	Nancy	Kim	False		Speaker agrees with available community-transcript mapping.	Go ahead	Kim	Kim	absent	char_tracker_stage05		unobserved			high	
22	203	448.64	451.28	Rachel and I will just sit here and keep brainstorming.	Kim	high	community_transcript_match	1.0	dialogue	False	True	Rachel | Kim | Nancy	Kim		False		Speaker agrees with available community-transcript mapping.	Go ahead. Rachel and I will just sit here and keep brainstorming.	Kim	Kim	absent	char_tracker_stage05		unobserved			high	
23	204	452.88	455.16	Also, Vogue called and they were wondering if you were.	Rachel	high	community_transcript_match	1.0	dialogue	False	True	Rachel | Kim		Kim	False		Speaker agrees with available community-transcript mapping.	Umm, also Vogue called. And they were wondering if you were...	Rachel	Rachel	present	char_tracker_stage05	rachel	present	0.75		high	
23	205	455.16	455.52	You know what?	Kim	low	scene_context_inference	0.58	dialogue	True	False	Rachel | Kim	Rachel	Kim	True	two_sided_context_ambiguous | low_speaker_confidence	No direct transcript match; weak local context only.				absent	char_tracker_stage05		unobserved			low	low_speaker_confidence
23	206	455.52	455.92	You know what?	Kim	high	community_transcript_match	1.0	dialogue	False	True	Rachel | Kim	Kim	Kim	False		Speaker agrees with available community-transcript mapping.	You know what	Kim	Kim	absent	char_tracker_stage05		unobserved			high	
23	207	456.08	457.08	I'm a little hungry.	Kim	high	community_transcript_match	1.0	dialogue	False	True	Rachel | Kim	Kim	Kim	False		Speaker agrees with available community-transcript mapping.	I'm a little hungry	Kim	Kim	absent	char_tracker_stage05		unobserved			high	
23	208	457.08	459.2	I'm just gonna run down to the vending machines.	Kim	high	community_transcript_match	1.0	dialogue	False	True	Rachel | Kim	Kim	Rachel	False		Speaker agrees with available community-transcript mapping.	(interrupts) You know what? I'm a little hungry. I'm just gonna run down to the vending machines.	Kim	Kim	partial	char_tracker_stage05		unobserved			high	
23	209	459.28	460.32	Oh, all right.	Rachel	high	community_transcript_match	1.0	dialogue	False	True	Rachel | Kim	Kim	Rachel	False		Speaker agrees with available community-transcript mapping.	Oh, umm, all right. (Kim leaves.) (looking through the papers) A...ahhh...(realizes something about Nancy and Kim)	Rachel	Rachel	present	char_tracker_stage05	rachel	present	1.0		high	
23	210	462.08	462.72	Okay.	Rachel	high	qa_review_resolved_bridge	0.9	dialogue	True	False	Rachel | Kim	Rachel	Rachel	True	speaker_no_face	Filled from previous same-scene context. | QA resolved prior review by same-speaker bridge.				absent	char_tracker_stage05		absent			medium	speaker_no_face
23	211	463.44	465.44	Huh huh huh.	Rachel	medium	scene_context_inference	0.68	dialogue	True	False	Rachel | Kim	Rachel		True	medium_confidence_context_fill	Filled from previous same-scene context.				present	char_tracker_stage05	rachel	present			medium	
24	212	469.04	470.36	Hey, uh.	Rachel	high	community_transcript_match	1.0	dialogue	False	True	Rachel | Kim | Nancy | Phoebe		Rachel	False		Speaker agrees with available community-transcript mapping.	Hey! Hey-hey-hey!!	Rachel	Rachel	present	char_tracker_stage05	rachel	present	1.0		high	
24	213	470.36	474.12	Oh, come on you guys.	Rachel	high	community_transcript_match	1.0	dialogue	False	True	Rachel | Kim | Nancy | Phoebe	Rachel	Rachel	False		Speaker agrees with available community-transcript mapping.	Come on you guys	Rachel	Rachel	present	char_tracker_stage05	rachel	present	1.0		high	
24	214	474.12	474.91	What are you doing?	Rachel	high	community_transcript_match	1.0	dialogue	False	True	Rachel | Kim | Nancy | Phoebe	Rachel	Rachel	False		Speaker agrees with available community-transcript mapping.	What are doing	Rachel	Rachel	present	char_tracker_stage05	rachel	present	1.0		high	
24	215	475.54	477.3	I thought we were the Patch sisters.	Rachel	high	community_transcript_match	1.0	dialogue	False	True	Rachel | Kim | Nancy | Phoebe	Rachel	Kim	False		Speaker agrees with available community-transcript mapping.	Come on you guys! What are doing?! I thought we were the patch sisters!	Rachel	Rachel	present	char_tracker_stage05	rachel	present	1.0		high	
24	216	477.3	478.58	Yeah, that didn't work out.	Kim	high	community_transcript_match	1.0	dialogue	False	True	Rachel | Kim | Nancy | Phoebe	Rachel	Rachel	False		Speaker agrees with available community-transcript mapping.	Yeah. That didn't work out.	Kim	Kim	present	char_tracker_stage05	rachel	unobserved			high	
24	217	479.46	480.18	But wait a minute.	Rachel	high	community_transcript_match	1.0	dialogue	False	True	Rachel | Kim | Nancy | Phoebe	Kim	Rachel	False		Speaker agrees with available community-transcript mapping.	Well, w-wait a minute	Rachel	Rachel	present	char_tracker_stage05	rachel	present	1.0		high	
24	218	480.18	481.54	What about all we talked about?	Rachel	high	community_transcript_match	1.0	dialogue	False	True	Rachel | Kim | Nancy | Phoebe	Rachel	Rachel	False		Speaker agrees with available community-transcript mapping.	What-what about all we've talked about	Rachel	Rachel	present	char_tracker_stage05	rachel	present	1.0		high	
24	219	481.78	484.82	You know, the disgusting place, the ugly people.	Rachel	high	community_transcript_match	1.0	dialogue	False	True	Rachel | Kim | Nancy | Phoebe	Rachel	Rachel	False		Speaker agrees with available community-transcript mapping.	Well, w-wait a minute. What-what about all we've talked about? You know, the disgusting place, the ugly people! (looks at some guy) Hey how you doing? (grabs his arm but he sarcastically nods and smiles)	Rachel	Rachel	present	char_tracker_stage05	rachel	present	1.0		high	
24	220	487.94	488.98	Hey, how you doing?	Rachel	high	community_transcript_match	1.0	dialogue	False	True	Rachel | Kim | Nancy | Phoebe	Rachel	Nancy	False		Speaker agrees with available community-transcript mapping.	Hey how you doing	Rachel	Rachel	present	char_tracker_stage05	rachel	present	1.0		high	
24	221	492.42	495.3	Rachel, we tried to quit, but it was too hard.	Nancy	high	community_transcript_match	1.0	dialogue	False	True	Rachel | Kim | Nancy | Phoebe	Rachel	Rachel	False		Speaker agrees with available community-transcript mapping.	Rachel we tried to quit, but it was too hard!	Nancy	Nancy	partial	char_tracker_stage05		unobserved			high	
24	222	495.7	499.46	Well, you know, if you started smoking again, you could have at least told me.	Rachel	high	community_transcript_match	1.0	dialogue	False	True	Rachel | Kim | Nancy | Phoebe	Nancy	Rachel	False		Speaker agrees with available community-transcript mapping.	Well y'know if you, if you started smoking again you could've at least told me! Come on, give me one of those! What are we talking about?	Rachel	Rachel	present	char_tracker_stage05	rachel	present	1.0		high	
24	223	499.46	500.58	Come on, give me one of those.	Rachel	high	community_transcript_match	1.0	dialogue	False	True	Rachel | Kim | Nancy | Phoebe	Rachel	Rachel	False		Speaker agrees with available community-transcript mapping.	Come on, give me one of those	Rachel	Rachel	present	char_tracker_stage05	rachel	present	1.0		high	
24	224	500.58	501.42	What are we talking about?	Rachel	high	community_transcript_match	1.0	dialogue	False	True	Rachel | Kim | Nancy | Phoebe	Rachel	Kim	False		Speaker agrees with available community-transcript mapping.	What are we talking about	Rachel	Rachel	present	char_tracker_stage05	rachel	present	1.0		high	
24	225	501.42	502.89	No, no, you're doing great.	Kim	high	community_transcript_match	1.0	dialogue	False	True	Rachel | Kim | Nancy | Phoebe	Rachel	Kim	False		Speaker agrees with available community-transcript mapping.	no no you're doing great and we're	Kim	Kim	present	char_tracker_stage05	rachel	unobserved			high	
24	226	502.89	503.77	Don't you give up.	Kim	high	community_transcript_match	1.0	dialogue	False	True	Rachel | Kim | Nancy | Phoebe	Kim	Kim	False		Speaker agrees with available community-transcript mapping.	no no you're doing great don't you give up and we're	Kim	Kim	present	char_tracker_stage05	rachel	unobserved			high	
24	227	503.85	504.93	That's why we didn't tell you.	Kim	high	community_transcript_match	1.0	dialogue	False	True	Rachel | Kim | Nancy | Phoebe	Kim	Kim	False		Speaker agrees with available community-transcript mapping.	no no you're doing great don't you give up that's why we didn't tell you and we're	Kim	Kim	absent	char_tracker_stage05		unobserved			high	
24	228	504.93	506.73	And we are not gonna drag you down with us.	Kim	high	community_transcript_match	1.0	dialogue	False	True	Rachel | Kim | Nancy | Phoebe	Kim	Rachel	False		Speaker agrees with available community-transcript mapping.	No. No! You're doing great! Don’t you give up! That's why we didn't tell you and we're not gonna drag you down with us.	Kim	Kim	absent	char_tracker_stage05		unobserved			high	
24	229	506.73	507.57	Oh, wait, no, no, no.	Rachel	high	qa_review_resolved_ct_support	1.0	dialogue	False	True	Rachel | Kim | Nancy | Phoebe	Kim	Rachel	True	speaker_no_face	Speaker agrees with available community-transcript mapping. | QA resolved prior review with community-transcript support.	oh wait no no no	Rachel	Rachel	absent	char_tracker_stage05		absent	0.0		medium	speaker_no_face
24	230	507.57	508.97	Drag me down, drag me down.	Rachel	high	qa_review_resolved_ct_support	1.0	dialogue	False	True	Rachel | Kim | Nancy | Phoebe	Rachel	Kim	True	speaker_no_face	Speaker agrees with available community-transcript mapping. | QA resolved prior review with community-transcript support.	Oh wait, no-no-no! Drag me down. Drag-drag me down.	Rachel	Rachel	absent	char_tracker_stage05		absent	0.0		medium	speaker_no_face
24	231	509.37	509.97	Forget it.	Kim	high	community_transcript_match	1.0	dialogue	False	True	Rachel | Kim | Nancy | Phoebe	Rachel	Kim	False		Speaker agrees with available community-transcript mapping.	Forget it Rachel	Kim	Kim	absent	char_tracker_stage05		unobserved			high	
24	232	509.97	512.33	Rachel, we're both so proud of how well you're doing.	Kim	high	community_transcript_match	1.0	dialogue	False	True	Rachel | Kim | Nancy | Phoebe	Kim	Kim	False		Speaker agrees with available community-transcript mapping.	We're both so proud of how well you're doing	Kim	Kim	absent	char_tracker_stage05		unobserved			high	
24	233	512.33	513.53	I'm not gonna let you blow it.	Kim	high	community_transcript_match	1.0	dialogue	False	True	Rachel | Kim | Nancy | Phoebe	Kim	Kim	False		Speaker agrees with available community-transcript mapping.	I'm not gonna let you blow it	Kim	Kim	absent	char_tracker_stage05		unobserved			high	
24	234	513.53	515.89	In fact, if I catch you with a cigarette, you're fired.	Kim	high	community_transcript_match	1.0	dialogue	False	True	Rachel | Kim | Nancy | Phoebe	Kim	Kim	False		Speaker agrees with available community-transcript mapping.	Forget it Rachel! We're both so proud of how well you're doing. I'm not gonna let you blow it. In fact, if I catch you with a cigarette, you're fired. So go on, get out of here! Go on, I don't want you breathing this stuff! Go on!	Kim	Kim	absent	char_tracker_stage05		unobserved			high	
24	235	515.89	516.73	So go on, get out of here.	Kim	high	community_transcript_match	1.0	dialogue	False	True	Rachel | Kim | Nancy | Phoebe	Kim	Kim	False		Speaker agrees with available community-transcript mapping.	So go on, get out of here	Kim	Kim	absent	char_tracker_stage05		unobserved			high	
24	236	516.73	517.09	Go on.	Kim	high	community_transcript_match	1.0	dialogue	False	True	Rachel | Kim | Nancy | Phoebe	Kim	Kim	False		Speaker agrees with available community-transcript mapping.	Go on, I don't want you breathing this stuff	Kim	Kim	present	char_tracker_stage05	rachel	unobserved			high	
24	237	517.09	518.25	I don't want you breathing this stuff.	Kim	high	community_transcript_match	1.0	dialogue	False	True	Rachel | Kim | Nancy | Phoebe	Kim	Kim	False		Speaker agrees with available community-transcript mapping.	i don't want you breathing this stuff	Kim	Kim	present	char_tracker_stage05	rachel	unobserved			high	
24	238	518.25	518.65	Gone.	Kim	high	scene_context_bridge	0.88	dialogue	True	False	Rachel | Kim | Nancy | Phoebe	Kim	Kim	False		Same speaker appears on both sides within the same scene.				present	char_tracker_stage05	rachel	unobserved			high	
24	239	519.77	522.73	So, ok, so you'll come with me on the Paris trip?	Kim	high	community_transcript_match	1.0	dialogue	False	True	Rachel | Kim | Nancy | Phoebe	Kim	Rachel	False		Speaker agrees with available community-transcript mapping.	(to Nancy) So, okay! So you'll come with me on the Paris trip.	Kim	Kim	present	char_tracker_stage05	rachel	unobserved			high	
24	240	522.89	523.77	Oh man.	Rachel	high	community_transcript_match	1.0	dialogue	False	True	Rachel | Kim | Nancy | Phoebe	Kim	Phoebe	False		Speaker agrees with available community-transcript mapping.	(hearing that) Oh man!	Rachel	Rachel	present	char_tracker_stage05	rachel	present	1.0		high	
24	241	529.29	530.33	Hey, check it out.	Phoebe	low	scene_context_inference	0.58	dialogue	True	False	Rachel | Kim | Nancy | Phoebe	Rachel	Phoebe	True	two_sided_context_ambiguous | speaker_offscreen	No direct transcript match; weak local context only.				present	char_tracker_stage05	chandler	absent			low	speaker_offscreen
24	242	530.97	533.61	Cup hat, cup banner, cup ch.	Phoebe	high	qa_review_resolved_ct_support	1.0	dialogue	False	True	Rachel | Kim | Nancy | Phoebe	Phoebe		True	speaker_offscreen	Speaker agrees with available community-transcript mapping. | QA resolved prior review with community-transcript support.	check it out cup hat cup banner cup chandelier and the cup	Phoebe	Phoebe	present	char_tracker_stage05	chandler	absent	0.25		low	speaker_offscreen
25	243	534.31	535.35	The thing that started it all.	Phoebe	high	community_transcript_match	1.0	dialogue	False	True	Phoebe | Chandler | Monica		Phoebe	False		Speaker agrees with available community-transcript mapping.	(To Chandler) Check it out! Cup hat! (Points to her hat.) Cup banner! Cup chandelier! And the thing that started it all, the cup! (Holds up one.)	Phoebe	Phoebe	present	char_tracker_stage05	phoebe	present	1.0		high	
25	244	535.35	535.99	The cup.	Phoebe	medium	visual_disambiguation	0.74	dialogue	True	False	Phoebe | Chandler | Monica	Phoebe	Chandler	False		Only one of the two text-context candidates was visually present in the window.				present	char_tracker_stage05	phoebe	present			medium	
25	245	537.83	539.15	Great job with the cups.	Chandler	high	community_transcript_match	1.0	dialogue	False	True	Phoebe | Chandler | Monica	Phoebe	Monica	False		Speaker agrees with available community-transcript mapping.	Great job with the cups, Pheebs!	Chandler	Chandler	present	char_tracker_stage05	chandler|phoebe	present	0.6667		high	
25	246	539.15	542.71	Pheebs, why don't you just go out with her?	Monica	high	community_transcript_match	1.0	dialogue	False	True	Phoebe | Chandler | Monica	Chandler	Monica	False		Speaker agrees with available community-transcript mapping.	(overhearing that) Why don't you just go out with her!	Monica	Monica	present	char_tracker_stage05	chandler|monica|phoebe	present	0.75		high	
25	247	545.35	546.87	And did you notice the ice?	Monica	medium	scene_context_inference	0.7100000000000001	dialogue	True	False	Phoebe | Chandler | Monica	Monica		True	medium_confidence_context_fill | speaker_no_face	Continuation-style opener favors previous speaker within the same scene.				absent	char_tracker_stage05		absent			medium	speaker_no_face
26	248	546.87	548.11	Look, we have it all.	Phoebe	high	community_transcript_match	1.0	dialogue	False	True	Phoebe | Monica | Chandler		Phoebe	False		Speaker agrees with available community-transcript mapping.	We have it all	Phoebe	Phoebe	present	char_tracker_stage05	phoebe	present	0.6667		high	
26	249	548.11	551.35	We have crushed, cubed and dry.	Phoebe	high	community_transcript_match	1.0	dialogue	False	True	Phoebe | Monica | Chandler	Phoebe	Phoebe	False		Speaker agrees with available community-transcript mapping.	(following him) And did you notice the ice? (Gestures to 3 huge buckets of ice on the table.) Look! We have it all! We have crushed! Cubed! And dry! Watch! (Pours some water onto the dry ice, causing it to evaporate/smoke.) Ahhh! Mystical!	Phoebe	Phoebe	present	char_tracker_stage05	chandler|phoebe	present	1.0		high	
26	250	551.51	551.91	Watch.	Phoebe	medium	visual_disambiguation	0.74	dialogue	True	False	Phoebe | Monica | Chandler	Phoebe	Phoebe	False		Only one of the two text-context candidates was visually present in the window.				present	char_tracker_stage05	chandler|phoebe	present			medium	
26	251	552.15	555.51	Ah, Mystic Oat.	Phoebe	medium	visual_disambiguation	0.74	dialogue	True	False	Phoebe | Monica | Chandler	Phoebe	Monica	False		Only one of the two text-context candidates was visually present in the window.				present	char_tracker_stage05	chandler|phoebe	present			medium	
26	252	559.91	560.9	I don't want to.	Monica	medium	visual_disambiguation	0.74	dialogue	True	False	Phoebe | Monica | Chandler	Phoebe	Monica	False		Only one of the two text-context candidates was visually present in the window.				present	char_tracker_stage05	chandler|monica	present			medium	
26	253	561.13	562.81	No one's eating my Tuscan finger food.	Monica	high	community_transcript_match	1.0	dialogue	False	True	Phoebe | Monica | Chandler	Monica	Monica	False		Speaker agrees with available community-transcript mapping.	Chandler! Everyone--no one's eating my Tuscan finger food 'cause they're all filling up on Phoebe's snow cones!	Monica	Monica	present	char_tracker_stage05	chandler|monica	present	1.0		high	
26	254	562.81	564.09	Cause they're all filling up on Phoebe.	Monica	high	qa_review_resolved_ct_support	1.0	dialogue	False	True	Phoebe | Monica | Chandler	Monica	Chandler	True	speaker_offscreen	Speaker agrees with available community-transcript mapping. | QA resolved prior review with community-transcript support.	chandler everyone 'cause they're all filling up on phoebe's snow cones	Monica	Monica	present	char_tracker_stage05	chandler	absent	0.3333		low	speaker_offscreen
26	255	564.09	564.65	Snow cones.	Chandler	high	community_transcript_match	1.0	dialogue	False	True	Phoebe | Monica | Chandler	Monica	Chandler	False		Speaker agrees with available community-transcript mapping.	snow cones yuck	Chandler	Chandler	present	char_tracker_stage05	chandler	present	1.0		high	
26	256	564.65	565.61	There are snow cones?	Chandler	high	community_transcript_match	1.0	dialogue	False	True	Phoebe | Monica | Chandler	Chandler	Chandler	False		Speaker agrees with available community-transcript mapping.	There are snow cones?! (Monica glares at him.) Snow cones! Yuck!	Chandler	Chandler	present	char_tracker_stage05	chandler|monica	present	1.0		high	
26	257	566.41	567.29	Snow cones.	Chandler	high	community_transcript_match	1.0	dialogue	False	True	Phoebe | Monica | Chandler	Chandler	Chandler	False		Speaker agrees with available community-transcript mapping.	Snow cones	Chandler	Chandler	present	char_tracker_stage05	chandler|monica	present	1.0		high	
26	258	569.77	570.53	You go, go.	Chandler	high	scene_context_bridge	0.88	dialogue	True	False	Phoebe | Monica | Chandler	Chandler	Chandler	False		Same speaker appears on both sides within the same scene.				present	char_tracker_stage05	chandler	present			high	
26	259	570.53	570.89	Thank you.	Chandler	high	community_transcript_match	1.0	dialogue	False	True	Phoebe | Monica | Chandler	Chandler	Monica	False		Speaker agrees with available community-transcript mapping.	Thank you! Thank you! (Runs to the snow cone machine.)	Chandler	Chandler	present	char_tracker_stage05	chandler	present	1.0		high	
26	260	570.89	575.13	Thank you Phoebe.	Monica	high	qa_review_resolved_ct_support	1.0	dialogue	False	True	Phoebe | Monica | Chandler	Chandler	Monica	True	speaker_no_face	Speaker agrees with available community-transcript mapping. | QA resolved prior review with community-transcript support.	Phoebe?	Monica	Monica	partial	char_tracker_stage05		absent	0.1667		medium	speaker_no_face
26	261	576.73	578.25	You really did do a nice job.	Monica	high	community_transcript_match	1.0	dialogue	False	True	Phoebe | Monica | Chandler	Monica	Phoebe	False		Speaker agrees with available community-transcript mapping.	You really did do a nice job.	Monica	Monica	present	char_tracker_stage05	monica	present	1.0		high	
26	262	578.65	580.81	Thank you for stating the obvious.	Phoebe	high	community_transcript_match	1.0	dialogue	False	True	Phoebe | Monica | Chandler	Monica	Monica	False		Speaker agrees with available community-transcript mapping.	Thank you...for stating the obvious.	Phoebe	Phoebe	present	char_tracker_stage05	phoebe	present	1.0		high	
26	263	582.49	583.45	You deserve that.	Monica	high	community_transcript_match	1.0	dialogue	False	True	Phoebe | Monica | Chandler	Phoebe	Monica	False		Speaker agrees with available community-transcript mapping.	I deserve that	Monica	Monica	present	char_tracker_stage05	monica	present	1.0		high	
26	264	584.57	588.17	Just want you to know that we ever co hosted partying together again.	Monica	high	community_transcript_match	1.0	dialogue	False	True	Phoebe | Monica | Chandler	Monica	Monica	False		Speaker agrees with available community-transcript mapping.	I deserve that. I just want you to know that, umm, if we ever cohost a party together again you can do whatever you want.	Monica	Monica	present	char_tracker_stage05	monica	present	1.0		high	
26	265	588.67	589.63	You can do whatever you want.	Monica	high	community_transcript_match	1.0	dialogue	False	True	Phoebe | Monica | Chandler	Monica	Phoebe	False		Speaker agrees with available community-transcript mapping.	i deserve that i you can do whatever you want	Monica	Monica	present	char_tracker_stage05	monica|phoebe	present	1.0		high	
26	266	589.79	591.71	You know, Joey's got a birthday coming up.	Phoebe	high	community_transcript_match	1.0	dialogue	False	True	Phoebe | Monica | Chandler	Monica	Monica	False		Speaker agrees with available community-transcript mapping.	You know, Joey's got a birthday coming up.	Phoebe	Phoebe	present	char_tracker_stage05	monica|phoebe	present	1.0		high	
26	267	591.87	592.27	Really?	Monica	high	community_transcript_match	1.0	dialogue	False	True	Phoebe | Monica | Chandler	Phoebe	Monica	False		Speaker agrees with available community-transcript mapping.	Really? What do you wanna do?	Monica	Monica	present	char_tracker_stage05	monica|phoebe	present	1.0		high	
26	268	592.43	593.31	What do you want to do?	Monica	high	community_transcript_match	1.0	dialogue	False	True	Phoebe | Monica | Chandler	Monica	Phoebe	False		Speaker agrees with available community-transcript mapping.	What do you wanna do	Monica	Monica	present	char_tracker_stage05	monica|phoebe	present	1.0		high	
26	269	593.47	594.27	Um, okay.	Phoebe	high	community_transcript_match	1.0	dialogue	False	True	Phoebe | Monica | Chandler	Monica	Phoebe	False		Speaker agrees with available community-transcript mapping.	umm okay	Phoebe	Phoebe	present	char_tracker_stage05	monica|phoebe	present	1.0		high	
26	270	594.27	595.71	I'd like to be in charge of beer.	Phoebe	high	community_transcript_match	1.0	dialogue	False	True	Phoebe | Monica | Chandler	Phoebe	Monica	False		Speaker agrees with available community-transcript mapping.	Umm, okay, I'd like to be in charge of beer.	Phoebe	Phoebe	present	char_tracker_stage05	monica|phoebe	present	1.0		high	
26	271	595.71	597.23	Well, then there's nothing left for me.	Monica	high	community_transcript_match	1.0	dialogue	False	True	Phoebe | Monica | Chandler	Phoebe		False		Speaker agrees with available community-transcript mapping.	"Well, then there's nothing left for me! (Phoebe motions ""Oh well."")"	Monica	Monica	present	char_tracker_stage05	monica|phoebe	present	1.0		high	
27	272	600.43	601.07	Look, look.	Phoebe	high	qa_review_resolved_ct_support	1.0	dialogue	False	True	Phoebe | All | Rachel | Monica		All	True	speaker_offscreen	Speaker agrees with available community-transcript mapping. | QA resolved prior review with community-transcript support.	(noticing her) Oh, look! Look! Look!	Phoebe	Phoebe	present	char_tracker_stage05	rachel	absent	0.0		low	speaker_offscreen
27	273	601.23	601.75	No ditch.	All	medium	short_turn_alternation	0.7	dialogue	True	False	Phoebe | All | Rachel | Monica	Phoebe	All	True	short_utterance_between_two_speakers	Short utterance inferred from local turn alternation.				present	char_tracker_stage05	rachel	unobserved			medium	
27	274	601.75	602.27	Surprise.	All	high	community_transcript_match	1.0	dialogue	False	True	Phoebe | All | Rachel | Monica	All	Rachel	False		Speaker agrees with available community-transcript mapping.	Surprise!!	All	All	present	char_tracker_stage05	rachel	unobserved			high	
27	275	603.63	604.03	What?	Rachel	high	community_transcript_match	1.0	dialogue	False	True	Phoebe | All | Rachel | Monica	All	Rachel	False		Speaker agrees with available community-transcript mapping.	What	Rachel	Rachel	present	char_tracker_stage05	rachel	present	1.0		high	
27	276	605.31	607.15	My birthday's not for another month.	Rachel	high	community_transcript_match	1.0	dialogue	False	True	Phoebe | All | Rachel | Monica	Rachel	Monica	False		Speaker agrees with available community-transcript mapping.	What?! What?! My birthday's not for another month!	Rachel	Rachel	present	char_tracker_stage05	rachel	present	1.0		high	
27	277	607.63	608.75	That's the surprise.	Monica	high	qa_review_resolved_ct_support	1.0	dialogue	False	True	Phoebe | All | Rachel | Monica	Rachel	Rachel	True	speaker_offscreen	Speaker agrees with available community-transcript mapping. | QA resolved prior review with community-transcript support.	That's the surprise!	Monica	Monica	present	char_tracker_stage05	rachel|ross	absent	0.0		low	speaker_offscreen
27	278	610.99	612.79	Oh, my God, you guys.	Rachel	high	community_transcript_match	1.0	dialogue	False	True	Phoebe | All | Rachel | Monica	Monica	Rachel	False		Speaker agrees with available community-transcript mapping.	Oh my God	Rachel	Rachel	present	char_tracker_stage05	rachel	present	1.0		high	
27	279	612.79	613.79	This is so great.	Rachel	high	community_transcript_match	1.0	dialogue	False	True	Phoebe | All | Rachel | Monica	Rachel	Rachel	False		Speaker agrees with available community-transcript mapping.	You guys this is so great	Rachel	Rachel	present	char_tracker_stage05	monica|rachel	present	1.0		high	
27	280	613.79	615.15	It's so unexpected.	Rachel	high	community_transcript_match	1.0	dialogue	False	True	Phoebe | All | Rachel | Monica	Rachel	Rachel	False		Speaker agrees with available community-transcript mapping.	I mean it's so unexpected	Rachel	Rachel	present	char_tracker_stage05	monica|rachel	present	1.0		high	
27	281	615.23	617.79	I mean, Chandler's birthday's even before mine.	Rachel	high	community_transcript_match	1.0	dialogue	False	True	Phoebe | All | Rachel | Monica	Rachel	Rachel	False		Speaker agrees with available community-transcript mapping.	Oh my God! You guys this is so great! I mean it's so unexpected! I mean Chandler's birthday is even before mine!	Rachel	Rachel	present	char_tracker_stage05	monica|phoebe|rachel|ross	present	1.0		high	
27	282	622.22	622.66	Surprise.	Rachel	medium	scene_context_inference	0.68	dialogue	True	False	Phoebe | All | Rachel | Monica	Rachel		True	scene_end_short_utterance	Filled from previous same-scene context.				present	char_tracker_stage05	monica|phoebe|rachel|ross	present			medium	
28	283	622.66	623.26	Surprise.	All	high	community_transcript_match	1.0	dialogue	False	True	All | Rachel | Phoebe		Rachel	False		Speaker agrees with available community-transcript mapping.	Surprise!	All	All	present	char_tracker_stage05	chandler|monica|phoebe|rachel|ross	unobserved			high	
28	284	626.46	628.7	Wow, this is so great.	Rachel	high	qa_review_resolved_ct_support	1.0	dialogue	False	True	All | Rachel | Phoebe	All	Rachel	True	speaker_no_face	Speaker agrees with available community-transcript mapping. | QA resolved prior review with community-transcript support.	This is great	Rachel	Rachel	partial	char_tracker_stage05		absent	0.0		medium	speaker_no_face
28	285	629.1	631.66	Look at all these cups.	Rachel	high	qa_review_resolved_bridge	1.0	dialogue	False	True	All | Rachel | Phoebe	Rachel	Rachel	True	speaker_no_face	Speaker agrees with available community-transcript mapping. | QA resolved prior review by same-speaker bridge.	Wow! This is great! Look at all these cups! This is so weird.	Rachel	Rachel	absent	char_tracker_stage05		absent	0.0		medium	speaker_no_face
28	286	631.82	633.1	This is so weird.	Rachel	high	community_transcript_match	1.0	dialogue	False	True	All | Rachel | Phoebe	Rachel	Phoebe	False		Speaker agrees with available community-transcript mapping.	This is so weird	Rachel	Rachel	present	char_tracker_stage05	chandler|rachel	present	0.6667		high	
28	287	634.3	635.82	I was in charge of cups.	Phoebe	high	community_transcript_match	1.0	dialogue	False	True	All | Rachel | Phoebe	Rachel	Rachel	False		Speaker agrees with available community-transcript mapping.	I was in charge of cups.	Phoebe	Phoebe	present	char_tracker_stage05	monica|phoebe|ross	present	1.0		high	
28	288	636.14	637.74	Oh, okay, not so weird.	Rachel	high	community_transcript_match	1.0	dialogue	False	True	All | Rachel | Phoebe	Phoebe		False		Speaker agrees with available community-transcript mapping.	Oh, okay, not so weird.	Rachel	Rachel	present	char_tracker_stage05	monica|phoebe|rachel|ross	present	1.0		high	
29	289	639.9	641.98	Chandler, what are you doing?	Monica	high	qa_review_resolved_ct_support	1.0	dialogue	False	True	Monica | Chandler		Chandler	True	speaker_no_face	Speaker agrees with available community-transcript mapping. | QA resolved prior review with community-transcript support.	Chandler, what are you doing?	Monica	Monica	partial	char_tracker_stage05		absent	0.3333		medium	speaker_no_face
29	290	643.26	643.74	Nothing.	Chandler	high	community_transcript_match	1.0	dialogue	False	True	Monica | Chandler	Monica	Monica	False		Speaker agrees with available community-transcript mapping.	Nothing.	Chandler	Chandler	present	char_tracker_stage05	chandler|monica	present	1.0		high	
29	291	645.09	645.81	What's in your hand?	Monica	high	community_transcript_match	1.0	dialogue	False	True	Monica | Chandler	Chandler	Chandler	False		Speaker agrees with available community-transcript mapping.	What's in your hand?	Monica	Monica	present	char_tracker_stage05	chandler|monica	present	1.0		high	
29	292	645.81	646.21	Money.	Chandler	high	community_transcript_match	1.0	dialogue	False	True	Monica | Chandler	Monica	Chandler	False		Speaker agrees with available community-transcript mapping.	Money	Chandler	Chandler	present	char_tracker_stage05	chandler|monica	present	1.0		high	
29	293	646.21	647.49	I'm stealing all the money.	Chandler	high	community_transcript_match	1.0	dialogue	False	True	Monica | Chandler	Chandler	Monica	False		Speaker agrees with available community-transcript mapping.	Money. I'm stealing all the money.	Chandler	Chandler	present	char_tracker_stage05	chandler	present	1.0		high	
29	294	649.81	650.53	Chandler.	Monica	high	community_transcript_match	1.0	dialogue	False	True	Monica | Chandler	Chandler	Chandler	False		Speaker agrees with available community-transcript mapping.	Chandler.	Monica	Monica	present	char_tracker_stage05	chandler|monica	present	1.0		high	
29	295	653.97	655.01	But just one, okay?	Chandler	high	community_transcript_match	1.0	dialogue	False	True	Monica | Chandler	Monica	Chandler	False		Speaker agrees with available community-transcript mapping.	But just one, okay	Chandler	Chandler	present	char_tracker_stage05	chandler|monica	present	1.0		high	
29	296	655.01	656.69	Because nobody knows when my birthday is.	Chandler	high	community_transcript_match	1.0	dialogue	False	True	Monica | Chandler	Chandler	Monica	False		Speaker agrees with available community-transcript mapping.	(puts down Rachel's purse as he is holding a carton of cigarettes from them) But just one, okay? Because nobody knows when my birthday is.	Chandler	Chandler	present	char_tracker_stage05	chandler	present	1.0		high	
29	297	658.21	659.73	Let me make this clear to you, okay?	Monica	high	community_transcript_match	1.0	dialogue	False	True	Monica | Chandler	Chandler	Monica	False		Speaker agrees with available community-transcript mapping.	Let me make this clear to you okay? It's either that (points to the cigarettes) or this (points to her.)	Monica	Monica	present	char_tracker_stage05	monica|ross	present	1.0		high	
29	298	660.13	662.53	It's either that or this.	Monica	high	community_transcript_match	1.0	dialogue	False	True	Monica | Chandler	Monica		False		Speaker agrees with available community-transcript mapping.	It's either that or this	Monica	Monica	present	char_tracker_stage05	monica|ross	present	1.0		high	
30	299	670.26	671.06	They were mental.	Chandler	high	community_transcript_match	1.0	dialogue	False	True	Chandler			False		Speaker agrees with available community-transcript mapping.	They were menthol. (They stop hugging and Monica hits him slightly on the shoulder.)	Chandler	Chandler	present	char_tracker_stage05	chandler	present	1.0		high	
31	300	677.62	678.1	Hey.	Ross	high	qa_review_resolved_ct_support	1.0	dialogue	False	True	Ross | Joey | Chandler		Joey	True	speaker_offscreen	Speaker agrees with available community-transcript mapping. | QA resolved prior review with community-transcript support.	Hey!	Ross	Ross	present	char_tracker_stage05	joey	absent	0.0		low	speaker_offscreen
31	301	678.5	678.98	Hey.	Joey	high	community_transcript_match	1.0	dialogue	False	True	Ross | Joey | Chandler	Ross	Ross	False		Speaker agrees with available community-transcript mapping.	Hey.	Joey	Joey	present	char_tracker_stage05	joey	present	1.0		high	
31	302	679.46	683.06	Listen, man, I'm sorry the audition didn't go well.	Ross	high	community_transcript_match	1.0	dialogue	False	True	Ross | Joey | Chandler	Joey	Joey	False		Speaker agrees with available community-transcript mapping.	Listen man, uh, I'm sorry the audition didn't go so well.	Ross	Ross	present	char_tracker_stage05	joey|ross	present	0.8		high	
31	303	684.02	684.74	Yeah, right.	Joey	high	community_transcript_match	1.0	dialogue	False	True	Ross | Joey | Chandler	Ross	Ross	False		Speaker agrees with available community-transcript mapping.	Yeah right! (Gets up for a refill to his snow cone.)	Joey	Joey	present	char_tracker_stage05	joey	present	1.0		high	
31	304	685.62	686.34	Oh, really?	Ross	medium	short_turn_alternation	0.7	dialogue	True	False	Ross | Joey | Chandler	Joey	Ross	True	short_utterance_between_two_speakers | speaker_no_face	Short utterance inferred from local turn alternation.				absent	char_tracker_stage05		absent			medium	speaker_no_face
31	305	686.74	687.22	I am.	Ross	high	qa_review_resolved_bridge	0.9	dialogue	True	False	Ross | Joey | Chandler	Ross	Ross	True	speaker_no_face	Same speaker appears on both sides within the same scene. | QA resolved prior review by same-speaker bridge.				absent	char_tracker_stage05		absent			medium	speaker_no_face
31	306	687.22	687.66	Joey.	Ross	high	qa_review_resolved_bridge	0.9	dialogue	True	False	Ross | Joey | Chandler	Ross	Ross	True	speaker_no_face	Same speaker appears on both sides within the same scene. | QA resolved prior review by same-speaker bridge.				absent	char_tracker_stage05		absent			medium	speaker_no_face
31	307	687.66	688.42	I feel bad.	Ross	high	qa_review_resolved_ct_support	1.0	dialogue	False	True	Ross | Joey | Chandler	Ross	Joey	True	speaker_offscreen	Speaker agrees with available community-transcript mapping. | QA resolved prior review with community-transcript support.	No really, I-I am! I feel bad!	Ross	Ross	present	char_tracker_stage05	joey	absent	0.0		low	speaker_offscreen
31	308	688.66	691.62	Well, look, Ross, you don't have to, okay?	Joey	medium	name_address_rule	0.74	dialogue	True	False	Ross | Joey | Chandler	Ross	Joey	False		Utterance names the previous speaker, so the next speaker is more likely.				present	char_tracker_stage05	joey	present			medium	
31	309	692.1	693.78	It's not your fault I suck.	Joey	high	scene_context_bridge	0.88	dialogue	True	False	Ross | Joey | Chandler	Joey	Joey	False		Same speaker appears on both sides within the same scene.				present	char_tracker_stage05	joey	present			high	
31	310	693.86	694.18	You know?	Joey	high	scene_context_bridge	0.88	dialogue	True	False	Ross | Joey | Chandler	Joey	Joey	False		Same speaker appears on both sides within the same scene.				present	char_tracker_stage05	joey	present			high	
31	311	694.18	697.13	I mean, what kind of an actor can't even say, mmm, noodle soup?	Joey	high	community_transcript_match	1.0	dialogue	False	True	Ross | Joey | Chandler	Joey	Ross	False		Speaker agrees with available community-transcript mapping.	"Yeah? Well look Ross, you don't have to. Okay? It's not your fault I suck. I mean what kind of an actor can't even say, ""Hmm, noodle soup."" (Nods his head in disgust.)"	Joey	Joey	present	char_tracker_stage05	joey	present	1.0		high	
31	312	702.33	703.21	Hey, you know what?	Ross	low	scene_context_inference	0.58	dialogue	True	False	Ross | Joey | Chandler	Joey	Ross	True	two_sided_context_ambiguous | low_speaker_confidence	No direct transcript match; weak local context only.				present	char_tracker_stage05	joey|ross	present			low	low_speaker_confidence
31	313	703.37	706.49	Maybe you didn't mess up your audition because you suck.	Ross	high	community_transcript_match	1.0	dialogue	False	True	Ross | Joey | Chandler	Ross	Ross	False		Speaker agrees with available community-transcript mapping.	yeah y'know what maybe maybe you didn't mess up your audition because you suck	Ross	Ross	present	char_tracker_stage05	joey|ross	present	1.0		high	
31	314	707.61	712.49	Maybe you messed up because you care more about your godson.	Ross	high	community_transcript_match	1.0	dialogue	False	True	Ross | Joey | Chandler	Ross	Joey	False		Speaker agrees with available community-transcript mapping.	Yeah y'know what? Maybe-maybe you didn't mess up your audition because you suck, maybe you messed up because you care more about uh, your godson.	Ross	Ross	present	char_tracker_stage05	ross	present	1.0		high	
31	315	713.13	713.85	What do you mean?	Joey	high	community_transcript_match	1.0	dialogue	False	True	Ross | Joey | Chandler	Ross	Ross	False		Speaker agrees with available community-transcript mapping.	What you do mean?	Joey	Joey	present	char_tracker_stage05	joey|ross	present	1.0		high	
31	316	714.49	716.29	I think, subconsciously.	Ross	high	community_transcript_match	1.0	dialogue	False	True	Ross | Joey | Chandler	Joey	Joey	False		Speaker agrees with available community-transcript mapping.	I think, sub-consciously…	Ross	Ross	present	char_tracker_stage05	joey|ross	present	1.0		high	
31	317	716.29	717.45	Well, you lost me.	Joey	high	community_transcript_match	1.0	dialogue	False	True	Ross | Joey | Chandler	Ross	Ross	False		Speaker agrees with available community-transcript mapping.	Wait-whoa-whoa, you lost me.	Joey	Joey	present	char_tracker_stage05	joey|ross	present	1.0		high	
31	318	722.82	725.38	I think on some level, you.	Ross	high	community_transcript_match	1.0	dialogue	False	True	Ross | Joey | Chandler	Joey	Ross	False		Speaker agrees with available community-transcript mapping.	i think on some level you	Ross	Ross	present	char_tracker_stage05	ross	present	1.0		high	
31	319	725.38	730.26	You sabotaged your own audition so Ben would get the part.	Ross	high	community_transcript_match	1.0	dialogue	False	True	Ross | Joey | Chandler	Ross	Joey	False		Speaker agrees with available community-transcript mapping.	(pause) I think on some level, you-you sabotaged your own audition so that Ben would get the part.	Ross	Ross	present	char_tracker_stage05	ross	present	1.0		high	
31	320	733.46	735.3	Well, your way sounds a lot better than mine.	Joey	high	community_transcript_match	1.0	dialogue	False	True	Ross | Joey | Chandler	Ross	Joey	False		Speaker agrees with available community-transcript mapping.	Well, you're way sounds a lot better than mine. (Thinks about it.) Yeah. Yeah! It's not that I'm a bad actor…	Joey	Joey	present	char_tracker_stage05	joey	present	1.0		high	
31	321	736.82	737.3	Yeah.	Joey	high	community_transcript_match	1.0	dialogue	False	True	Ross | Joey | Chandler	Joey	Joey	False		Speaker agrees with available community-transcript mapping.	Yeah	Joey	Joey	present	char_tracker_stage05	joey	present	1.0		high	
31	322	738.82	739.26	Yeah.	Joey	high	community_transcript_match	1.0	dialogue	False	True	Ross | Joey | Chandler	Joey	Joey	False		Speaker agrees with available community-transcript mapping.	Yeah	Joey	Joey	present	char_tracker_stage05	joey	present	1.0		high	
31	323	739.26	740.7	It's not that I'm a bad actor.	Joey	high	community_transcript_match	1.0	dialogue	False	True	Ross | Joey | Chandler	Joey	Ross	False		Speaker agrees with available community-transcript mapping.	It's not that I'm a bad actor	Joey	Joey	present	char_tracker_stage05	joey|ross	present	1.0		high	
31	324	740.7	741.78	No, no.	Ross	high	community_transcript_match	1.0	dialogue	False	True	Ross | Joey | Chandler	Joey	Joey	False		Speaker agrees with available community-transcript mapping.	No!	Ross	Ross	present	char_tracker_stage05	joey|ross	present	1.0		high	
31	325	741.78	749.06	It's just that I care so damn much about little Ben that it was more important for me to see him succeed.	Joey	high	community_transcript_match	1.0	dialogue	False	True	Ross | Joey | Chandler	Ross	Ross	False		Speaker agrees with available community-transcript mapping.	No, it's just ah, I care so damn much about little Ben that uh, it was more important to see him succeed.	Joey	Joey	present	char_tracker_stage05	joey	present	1.0		high	
31	326	749.14	749.94	There you go.	Ross	high	community_transcript_match	1.0	dialogue	False	True	Ross | Joey | Chandler	Joey	Ross	False		Speaker agrees with available community-transcript mapping.	There you go. Thank you!	Ross	Ross	present	char_tracker_stage05	joey|ross	present	1.0		high	
31	327	750.5	751.14	Thank you.	Ross	high	community_transcript_match	1.0	dialogue	False	True	Ross | Joey | Chandler	Ross	Joey	False		Speaker agrees with available community-transcript mapping.	Thank you	Ross	Ross	present	char_tracker_stage05	joey|ross	present	1.0		high	
31	328	751.14	751.7	Thank you.	Joey	high	community_transcript_match	1.0	dialogue	False	True	Ross | Joey | Chandler	Ross	Joey	False		Speaker agrees with available community-transcript mapping.	Thank you	Joey	Joey	present	char_tracker_stage05	joey|ross	present	1.0		high	
31	329	752.2	753.4	So did he get it?	Joey	high	community_transcript_match	1.0	dialogue	False	True	Ross | Joey | Chandler	Joey	Ross	False		Speaker agrees with available community-transcript mapping.	Thank you! So, did-did he get it?	Joey	Joey	present	char_tracker_stage05	joey|ross	present	1.0		high	
31	330	753.4	753.8	No.	Ross	high	community_transcript_match	1.0	dialogue	False	True	Ross | Joey | Chandler	Joey	Joey	False		Speaker agrees with available community-transcript mapping.	No.	Ross	Ross	present	char_tracker_stage05	joey|ross	present	1.0		high	
31	331	753.96	754.76	What are you gonna do?	Joey	high	community_transcript_match	1.0	dialogue	False	True	Ross | Joey | Chandler	Ross	Chandler	False		Speaker agrees with available community-transcript mapping.	Eh, what are you gonna do?	Joey	Joey	present	char_tracker_stage05	joey|ross	present	1.0		high	
31	332	760.52	761.16	Oh, hi.	Chandler	medium	short_turn_alternation	0.7	dialogue	True	False	Ross | Joey | Chandler	Joey	Chandler	True	short_utterance_between_two_speakers | speaker_no_face	Short utterance inferred from local turn alternation.				absent	char_tracker_stage05		absent			medium	speaker_no_face
31	333	761.16	761.68	Excuse me.	Chandler	high	qa_review_resolved_ct_support	1.0	dialogue	False	True	Ross | Joey | Chandler	Chandler		True	speaker_no_face	Speaker agrees with available community-transcript mapping. | QA resolved prior review with community-transcript support.	excuse me	Chandler	Chandler	absent	char_tracker_stage05		absent	0.0		medium	speaker_no_face
33	334	761.68	762.88	Is Rachel Green here?	Chandler	high	qa_review_resolved_ct_support	1.0	dialogue	False	True	Chandler | Kim		Chandler	True	speaker_no_face	Speaker agrees with available community-transcript mapping. | QA resolved prior review with community-transcript support.	Excuse me, is uh Rachel Green here	Chandler	Chandler	absent	char_tracker_stage05		absent	0.0		medium	speaker_no_face
33	335	762.88	763.96	I'm supposed to meet her for lunch.	Chandler	high	qa_review_resolved_ct_support	1.0	dialogue	False	True	Chandler | Kim	Chandler	Kim	True	speaker_no_face	Speaker agrees with available community-transcript mapping. | QA resolved prior review with community-transcript support.	(to Kim and Nancy) Oh, hi! Excuse me, is uh Rachel Green here? I was supposed to meet her for lunch.	Chandler	Chandler	absent	char_tracker_stage05		absent	0.0		medium	speaker_no_face
33	336	763.96	765.44	Oh, she doesn't come down here anymore.	Kim	high	community_transcript_match	1.0	dialogue	False	True	Chandler | Kim	Chandler	Kim	False		Speaker agrees with available community-transcript mapping.	Oh, she doesn't come down here any more. You can find her up on ten.	Kim	Kim	absent	char_tracker_stage05		unobserved			high	
33	337	765.44	766.76	You can find her up on 10.	Kim	high	community_transcript_match	1.0	dialogue	False	True	Chandler | Kim	Kim	Chandler	False		Speaker agrees with available community-transcript mapping.	You can find her up on ten	Kim	Kim	absent	char_tracker_stage05		unobserved			high	
33	338	767.0	767.8	Okay, great.	Chandler	high	community_transcript_match	1.0	dialogue	False	True	Chandler | Kim	Kim	Kim	False		Speaker agrees with available community-transcript mapping.	Okay, great.	Chandler	Chandler	present	char_tracker_stage05	chandler	present	1.0		high	
33	339	769.64	771.76	So we talked about the Hill presentation yesterday.	Kim	high	community_transcript_match	1.0	dialogue	False	True	Chandler | Kim	Chandler		False		Speaker agrees with available community-transcript mapping.	so we talked about the whole presentation yesterday and i said yeah absolutely	Kim	Kim	present	char_tracker_stage05	chandler	unobserved			high	
34	340	771.76	774.96	At lunch, he wondered if one person would be enough for me to take on the trip.	Kim	high	community_transcript_match	1.0	dialogue	False	True	Kim | Chandler		Chandler	False		Speaker agrees with available community-transcript mapping.	"(to Nancy) So we talked about the (Chandler sneaks closer to her cigarette) whole presentation yesterday at lunch (Closer) and he wondered if one person would be enough (Closer) to get a take on the trip (Still closer) and I said, ""Yeah, absolutely!"" (She's interrupted by Chandler who has reached his goal and takes a drag from her cancer stick.)"	Kim	Kim	present	char_tracker_stage05	chandler	unobserved			high	
34	341	774.96	776.52	And I said, yeah, absolute.	Chandler	medium	visual_disambiguation	0.74	dialogue	True	False	Kim | Chandler	Kim	Chandler	False		Only one of the two text-context candidates was visually present in the window.				present	char_tracker_stage05	chandler	present			medium	
34	342	782.93	783.65	Catch you guys later.	Chandler	high	community_transcript_match	1.0	dialogue	False	True	Kim | Chandler	Chandler		False		Speaker agrees with available community-transcript mapping.	I'll catch you guys later. (Exits.)	Chandler	Chandler	present	char_tracker_stage05	chandler	present	1.0		high	
