scene_id	sentence_id	start	end	utterance	speaker	speaker_confidence	speaker_method	alignment_score	row_type	filled_from_missing	matched_to_ct	scene_speaker_set	prev_speaker_scene	next_speaker_scene	review_flag	review_reason	notes	utterance_ct	speaker_ct	speaker_original	visual_presence	visual_presence_source	visual_presence_chars	speaker_visual_presence	speaker_visual_ratio	visual_presence_note	annotation_confidence	annotation_review_reason
1	1	2.4	2.8	Okay.	Joey	high	qa_review_resolved_ct_support	1.0	dialogue	False	True	Joey | Chandler		Joey	True	speaker_no_face	Speaker agrees with available community-transcript mapping. | QA resolved prior review with community-transcript support.	okay	Joey	Joey	absent	char_tracker_stage05		absent	0.0		medium	speaker_no_face
1	2	2.88	3.72	Pick a card.	Joey	high	qa_review_resolved_ct_support	1.0	dialogue	False	True	Joey | Chandler	Joey	Chandler	True	speaker_no_face	Speaker agrees with available community-transcript mapping. | QA resolved prior review with community-transcript support.	Okay, pick a card.	Joey	Joey	absent	char_tracker_stage05		absent	0.0		medium	speaker_no_face
1	3	3.72	4.32	Okay.	Chandler	high	qa_review_resolved_ct_support	1.0	dialogue	False	True	Joey | Chandler	Joey	Joey	True	speaker_offscreen	Speaker agrees with available community-transcript mapping. | QA resolved prior review with community-transcript support.	Okay. (He picks the 9 of Spades)	Chandler	Chandler	present	char_tracker_stage05	joey	absent	0.0		low	speaker_offscreen
1	4	4.88	6.8	All right, now memorize it.	Joey	high	community_transcript_match	1.0	dialogue	False	True	Joey | Chandler	Chandler	Joey	False		Speaker agrees with available community-transcript mapping.	All right now, memorize it. (Pause) You got it?	Joey	Joey	present	char_tracker_stage05	joey	present	1.0		high	
1	5	7.84	8.36	You got it?	Joey	high	community_transcript_match	1.0	dialogue	False	True	Joey | Chandler	Joey	Chandler	False		Speaker agrees with available community-transcript mapping.	You got it	Joey	Joey	present	char_tracker_stage05	chandler|joey	present	1.0		high	
1	6	8.36	8.96	Oh, yes.	Chandler	high	community_transcript_match	1.0	dialogue	False	True	Joey | Chandler	Joey	Joey	False		Speaker agrees with available community-transcript mapping.	Oh yes.	Chandler	Chandler	present	char_tracker_stage05	chandler|joey	present	1.0		high	
1	7	9.04	9.6	Okay.	Joey	medium	short_turn_alternation	0.7	dialogue	True	False	Joey | Chandler	Chandler	Joey	True	short_utterance_between_two_speakers	Short utterance inferred from local turn alternation.				present	char_tracker_stage05	chandler|joey	present			medium	
1	8	10.4	11.44	Is that your card?	Joey	high	community_transcript_match	1.0	dialogue	False	True	Joey | Chandler	Joey	Chandler	False		Speaker agrees with available community-transcript mapping.	(holding up the Queen of Clubs) Is that your card? (He winks and smiles.)	Joey	Joey	present	char_tracker_stage05	chandler|joey	present	1.0		high	
1	9	16.079	16.56	Yes.	Chandler	high	community_transcript_match	1.0	dialogue	False	True	Joey | Chandler	Joey		False		Speaker agrees with available community-transcript mapping.	(pause) Yes.	Chandler	Chandler	present	char_tracker_stage05	chandler|joey|monica	present	1.0		high	
2	10	20.24	20.96	Hey, guys.	Carol	high	community_transcript_match	1.0	dialogue	False	True	Carol | Ross | Chandler | Ben | Phoebe | Joey		Ross	False		Speaker agrees with available community-transcript mapping.	(entering with Ben and Ross) Hey guys!	Carol	Carol	absent	char_tracker_stage05		unobserved			high	
2	11	21.04	21.48	Hi.	Ross	high	qa_review_resolved_ct_support	1.0	dialogue	False	True	Carol | Ross | Chandler | Ben | Phoebe | Joey	Carol	Chandler	True	speaker_no_face	Speaker agrees with available community-transcript mapping. | QA resolved prior review with community-transcript support.	Hi!	Ross	Ross	absent	char_tracker_stage05		absent	0.0		medium	speaker_no_face
2	12	21.48	22.08	Hi there.	Chandler	high	qa_review_resolved_ct_support	1.0	dialogue	False	True	Carol | Ross | Chandler | Ben | Phoebe | Joey	Ross	Ben	True	speaker_offscreen	Speaker agrees with available community-transcript mapping. | QA resolved prior review with community-transcript support.	Hi there!	Chandler	Chandler	present	char_tracker_stage05	ross	absent	0.0		low	speaker_offscreen
2	13	22.08	22.56	Hi.	Ben	high	community_transcript_match	1.0	dialogue	False	True	Carol | Ross | Chandler | Ben | Phoebe | Joey	Chandler	Carol	False		Speaker agrees with available community-transcript mapping.	Hi!!	Ben	Ben	present	char_tracker_stage05	ross	unobserved			high	
2	14	23.84	24.56	Guess what?	Carol	high	community_transcript_match	1.0	dialogue	False	True	Carol | Ross | Chandler | Ben | Phoebe | Joey	Ben	Carol	False		Speaker agrees with available community-transcript mapping.	Guess what	Carol	Carol	present	char_tracker_stage05	ross	unobserved			high	
2	15	24.96	27.28	Ben is going to be in a TV commercial.	Carol	high	community_transcript_match	1.0	dialogue	False	True	Carol | Ross | Chandler | Ben | Phoebe | Joey	Carol	Phoebe	False		Speaker agrees with available community-transcript mapping.	Guess what? Ben is going to be in a TV commercial!	Carol	Carol	present	char_tracker_stage05	ross	unobserved			high	
2	16	27.69	28.65	What are you talking about?	Phoebe	high	community_transcript_match	1.0	dialogue	False	True	Carol | Ross | Chandler | Ben | Phoebe | Joey	Carol	Ross	False		Speaker agrees with available community-transcript mapping.	What are you talking about?!	Phoebe	Phoebe	present	char_tracker_stage05	phoebe|ross	present	1.0		high	
2	17	28.97	34.33	Well, it's not for sure, but we met this guy in the park who thought Ben was really cute.	Ross	high	community_transcript_match	1.0	dialogue	False	True	Carol | Ross | Chandler | Ben | Phoebe | Joey	Phoebe	Ross	False		Speaker agrees with available community-transcript mapping.	(sets Ben down) Well, it's not for sure but umm, we met this guy in the park who thought Ben was really cute--y'know, which he is--so umm anyhoo, he uh, he gave us his card and told us to bring him down for this commercial he's auditioning.	Ross	Ross	present	char_tracker_stage05	ross	present	0.7143		high	
2	18	34.73	35.85	You know, which he is.	Ross	medium	visual_disambiguation	0.74	dialogue	True	False	Carol | Ross | Chandler | Ben | Phoebe | Joey	Ross	Ross	False		Only one of the two text-context candidates was visually present in the window.				present	char_tracker_stage05	ross	present			medium	
2	19	36.65	41.61	Anywho, he gave us his card and told us to bring him down for this commercial he's auditioning.	Ross	medium	visual_disambiguation	0.74	dialogue	True	False	Carol | Ross | Chandler | Ben | Phoebe | Joey	Ross	Joey	False		Only one of the two text-context candidates was visually present in the window.				present	char_tracker_stage05	ross	present			medium	
2	20	42.89	43.37	Whoa.	Joey	high	community_transcript_match	1.0	dialogue	False	True	Carol | Ross | Chandler | Ben | Phoebe | Joey	Ross	Joey	False		Speaker agrees with available community-transcript mapping.	Whoa	Joey	Joey	present	char_tracker_stage05	joey	present	1.0		high	
2	21	43.77	46.49	This guy's like the biggest commercial casting director in town.	Joey	high	community_transcript_match	1.0	dialogue	False	True	Carol | Ross | Chandler | Ben | Phoebe | Joey	Joey	Joey	False		Speaker agrees with available community-transcript mapping.	This guy is like the biggest commercial casting director in town	Joey	Joey	present	char_tracker_stage05	joey	present	1.0		high	
2	22	47.21	50.09	Ben takes one lousy walk in the park and gets an audition?	Joey	high	community_transcript_match	1.0	dialogue	False	True	Carol | Ross | Chandler | Ben | Phoebe | Joey	Joey	Joey	False		Speaker agrees with available community-transcript mapping.	(reading the card) Whoa! This guy is like the biggest commercial casting director in town! (Ross gasps) Ben takes one lousy walk in the park and gets an audition!! (Ross and Carol stare at him, then Joey realizes what he just said.) I mean, way to go Ben! (Gives Ben the thumbs up, which Ben returns.) Man! I've been in that park a million times and no one offered me an audition.	Joey	Joey	present	char_tracker_stage05	joey|ross	present	1.0		high	
2	23	53.69	54.97	I mean, way to go, Ben.	Joey	high	community_transcript_match	1.0	dialogue	False	True	Carol | Ross | Chandler | Ben | Phoebe | Joey	Joey	Joey	False		Speaker agrees with available community-transcript mapping.	I mean, way to go Ben	Joey	Joey	present	char_tracker_stage05	joey	present	1.0		high	
2	24	58.09	60.13	Man, I've been in that park a million times.	Joey	medium	visual_disambiguation	0.74	dialogue	True	False	Carol | Ross | Chandler | Ben | Phoebe | Joey	Joey	Joey	False		Only one of the two text-context candidates was visually present in the window.				present	char_tracker_stage05	joey	present			medium	
2	25	60.13	61.81	No one's ever offered me an audition.	Joey	medium	visual_disambiguation	0.74	dialogue	True	False	Carol | Ross | Chandler | Ben | Phoebe | Joey	Joey	Ross	False		Only one of the two text-context candidates was visually present in the window.				present	char_tracker_stage05	joey	present			medium	
2	26	61.81	63.05	I know, it's crazy.	Ross	high	community_transcript_match	1.0	dialogue	False	True	Carol | Ross | Chandler | Ben | Phoebe | Joey	Joey	Ross	False		Speaker agrees with available community-transcript mapping.	I know, it's crazy	Ross	Ross	present	char_tracker_stage05	joey|ross	present	0.6667		high	
2	27	63.05	64.97	We were just pushing Ben on the swings.	Ross	high	community_transcript_match	1.0	dialogue	False	True	Carol | Ross | Chandler | Ben | Phoebe | Joey	Ross	Joey	False		Speaker agrees with available community-transcript mapping.	I know, it's crazy! We were just pushing Ben on the swings…	Ross	Ross	present	char_tracker_stage05	ross	present	1.0		high	
2	28	65.05	66.57	I'm always on the swings.	Joey	high	community_transcript_match	1.0	dialogue	False	True	Carol | Ross | Chandler | Ben | Phoebe | Joey	Ross	Joey	False		Speaker agrees with available community-transcript mapping.	I'm always on the swings! What am I doing wrong?!	Joey	Joey	present	char_tracker_stage05	joey	present	1.0		high	
2	29	68.57	69.93	What am I doing wrong?	Joey	high	community_transcript_match	1.0	dialogue	False	True	Carol | Ross | Chandler | Ben | Phoebe | Joey	Joey	Chandler	False		Speaker agrees with available community-transcript mapping.	What am I doing wrong	Joey	Joey	present	char_tracker_stage05	joey	present	1.0		high	
2	30	71.37	71.77	That.	Chandler	high	community_transcript_match	1.0	dialogue	False	True	Carol | Ross | Chandler | Ben | Phoebe | Joey	Joey		False		Speaker agrees with available community-transcript mapping.	That.	Chandler	Chandler	present	char_tracker_stage05	chandler|joey	present	1.0		high	
4	31	121.97	123.25	Okay, gotta go.	Rachel	high	community_transcript_match	1.0	dialogue	False	True	Rachel | Joey | Chandler | Monica | All | Phoebe | Ross		Rachel	False		Speaker agrees with available community-transcript mapping.	(entering from her room) Okay, gotta go! Wish me luck!	Rachel	Rachel	present	char_tracker_stage05	rachel	present	1.0		high	
4	32	123.25	124.09	Wish me luck.	Rachel	high	community_transcript_match	1.0	dialogue	False	True	Rachel | Joey | Chandler | Monica | All | Phoebe | Ross	Rachel	Joey	False		Speaker agrees with available community-transcript mapping.	Wish me luck	Rachel	Rachel	present	char_tracker_stage05	rachel	present	1.0		high	
4	33	124.09	124.77	Good luck.	Joey	high	qa_review_resolved_ct_support	1.0	dialogue	False	True	Rachel | Joey | Chandler | Monica | All | Phoebe | Ross	Rachel	Chandler	True	speaker_offscreen	Speaker agrees with available community-transcript mapping. | QA resolved prior review with community-transcript support.	Luck!	Joey	Joey	present	char_tracker_stage05	rachel	absent	0.0		low	speaker_offscreen
4	34	125.01	128.45	Hey, Rache, now that you're working Ralph Lauren, can you bring me back some of those polo shirts?	Chandler	high	qa_review_resolved_ct_support	1.0	dialogue	False	True	Rachel | Joey | Chandler | Monica | All | Phoebe | Ross	Joey	Rachel	True	speaker_no_face	Speaker agrees with available community-transcript mapping. | QA resolved prior review with community-transcript support.	Hey Rach, now that you're working at Ralph Lauren, can you bring me back some of those polo shirts?	Chandler	Chandler	partial	char_tracker_stage05		absent	0.0		medium	speaker_no_face
4	35	128.45	129.45	Uh, well, you know what?	Rachel	high	community_transcript_match	1.0	dialogue	False	True	Rachel | Joey | Chandler | Monica | All | Phoebe | Ross	Chandler	Rachel	False		Speaker agrees with available community-transcript mapping.	Uh well, y'know what	Rachel	Rachel	present	char_tracker_stage05	joey|rachel	present	1.0		high	
4	36	129.45	132.77	I don't know if I'd feel comfortable stealing on my very first day.	Rachel	high	community_transcript_match	1.0	dialogue	False	True	Rachel | Joey | Chandler | Monica | All | Phoebe | Ross	Rachel	Chandler	False		Speaker agrees with available community-transcript mapping.	Uh well, y'know what? I don't think if I feel comfortable stealing on my very first day…	Rachel	Rachel	present	char_tracker_stage05	rachel	present	1.0		high	
4	37	134.45	135.81	Unwilling to steal from work.	Chandler	high	community_transcript_match	1.0	dialogue	False	True	Rachel | Joey | Chandler | Monica | All | Phoebe | Ross	Rachel	Chandler	False		Speaker agrees with available community-transcript mapping.	Unwilling to steal from work, interesting.	Chandler	Chandler	present	char_tracker_stage05	chandler|monica	present	1.0		high	
4	38	136.93	137.57	Interesting.	Chandler	high	community_transcript_match	1.0	dialogue	False	True	Rachel | Joey | Chandler | Monica | All | Phoebe | Ross	Chandler	Monica	False		Speaker agrees with available community-transcript mapping.	interesting	Chandler	Chandler	present	char_tracker_stage05	chandler|monica	present	1.0		high	
4	39	138.61	141.17	Besides, if anybody's gonna get free stuff, it's gonna be me.	Monica	high	community_transcript_match	1.0	dialogue	False	True	Rachel | Joey | Chandler | Monica | All | Phoebe | Ross	Chandler	Rachel	False		Speaker agrees with available community-transcript mapping.	Besides, if anybody's gonna get free stuff, it's gonna be me.	Monica	Monica	present	char_tracker_stage05	chandler|monica	present	1.0		high	
4	40	141.17	142.69	Okay, guys, way to wish me luck.	Rachel	high	community_transcript_match	1.0	dialogue	False	True	Rachel | Joey | Chandler | Monica | All | Phoebe | Ross	Monica	All	False		Speaker agrees with available community-transcript mapping.	Okay guys, way to wish me luck!	Rachel	Rachel	present	char_tracker_stage05	chandler|monica|phoebe|rachel	present	1.0		high	
4	41	142.85	143.49	Good luck.	All	high	community_transcript_match	1.0	dialogue	False	True	Rachel | Joey | Chandler | Monica | All | Phoebe | Ross	Rachel	All	False		Speaker agrees with available community-transcript mapping.	Good luck! Go get 'em! (Rachel exits.)	All	All	present	char_tracker_stage05	phoebe|rachel	unobserved			high	
4	42	144.29	145.01	Go get em.	All	high	community_transcript_match	1.0	dialogue	False	True	Rachel | Joey | Chandler | Monica | All | Phoebe | Ross	All	Phoebe	False		Speaker agrees with available community-transcript mapping.	Go get 'em	All	All	present	char_tracker_stage05	chandler|joey|phoebe	unobserved			high	
4	43	146.65	148.65	Okay, let's discuss Rachel's birthday.	Phoebe	high	community_transcript_match	1.0	dialogue	False	True	Rachel | Joey | Chandler | Monica | All | Phoebe | Ross	All	Phoebe	False		Speaker agrees with available community-transcript mapping.	Okay, let's discuss Rachel's birthday	Phoebe	Phoebe	present	char_tracker_stage05	chandler|joey|phoebe	present	1.0		high	
4	44	148.65	151.05	I say we throw a surprise party this weekend.	Phoebe	high	community_transcript_match	1.0	dialogue	False	True	Rachel | Joey | Chandler | Monica | All | Phoebe | Ross	Phoebe	Joey	False		Speaker agrees with available community-transcript mapping.	Okay, let's discuss Rachel's birthday. I say we throw a surprise party this weekend.	Phoebe	Phoebe	present	char_tracker_stage05	chandler|joey|phoebe	present	1.0		high	
4	45	151.05	151.65	Whoa, whoa.	Joey	high	community_transcript_match	1.0	dialogue	False	True	Rachel | Joey | Chandler | Monica | All | Phoebe | Ross	Phoebe	Joey	False		Speaker agrees with available community-transcript mapping.	whoa whoa	Joey	Joey	present	char_tracker_stage05	chandler|joey|phoebe	present	1.0		high	
4	46	151.65	153.37	But her birthday's not for, like, another month.	Joey	high	community_transcript_match	1.0	dialogue	False	True	Rachel | Joey | Chandler | Monica | All | Phoebe | Ross	Joey	Phoebe	False		Speaker agrees with available community-transcript mapping.	Whoa-whoa, but her birthday isn't like for another month.	Joey	Joey	present	char_tracker_stage05	chandler|joey|phoebe	present	1.0		high	
4	47	153.37	156.89	Okay, but if we throw her a party on her birthday, then it's not a surprise.	Phoebe	high	community_transcript_match	1.0	dialogue	False	True	Rachel | Joey | Chandler | Monica | All | Phoebe | Ross	Joey	Monica	False		Speaker agrees with available community-transcript mapping.	Yeah but if we throw her a party on her birthday, then it's not a surprise.	Phoebe	Phoebe	present	char_tracker_stage05	phoebe	present	1.0		high	
4	48	158.49	159.77	I think that's a great idea.	Monica	high	community_transcript_match	1.0	dialogue	False	True	Rachel | Joey | Chandler | Monica | All | Phoebe | Ross	Phoebe	Monica	False		Speaker agrees with available community-transcript mapping.	I think it's a great idea	Monica	Monica	present	char_tracker_stage05	chandler|joey|monica	present	1.0		high	
4	49	159.77	162.489	Yeah, we can have a dinner party and just invite her close friends.	Monica	high	community_transcript_match	1.0	dialogue	False	True	Rachel | Joey | Chandler | Monica | All | Phoebe | Ross	Monica	Joey	False		Speaker agrees with available community-transcript mapping.	I think it's a great idea. Yeah, we could have a dinner party and just invite her close friends.	Monica	Monica	present	char_tracker_stage05	monica	present	1.0		high	
4	50	162.73	165.05	Ross, we're having a surprise party for Rachel.	Joey	high	qa_review_resolved_ct_support	1.0	dialogue	False	True	Rachel | Joey | Chandler | Monica | All | Phoebe | Ross	Monica	Ross	True	speaker_no_face	Speaker agrees with available community-transcript mapping. | QA resolved prior review with community-transcript support.	Ross!! We're having a surprise party for Rachel!!	Joey	Joey	partial	char_tracker_stage05		absent	0.25		medium	speaker_no_face
4	51	165.29	166.81	Okay, done.	Ross	high	qa_review_resolved_ct_support	1.0	dialogue	False	True	Rachel | Joey | Chandler | Monica | All | Phoebe | Ross	Joey	Phoebe	True	speaker_offscreen	Speaker agrees with available community-transcript mapping. | QA resolved prior review with community-transcript support.	(from the bathroom) Okay!!	Ross	Ross	present	char_tracker_stage05	chandler|joey	absent	0.0		low	speaker_offscreen
4	52	169.37	170.13	Okay, great.	Phoebe	high	community_transcript_match	1.0	dialogue	False	True	Rachel | Joey | Chandler | Monica | All | Phoebe | Ross	Ross	Phoebe	False		Speaker agrees with available community-transcript mapping.	okay great	Phoebe	Phoebe	present	char_tracker_stage05	monica|phoebe	present	1.0		high	
4	53	170.13	171.29	So do you want to do it together?	Phoebe	high	community_transcript_match	1.0	dialogue	False	True	Rachel | Joey | Chandler | Monica | All | Phoebe | Ross	Phoebe	Monica	False		Speaker agrees with available community-transcript mapping.	Okay, great so do you want to do it together?	Phoebe	Phoebe	present	char_tracker_stage05	monica|phoebe	present	1.0		high	
4	54	171.78	172.98	I would love to do it together.	Monica	high	community_transcript_match	1.0	dialogue	False	True	Rachel | Joey | Chandler | Monica | All | Phoebe | Ross	Phoebe		False		Speaker agrees with available community-transcript mapping.	I would love to do it together!	Monica	Monica	present	char_tracker_stage05	monica|phoebe	present	1.0		high	
5	55	177.54	178.58	They're gonna do it together.	Joey	high	community_transcript_match	1.0	dialogue	False	True	Joey | Chandler | Ross | Monica		Chandler	False		Speaker agrees with available community-transcript mapping.	They're gonna do it together.	Joey	Joey	present	char_tracker_stage05	chandler|joey	present	1.0		high	
5	56	180.26	181.62	Dude, that's my girlfriend.	Chandler	high	community_transcript_match	1.0	dialogue	False	True	Joey | Chandler | Ross | Monica	Joey	Joey	False		Speaker agrees with available community-transcript mapping.	Dude! That's my girlfriend!	Chandler	Chandler	present	char_tracker_stage05	chandler|joey	present	1.0		high	
5	57	181.86	183.3	So I gotta shut it down now.	Joey	high	community_transcript_match	1.0	dialogue	False	True	Joey | Chandler | Ross | Monica	Chandler	Ross	False		Speaker agrees with available community-transcript mapping.	What, so I gotta shut it down now?	Joey	Joey	present	char_tracker_stage05	chandler|joey	present	1.0		high	
5	58	185.94	187.54	All right, I gotta take off.	Ross	high	qa_review_resolved_ct_support	1.0	dialogue	False	True	Joey | Chandler | Ross | Monica	Joey	Ross	True	speaker_no_face	Speaker agrees with available community-transcript mapping. | QA resolved prior review with community-transcript support.	All right, I gotta take off	Ross	Ross	partial	char_tracker_stage05		absent	0.0		medium	speaker_no_face
5	59	187.62	190.18	I'm picking up Ben and then we're off to the big audition.	Ross	high	community_transcript_match	1.0	dialogue	False	True	Joey | Chandler | Ross | Monica	Ross	Monica	False		Speaker agrees with available community-transcript mapping.	All right, I gotta take off. I'm picking up Ben then we're off to the big audition.	Ross	Ross	present	char_tracker_stage05	ross	present	0.75		high	
5	60	190.66	193.94	I thought this gonna be weird seeing some actor pretending to be Ben's dad.	Monica	high	community_transcript_match	1.0	dialogue	False	True	Joey | Chandler | Ross | Monica	Ross	Chandler	False		Speaker agrees with available community-transcript mapping.	It's gonna be weird to watch some actor pretending to be Ben's dad.	Monica	Monica	present	char_tracker_stage05	monica|ross	present	1.0		high	
5	61	193.94	196.18	Yeah, weirder than seeing his two moms make out.	Chandler	high	community_transcript_match	1.0	dialogue	False	True	Joey | Chandler | Ross | Monica	Monica	Joey	False		Speaker agrees with available community-transcript mapping.	Weirder than watching his two moms make out? (Monica nods in agreement.)	Chandler	Chandler	present	char_tracker_stage05	chandler|monica|ross	present	0.75		high	
5	62	198.82	201.3	Whoa, whoa, dad, there's a dad in the commercial?	Joey	high	community_transcript_match	1.0	dialogue	False	True	Joey | Chandler | Ross | Monica	Chandler	Ross	False		Speaker agrees with available community-transcript mapping.	Whoa-whoa dad? There's a dad in the commercial?	Joey	Joey	present	char_tracker_stage05	joey	present	0.75		high	
5	63	201.59	204.39	Yeah, the dad and Ben eat soup and pretend to enjoy it.	Ross	high	community_transcript_match	1.0	dialogue	False	True	Joey | Chandler | Ross | Monica	Joey	Joey	False		Speaker agrees with available community-transcript mapping.	Yeah the dad and Ben eat soup and pretend to enjoy it.	Ross	Ross	present	char_tracker_stage05	joey|ross	present	1.0		high	
5	64	204.39	204.79	Whoa.	Joey	high	community_transcript_match	1.0	dialogue	False	True	Joey | Chandler | Ross | Monica	Ross	Joey	False		Speaker agrees with available community-transcript mapping.	whoa play the dad	Joey	Joey	present	char_tracker_stage05	joey|ross	present	1.0		high	
5	65	204.79	207.83	Hey, well, maybe I'll go down there with you and see if I can get an audition as the dad.	Joey	high	community_transcript_match	1.0	dialogue	False	True	Joey | Chandler | Ross | Monica	Joey	Joey	False		Speaker agrees with available community-transcript mapping.	Whoa, hey, maybe I'll go down there with ya and see if I can get an audition to play the dad	Joey	Joey	present	char_tracker_stage05	joey	present	1.0		high	
5	66	207.83	210.47	I mean, who better to play Ben's father than his godfather?	Joey	high	community_transcript_match	1.0	dialogue	False	True	Joey | Chandler | Ross | Monica	Joey	Ross	False		Speaker agrees with available community-transcript mapping.	Whoa, hey, maybe I'll go down there with ya and see if I can get an audition to play the dad. I mean who better to play Ben's father than his godfather.	Joey	Joey	present	char_tracker_stage05	joey	present	1.0		high	
5	67	210.55	211.87	You're not his godfather.	Ross	high	community_transcript_match	1.0	dialogue	False	True	Joey | Chandler | Ross | Monica	Joey	Joey	False		Speaker agrees with available community-transcript mapping.	You're not his godfather.	Ross	Ross	present	char_tracker_stage05	joey|ross	present	1.0		high	
5	68	211.87	212.23	What?	Joey	high	community_transcript_match	1.0	dialogue	False	True	Joey | Chandler | Ross | Monica	Ross	Joey	False		Speaker agrees with available community-transcript mapping.	What	Joey	Joey	present	char_tracker_stage05	joey|ross	present	1.0		high	
5	69	214.39	215.27	Are you kidding?	Joey	high	community_transcript_match	1.0	dialogue	False	True	Joey | Chandler | Ross | Monica	Joey	Ross	False		Speaker agrees with available community-transcript mapping.	What?! Are you kidding?!	Joey	Joey	present	char_tracker_stage05	joey	present	1.0		high	
5	70	217.99	219.11	Of course I am.	Ross	high	community_transcript_match	1.0	dialogue	False	True	Joey | Chandler | Ross | Monica	Joey	Ross	False		Speaker agrees with available community-transcript mapping.	Of course I am	Ross	Ross	present	char_tracker_stage05	ross	present	1.0		high	
5	71	221.03	222.79	Okay, let's go, godfather.	Ross	high	qa_review_resolved_ct_support	1.0	dialogue	False	True	Joey | Chandler | Ross | Monica	Ross	Joey	True	speaker_offscreen	Speaker agrees with available community-transcript mapping. | QA resolved prior review with community-transcript support.	(Pause) Of course I am! (Joey is relieved) Okay, let's go godfather.	Ross	Ross	present	char_tracker_stage05	chandler|joey	absent	0.0		low	speaker_offscreen
5	72	222.79	223.35	All right.	Joey	high	qa_review_resolved_ct_support	1.0	dialogue	False	True	Joey | Chandler | Ross | Monica	Ross	Joey	True	speaker_offscreen	Speaker agrees with available community-transcript mapping. | QA resolved prior review with community-transcript support.	All right!	Joey	Joey	present	char_tracker_stage05	chandler	absent	0.0		low	speaker_offscreen
5	73	223.75	224.23	Whoa.	Joey	high	qa_review_resolved_bridge	0.9	dialogue	True	False	Joey | Chandler | Ross | Monica	Joey	Joey	True	speaker_offscreen	Same speaker appears on both sides within the same scene. | QA resolved prior review by same-speaker bridge.				present	char_tracker_stage05	chandler	absent			low	speaker_offscreen
5	74	231.03	231.51	Hey.	Joey	high	qa_review_resolved_bridge	1.0	dialogue	False	True	Joey | Chandler | Ross | Monica	Joey	Joey	True	speaker_no_face	Speaker agrees with available community-transcript mapping. | QA resolved prior review by same-speaker bridge.	hey audition	Joey	Joey	absent	char_tracker_stage05		absent	0.0		medium	speaker_no_face
5	75	231.91	232.47	I'm in.	Joey	high	qa_review_resolved_ct_support	1.0	dialogue	False	True	Joey | Chandler | Ross | Monica	Joey		True	speaker_no_face	Speaker agrees with available community-transcript mapping. | QA resolved prior review with community-transcript support.	hey i'm in audition	Joey	Joey	absent	char_tracker_stage05		absent	0.0		medium	speaker_no_face
7	76	232.47	233.19	They're gonna let me.	Joey	high	qa_review_resolved_ct_support	1.0	dialogue	False	True	Joey | Ross | Carol		Ross	True	speaker_offscreen	Speaker agrees with available community-transcript mapping. | QA resolved prior review with community-transcript support.	Hey! I'm in, they're gonna let me audition!	Joey	Joey	present	char_tracker_stage05	ross	absent	0.0		low	speaker_offscreen
7	77	233.73	233.97	Really?	Ross	high	community_transcript_match	1.0	dialogue	False	True	Joey | Ross | Carol	Joey	Ross	False		Speaker agrees with available community-transcript mapping.	Really	Ross	Ross	present	char_tracker_stage05	ross	present	1.0		high	
7	78	233.97	234.69	That's great.	Ross	high	community_transcript_match	1.0	dialogue	False	True	Joey | Ross | Carol	Ross	Joey	False		Speaker agrees with available community-transcript mapping.	Really? That's great!	Ross	Ross	present	char_tracker_stage05	ross	present	1.0		high	
7	79	234.69	235.57	I know, I know.	Joey	high	qa_review_resolved_ct_support	1.0	dialogue	False	True	Joey | Ross | Carol	Ross	Joey	True	speaker_offscreen	Speaker agrees with available community-transcript mapping. | QA resolved prior review with community-transcript support.	I know	Joey	Joey	present	char_tracker_stage05	ross	absent	0.0		low	speaker_offscreen
7	80	235.65	238.77	Turns out one of the casting ladies has actually seen me in a play.	Joey	high	qa_review_resolved_bridge	1.0	dialogue	False	True	Joey | Ross | Carol	Joey	Joey	True	speaker_no_face	Speaker agrees with available community-transcript mapping. | QA resolved prior review by same-speaker bridge.	I know! I know! It turns out that one of the casting ladies has actually seen me in a play, so I steered clear of her. Hey, and the other one I know from...(smiles)..well you know. (Ross smiles too.)	Joey	Joey	partial	char_tracker_stage05		absent	0.0		medium	speaker_no_face
7	81	238.77	239.97	So I steered clear of her.	Joey	high	qa_review_resolved_bridge	1.0	dialogue	False	True	Joey | Ross | Carol	Joey	Joey	True	speaker_no_face	Speaker agrees with available community-transcript mapping. | QA resolved prior review by same-speaker bridge.	i know i know it so i steered clear of her hey and the other one i know from well you know	Joey	Joey	absent	char_tracker_stage05		absent	0.0		medium	speaker_no_face
7	82	240.77	242.53	And the other one I know from.	Joey	high	community_transcript_match	1.0	dialogue	False	True	Joey | Ross | Carol	Joey	Carol	False		Speaker agrees with available community-transcript mapping.	i know i know it hey and the other one i know from well you know	Joey	Joey	present	char_tracker_stage05	joey|ross	present	0.6667		high	
7	83	242.85	247.97	Well, you know, that kid looks familiar.	Carol	high	community_transcript_match	1.0	dialogue	False	True	Joey | Ross | Carol	Joey	Joey	False		Speaker agrees with available community-transcript mapping.	(noticing a kid who has picked up a copy of Variety to read) Hey, that kid looks familiar.	Carol	Carol	present	char_tracker_stage05	ross	unobserved			high	
7	84	248.05	248.73	Oh, yeah?	Joey	high	community_transcript_match	1.0	dialogue	False	True	Joey | Ross | Carol	Carol	Joey	False		Speaker agrees with available community-transcript mapping.	Oh yeah, yeah	Joey	Joey	present	char_tracker_stage05	joey	present	1.0		high	
7	85	248.73	250.45	Yeah, he's done tons of commercials.	Joey	high	community_transcript_match	1.0	dialogue	False	True	Joey | Ross | Carol	Joey	Joey	False		Speaker agrees with available community-transcript mapping.	He's done tons of commercials	Joey	Joey	present	char_tracker_stage05	joey	present	1.0		high	
7	86	250.45	254.53	I've seen him in like Sugar Smacks, PlayStation and that one for the phone company.	Joey	high	community_transcript_match	1.0	dialogue	False	True	Joey | Ross | Carol	Joey	Joey	False		Speaker agrees with available community-transcript mapping.	I've seen him in like Sugar Smacks, Playstation, and that one for the phone company	Joey	Joey	present	char_tracker_stage05	joey|ross	present	1.0		high	
7	87	254.61	257.89	In fact, he was so good in that one, he actually convinced me to switch phone companies.	Joey	high	community_transcript_match	1.0	dialogue	False	True	Joey | Ross | Carol	Joey	Joey	False		Speaker agrees with available community-transcript mapping.	Oh yeah, yeah! He's done tons of commercials. I've seen him in like Sugar Smacks, Playstation, and that one for the phone company. In fact he was so good in that one, he actually convinced me to switch phone companies. Chandler was mad….	Joey	Joey	present	char_tracker_stage05	joey	present	1.0		high	
7	88	259.33	260.69	Chandler was mad.	Joey	high	community_transcript_match	1.0	dialogue	False	True	Joey | Ross | Carol	Joey	Ross	False		Speaker agrees with available community-transcript mapping.	Chandler was mad	Joey	Joey	present	char_tracker_stage05	joey	present	1.0		high	
7	89	262.37	264.25	Yeah, well, he's not gonna get this one, all right?	Ross	high	qa_review_resolved_ct_support	1.0	dialogue	False	True	Joey | Ross | Carol	Joey	Ross	True	speaker_offscreen	Speaker agrees with available community-transcript mapping. | QA resolved prior review with community-transcript support.	Yeah well, he's not gonna get this one. Ben is way cuter than that kid. I mean look at him, look at you, (Starts to whine like a baby and Joey just glares at him.)	Ross	Ross	present	char_tracker_stage05	joey	absent	0.0		low	speaker_offscreen
7	90	264.25	266.11	Ben is wank than that kid.	Ross	high	community_transcript_match	1.0	dialogue	False	True	Joey | Ross | Carol	Ross	Ross	False		Speaker agrees with available community-transcript mapping.	Ben is way cuter than that kid	Ross	Ross	present	char_tracker_stage05	ross	present	0.6667		high	
7	91	266.19	267.11	I mean, look at him.	Ross	high	community_transcript_match	1.0	dialogue	False	True	Joey | Ross | Carol	Ross	Ross	False		Speaker agrees with available community-transcript mapping.	I mean look at him, look at you	Ross	Ross	present	char_tracker_stage05	joey|phoebe|ross	present	1.0		high	
7	92	267.11	269.63	Look at you doing that.	Ross	high	community_transcript_match	1.0	dialogue	False	True	Joey | Ross | Carol	Ross	Joey	False		Speaker agrees with available community-transcript mapping.	look at you	Ross	Ross	present	char_tracker_stage05	joey|phoebe|ross	present	1.0		high	
7	93	275.15	275.55	Great.	Joey	high	community_transcript_match	1.0	dialogue	False	True	Joey | Ross | Carol	Ross	Joey	False		Speaker agrees with available community-transcript mapping.	That's great	Joey	Joey	present	char_tracker_stage05	joey|ross	present	1.0		high	
7	94	275.71	278.35	Listen, wouldn't it be great though if I got to play Ben's dad?	Joey	high	community_transcript_match	1.0	dialogue	False	True	Joey | Ross | Carol	Joey	Ross	False		Speaker agrees with available community-transcript mapping.	That's great. Listen, wouldn't it be great though if I got to play Ben's dad?	Joey	Joey	present	char_tracker_stage05	joey|ross	present	1.0		high	
7	95	278.35	280.27	Joey, you look nothing like Ben.	Ross	high	community_transcript_match	1.0	dialogue	False	True	Joey | Ross | Carol	Joey	Joey	False		Speaker agrees with available community-transcript mapping.	Joey, you look nothing like Ben.	Ross	Ross	present	char_tracker_stage05	joey|ross	present	1.0		high	
7	96	281.47	283.07	I look more like him than you do.	Joey	high	community_transcript_match	1.0	dialogue	False	True	Joey | Ross | Carol	Ross	Carol	False		Speaker agrees with available community-transcript mapping.	I look more like him than you do! (He winks at Carol.)	Joey	Joey	present	char_tracker_stage05	joey	present	1.0		high	
7	97	286.19	296.36	Now, I really don't know you well enough for you to do that, so it's down to these two.	Carol	high	community_transcript_match	1.0	dialogue	False	True	Joey | Ross | Carol	Joey		False		Speaker agrees with available community-transcript mapping.	Y'know, I don't really know you well enough for you to do that.	Carol	Carol	present	char_tracker_stage05	joey|ross	unobserved			high	
8	98	296.92	300.24	Nancy, I know you like this one and I think I agree.	Kim	high	community_transcript_match	1.0	dialogue	False	True	Kim | Rachel | Nancy		Kim	False		Speaker agrees with available community-transcript mapping.	So it's down to these two, Nancy I know you like this one and I think I agree. Rachel, what do you think?	Kim	Kim	absent	char_tracker_stage05		unobserved			high	
8	99	300.24	301.24	Rachel, what do you think?	Kim	high	community_transcript_match	1.0	dialogue	False	True	Kim | Rachel | Nancy	Kim	Rachel	False		Speaker agrees with available community-transcript mapping.	Rachel, what do you think	Kim	Kim	present	char_tracker_stage05	rachel	unobserved			high	
8	100	301.56	306.28	Well, that one is pretty, but I just love this fabric.	Rachel	high	community_transcript_match	1.0	dialogue	False	True	Kim | Rachel | Nancy	Kim	Rachel	False		Speaker agrees with available community-transcript mapping.	Well umm, that one is pretty but uh, I just, I just love this fabric (On the other one.) Sorry.	Rachel	Rachel	present	char_tracker_stage05	rachel	present	1.0		high	
8	101	307.08	307.64	Sorry.	Rachel	high	community_transcript_match	1.0	dialogue	False	True	Kim | Rachel | Nancy	Rachel	Kim	False		Speaker agrees with available community-transcript mapping.	well umm sorry	Rachel	Rachel	present	char_tracker_stage05	rachel	present	1.0		high	
8	102	307.8	308.84	Oh, don't be sorry.	Kim	high	community_transcript_match	1.0	dialogue	False	True	Kim | Rachel | Nancy	Rachel	Kim	False		Speaker agrees with available community-transcript mapping.	oh don't be sorry i'm kidding	Kim	Kim	present	char_tracker_stage05	rachel	unobserved			high	
8	103	308.84	312.08	That's part of your job here to give your opinions and then I take credit for them.	Kim	high	community_transcript_match	1.0	dialogue	False	True	Kim | Rachel | Nancy	Kim	Kim	False		Speaker agrees with available community-transcript mapping.	Oh don't be sorry, that's part of your job here to give your opinions and then I take credit for them--I'm kidding.	Kim	Kim	absent	char_tracker_stage05		unobserved			high	
8	104	312.08	312.92	I'm kidding.	Kim	high	community_transcript_match	1.0	dialogue	False	True	Kim | Rachel | Nancy	Kim	Nancy	False		Speaker agrees with available community-transcript mapping.	oh don't be sorry i'm kidding	Kim	Kim	absent	char_tracker_stage05		unobserved			high	
8	105	314.12	315.16	She is kidding.	Nancy	high	community_transcript_match	1.0	dialogue	False	True	Kim | Rachel | Nancy	Kim	Nancy	False		Speaker agrees with available community-transcript mapping.	she is kidding okay now i'm kidding	Nancy	Nancy	present	char_tracker_stage05	rachel	unobserved			high	
8	106	315.4	317.0	But don't ever disagree with her again.	Nancy	high	community_transcript_match	1.0	dialogue	False	True	Kim | Rachel | Nancy	Nancy	Nancy	False		Speaker agrees with available community-transcript mapping.	She is kidding, but don't ever disagree with her again. Okay, now I'm kidding!	Nancy	Nancy	present	char_tracker_stage05	rachel	unobserved			high	
8	107	317.56	318.68	Ok, now I'm kidding.	Nancy	high	community_transcript_match	1.0	dialogue	False	True	Kim | Rachel | Nancy	Nancy	Rachel	False		Speaker agrees with available community-transcript mapping.	Okay, now I'm kidding	Nancy	Nancy	present	char_tracker_stage05	rachel	unobserved			high	
8	108	318.68	320.84	Oh, what a fun office.	Rachel	high	community_transcript_match	1.0	dialogue	False	True	Kim | Rachel | Nancy	Nancy	Kim	False		Speaker agrees with available community-transcript mapping.	(laughing nervously) Oh, what a fun office.	Rachel	Rachel	present	char_tracker_stage05	rachel	present	1.0		high	
8	109	323.32	326.67	I don't know which one, but I do know I need a cigarette.	Kim	high	community_transcript_match	1.0	dialogue	False	True	Kim | Rachel | Nancy	Rachel	Kim	False		Speaker agrees with available community-transcript mapping.	I don't know which one, but I do know I need a cigarette	Kim	Kim	absent	char_tracker_stage05		unobserved			high	
8	110	327.06	330.5	So what do you say we take a break, we go outside and we'll figure this thing out when we come back.	Kim	high	community_transcript_match	1.0	dialogue	False	True	Kim | Rachel | Nancy	Kim	Kim	False		Speaker agrees with available community-transcript mapping.	I don't know which one, but I do know I need a cigarette. So what do you say we take a break, we go outside, and we'll figure this out when we come back?	Kim	Kim	absent	char_tracker_stage05		unobserved			high	
8	111	333.7	334.42	Rachel?	Kim	high	qa_review_resolved_bridge	0.9	dialogue	True	False	Kim | Rachel | Nancy	Kim	Kim	False		Filled from previous same-scene context. | QA resolved prior review by same-speaker bridge.				absent	char_tracker_stage05		unobserved			high	
8	112	334.66	335.06	Yeah?	Kim	medium	scene_context_inference	0.68	dialogue	True	False	Kim | Rachel | Nancy	Kim		True	scene_end_short_utterance	Filled from previous same-scene context.				absent	char_tracker_stage05		unobserved			medium	
9	113	335.06	335.62	You smoke?	Kim	high	community_transcript_match	1.0	dialogue	False	True	Kim | Rachel		Rachel	False		Speaker agrees with available community-transcript mapping.	(at the door) Rachel? Do you smoke?	Kim	Kim	absent	char_tracker_stage05		unobserved			high	
9	114	335.62	336.22	Oh, no.	Rachel	high	community_transcript_match	1.0	dialogue	False	True	Kim | Rachel	Kim	Rachel	False		Speaker agrees with available community-transcript mapping.	Oh no, my dad's a doctor and he would always tell me just horror stories	Rachel	Rachel	present	char_tracker_stage05	rachel	present	0.5		high	
9	115	336.22	351.22	My dad's a doctor and he would always tell me just horror stories about ghosts and goblins who totally supported the princess's right to smoke.	Rachel	high	community_transcript_match	1.0	dialogue	False	True	Kim | Rachel	Rachel		False		Speaker agrees with available community-transcript mapping.	Oh no, my dad's a doctor and he would always tell me just horror stories…(stops and tries to change directions)…about ghosts and goblins who totally supported the princess's right to smoke.	Rachel	Rachel	present	char_tracker_stage05	rachel	present	1.0		high	
10	116	357.38	361.68	And then they came back from and they had made all of the decisions without me.	Rachel	high	qa_review_resolved_ct_support	1.0	dialogue	False	True	Rachel | Monica | Chandler | Phoebe		Monica	True	speaker_no_face	Speaker agrees with available community-transcript mapping. | QA resolved prior review with community-transcript support.	…and then they came back from smoking and they had made all of the decisions without me!	Rachel	Rachel	partial	char_tracker_stage05		absent	0.0		medium	speaker_no_face
10	117	361.84	362.8	That doesn't seem fair.	Monica	high	community_transcript_match	1.0	dialogue	False	True	Rachel | Monica | Chandler | Phoebe	Rachel	Rachel	False		Speaker agrees with available community-transcript mapping.	That doesn't seem fair.	Monica	Monica	present	char_tracker_stage05	chandler|monica	present	1.0		high	
10	118	362.8	363.36	I know.	Rachel	high	community_transcript_match	1.0	dialogue	False	True	Rachel | Monica | Chandler | Phoebe	Monica	Rachel	False		Speaker agrees with available community-transcript mapping.	I know	Rachel	Rachel	present	char_tracker_stage05	chandler|monica|rachel	present	0.5		high	
10	119	363.36	367.12	It's like I'm being punished for not having this disgusting, poisonous habit.	Rachel	high	community_transcript_match	1.0	dialogue	False	True	Rachel | Monica | Chandler | Phoebe	Rachel	Chandler	False		Speaker agrees with available community-transcript mapping.	I know! It's like I'm being punished for not having this disgusting, poisoning habit!	Rachel	Rachel	present	char_tracker_stage05	rachel	present	1.0		high	
10	120	367.44	368.64	Yeah, it is the best.	Chandler	high	community_transcript_match	1.0	dialogue	False	True	Rachel | Monica | Chandler | Phoebe	Rachel	Rachel	False		Speaker agrees with available community-transcript mapping.	Yeah, it is the best.	Chandler	Chandler	present	char_tracker_stage05	chandler|monica|rachel	present	1.0		high	
10	121	370.72	372.24	I mean, what if this keeps happening?	Rachel	medium	visual_disambiguation	0.74	dialogue	True	False	Rachel | Monica | Chandler | Phoebe	Chandler	Rachel	False		Only one of the two text-context candidates was visually present in the window.				present	char_tracker_stage05	rachel	present			medium	
10	122	372.24	372.64	You know?	Rachel	high	scene_context_bridge	0.88	dialogue	True	False	Rachel | Monica | Chandler | Phoebe	Rachel	Rachel	False		Same speaker appears on both sides within the same scene.				present	char_tracker_stage05	rachel	present			high	
10	123	372.64	380.12	They'll be outside smoking, making all the decisions, and I'll just be up in my office breathing in my stupid clean air, you know?	Rachel	high	community_transcript_match	1.0	dialogue	False	True	Rachel | Monica | Chandler | Phoebe	Rachel	Rachel	False		Speaker agrees with available community-transcript mapping.	I mean what if this keeps happening? Y'know, they'll-they'll be outside smoking, making all the decisions and I'll just be up in my office breathing my stupid clean air, y'know? And then when the day comes when Kim wants to promote one of us, who do you think she's gonna pick? Me or Smokey Smokerson?	Rachel	Rachel	present	char_tracker_stage05	rachel	present	1.0		high	
10	124	380.12	382.44	And then when the day comes when Kim wants To promote one of us.	Rachel	high	community_transcript_match	1.0	dialogue	False	True	Rachel | Monica | Chandler | Phoebe	Rachel	Rachel	False		Speaker agrees with available community-transcript mapping.	And then when the day comes when Kim wants to promote one of us, who do you think she's gonna pick	Rachel	Rachel	present	char_tracker_stage05	rachel	present	1.0		high	
10	125	382.44	383.52	Who do you think she's gonna pick?	Rachel	high	community_transcript_match	1.0	dialogue	False	True	Rachel | Monica | Chandler | Phoebe	Rachel	Rachel	False		Speaker agrees with available community-transcript mapping.	who do you think she's gonna pick	Rachel	Rachel	present	char_tracker_stage05	rachel	present	1.0		high	
10	126	383.6	384.88	Me or Smokey Smokerson?	Rachel	medium	visual_disambiguation	0.74	dialogue	True	False	Rachel | Monica | Chandler | Phoebe	Rachel	Chandler	False		Only one of the two text-context candidates was visually present in the window.				present	char_tracker_stage05	rachel	present			medium	
10	127	386.39	387.95	You know, we used to have a smoking area at work.	Chandler	high	community_transcript_match	1.0	dialogue	False	True	Rachel | Monica | Chandler | Phoebe	Rachel	Chandler	False		Speaker agrees with available community-transcript mapping.	You know, we used to have a smoking area at work	Chandler	Chandler	present	char_tracker_stage05	chandler	present	1.0		high	
10	128	387.95	388.55	It was great.	Chandler	high	community_transcript_match	1.0	dialogue	False	True	Rachel | Monica | Chandler | Phoebe	Chandler	Chandler	False		Speaker agrees with available community-transcript mapping.	It was great	Chandler	Chandler	present	char_tracker_stage05	chandler	present	1.0		high	
10	129	388.55	390.75	There was this big flower pot with dirt in it.	Chandler	high	community_transcript_match	1.0	dialogue	False	True	Rachel | Monica | Chandler | Phoebe	Chandler	Chandler	False		Speaker agrees with available community-transcript mapping.	There was this big flowerpot with dirt in it	Chandler	Chandler	present	char_tracker_stage05	chandler	present	1.0		high	
10	130	390.75	392.83	And we used to put like our cigarettes out in it.	Chandler	high	community_transcript_match	1.0	dialogue	False	True	Rachel | Monica | Chandler | Phoebe	Chandler	Chandler	False		Speaker agrees with available community-transcript mapping.	And we used to like put our cigarettes out in it	Chandler	Chandler	present	char_tracker_stage05	chandler	present	1.0		high	
10	131	392.83	395.67	And one of the old timers told me there used to be a little tree in there.	Chandler	high	community_transcript_match	1.0	dialogue	False	True	Rachel | Monica | Chandler | Phoebe	Chandler	Monica	False		Speaker agrees with available community-transcript mapping.	You know, we used to have a smoking area at work. It was great. There was this big flowerpot with dirt in it. And we used to like put our cigarettes out in it. And one of the old-timers told me there used to be a little tree in there.	Chandler	Chandler	present	char_tracker_stage05	chandler	present	1.0		high	
10	132	397.99	400.15	Rachel, you can go down there and you don't have to smoke.	Monica	high	community_transcript_match	1.0	dialogue	False	True	Rachel | Monica | Chandler | Phoebe	Chandler	Monica	False		Speaker agrees with available community-transcript mapping.	Rachel, you can go down there, you don't have to smoke. Just say you wanna get some fresh air.	Monica	Monica	present	char_tracker_stage05	chandler|monica	present	1.0		high	
10	133	400.15	402.31	Just say you want to get some fresh air.	Monica	high	community_transcript_match	1.0	dialogue	False	True	Rachel | Monica | Chandler | Phoebe	Monica	Rachel	False		Speaker agrees with available community-transcript mapping.	Just say you wanna get some fresh air	Monica	Monica	present	char_tracker_stage05	chandler|monica	present	1.0		high	
10	134	404.39	405.35	Yeah, I could do that.	Rachel	high	community_transcript_match	1.0	dialogue	False	True	Rachel | Monica | Chandler | Phoebe	Monica	Chandler	False		Speaker agrees with available community-transcript mapping.	Yeah, I can do that.	Rachel	Rachel	present	char_tracker_stage05	chandler|monica|rachel	present	1.0		high	
10	135	405.75	406.27	Don't work.	Chandler	low	scene_context_inference	0.58	dialogue	True	False	Rachel | Monica | Chandler | Phoebe	Rachel	Chandler	True	two_sided_context_ambiguous | low_speaker_confidence	No direct transcript match; weak local context only.				present	char_tracker_stage05	chandler|monica|rachel	present			low	low_speaker_confidence
10	136	406.27	407.83	You just do the easy thing and smoke.	Chandler	high	scene_context_bridge	0.88	dialogue	True	False	Rachel | Monica | Chandler | Phoebe	Chandler	Chandler	False		Same speaker appears on both sides within the same scene.				present	char_tracker_stage05	chandler|monica	present			high	
10	137	409.27	411.35	You gotta take long deep drags.	Chandler	high	scene_context_bridge	0.88	dialogue	True	False	Rachel | Monica | Chandler | Phoebe	Chandler	Chandler	False		Same speaker appears on both sides within the same scene.				present	char_tracker_stage05	chandler|monica	present			high	
10	138	415.79	415.99	Wow.	Chandler	high	scene_context_bridge	0.88	dialogue	True	False	Rachel | Monica | Chandler | Phoebe	Chandler	Chandler	False		Same speaker appears on both sides within the same scene.				present	char_tracker_stage05	chandler|monica	present			high	
10	139	415.99	417.79	I still don't have my lung capacity back yet.	Chandler	high	community_transcript_match	1.0	dialogue	False	True	Rachel | Monica | Chandler | Phoebe	Chandler	Phoebe	False		Speaker agrees with available community-transcript mapping.	Yeah, or you can do the easy thing and smoke. You gotta take long, deep drags. (pretends he is taking one and then coughs) Wow, I still don't have my lung capacity back yet. (Monica pats him easy on the back.)	Chandler	Chandler	present	char_tracker_stage05	chandler|monica	present	1.0		high	
10	140	419.71	420.15	Hey.	Phoebe	high	community_transcript_match	1.0	dialogue	False	True	Rachel | Monica | Chandler | Phoebe	Chandler	Monica	False		Speaker agrees with available community-transcript mapping.	(entering) Hey!	Phoebe	Phoebe	present	char_tracker_stage05	chandler|monica|phoebe	present	1.0		high	
10	141	420.15	420.51	Hey.	Monica	high	qa_review_resolved_ct_support	1.0	dialogue	False	True	Rachel | Monica | Chandler | Phoebe	Phoebe	Phoebe	True	speaker_offscreen	Speaker agrees with available community-transcript mapping. | QA resolved prior review with community-transcript support.	Hey!	Monica	Monica	present	char_tracker_stage05	phoebe	absent	0.0		low	speaker_offscreen
10	142	420.51	422.27	Oh hey Rach, do you wanna go get coffee?	Phoebe	high	qa_review_resolved_ct_support	1.0	dialogue	False	True	Rachel | Monica | Chandler | Phoebe	Monica	Rachel	True	speaker_no_face	Speaker agrees with available community-transcript mapping. | QA resolved prior review with community-transcript support.	Hey Rach, you wanna get some coffee?	Phoebe	Phoebe	partial	char_tracker_stage05		absent	0.3333		medium	speaker_no_face
10	143	422.35	423.51	Oh, I would love to.	Rachel	high	qa_review_resolved_ct_support	1.0	dialogue	False	True	Rachel | Monica | Chandler | Phoebe	Phoebe	Phoebe	True	speaker_no_face	Speaker agrees with available community-transcript mapping. | QA resolved prior review with community-transcript support.	I would love to!	Rachel	Rachel	absent	char_tracker_stage05		absent	0.0		medium	speaker_no_face
10	144	423.51	424.11	Oh good.	Phoebe	high	qa_review_resolved_ct_support	1.0	dialogue	False	True	Rachel | Monica | Chandler | Phoebe	Rachel	Phoebe	True	speaker_no_face	Speaker agrees with available community-transcript mapping. | QA resolved prior review with community-transcript support.	Oh good!	Phoebe	Phoebe	absent	char_tracker_stage05		absent	0.0		medium	speaker_no_face
10	145	424.19	425.15	I'm gonna go too, baby.	Phoebe	high	scene_context_bridge	0.88	dialogue	True	False	Rachel | Monica | Chandler | Phoebe	Phoebe	Phoebe	False		Same speaker appears on both sides within the same scene.				present	char_tracker_stage05	phoebe	present			high	
10	146	425.87	426.43	Oh good.	Phoebe	high	community_transcript_match	1.0	dialogue	False	True	Rachel | Monica | Chandler | Phoebe	Phoebe	Phoebe	False		Speaker agrees with available community-transcript mapping.	Oh good.	Phoebe	Phoebe	present	char_tracker_stage05	phoebe	present	1.0		high	
10	147	427.31	427.79	Yay.	Phoebe	high	qa_review_resolved_bridge	0.9	dialogue	True	False	Rachel | Monica | Chandler | Phoebe	Phoebe	Phoebe	True	speaker_no_face	Filled from previous same-scene context. | QA resolved prior review by same-speaker bridge.				absent	char_tracker_stage05		absent			medium	speaker_no_face
10	148	428.99	429.43	Okay.	Phoebe	medium	scene_context_inference	0.68	dialogue	True	False	Rachel | Monica | Chandler | Phoebe	Phoebe		True	scene_end_short_utterance | speaker_no_face	Filled from previous same-scene context.				absent	char_tracker_stage05		absent			medium	speaker_no_face
11	149	429.43	430.43	Oh, I changed my mind.	Phoebe	high	qa_review_resolved_ct_support	1.0	dialogue	False	True	Phoebe | Monica | Ross | Joey | Kim		Phoebe	True	speaker_no_face	Speaker agrees with available community-transcript mapping. | QA resolved prior review with community-transcript support.	Oh wait, I change my mind	Phoebe	Phoebe	absent	char_tracker_stage05		absent	0.0		medium	speaker_no_face
11	150	434.03	435.55	Okay, let's talk about the party.	Phoebe	high	qa_review_resolved_bridge	1.0	dialogue	False	True	Phoebe | Monica | Ross | Joey | Kim	Phoebe	Phoebe	True	speaker_no_face	Speaker agrees with available community-transcript mapping. | QA resolved prior review by same-speaker bridge.	Oh wait, I change my mind! (She slams the door on them.) Okay, let's talk about the party! I have so many ideas! (Holds up a cocktail napkin.)	Phoebe	Phoebe	absent	char_tracker_stage05		absent	0.0		medium	speaker_no_face
11	151	435.79	437.07	I have so many ideas.	Phoebe	high	qa_review_resolved_ct_support	1.0	dialogue	False	True	Phoebe | Monica | Ross | Joey | Kim	Phoebe	Monica	True	speaker_no_face	Speaker agrees with available community-transcript mapping. | QA resolved prior review with community-transcript support.	I have so many ideas	Phoebe	Phoebe	partial	char_tracker_stage05		absent	0.3333		medium	speaker_no_face
11	152	437.71	438.27	Me too.	Monica	high	qa_review_resolved_ct_support	1.0	dialogue	False	True	Phoebe | Monica | Ross | Joey | Kim	Phoebe	Phoebe	True	speaker_offscreen	Speaker agrees with available community-transcript mapping. | QA resolved prior review with community-transcript support.	Yeah, me too! (Runs and grabs her 3-ring binder of ideas.)	Monica	Monica	present	char_tracker_stage05	phoebe	absent	0.0		low	speaker_offscreen
11	153	438.35	439.31	Oh, okay.	Phoebe	medium	visual_disambiguation	0.74	dialogue	True	False	Phoebe | Monica | Ross | Joey | Kim	Monica	Phoebe	False		Only one of the two text-context candidates was visually present in the window.				present	char_tracker_stage05	phoebe	present			medium	
11	154	440.29	440.65	Yeah.	Phoebe	high	qa_review_resolved_bridge	0.9	dialogue	True	False	Phoebe | Monica | Ross | Joey | Kim	Phoebe	Phoebe	True	speaker_no_face	Same speaker appears on both sides within the same scene. | QA resolved prior review by same-speaker bridge.				absent	char_tracker_stage05		absent			medium	speaker_no_face
11	155	440.65	441.41	Oh, look at that.	Phoebe	high	qa_review_resolved_bridge	1.0	dialogue	False	True	Phoebe | Monica | Ross | Joey | Kim	Phoebe	Phoebe	True	speaker_no_face	Speaker agrees with available community-transcript mapping. | QA resolved prior review by same-speaker bridge.	Oh, look at that.	Phoebe	Phoebe	absent	char_tracker_stage05		absent	0.0		medium	speaker_no_face
11	156	443.73	445.89	All right, a little sketch of the cake.	Phoebe	medium	scene_context_inference	0.66	dialogue	True	False	Phoebe | Monica | Ross | Joey | Kim	Phoebe	Monica	True	two_sided_context_ambiguous | speaker_no_face	No direct transcript match; longer line defaulted to previous speaker in same scene.				absent	char_tracker_stage05		absent			medium	speaker_no_face
11	157	446.21	446.61	See?	Monica	medium	short_turn_alternation	0.7	dialogue	True	False	Phoebe | Monica | Ross | Joey | Kim	Phoebe	Monica	True	short_utterance_between_two_speakers | speaker_no_face	Short utterance inferred from local turn alternation.				absent	char_tracker_stage05		absent			medium	speaker_no_face
11	158	446.77	448.93	All right, some sample menus.	Monica	high	qa_review_resolved_bridge	0.9	dialogue	True	False	Phoebe | Monica | Ross | Joey | Kim	Monica	Monica	True	speaker_no_face	Same speaker appears on both sides within the same scene. | QA resolved prior review by same-speaker bridge.				absent	char_tracker_stage05		absent			medium	speaker_no_face
11	159	449.65	452.45	You know, I thought we'd start out with Tuscan style finger food.	Monica	high	scene_context_bridge	0.88	dialogue	True	False	Phoebe | Monica | Ross | Joey | Kim	Monica	Monica	False		Same speaker appears on both sides within the same scene.				present	char_tracker_stage05	monica	present			high	
11	160	452.61	453.05	Okay.	Monica	high	scene_context_bridge	0.88	dialogue	True	False	Phoebe | Monica | Ross | Joey | Kim	Monica	Monica	False		Same speaker appears on both sides within the same scene.				present	char_tracker_stage05	monica|phoebe	present			high	
11	161	453.05	456.37	And for music, here's an alphabetized list of all of my CDs.	Monica	high	community_transcript_match	1.0	dialogue	False	True	Phoebe | Monica | Ross | Joey | Kim	Monica	Monica	False		Speaker agrees with available community-transcript mapping.	All right, that's a little sketch of the cake, umm some sample menus, umm y'know what I thought we would start out with Tuscan style finger food, and for music, here's an alphabetized list of all my CDs! I've highlighted the ones that would go really good with the food.	Monica	Monica	present	char_tracker_stage05	monica	present	1.0		high	
11	162	456.69	458.77	I've highlighted the ones that'll go really good with the food.	Monica	high	community_transcript_match	1.0	dialogue	False	True	Phoebe | Monica | Ross | Joey | Kim	Monica	Phoebe	False		Speaker agrees with available community-transcript mapping.	I've highlighted the ones that would go really good with the food	Monica	Monica	present	char_tracker_stage05	monica	present	1.0		high	
11	163	460.45	462.29	What happened to the intimate dinner party?	Phoebe	high	community_transcript_match	1.0	dialogue	False	True	Phoebe | Monica | Ross | Joey | Kim	Monica	Monica	False		Speaker agrees with available community-transcript mapping.	What happened to the intimate dinner party?	Phoebe	Phoebe	present	char_tracker_stage05	monica|phoebe	present	1.0		high	
11	164	462.37	463.41	You know we're not doing that.	Monica	high	community_transcript_match	1.0	dialogue	False	True	Phoebe | Monica | Ross | Joey | Kim	Phoebe	Monica	False		Speaker agrees with available community-transcript mapping.	Oh, we're not doing that. Okay…	Monica	Monica	present	char_tracker_stage05	monica|phoebe	present	1.0		high	
11	165	463.57	465.41	Okay, so how.	Monica	high	community_transcript_match	1.0	dialogue	False	True	Phoebe | Monica | Ross | Joey | Kim	Monica	Phoebe	False		Speaker agrees with available community-transcript mapping.	Okay	Monica	Monica	present	char_tracker_stage05	monica|phoebe	present	1.0		high	
11	166	466.23	467.59	Looks like you took care of everything.	Phoebe	high	community_transcript_match	1.0	dialogue	False	True	Phoebe | Monica | Ross | Joey | Kim	Monica	Phoebe	False		Speaker agrees with available community-transcript mapping.	So wow, it looks like you took care of everything. Thanks a lot, co-host.	Phoebe	Phoebe	present	char_tracker_stage05	phoebe	present	1.0		high	
11	167	467.67	468.87	Thanks a lot, co host.	Phoebe	high	community_transcript_match	1.0	dialogue	False	True	Phoebe | Monica | Ross | Joey | Kim	Phoebe	Monica	False		Speaker agrees with available community-transcript mapping.	Thanks a lot, co-host	Phoebe	Phoebe	present	char_tracker_stage05	phoebe	present	1.0		high	
11	168	471.75	472.55	Take care of everything.	Monica	high	community_transcript_match	1.0	dialogue	False	True	Phoebe | Monica | Ross | Joey | Kim	Phoebe	Monica	False		Speaker agrees with available community-transcript mapping.	what i didn't take care of everything there's	Monica	Monica	present	char_tracker_stage05	monica|phoebe	present	0.5		high	
11	169	472.71	474.23	There's plenty of things for you to do.	Monica	high	qa_review_resolved_ct_support	1.0	dialogue	False	True	Phoebe | Monica | Ross | Joey | Kim	Monica	Phoebe	True	speaker_no_face	Speaker agrees with available community-transcript mapping. | QA resolved prior review with community-transcript support.	What?! I didn't take care of everything, there's-there's plenty of things for you to do!	Monica	Monica	partial	char_tracker_stage05		absent	0.0		medium	speaker_no_face
11	170	474.23	474.67	Uh huh.	Phoebe	medium	short_turn_alternation	0.7	dialogue	True	False	Phoebe | Monica | Ross | Joey | Kim	Monica	Phoebe	True	short_utterance_between_two_speakers | speaker_no_face	Short utterance inferred from local turn alternation.				absent	char_tracker_stage05		absent			medium	speaker_no_face
11	171	474.67	475.11	Like what?	Phoebe	high	qa_review_resolved_ct_support	1.0	dialogue	False	True	Phoebe | Monica | Ross | Joey | Kim	Phoebe	Monica	True	speaker_no_face	Speaker agrees with available community-transcript mapping. | QA resolved prior review with community-transcript support.	Like what?	Phoebe	Phoebe	absent	char_tracker_stage05		absent	0.0		medium	speaker_no_face
11	172	476.87	477.59	Cups.	Monica	medium	visual_disambiguation	0.74	dialogue	True	False	Phoebe | Monica | Ross | Joey | Kim	Phoebe	Monica	False		Only one of the two text-context candidates was visually present in the window.				present	char_tracker_stage05	monica	present			medium	
11	173	479.35	479.79	Cups?	Monica	high	qa_review_resolved_ct_support	1.0	dialogue	False	True	Phoebe | Monica | Ross | Joey | Kim	Monica	Phoebe	True	speaker_offscreen	Speaker agrees with available community-transcript mapping. | QA resolved prior review with community-transcript support.	(Thinks) Cups.	Monica	Monica	present	char_tracker_stage05	phoebe	absent	0.0		low	speaker_offscreen
11	174	479.79	480.87	You're giving me cups?	Phoebe	high	community_transcript_match	1.0	dialogue	False	True	Phoebe | Monica | Ross | Joey | Kim	Monica	Monica	False		Speaker agrees with available community-transcript mapping.	Cups? You're giving me cups?	Phoebe	Phoebe	present	char_tracker_stage05	phoebe	present	1.0		high	
11	175	481.909	482.63	And ice.	Monica	high	community_transcript_match	1.0	dialogue	False	True	Phoebe | Monica | Ross | Joey | Kim	Phoebe	Phoebe	False		Speaker agrees with available community-transcript mapping.	And ice!	Monica	Monica	present	char_tracker_stage05	monica|phoebe	present	1.0		high	
11	176	484.07	484.99	Cups and ice.	Phoebe	high	community_transcript_match	1.0	dialogue	False	True	Phoebe | Monica | Ross | Joey | Kim	Monica	Phoebe	False		Speaker agrees with available community-transcript mapping.	Cups and ice	Phoebe	Phoebe	present	char_tracker_stage05	phoebe	present	1.0		high	
11	177	484.99	487.03	Oh, I get to be in charge of cups and ice.	Phoebe	high	community_transcript_match	1.0	dialogue	False	True	Phoebe | Monica | Ross | Joey | Kim	Phoebe	Phoebe	False		Speaker agrees with available community-transcript mapping.	Ooh, I get to be in charge of cups and ice	Phoebe	Phoebe	present	char_tracker_stage05	phoebe	present	1.0		high	
11	178	487.59	490.31	All right, fine.	Phoebe	high	community_transcript_match	1.0	dialogue	False	True	Phoebe | Monica | Ross | Joey | Kim	Phoebe	Phoebe	False		Speaker agrees with available community-transcript mapping.	All right	Phoebe	Phoebe	present	char_tracker_stage05	phoebe	present	1.0		high	
11	179	490.31	492.37	Okay, I will be in charge of cups and ice.	Phoebe	high	community_transcript_match	1.0	dialogue	False	True	Phoebe | Monica | Ross | Joey | Kim	Phoebe	Monica	False		Speaker agrees with available community-transcript mapping.	Cups and ice? Ooh, I get to be in charge of cups and ice? (Thinks of something) All right. Fine, okay, I will be in charge of cups and ice!	Phoebe	Phoebe	present	char_tracker_stage05	phoebe	present	1.0		high	
11	180	493.16	493.6	Wait a minute.	Monica	high	community_transcript_match	1.0	dialogue	False	True	Phoebe | Monica | Ross | Joey | Kim	Phoebe	Monica	False		Speaker agrees with available community-transcript mapping.	wait a minute	Monica	Monica	present	char_tracker_stage05	monica|phoebe	present	1.0		high	
11	181	493.6	494.56	I can get ice at the restaurant.	Monica	high	community_transcript_match	1.0	dialogue	False	True	Phoebe | Monica | Ross | Joey | Kim	Monica	Phoebe	False		Speaker agrees with available community-transcript mapping.	Wait a minute, I can get ice at the restaurant…	Monica	Monica	present	char_tracker_stage05	monica|phoebe	present	1.0		high	
11	182	494.56	494.96	I got it.	Phoebe	high	community_transcript_match	1.0	dialogue	False	True	Phoebe | Monica | Ross | Joey | Kim	Monica	Phoebe	False		Speaker agrees with available community-transcript mapping.	I got it! Mine!	Phoebe	Phoebe	present	char_tracker_stage05	monica|phoebe	present	1.0		high	
11	183	494.96	495.24	Line.	Phoebe	high	community_transcript_match	1.0	dialogue	False	True	Phoebe | Monica | Ross | Joey | Kim	Phoebe	Ross	False		Speaker agrees with available community-transcript mapping.	Mine	Phoebe	Phoebe	present	char_tracker_stage05	monica|phoebe	present	1.0		high	
11	184	498.04	498.52	Hi.	Ross	high	qa_review_resolved_ct_support	1.0	dialogue	False	True	Phoebe | Monica | Ross | Joey | Kim	Phoebe	Monica	True	speaker_offscreen	Speaker agrees with available community-transcript mapping. | QA resolved prior review with community-transcript support.	(entering, downtrodden) Hi.	Ross	Ross	present	char_tracker_stage05	monica	absent	0.0		low	speaker_offscreen
11	185	498.6	499.08	Hey.	Monica	high	community_transcript_match	1.0	dialogue	False	True	Phoebe | Monica | Ross | Joey | Kim	Ross	Monica	False		Speaker agrees with available community-transcript mapping.	Hey	Monica	Monica	present	char_tracker_stage05	monica|phoebe	present	1.0		high	
11	186	499.32	500.44	How'd the audition go?	Monica	high	community_transcript_match	1.0	dialogue	False	True	Phoebe | Monica | Ross | Joey | Kim	Monica	Ross	False		Speaker agrees with available community-transcript mapping.	Hey! How'd the audition go?!	Monica	Monica	present	char_tracker_stage05	monica|phoebe	present	1.0		high	
11	187	501.0	501.88	Not so good.	Ross	high	community_transcript_match	1.0	dialogue	False	True	Phoebe | Monica | Ross | Joey | Kim	Monica	Monica	False		Speaker agrees with available community-transcript mapping.	Not so good.	Ross	Ross	present	char_tracker_stage05	ross	present	1.0		high	
11	188	503.24	504.04	Wait a minute.	Monica	high	community_transcript_match	1.0	dialogue	False	True	Phoebe | Monica | Ross | Joey | Kim	Ross	Monica	False		Speaker agrees with available community-transcript mapping.	wait a minute audition didn't go so well yeah it did	Monica	Monica	present	char_tracker_stage05	monica|ross	present	0.5		high	
11	189	504.36	505.88	Are you doing Joey's?	Monica	high	community_transcript_match	1.0	dialogue	False	True	Phoebe | Monica | Ross | Joey | Kim	Monica	Monica	False		Speaker agrees with available community-transcript mapping.	"Wait a minute, are you doing Joey's (sadly) ""Audition didn't go so well. (Happily) Yeah it did?"""	Monica	Monica	present	char_tracker_stage05	monica	present	1.0		high	
11	190	506.68	508.36	The audition didn't go so well.	Monica	high	community_transcript_match	1.0	dialogue	False	True	Phoebe | Monica | Ross | Joey | Kim	Monica	Monica	False		Speaker agrees with available community-transcript mapping.	wait a minute audition didn't go so well yeah it did	Monica	Monica	present	char_tracker_stage05	monica	present	1.0		high	
11	191	509.24	510.2	Yeah, it did.	Monica	high	community_transcript_match	1.0	dialogue	False	True	Phoebe | Monica | Ross | Joey | Kim	Monica	Ross	False		Speaker agrees with available community-transcript mapping.	wait a minute yeah it did	Monica	Monica	present	char_tracker_stage05	joey|monica|ross	present	1.0		high	
11	192	512.68	513.72	Yeah, I am.	Ross	high	community_transcript_match	1.0	dialogue	False	True	Phoebe | Monica | Ross | Joey | Kim	Monica	Ross	False		Speaker agrees with available community-transcript mapping.	Yeah I am	Ross	Ross	present	char_tracker_stage05	joey|ross	present	1.0		high	
11	193	516.28	518.08	Yeah, Ben got a second audition.	Ross	high	community_transcript_match	1.0	dialogue	False	True	Phoebe | Monica | Ross | Joey | Kim	Ross	Ross	False		Speaker agrees with available community-transcript mapping.	(Pause) Yeah I am! Yeah, Ben got a second audition!	Ross	Ross	present	char_tracker_stage05	ross	present	1.0		high	
11	194	518.08	518.84	It was great.	Ross	medium	visual_disambiguation	0.74	dialogue	True	False	Phoebe | Monica | Ross | Joey | Kim	Ross	Joey	False		Only one of the two text-context candidates was visually present in the window.				present	char_tracker_stage05	ross	present			medium	
11	195	519.24	520.88	Yeah, I had to teach Ross my bit.	Joey	high	community_transcript_match	1.0	dialogue	False	True	Phoebe | Monica | Ross | Joey | Kim	Ross	Joey	False		Speaker agrees with available community-transcript mapping.	(also downtrodden) Yeah, I had to teach Ross my bit because I actually didn't get a callback.	Joey	Joey	present	char_tracker_stage05	joey|ross	present	1.0		high	
11	196	520.88	523.24	Cause I actually didn't get a call back.	Joey	high	community_transcript_match	1.0	dialogue	False	True	Phoebe | Monica | Ross | Joey | Kim	Joey	Monica	False		Speaker agrees with available community-transcript mapping.	because i actually didn't get a callback	Joey	Joey	present	char_tracker_stage05	joey|ross	present	1.0		high	
11	197	524.68	526.52	You got a call back too, didn't you?	Monica	high	community_transcript_match	1.0	dialogue	False	True	Phoebe | Monica | Ross | Joey | Kim	Joey	Joey	False		Speaker agrees with available community-transcript mapping.	You got a callback too didn't you?	Monica	Monica	present	char_tracker_stage05	joey|monica	present	1.0		high	
11	198	529.08	530.12	Yeah, I did.	Joey	high	community_transcript_match	1.0	dialogue	False	True	Phoebe | Monica | Ross | Joey | Kim	Monica	Kim	False		Speaker agrees with available community-transcript mapping.	(Happily) Yeah I did!	Joey	Joey	present	char_tracker_stage05	joey|ross	present	1.0		high	
11	199	536.28	537.44	Hey Rachel.	Kim	high	community_transcript_match	1.0	dialogue	False	True	Phoebe | Monica | Ross | Joey | Kim	Joey		False		Speaker agrees with available community-transcript mapping.	hey rachel	Kim	Kim	absent	char_tracker_stage05		unobserved			high	
12	200	537.44	538.36	What are you doing out here?	Kim	high	community_transcript_match	1.0	dialogue	False	True	Kim | Rachel | Nancy		Rachel	False		Speaker agrees with available community-transcript mapping.	Hey Rachel, what are you doing out here?	Kim	Kim	present	char_tracker_stage05	rachel	unobserved			high	
12	201	538.36	540.76	Well, you know, it got kind of lonely up there.	Rachel	medium	visual_disambiguation	0.74	dialogue	True	False	Kim | Rachel | Nancy	Kim	Rachel	False		Only one of the two text-context candidates was visually present in the window.				present	char_tracker_stage05	rachel	present			medium	
12	202	540.76	544.52	So I just thought I would come out here and get some fresh air.	Rachel	high	community_transcript_match	1.0	dialogue	False	True	Kim | Rachel | Nancy	Rachel	Kim	False		Speaker agrees with available community-transcript mapping.	Oh well, it's kinda lonely up there, so I just thought I would come out here and get some fresh air.	Rachel	Rachel	present	char_tracker_stage05	rachel	present	1.0		high	
12	203	546.04	548.12	Nancy and I were just talking about the fall collection.	Kim	high	community_transcript_match	1.0	dialogue	False	True	Kim | Rachel | Nancy	Rachel	Rachel	False		Speaker agrees with available community-transcript mapping.	Nancy and I were talking about the fall collection.	Kim	Kim	absent	char_tracker_stage05		unobserved			high	
12	204	548.12	548.84	Oh, great.	Rachel	high	qa_review_resolved_ct_support	1.0	dialogue	False	True	Kim | Rachel | Nancy	Kim	Kim	True	speaker_no_face	Speaker agrees with available community-transcript mapping. | QA resolved prior review with community-transcript support.	Oh great!	Rachel	Rachel	absent	char_tracker_stage05		absent	0.0		medium	speaker_no_face
12	205	549.16	550.28	So anyway, we really.	Kim	high	community_transcript_match	1.0	dialogue	False	True	Kim | Rachel | Nancy	Rachel	Nancy	False		Speaker agrees with available community-transcript mapping.	So anyway we really… (Someone exhales and Rachel turns and coughs.) Honey, we're just smoking all over you.	Kim	Kim	absent	char_tracker_stage05		unobserved			high	
12	206	551.06	551.74	Honey, I'm sorry.	Nancy	high	community_transcript_match	1.0	dialogue	False	True	Kim | Rachel | Nancy	Kim	Nancy	False		Speaker agrees with available community-transcript mapping.	Oh, sorry!	Nancy	Nancy	absent	char_tracker_stage05		unobserved			high	
12	207	551.74	552.74	We're just smoking all over.	Nancy	medium	scene_context_inference	0.66	dialogue	True	False	Kim | Rachel | Nancy	Nancy	Rachel	True	two_sided_context_ambiguous	No direct transcript match; longer line defaulted to previous speaker in same scene.				absent	char_tracker_stage05		unobserved			medium	
12	208	553.3	553.82	That's okay.	Rachel	high	qa_review_resolved_ct_support	1.0	dialogue	False	True	Kim | Rachel | Nancy	Nancy	Kim	True	speaker_no_face	Speaker agrees with available community-transcript mapping. | QA resolved prior review with community-transcript support.	Oh that's okay.	Rachel	Rachel	absent	char_tracker_stage05		absent	0.0		medium	speaker_no_face
12	209	553.82	554.94	No, no, no, we'll move.	Kim	high	community_transcript_match	1.0	dialogue	False	True	Kim | Rachel | Nancy	Rachel	Kim	False		Speaker agrees with available community-transcript mapping.	No-no-no, we'll move you just stay right there. (They walk away.)	Kim	Kim	absent	char_tracker_stage05		unobserved			high	
12	210	554.94	555.34	You stay.	Kim	high	community_transcript_match	1.0	dialogue	False	True	Kim | Rachel | Nancy	Kim	Kim	False		Speaker agrees with available community-transcript mapping.	you just stay right there	Kim	Kim	absent	char_tracker_stage05		unobserved			high	
12	211	555.34	555.62	Right.	Kim	high	community_transcript_match	1.0	dialogue	False	True	Kim | Rachel | Nancy	Kim	Nancy	False		Speaker agrees with available community-transcript mapping.	right there	Kim	Kim	absent	char_tracker_stage05		unobserved			high	
12	212	556.42	559.38	You know, I said the designs of it around here I'm very excited about the look.	Nancy	high	community_transcript_match	1.0	dialogue	False	True	Kim | Rachel | Nancy	Kim	Kim	False		Speaker agrees with available community-transcript mapping.	So anyway I sent the designs over to Ralph and he's very excited about the line.	Nancy	Nancy	present	char_tracker_stage05	rachel	unobserved			high	
12	213	559.38	560.38	Oh that's great.	Kim	high	community_transcript_match	1.0	dialogue	False	True	Kim | Rachel | Nancy	Nancy	Kim	False		Speaker agrees with available community-transcript mapping.	Oh that's great	Kim	Kim	present	char_tracker_stage05	rachel	unobserved			high	
12	214	560.38	561.22	You are the best.	Kim	high	community_transcript_match	1.0	dialogue	False	True	Kim | Rachel | Nancy	Kim	Kim	False		Speaker agrees with available community-transcript mapping.	Oh that's great! You are the best!	Kim	Kim	absent	char_tracker_stage05		unobserved			high	
12	215	561.38	564.98	Oh excuse me, can I buy one of those?	Kim	high	qa_review_resolved_bridge	0.9	dialogue	True	False	Kim | Rachel | Nancy	Kim	Kim	False		Filled from previous same-scene context. | QA resolved prior review by same-speaker bridge.				absent	char_tracker_stage05		unobserved			high	
12	216	565.62	566.26	Yeah, you know what?	Kim	high	qa_review_resolved_bridge	0.9	dialogue	True	False	Kim | Rachel | Nancy	Kim	Kim	False		Filled from previous same-scene context. | QA resolved prior review by same-speaker bridge.				present	char_tracker_stage05	rachel	unobserved			high	
12	217	566.26	566.5	Actually.	Kim	high	qa_review_resolved_bridge	0.9	dialogue	True	False	Kim | Rachel | Nancy	Kim	Kim	False		Filled from previous same-scene context. | QA resolved prior review by same-speaker bridge.				present	char_tracker_stage05	rachel	unobserved			high	
12	218	569.62	570.54	Okay, okay.	Kim	high	qa_review_resolved_bridge	0.9	dialogue	True	False	Kim | Rachel | Nancy	Kim	Kim	False		Filled from previous same-scene context. | QA resolved prior review by same-speaker bridge.				present	char_tracker_stage05	rachel	unobserved			high	
12	219	570.54	570.9	Okay.	Kim	medium	scene_context_inference	0.68	dialogue	True	False	Kim | Rachel | Nancy	Kim		True	scene_end_short_utterance	Filled from previous same-scene context.				present	char_tracker_stage05	rachel	unobserved			medium	
13	220	570.9	572.18	What's so funny over here?	Rachel	high	community_transcript_match	1.0	dialogue	False	True	Rachel | Nancy | Kim		Nancy	False		Speaker agrees with available community-transcript mapping.	Excuse me, can I, can I bum one of those? (He holds up his pack.) Y'know what, actually… (She takes the one he's smoking and heads over to where Nancy and Kim are standing and laughing.) Okay, okay, okay, what's so funny over here?	Rachel	Rachel	present	char_tracker_stage05	rachel	present	1.0		high	
13	221	573.06	574.66	I thought you didn't smoke.	Nancy	high	community_transcript_match	1.0	dialogue	False	True	Rachel | Nancy | Kim	Rachel	Rachel	False		Speaker agrees with available community-transcript mapping.	I thought you didn't smoke.	Nancy	Nancy	present	char_tracker_stage05	rachel	unobserved			high	
13	222	574.74	578.74	Oh, you know, I thought you guys meant marijuana cigarettes.	Rachel	medium	visual_disambiguation	0.74	dialogue	True	False	Rachel | Nancy | Kim	Nancy	Rachel	False		Only one of the two text-context candidates was visually present in the window.				present	char_tracker_stage05	rachel	present			medium	
13	223	579.06	579.62	You know.	Rachel	high	scene_context_bridge	0.88	dialogue	True	False	Rachel | Nancy | Kim	Rachel	Rachel	False		Same speaker appears on both sides within the same scene.				present	char_tracker_stage05	rachel	present			high	
13	224	580.98	581.78	You know what I mean?	Rachel	high	scene_context_bridge	0.88	dialogue	True	False	Rachel | Nancy | Kim	Rachel	Rachel	False		Same speaker appears on both sides within the same scene.				present	char_tracker_stage05	rachel	present			high	
13	225	581.78	582.34	Like do.	Rachel	high	community_transcript_match	1.0	dialogue	False	True	Rachel | Nancy | Kim	Rachel	Rachel	False		Speaker agrees with available community-transcript mapping.	Y'know what I mean, like doobies	Rachel	Rachel	present	char_tracker_stage05	rachel	present	1.0		high	
13	226	584.64	588.12	And I actually thought to myself wow, those guys are crazy.	Rachel	high	community_transcript_match	1.0	dialogue	False	True	Rachel | Nancy | Kim	Rachel	Rachel	False		Speaker agrees with available community-transcript mapping.	"And I actually, I thought to myself, ""Wow, those guys are crazy"	Rachel	Rachel	present	char_tracker_stage05	rachel	present	1.0		high	
13	227	588.12	590.56	But no, I actually, I smoke the regular ones all, all the time.	Rachel	high	community_transcript_match	1.0	dialogue	False	True	Rachel | Nancy | Kim	Rachel	Kim	False		Speaker agrees with available community-transcript mapping.	"Oh, I thought you guys meant marijuana cigarettes, y'know? Y'know what I mean, like doobies? And I actually, I thought to myself, ""Wow, those guys are crazy!"" But no, I actually smoke the regular ones all, all the time."	Rachel	Rachel	present	char_tracker_stage05	rachel	present	1.0		high	
13	228	591.76	592.56	We get high.	Kim	high	community_transcript_match	1.0	dialogue	False	True	Rachel | Nancy | Kim	Rachel	Rachel	False		Speaker agrees with available community-transcript mapping.	We get high.	Kim	Kim	present	char_tracker_stage05	rachel	unobserved			high	
13	229	595.84	596.4	Me too.	Rachel	high	community_transcript_match	1.0	dialogue	False	True	Rachel | Nancy | Kim	Kim	Kim	False		Speaker agrees with available community-transcript mapping.	Oh, me too.	Rachel	Rachel	present	char_tracker_stage05	rachel	present	1.0		high	
13	230	598.4	599.36	I'm kidding.	Kim	high	community_transcript_match	1.0	dialogue	False	True	Rachel | Nancy | Kim	Rachel	Rachel	False		Speaker agrees with available community-transcript mapping.	I'm kidding.	Kim	Kim	present	char_tracker_stage05	rachel	unobserved			high	
13	231	601.12	601.76	Me too.	Rachel	high	community_transcript_match	1.0	dialogue	False	True	Rachel | Nancy | Kim	Kim		False		Speaker agrees with available community-transcript mapping.	(Laughs) Oh, me too.	Rachel	Rachel	present	char_tracker_stage05	rachel	present	1.0		high	
14	232	605.04	607.12	Oh God, this is so nerve wracking.	Ross	high	qa_review_resolved_ct_support	1.0	dialogue	False	True	Ross | Joey | Carol | The Casting Director | Kyle		Ross	True	speaker_no_face	Speaker agrees with available community-transcript mapping. | QA resolved prior review with community-transcript support.	Oh God, this is so nerve wracking! How-how do you do this?	Ross	Ross	partial	char_tracker_stage05		absent	0.0		medium	speaker_no_face
14	233	607.28	608.52	How, how do you do that?	Ross	high	community_transcript_match	1.0	dialogue	False	True	Ross | Joey | Carol | The Casting Director | Kyle	Ross	Joey	False		Speaker agrees with available community-transcript mapping.	How-how do you do this	Ross	Ross	present	char_tracker_stage05	joey|ross	present	0.5		high	
14	234	609.07	610.91	Well, fortunately I don't get many callbacks.	Joey	high	community_transcript_match	1.0	dialogue	False	True	Ross | Joey | Carol | The Casting Director | Kyle	Ross	Carol	False		Speaker agrees with available community-transcript mapping.	Well, unfortunately, I don't get many callbacks so…	Joey	Joey	present	char_tracker_stage05	joey|ross	present	1.0		high	
14	235	612.67	615.55	Is it a good sign that they asked to hang around after the audition?	Carol	high	community_transcript_match	1.0	dialogue	False	True	Ross | Joey | Carol | The Casting Director | Kyle	Joey	Joey	False		Speaker agrees with available community-transcript mapping.	Is it a good sign that they asked us to hang around after the audition?	Carol	Carol	present	char_tracker_stage05	joey|ross	unobserved			high	
14	236	615.63	616.43	Who knows?	Joey	high	community_transcript_match	1.0	dialogue	False	True	Ross | Joey | Carol | The Casting Director | Kyle	Carol	The Casting Director	False		Speaker agrees with available community-transcript mapping.	Who knows?	Joey	Joey	present	char_tracker_stage05	joey|ross	present	1.0		high	
14	237	619.15	625.11	Okay, we have narrowed it down to Raymond, Ben, Kyle and Joey.	The Casting Director	high	community_transcript_match	1.0	dialogue	False	True	Ross | Joey | Carol | The Casting Director | Kyle	Joey	The Casting Director	False		Speaker agrees with available community-transcript mapping.	(entering) Okay uh, we have narrowed it down to Raymond, Ben, Kyle, and Joey. The rest of you, thank you very much.	The Casting Director	The Casting Director	partial	char_tracker_stage05		unobserved			high	
14	238	625.11	626.75	The rest of you thank you very much.	The Casting Director	high	community_transcript_match	1.0	dialogue	False	True	Ross | Joey | Carol | The Casting Director | Kyle	The Casting Director	Ross	False		Speaker agrees with available community-transcript mapping.	The rest of you, thank you very much	The Casting Director	The Casting Director	present	char_tracker_stage05	ross	unobserved			high	
14	239	627.07	627.55	Yes.	Ross	high	community_transcript_match	1.0	dialogue	False	True	Ross | Joey | Carol | The Casting Director | Kyle	The Casting Director	Ross	False		Speaker agrees with available community-transcript mapping.	Yes	Ross	Ross	present	char_tracker_stage05	ross	present	1.0		high	
14	240	627.71	628.75	I knew it.	Ross	high	community_transcript_match	1.0	dialogue	False	True	Ross | Joey | Carol | The Casting Director | Kyle	Ross	Ross	False		Speaker agrees with available community-transcript mapping.	Yes!! I knew it!! (To the people who didn't make it.) Bye-bye! So long! Later!	Ross	Ross	present	char_tracker_stage05	joey|ross	present	1.0		high	
14	241	630.67	631.03	Bye.	Ross	high	community_transcript_match	1.0	dialogue	False	True	Ross | Joey | Carol | The Casting Director | Kyle	Ross	Ross	False		Speaker agrees with available community-transcript mapping.	Bye-bye	Ross	Ross	present	char_tracker_stage05	joey|ross	present	1.0		high	
14	242	631.03	631.47	Bye.	Ross	high	community_transcript_match	1.0	dialogue	False	True	Ross | Joey | Carol | The Casting Director | Kyle	Ross	Ross	False		Speaker agrees with available community-transcript mapping.	bye	Ross	Ross	present	char_tracker_stage05	joey|ross	present	1.0		high	
14	243	633.23	636.43	Show love later.	Ross	medium	visual_disambiguation	0.74	dialogue	True	False	Ross | Joey | Carol | The Casting Director | Kyle	Ross	Carol	False		Only one of the two text-context candidates was visually present in the window.				present	char_tracker_stage05	ross	present			medium	
14	244	637.21	638.65	I'm not married to him anymore.	Carol	high	community_transcript_match	1.0	dialogue	False	True	Ross | Joey | Carol | The Casting Director | Kyle	Ross	Carol	False		Speaker agrees with available community-transcript mapping.	I'm not married to him anymore! He's my ex-husband! I'm totally gay!  (Ross mouths something to her.)	Carol	Carol	present	char_tracker_stage05	ross	unobserved			high	
14	245	638.65	639.85	He's my ex husband.	Carol	high	community_transcript_match	1.0	dialogue	False	True	Ross | Joey | Carol | The Casting Director | Kyle	Carol	Carol	False		Speaker agrees with available community-transcript mapping.	He's my ex-husband	Carol	Carol	present	char_tracker_stage05	ross	unobserved			high	
14	246	639.85	641.05	I'm totally gay.	Carol	high	community_transcript_match	1.0	dialogue	False	True	Ross | Joey | Carol | The Casting Director | Kyle	Carol	Joey	False		Speaker agrees with available community-transcript mapping.	I'm totally gay	Carol	Carol	present	char_tracker_stage05	ross	unobserved			high	
14	247	642.81	643.53	This is great.	Joey	high	qa_review_resolved_ct_support	1.0	dialogue	False	True	Ross | Joey | Carol | The Casting Director | Kyle	Carol	Joey	True	speaker_offscreen	Speaker agrees with available community-transcript mapping. | QA resolved prior review with community-transcript support.	Oh this is great	Joey	Joey	present	char_tracker_stage05	ross	absent	0.0		low	speaker_offscreen
14	248	643.53	645.37	I might actually get to play Ben's dad.	Joey	high	qa_review_resolved_ct_support	1.0	dialogue	False	True	Ross | Joey | Carol | The Casting Director | Kyle	Joey	The Casting Director	True	speaker_offscreen	Speaker agrees with available community-transcript mapping. | QA resolved prior review with community-transcript support.	Oh this is great! I might actually get to play Ben's dad!	Joey	Joey	present	char_tracker_stage05	ross	absent	0.0		low	speaker_offscreen
14	249	646.17	649.69	Actually that can't happen because you all have such different looks.	The Casting Director	high	community_transcript_match	1.0	dialogue	False	True	Ross | Joey | Carol | The Casting Director | Kyle	Joey	The Casting Director	False		Speaker agrees with available community-transcript mapping.	Actually, that can't happen. Yeah because you all have such different looks, we're putting you with Raymond and Kyle with Ben. So it'll be either you two (Points to Joey and Raymond) or you two. (Points to Kyle and Ben.) (Exits.)	The Casting Director	The Casting Director	present	char_tracker_stage05	joey|ross	unobserved			high	
14	250	649.69	652.41	We're putting you with Raymond and Kyle with Ben.	The Casting Director	high	community_transcript_match	1.0	dialogue	False	True	Ross | Joey | Carol | The Casting Director | Kyle	The Casting Director	The Casting Director	False		Speaker agrees with available community-transcript mapping.	Yeah because you all have such different looks, we're putting you with Raymond and Kyle with Ben	The Casting Director	The Casting Director	absent	char_tracker_stage05		unobserved			high	
14	251	652.57	654.89	So it'll either be you two or you two.	The Casting Director	high	community_transcript_match	1.0	dialogue	False	True	Ross | Joey | Carol | The Casting Director | Kyle	The Casting Director	Joey	False		Speaker agrees with available community-transcript mapping.	So it'll be either you two or you two	The Casting Director	The Casting Director	present	char_tracker_stage05	joey|ross	unobserved			high	
14	252	658.01	661.29	Man, this is gonna be kind of weird.	Joey	high	community_transcript_match	1.0	dialogue	False	True	Ross | Joey | Carol | The Casting Director | Kyle	The Casting Director	Ross	False		Speaker agrees with available community-transcript mapping.	Man, this is gonna be kinda weird.	Joey	Joey	present	char_tracker_stage05	joey|ross	present	1.0		high	
14	253	661.61	662.49	Yeah it is.	Ross	high	community_transcript_match	1.0	dialogue	False	True	Ross | Joey | Carol | The Casting Director | Kyle	Joey	Kyle	False		Speaker agrees with available community-transcript mapping.	Yeah, it is.	Ross	Ross	present	char_tracker_stage05	joey|ross	present	1.0		high	
14	254	663.41	665.17	Yeah, it's gonna be weird.	Kyle	high	community_transcript_match	1.0	dialogue	False	True	Ross | Joey | Carol | The Casting Director | Kyle	Ross	Ross	False		Speaker agrees with available community-transcript mapping.	Yeah. It's gonna be weird.	Kyle	Kyle	present	char_tracker_stage05	joey|ross	unobserved			high	
14	255	667.73	669.57	No, we're like best friends.	Ross	high	community_transcript_match	1.0	dialogue	False	True	Ross | Joey | Carol | The Casting Director | Kyle	Kyle	Ross	False		Speaker agrees with available community-transcript mapping.	No, we-we're gonna be like best friends, that's why it's gonna be weird.	Ross	Ross	present	char_tracker_stage05	joey|ross	present	1.0		high	
14	256	670.05	671.17	That's why it's weird.	Ross	high	community_transcript_match	1.0	dialogue	False	True	Ross | Joey | Carol | The Casting Director | Kyle	Ross	Kyle	False		Speaker agrees with available community-transcript mapping.	that's why it's gonna be weird	Ross	Ross	present	char_tracker_stage05	joey|ross	present	1.0		high	
14	257	671.57	674.69	Oh, oh, I thought we were just talking.	Kyle	high	community_transcript_match	1.0	dialogue	False	True	Ross | Joey | Carol | The Casting Director | Kyle	Ross		False		Speaker agrees with available community-transcript mapping.	Oh, oh, I thought we were just talking.	Kyle	Kyle	present	char_tracker_stage05	joey	unobserved			high	
15	258	683.17	686.45	Hey Ross, if Ben gets this commercial do you think he can get me some free soup?	Chandler	high	qa_review_resolved_ct_support	1.0	dialogue	False	True	Chandler | Ross | Joey | Phoebe		Ross	True	speaker_no_face	Speaker agrees with available community-transcript mapping. | QA resolved prior review with community-transcript support.	Hey Ross, if Ben gets the commercial, do you think you can get me some free soup?	Chandler	Chandler	absent	char_tracker_stage05		absent	0.0		medium	speaker_no_face
15	259	687.81	690.25	Chandler, a can of oup is like 60 cents.	Ross	high	community_transcript_match	1.0	dialogue	False	True	Chandler | Ross | Joey | Phoebe	Chandler	Joey	False		Speaker agrees with available community-transcript mapping.	Chandler, a can of soup is like 60 cents.	Ross	Ross	present	char_tracker_stage05	ross	present	1.0		high	
15	260	690.25	693.73	Yeah, okay, but I have been supporting a 29 year old Italian for five years.	Joey	high	qa_review_resolved_ct_support	1.0	dialogue	False	True	Chandler | Ross | Joey | Phoebe	Ross	Phoebe	True	speaker_offscreen	Speaker agrees with available community-transcript mapping. | QA resolved prior review with community-transcript support.	Yeah, okay, but I have been supporting a 29-year-old Italian for five years.	Joey	Joey	present	char_tracker_stage05	chandler	absent	0.0		low	speaker_offscreen
15	261	696.15	700.55	Hey, is it okay if I leave this stuff here till Rachel's birthday party?	Phoebe	high	community_transcript_match	1.0	dialogue	False	True	Chandler | Ross | Joey | Phoebe	Joey	Chandler	False		Speaker agrees with available community-transcript mapping.	Is it okay if I leave this stuff here 'til Rachel's birthday party?	Phoebe	Phoebe	present	char_tracker_stage05	phoebe	present	0.6		high	
15	262	700.95	701.27	Sure.	Chandler	high	qa_review_resolved_ct_support	1.0	dialogue	False	True	Chandler | Ross | Joey | Phoebe	Phoebe	Chandler	True	speaker_no_face	Speaker agrees with available community-transcript mapping. | QA resolved prior review with community-transcript support.	Ah sure	Chandler	Chandler	absent	char_tracker_stage05		absent	0.0		medium	speaker_no_face
15	263	701.27	701.91	What's in them?	Chandler	high	qa_review_resolved_ct_support	1.0	dialogue	False	True	Chandler | Ross | Joey | Phoebe	Chandler	Phoebe	True	speaker_no_face	Speaker agrees with available community-transcript mapping. | QA resolved prior review with community-transcript support.	Ah sure. What's in 'em?	Chandler	Chandler	absent	char_tracker_stage05		absent	0.0		medium	speaker_no_face
15	264	702.39	703.03	Cups.	Phoebe	high	qa_review_resolved_ct_support	1.0	dialogue	False	True	Chandler | Ross | Joey | Phoebe	Chandler	Chandler	True	speaker_no_face	Speaker agrees with available community-transcript mapping. | QA resolved prior review with community-transcript support.	Umm, cups.	Phoebe	Phoebe	absent	char_tracker_stage05		absent	0.0		medium	speaker_no_face
15	265	704.47	707.35	Well good, because we got Rachel 800 gallons of water.	Chandler	high	community_transcript_match	1.0	dialogue	False	True	Chandler | Ross | Joey | Phoebe	Phoebe	Ross	False		Speaker agrees with available community-transcript mapping.	Oh good, because uh we got Rachel 800 gallons of water.	Chandler	Chandler	present	char_tracker_stage05	chandler	present	1.0		high	
15	266	708.95	709.47	Seriously?	Ross	high	qa_review_resolved_ct_support	1.0	dialogue	False	True	Chandler | Ross | Joey | Phoebe	Chandler	Ross	True	speaker_offscreen	Speaker agrees with available community-transcript mapping. | QA resolved prior review with community-transcript support.	seriously	Ross	Ross	present	char_tracker_stage05	phoebe	absent	0.0		low	speaker_offscreen
15	267	709.47	710.71	That's a lot of cups.	Ross	high	qa_review_resolved_ct_support	1.0	dialogue	False	True	Chandler | Ross | Joey | Phoebe	Ross	Phoebe	True	speaker_offscreen	Speaker agrees with available community-transcript mapping. | QA resolved prior review with community-transcript support.	Seriously that's a lot of cups.	Ross	Ross	present	char_tracker_stage05	phoebe	absent	0.0		low	speaker_offscreen
15	268	711.11	713.67	Yeah, well that's cause I'm in charge of cups and ice.	Phoebe	high	community_transcript_match	1.0	dialogue	False	True	Chandler | Ross | Joey | Phoebe	Ross	Phoebe	False		Speaker agrees with available community-transcript mapping.	yeah well that's 'cause monica put me in charge of cups and ice	Phoebe	Phoebe	present	char_tracker_stage05	phoebe	present	1.0		high	
15	269	713.67	717.11	And Monica is going to rue the day that she put me in charge of cups and ice.	Phoebe	high	community_transcript_match	1.0	dialogue	False	True	Chandler | Ross | Joey | Phoebe	Phoebe	Chandler	False		Speaker agrees with available community-transcript mapping.	Yeah well, that's 'cause Monica put me in charge of cups and ice, and Monica is gonna rue the day that she put me in charge of cups and ice.	Phoebe	Phoebe	present	char_tracker_stage05	phoebe	present	1.0		high	
15	270	718.71	719.99	You know I rue the day once.	Chandler	high	community_transcript_match	1.0	dialogue	False	True	Chandler | Ross | Joey | Phoebe	Phoebe	Chandler	False		Speaker agrees with available community-transcript mapping.	Y'know I rued the day once	Chandler	Chandler	present	char_tracker_stage05	chandler|ross	present	1.0		high	
15	271	720.5	721.7	Didn't get a whole lot else done.	Chandler	high	community_transcript_match	1.0	dialogue	False	True	Chandler | Ross | Joey | Phoebe	Chandler	Phoebe	False		Speaker agrees with available community-transcript mapping.	Y'know I rued the day once…didn't get a whole lot else done.	Chandler	Chandler	present	char_tracker_stage05	chandler	present	1.0		high	
15	272	723.94	726.34	Okay, time to bring up the rest of the cups.	Phoebe	high	community_transcript_match	1.0	dialogue	False	True	Chandler | Ross | Joey | Phoebe	Chandler	Phoebe	False		Speaker agrees with available community-transcript mapping.	Okay, time to bring up the rest of the cups. (She goes and opens the door to Joey.) Oh, hi Joey!	Phoebe	Phoebe	present	char_tracker_stage05	phoebe	present	1.0		high	
15	273	728.82	729.78	Oh hey Joey.	Phoebe	high	qa_review_resolved_ct_support	1.0	dialogue	False	True	Chandler | Ross | Joey | Phoebe	Phoebe	Joey	True	speaker_offscreen	Speaker agrees with available community-transcript mapping. | QA resolved prior review with community-transcript support.	Oh, hi Joey	Phoebe	Phoebe	present	char_tracker_stage05	joey	absent	0.0		low	speaker_offscreen
15	274	729.78	730.42	Hey Phoebe.	Joey	high	community_transcript_match	1.0	dialogue	False	True	Chandler | Ross | Joey | Phoebe	Phoebe	Ross	False		Speaker agrees with available community-transcript mapping.	Hey Pheebs! (To the guys) Hey!	Joey	Joey	present	char_tracker_stage05	joey	present	1.0		high	
15	275	731.62	731.98	Hey.	Ross	high	qa_review_resolved_ct_support	1.0	dialogue	False	True	Chandler | Ross | Joey | Phoebe	Joey	Joey	True	speaker_offscreen	Speaker agrees with available community-transcript mapping. | QA resolved prior review with community-transcript support.	Hey!	Ross	Ross	present	char_tracker_stage05	joey	absent	0.0		low	speaker_offscreen
15	276	731.98	733.02	Hey Ross.	Joey	medium	name_address_rule	0.74	dialogue	True	False	Chandler | Ross | Joey | Phoebe	Ross	Joey	False		Utterance names the previous speaker, so the next speaker is more likely.				present	char_tracker_stage05	joey	present			medium	
15	277	733.02	734.82	Good, I'm glad you're here.	Joey	high	community_transcript_match	1.0	dialogue	False	True	Chandler | Ross | Joey | Phoebe	Joey	Joey	False		Speaker agrees with available community-transcript mapping.	Ross good, I'm uh glad you're here. I wanna talk to you about something.	Joey	Joey	present	char_tracker_stage05	joey	present	1.0		high	
15	278	734.82	736.1	I want to talk to you about something.	Joey	high	community_transcript_match	1.0	dialogue	False	True	Chandler | Ross | Joey | Phoebe	Joey	Ross	False		Speaker agrees with available community-transcript mapping.	I wanna talk to you about something	Joey	Joey	present	char_tracker_stage05	joey	present	0.6667		high	
15	279	736.42	738.26	Huh, what's up?	Ross	high	community_transcript_match	1.0	dialogue	False	True	Chandler | Ross | Joey | Phoebe	Joey	Joey	False		Speaker agrees with available community-transcript mapping.	What's up?	Ross	Ross	present	char_tracker_stage05	ross	present	0.6667		high	
15	280	738.26	740.26	Well, I've been thinking about this.	Joey	high	community_transcript_match	1.0	dialogue	False	True	Chandler | Ross | Joey | Phoebe	Ross		False		Speaker agrees with available community-transcript mapping.	Well, I've been thinking about this whole commercial thing, y'know me going up against Ben, the two of us competing, and that can't lead to anything good. So, I think I'm just gonna step aside. I'm gonna tell them that I won't audition.	Joey	Joey	present	char_tracker_stage05	joey|ross	present	1.0		high	
