scene_id	sentence_id	start	end	utterance	speaker	speaker_confidence	speaker_method	alignment_score	row_type	filled_from_missing	matched_to_ct	scene_speaker_set	prev_speaker_scene	next_speaker_scene	review_flag	review_reason	notes	utterance_ct	speaker_ct	speaker_original	visual_presence	visual_presence_source	visual_presence_chars	speaker_visual_presence	speaker_visual_ratio	visual_presence_note	annotation_confidence	annotation_review_reason
14	1	6.08	6.56	Come on.	Ross	high	community_transcript_match	1.0	dialogue	False	True	Ross | Phoebe		Phoebe	False		Speaker agrees with available community-transcript mapping.	Hey Pheebs, what 'cha reading? (Phoebe ignores him) Pheebs? (Turns away) Hello? (He sits down next to her and she moves over a bit.) Phoebe? (He moves closer and she keeps moving away.) Phoe-Phoebe! (They end up hanging over the arm rest.) Come on! (He grabs the magazine away from her.)	Ross	Ross	present	char_tracker_stage05	phoebe|ross	present	1.0		high	
14	2	7.12	7.72	I'm sorry.	Phoebe	high	community_transcript_match	1.0	dialogue	False	True	Ross | Phoebe	Ross	Phoebe	False		Speaker agrees with available community-transcript mapping.	Oh, I'm sorry	Phoebe	Phoebe	present	char_tracker_stage05	phoebe|ross	present	1.0		high	
14	3	7.72	8.64	I didn't see you there.	Phoebe	high	community_transcript_match	1.0	dialogue	False	True	Ross | Phoebe	Phoebe	Ross	False		Speaker agrees with available community-transcript mapping.	Oh, I'm sorry. I didn't see you there.	Phoebe	Phoebe	present	char_tracker_stage05	phoebe|ross	present	1.0		high	
14	4	11.12	11.6	Peep.	Ross	medium	short_turn_alternation	0.7	dialogue	True	False	Ross | Phoebe	Phoebe	Ross	True	short_utterance_between_two_speakers	Short utterance inferred from local turn alternation.				present	char_tracker_stage05	phoebe|ross	present			medium	
14	5	12.16	14.16	Are you mad at me or something?	Ross	high	community_transcript_match	1.0	dialogue	False	True	Ross | Phoebe	Ross	Ross	False		Speaker agrees with available community-transcript mapping.	Phoebe, are you, are you mad at me, or something	Ross	Ross	present	char_tracker_stage05	phoebe|ross	present	1.0		high	
14	6	14.24	16.88	Cause if you are, please tell me what it is I did.	Ross	high	community_transcript_match	1.0	dialogue	False	True	Ross | Phoebe	Ross	Phoebe	False		Speaker agrees with available community-transcript mapping.	Phoebe, are you, are you mad at me, or something? 'Cause if are please, tell me what it is I did!	Ross	Ross	present	char_tracker_stage05	phoebe|ross	present	1.0		high	
14	7	17.04	18.8	Well if you don't know, I can't help you.	Phoebe	high	community_transcript_match	1.0	dialogue	False	True	Ross | Phoebe	Ross	Ross	False		Speaker agrees with available community-transcript mapping.	Well, if you don't know I can't help you.	Phoebe	Phoebe	present	char_tracker_stage05	phoebe|ross	present	1.0		high	
14	8	18.8	19.76	Well, I don't know.	Ross	high	community_transcript_match	1.0	dialogue	False	True	Ross | Phoebe	Phoebe	Phoebe	False		Speaker agrees with available community-transcript mapping.	Well, I don't know.	Ross	Ross	present	char_tracker_stage05	phoebe|ross	present	1.0		high	
14	9	19.76	20.96	Well, I can't help you.	Phoebe	high	community_transcript_match	1.0	dialogue	False	True	Ross | Phoebe	Ross	Ross	False		Speaker agrees with available community-transcript mapping.	Well, I can't help you.	Phoebe	Phoebe	present	char_tracker_stage05	phoebe|ross	present	1.0		high	
14	10	22.96	26.92	Okay, well whatever it is, I am very, very sorry.	Ross	high	community_transcript_match	1.0	dialogue	False	True	Ross | Phoebe	Phoebe	Phoebe	False		Speaker agrees with available community-transcript mapping.	Well, whatever it is I'm-I'm very, very sorry. Okay?	Ross	Ross	present	char_tracker_stage05	phoebe|ross	present	1.0		high	
14	11	26.92	29.94	Okay, Apology accepted.	Phoebe	high	community_transcript_match	1.0	dialogue	False	True	Ross | Phoebe	Ross	Ross	False		Speaker agrees with available community-transcript mapping.	Apology accepted.	Phoebe	Phoebe	present	char_tracker_stage05	phoebe|ross	present	1.0		high	
14	12	30.9	33.54	Okay, so we're, we're good?	Ross	high	community_transcript_match	1.0	dialogue	False	True	Ross | Phoebe	Phoebe	Phoebe	False		Speaker agrees with available community-transcript mapping.	Okay. So we're, we're good?	Ross	Ross	present	char_tracker_stage05	phoebe|ross	present	1.0		high	
14	13	33.54	34.26	Uh huh.	Phoebe	high	community_transcript_match	1.0	dialogue	False	True	Ross | Phoebe	Ross	Ross	False		Speaker agrees with available community-transcript mapping.	Uh-huh.	Phoebe	Phoebe	present	char_tracker_stage05	phoebe|ross	present	1.0		high	
14	14	35.38	40.26	All right, I'll see you later.	Ross	high	qa_review_resolved_ct_support	1.0	dialogue	False	True	Ross | Phoebe	Phoebe	Ross	True	speaker_offscreen	Speaker agrees with available community-transcript mapping. | QA resolved prior review with community-transcript support.	All right. (Gets up.) I'll uh, I'll see you later, okay?	Ross	Ross	present	char_tracker_stage05	phoebe	absent	0.3333		low	speaker_offscreen
14	15	40.26	41.22	Okay, bye.	Ross	high	qa_review_resolved_bridge	1.0	dialogue	False	True	Ross | Phoebe	Ross	Ross	True	speaker_offscreen	Speaker agrees with available community-transcript mapping. | QA resolved prior review by same-speaker bridge.	okay	Ross	Ross	present	char_tracker_stage05	phoebe	absent	0.0		low	speaker_offscreen
14	16	41.3	41.94	Badass.	Ross	high	qa_review_resolved_bridge	0.9	dialogue	True	False	Ross | Phoebe	Ross	Ross	True	speaker_offscreen	Same speaker appears on both sides within the same scene. | QA resolved prior review by same-speaker bridge.				present	char_tracker_stage05	phoebe	absent			low	speaker_offscreen
14	17	42.02	46.1	All right, Phoebe, now come on.	Ross	high	qa_review_resolved_bridge	1.0	dialogue	False	True	Ross | Phoebe	Ross	Ross	True	speaker_offscreen	Speaker agrees with available community-transcript mapping. | QA resolved prior review by same-speaker bridge.	Phoebe now come on	Ross	Ross	present	char_tracker_stage05	phoebe	absent	0.2		low	speaker_offscreen
14	18	46.1	48.9	Would you please tell me what it is that made you so mad at me?	Ross	high	community_transcript_match	1.0	dialogue	False	True	Ross | Phoebe	Ross	Phoebe	False		Speaker agrees with available community-transcript mapping.	ALL RIGHT!! Phoebe now come on! Will you please tell me what it is I did that mad you so mad at me!	Ross	Ross	present	char_tracker_stage05	phoebe|ross	present	1.0		high	
14	19	48.98	49.7	I don't know.	Phoebe	high	community_transcript_match	1.0	dialogue	False	True	Ross | Phoebe	Ross	Phoebe	False		Speaker agrees with available community-transcript mapping.	I don't know	Phoebe	Phoebe	present	char_tracker_stage05	phoebe|ross	present	1.0		high	
14	20	49.7	50.66	I don't remember.	Phoebe	high	community_transcript_match	1.0	dialogue	False	True	Ross | Phoebe	Phoebe	Ross	False		Speaker agrees with available community-transcript mapping.	I don't know! I don't remember!	Phoebe	Phoebe	present	char_tracker_stage05	phoebe	present	1.0		high	
14	21	52.9	53.26	What?	Ross	medium	visual_disambiguation	0.74	dialogue	True	False	Ross | Phoebe	Phoebe	Ross	False		Only one of the two text-context candidates was visually present in the window.				present	char_tracker_stage05	ross	present			medium	
14	22	53.26	53.62	What?	Ross	high	community_transcript_match	1.0	dialogue	False	True	Ross | Phoebe	Ross	Ross	False		Speaker agrees with available community-transcript mapping.	What	Ross	Ross	present	char_tracker_stage05	ross	present	1.0		high	
14	23	53.62	54.98	What do you mean you can't remember?	Ross	high	community_transcript_match	1.0	dialogue	False	True	Ross | Phoebe	Ross	Phoebe	False		Speaker agrees with available community-transcript mapping.	What?! What do you mean-what do you mean you can't remember?!	Ross	Ross	present	char_tracker_stage05	ross	present	1.0		high	
14	24	54.98	59.16	I was so focused on being mad at you that I forgot what it was I was mad about.	Phoebe	high	community_transcript_match	1.0	dialogue	False	True	Ross | Phoebe	Ross	Ross	False		Speaker agrees with available community-transcript mapping.	I was so focused on being mad at you that I forgot what it was I was mad about!	Phoebe	Phoebe	present	char_tracker_stage05	phoebe	present	0.8333		high	
14	25	61.32	64.6	If you can't remember, can't we just forget about this?	Ross	high	community_transcript_match	1.0	dialogue	False	True	Ross | Phoebe	Phoebe	Phoebe	False		Speaker agrees with available community-transcript mapping.	Well if you can't remember, can't we just forget about this?	Ross	Ross	present	char_tracker_stage05	ross	present	0.75		high	
14	26	64.6	66.08	Oh no, I am mad at you.	Phoebe	high	community_transcript_match	1.0	dialogue	False	True	Ross | Phoebe	Ross	Phoebe	False		Speaker agrees with available community-transcript mapping.	Oh no, I am mad at you	Phoebe	Phoebe	present	char_tracker_stage05	phoebe	present	1.0		high	
14	27	66.08	66.92	I know that much.	Phoebe	high	community_transcript_match	1.0	dialogue	False	True	Ross | Phoebe	Phoebe	Phoebe	False		Speaker agrees with available community-transcript mapping.	I know that much	Phoebe	Phoebe	present	char_tracker_stage05	phoebe	present	1.0		high	
14	28	68.2	70.68	But I am sorry about the fat ass thing.	Phoebe	high	community_transcript_match	1.0	dialogue	False	True	Ross | Phoebe	Phoebe	Phoebe	False		Speaker agrees with available community-transcript mapping.	Oh no, I am mad at you. I know that much. But, I am sorry about the fat ass thing. You actually have a very sweet little heinie.	Phoebe	Phoebe	present	char_tracker_stage05	phoebe	present	1.0		high	
14	29	70.68	82.12	Cause you actually have a very sweet little heiny man.	Phoebe	high	qa_review_resolved_ct_support	1.0	dialogue	False	True	Ross | Phoebe	Phoebe		True	speaker_no_face	Speaker agrees with available community-transcript mapping. | QA resolved prior review with community-transcript support.	You actually have a very sweet little heinie	Phoebe	Phoebe	partial	char_tracker_stage05		absent	0.3077		medium	speaker_no_face
16	30	83.0	84.04	Getting pretty tired.	Joey	high	community_transcript_match	1.0	dialogue	False	True	Joey | Chandler		Joey	False		Speaker agrees with available community-transcript mapping.	Man, I'm getting pretty tired	Joey	Joey	present	char_tracker_stage05	joey	present	1.0		high	
16	31	84.04	85.48	I might have to take over soon.	Joey	high	community_transcript_match	1.0	dialogue	False	True	Joey | Chandler	Joey	Chandler	False		Speaker agrees with available community-transcript mapping.	Man, I'm getting pretty tired. You're might have to take over soon.	Joey	Joey	present	char_tracker_stage05	chandler|joey	present	1.0		high	
16	32	85.88	90.26	We've been driving for a half hour and you haven't looked at the road once.	Chandler	high	community_transcript_match	1.0	dialogue	False	True	Joey | Chandler	Joey	Joey	False		Speaker agrees with available community-transcript mapping.	We've been driving for a half-hour, and you haven't looked at the road once.	Chandler	Chandler	present	char_tracker_stage05	chandler	present	1.0		high	
16	33	90.26	91.7	Don't worry, it's out there.	Joey	high	community_transcript_match	1.0	dialogue	False	True	Joey | Chandler	Chandler	Joey	False		Speaker agrees with available community-transcript mapping.	Don't worry, it's out there! (Just then a horn honks and Joey quickly looks at the road.) I think I just need lunch.	Joey	Joey	present	char_tracker_stage05	chandler|joey	present	1.0		high	
16	34	94.74	95.94	Maybe I just need lunch.	Joey	high	community_transcript_match	1.0	dialogue	False	True	Joey | Chandler	Joey	Chandler	False		Speaker agrees with available community-transcript mapping.	I think I just need lunch	Joey	Joey	present	char_tracker_stage05	chandler|joey	present	1.0		high	
16	35	95.94	97.46	Yeah, you wanna eat?	Chandler	high	community_transcript_match	1.0	dialogue	False	True	Joey | Chandler	Joey	Joey	False		Speaker agrees with available community-transcript mapping.	Yeah.	Chandler	Chandler	present	char_tracker_stage05	chandler|joey	present	1.0		high	
16	36	97.94	98.58	My treat.	Joey	high	community_transcript_match	1.0	dialogue	False	True	Joey | Chandler	Chandler	Chandler	False		Speaker agrees with available community-transcript mapping.	You wanna eat? (Pulls out the twenty) My treat!	Joey	Joey	present	char_tracker_stage05	chandler|joey	present	1.0		high	
16	37	100.5	101.7	Isn't that Ross's money?	Chandler	high	community_transcript_match	1.0	dialogue	False	True	Joey | Chandler	Joey	Chandler	False		Speaker agrees with available community-transcript mapping.	Isn't that Ross's money?	Chandler	Chandler	present	char_tracker_stage05	chandler|joey	present	1.0		high	
16	38	103.46	103.94	Yeah.	Chandler	medium	visual_disambiguation	0.74	dialogue	True	False	Joey | Chandler	Chandler	Joey	False		Only one of the two text-context candidates was visually present in the window.				present	char_tracker_stage05	chandler	present			medium	
16	39	104.02	105.78	Okay, Ross's treat.	Joey	high	qa_review_resolved_ct_support	1.0	dialogue	False	True	Joey | Chandler	Chandler	Joey	True	speaker_offscreen	Speaker agrees with available community-transcript mapping. | QA resolved prior review with community-transcript support.	Yeah. Okay. Ross's treat! Where do you wanna eat?	Joey	Joey	present	char_tracker_stage05	chandler	absent	0.0		low	speaker_offscreen
16	40	106.82	107.66	What do you wanna eat?	Joey	high	community_transcript_match	1.0	dialogue	False	True	Joey | Chandler	Joey	Chandler	False		Speaker agrees with available community-transcript mapping.	Where do you wanna eat	Joey	Joey	present	char_tracker_stage05	chandler|joey	present	1.0		high	
16	41	107.66	108.34	I don't know.	Chandler	high	community_transcript_match	1.0	dialogue	False	True	Joey | Chandler	Joey	Joey	False		Speaker agrees with available community-transcript mapping.	I don't know.	Chandler	Chandler	present	char_tracker_stage05	chandler|joey	present	1.0		high	
16	42	108.5	110.58	Oh, hey, I know how we can decide.	Joey	high	community_transcript_match	1.0	dialogue	False	True	Joey | Chandler	Chandler	Joey	False		Speaker agrees with available community-transcript mapping.	Ooh, hey, I know how we can decide	Joey	Joey	present	char_tracker_stage05	chandler|joey	present	1.0		high	
16	43	110.74	114.98	All right, I'm gonna ask you a bunch of questions and then you have to answer real fast, okay?	Joey	high	community_transcript_match	1.0	dialogue	False	True	Joey | Chandler	Joey	Joey	False		Speaker agrees with available community-transcript mapping.	Ooh, hey, I know how we can decide! All right, uh, I'm gonna ask you a bunch of questions and then you have to answer real fast. Okay? So uh, clear your mind Clear it right out! Clear it out! Clear!	Joey	Joey	present	char_tracker_stage05	joey	present	1.0		high	
16	44	115.22	116.38	So clear your mind.	Joey	medium	visual_disambiguation	0.74	dialogue	True	False	Joey | Chandler	Joey	Joey	False		Only one of the two text-context candidates was visually present in the window.				present	char_tracker_stage05	joey	present			medium	
16	45	116.38	117.14	Clear it right out.	Joey	medium	visual_disambiguation	0.74	dialogue	True	False	Joey | Chandler	Joey	Joey	False		Only one of the two text-context candidates was visually present in the window.				present	char_tracker_stage05	joey	present			medium	
16	46	117.14	117.66	Clear it out.	Joey	medium	visual_disambiguation	0.74	dialogue	True	False	Joey | Chandler	Joey	Joey	False		Only one of the two text-context candidates was visually present in the window.				present	char_tracker_stage05	joey	present			medium	
16	47	117.66	117.94	Clear.	Joey	medium	visual_disambiguation	0.74	dialogue	True	False	Joey | Chandler	Joey	Chandler	False		Only one of the two text-context candidates was visually present in the window.				present	char_tracker_stage05	joey	present			medium	
16	48	119.76	120.0	Okay.	Chandler	high	community_transcript_match	1.0	dialogue	False	True	Joey | Chandler	Joey	Chandler	False		Speaker agrees with available community-transcript mapping.	Okay	Chandler	Chandler	present	char_tracker_stage05	chandler|joey	present	1.0		high	
16	49	120.0	123.28	It's all clear except for this image of a small purple lamp.	Chandler	high	community_transcript_match	1.0	dialogue	False	True	Joey | Chandler	Chandler	Chandler	False		Speaker agrees with available community-transcript mapping.	Okay! Okay, so it's all clear except for this image of a small, purple lamp. (pause) Is that all right if that stays in there?	Chandler	Chandler	present	char_tracker_stage05	chandler	present	1.0		high	
16	50	124.24	125.76	Is that all right if that stays in there?	Chandler	high	community_transcript_match	1.0	dialogue	False	True	Joey | Chandler	Chandler	Chandler	False		Speaker agrees with available community-transcript mapping.	Is that all right if that stays in there	Chandler	Chandler	present	char_tracker_stage05	chandler	present	1.0		high	
16	51	127.6	128.2	Yeah, see?	Chandler	medium	visual_disambiguation	0.74	dialogue	True	False	Joey | Chandler	Chandler	Chandler	False		Only one of the two text-context candidates was visually present in the window.				present	char_tracker_stage05	chandler	present			medium	
16	52	128.2	128.64	Why not?	Chandler	medium	visual_disambiguation	0.74	dialogue	True	False	Joey | Chandler	Chandler	Chandler	False		Only one of the two text-context candidates was visually present in the window.				present	char_tracker_stage05	chandler	present			medium	
16	53	128.64	129.0	I guess.	Chandler	medium	visual_disambiguation	0.74	dialogue	True	False	Joey | Chandler	Chandler	Chandler	False		Only one of the two text-context candidates was visually present in the window.				present	char_tracker_stage05	chandler	present			medium	
16	54	129.0	129.44	Yes.	Chandler	medium	visual_disambiguation	0.74	dialogue	True	False	Joey | Chandler	Chandler	Joey	False		Only one of the two text-context candidates was visually present in the window.				present	char_tracker_stage05	chandler	present			medium	
16	55	130.4	132.6	All right, now you have to answer with the first thing that pops into your head.	Joey	high	qa_review_resolved_ct_support	1.0	dialogue	False	True	Joey | Chandler	Chandler	Chandler	True	speaker_offscreen	Speaker agrees with available community-transcript mapping. | QA resolved prior review with community-transcript support.	(thinks about it) Yeah. I don't see why not. I guess. All right now you have to answer with the first thing that pops into your head okay?	Joey	Joey	present	char_tracker_stage05	chandler	absent	0.0		low	speaker_offscreen
16	56	132.6	132.92	Okay?	Chandler	medium	visual_disambiguation	0.74	dialogue	True	False	Joey | Chandler	Joey	Chandler	False		Only one of the two text-context candidates was visually present in the window.				present	char_tracker_stage05	chandler	present			medium	
16	57	132.92	133.36	Okay.	Chandler	high	scene_context_bridge	0.88	dialogue	True	False	Joey | Chandler	Chandler	Chandler	False		Same speaker appears on both sides within the same scene.				present	char_tracker_stage05	chandler	present			high	
16	58	133.44	134.08	Okay.	Chandler	high	community_transcript_match	1.0	dialogue	False	True	Joey | Chandler	Chandler	Joey	False		Speaker agrees with available community-transcript mapping.	Okay.	Chandler	Chandler	present	char_tracker_stage05	chandler|joey	present	1.0		high	
16	59	134.64	136.4	Would you rather be too wet or too dry?	Joey	high	community_transcript_match	1.0	dialogue	False	True	Joey | Chandler	Chandler	Chandler	False		Speaker agrees with available community-transcript mapping.	Okay, uhh, would you rather be too wet or too dry?	Joey	Joey	present	char_tracker_stage05	chandler|joey	present	1.0		high	
16	60	136.4	136.92	Too dry.	Chandler	high	community_transcript_match	1.0	dialogue	False	True	Joey | Chandler	Joey	Joey	False		Speaker agrees with available community-transcript mapping.	Too dry.	Chandler	Chandler	present	char_tracker_stage05	chandler|joey	present	1.0		high	
16	61	136.92	137.8	Do you believe in ghosts?	Joey	high	community_transcript_match	1.0	dialogue	False	True	Joey | Chandler	Chandler	Joey	False		Speaker agrees with available community-transcript mapping.	Do you believe in ghosts, yes or no?	Joey	Joey	present	char_tracker_stage05	chandler|joey	present	1.0		high	
16	62	137.8	138.32	Yes or no?	Joey	high	community_transcript_match	1.0	dialogue	False	True	Joey | Chandler	Joey	Chandler	False		Speaker agrees with available community-transcript mapping.	yes or no	Joey	Joey	present	char_tracker_stage05	chandler|joey	present	1.0		high	
16	63	138.32	138.64	No.	Chandler	high	community_transcript_match	1.0	dialogue	False	True	Joey | Chandler	Joey	Joey	False		Speaker agrees with available community-transcript mapping.	No!	Chandler	Chandler	present	char_tracker_stage05	chandler|joey	present	1.0		high	
16	64	138.8	140.4	Is this movie gonna be my big break?	Joey	high	community_transcript_match	1.0	dialogue	False	True	Joey | Chandler	Chandler	Chandler	False		Speaker agrees with available community-transcript mapping.	Is this movie gonna be my big break?	Joey	Joey	present	char_tracker_stage05	chandler|joey	present	1.0		high	
16	65	140.4	140.8	No.	Chandler	high	community_transcript_match	1.0	dialogue	False	True	Joey | Chandler	Joey	Joey	False		Speaker agrees with available community-transcript mapping.	No!	Chandler	Chandler	present	char_tracker_stage05	chandler|joey	present	1.0		high	
16	66	142.56	142.96	What?	Joey	high	community_transcript_match	1.0	dialogue	False	True	Joey | Chandler	Chandler	Chandler	False		Speaker agrees with available community-transcript mapping.	(shocked) What?!	Joey	Joey	present	char_tracker_stage05	chandler|joey	present	1.0		high	
16	67	143.6	144.08	Yes.	Chandler	high	community_transcript_match	1.0	dialogue	False	True	Joey | Chandler	Joey	Joey	False		Speaker agrees with available community-transcript mapping.	Yes.	Chandler	Chandler	present	char_tracker_stage05	chandler|joey	present	1.0		high	
16	68	145.52	146.56	Dude, you said no.	Joey	high	community_transcript_match	1.0	dialogue	False	True	Joey | Chandler	Chandler	Chandler	False		Speaker agrees with available community-transcript mapping.	"Dude you said, ""No!"""	Joey	Joey	present	char_tracker_stage05	chandler|joey	present	1.0		high	
16	69	146.96	148.32	I also said yes.	Chandler	high	qa_review_resolved_ct_support	1.0	dialogue	False	True	Joey | Chandler	Joey	Joey	True	speaker_offscreen	Speaker agrees with available community-transcript mapping. | QA resolved prior review with community-transcript support.	"I also said, ""Yes!"""	Chandler	Chandler	present	char_tracker_stage05	joey	absent	0.0		low	speaker_offscreen
16	70	148.96	150.48	Well, you don't think this is gonna be a big break?	Joey	high	community_transcript_match	1.0	dialogue	False	True	Joey | Chandler	Chandler	Joey	False		Speaker agrees with available community-transcript mapping.	You don't think this is going to be a big break for me?	Joey	Joey	present	char_tracker_stage05	joey	present	1.0		high	
16	71	154.86	155.9	I don't believe this.	Joey	high	community_transcript_match	1.0	dialogue	False	True	Joey | Chandler	Joey	Chandler	False		Speaker agrees with available community-transcript mapping.	I don't believe this!	Joey	Joey	present	char_tracker_stage05	chandler|joey	present	0.5		high	
16	72	156.46	157.42	Look, Joe, I just.	Chandler	low	scene_context_inference	0.58	dialogue	True	False	Joey | Chandler	Joey	Chandler	True	two_sided_context_ambiguous | low_speaker_confidence	No direct transcript match; weak local context only.				present	char_tracker_stage05	chandler|joey	present			low	low_speaker_confidence
16	73	157.74	160.1	I just don't want you to get your hopes up too high, you know?	Chandler	high	community_transcript_match	1.0	dialogue	False	True	Joey | Chandler	Chandler	Joey	False		Speaker agrees with available community-transcript mapping.	Look Joe, I just, I just don't want to get your hopes up real high.	Chandler	Chandler	present	char_tracker_stage05	chandler|joey	present	1.0		high	
16	74	160.1	161.26	What are you talking about?	Joey	high	community_transcript_match	1.0	dialogue	False	True	Joey | Chandler	Chandler	Joey	False		Speaker agrees with available community-transcript mapping.	What are you talking about?! I'm the lead in a movie!	Joey	Joey	present	char_tracker_stage05	chandler|joey	present	1.0		high	
16	75	161.66	163.18	I'm the lead in a movie.	Joey	high	community_transcript_match	1.0	dialogue	False	True	Joey | Chandler	Joey	Chandler	False		Speaker agrees with available community-transcript mapping.	I'm the lead in a movie	Joey	Joey	present	char_tracker_stage05	joey	present	1.0		high	
16	76	163.18	164.54	They're not even paying you.	Chandler	high	community_transcript_match	1.0	dialogue	False	True	Joey | Chandler	Joey	Chandler	False		Speaker agrees with available community-transcript mapping.	They're not even paying ya	Chandler	Chandler	present	char_tracker_stage05	chandler|joey	present	1.0		high	
16	77	165.98	167.74	This doesn't even sound like a real movie.	Chandler	high	community_transcript_match	1.0	dialogue	False	True	Joey | Chandler	Chandler	Joey	False		Speaker agrees with available community-transcript mapping.	They're not even paying ya! This doesn't even sound like a real movie!	Chandler	Chandler	present	char_tracker_stage05	chandler	present	1.0		high	
16	78	167.74	168.18	You know what?	Joey	high	community_transcript_match	1.0	dialogue	False	True	Joey | Chandler	Chandler	Joey	False		Speaker agrees with available community-transcript mapping.	y'know what	Joey	Joey	present	char_tracker_stage05	chandler|joey	present	1.0		high	
16	79	168.18	169.22	I don't need this, okay?	Joey	high	community_transcript_match	1.0	dialogue	False	True	Joey | Chandler	Joey	Joey	False		Speaker agrees with available community-transcript mapping.	y'know what i don't need this okay	Joey	Joey	present	char_tracker_stage05	joey	present	1.0		high	
16	80	169.22	171.02	I don't know why you're dumping all over my big break.	Joey	high	community_transcript_match	1.0	dialogue	False	True	Joey | Chandler	Joey	Chandler	False		Speaker agrees with available community-transcript mapping.	Y'know what? I don't need this! Okay? I don't know why you're dumping all over my big break.	Joey	Joey	present	char_tracker_stage05	joey	present	1.0		high	
16	81	171.02	173.78	Cause, Joe, I don't think this is going to Be your big break?	Chandler	high	community_transcript_match	1.0	dialogue	False	True	Joey | Chandler	Joey	Joey	False		Speaker agrees with available community-transcript mapping.	Joe, I don't think this is going to be your big break.	Chandler	Chandler	present	char_tracker_stage05	chandler|joey	present	1.0		high	
16	82	173.78	175.02	Is that why you're on this trip?	Joey	high	community_transcript_match	1.0	dialogue	False	True	Joey | Chandler	Chandler	Joey	False		Speaker agrees with available community-transcript mapping.	Is that why you're on this trip, huh? Make me feel like a loser? 'Cause if it is, I'll tell ya, I-I-I'd rather be alone.	Joey	Joey	present	char_tracker_stage05	joey	present	1.0		high	
16	83	175.02	175.58	Huh?	Joey	medium	visual_disambiguation	0.74	dialogue	True	False	Joey | Chandler	Joey	Joey	False		Only one of the two text-context candidates was visually present in the window.				present	char_tracker_stage05	joey	present			medium	
16	84	175.9	177.14	Make me feel like a loser?	Joey	medium	visual_disambiguation	0.74	dialogue	True	False	Joey | Chandler	Joey	Joey	False		Only one of the two text-context candidates was visually present in the window.				present	char_tracker_stage05	joey	present			medium	
16	85	177.14	179.06	Cause if it is, I'll tell you, I'd rather be alone.	Joey	medium	visual_disambiguation	0.74	dialogue	True	False	Joey | Chandler	Joey	Chandler	False		Only one of the two text-context candidates was visually present in the window.				present	char_tracker_stage05	joey	present			medium	
16	86	179.06	180.1	Oh, you don't want me on the trip?	Chandler	high	community_transcript_match	1.0	dialogue	False	True	Joey | Chandler	Joey	Joey	False		Speaker agrees with available community-transcript mapping.	Oh, you don't want me on the trip?	Chandler	Chandler	present	char_tracker_stage05	chandler|joey	present	1.0		high	
16	87	180.1	181.34	Well, not if you're gonna be like this.	Joey	high	community_transcript_match	1.0	dialogue	False	True	Joey | Chandler	Chandler	Chandler	False		Speaker agrees with available community-transcript mapping.	Not if you're gonna be like this!	Joey	Joey	present	char_tracker_stage05	chandler|joey	present	1.0		high	
16	88	181.82	184.28	I'll tell you what, the next time you ask me a like that, I'll lie.	Chandler	high	community_transcript_match	1.0	dialogue	False	True	Joey | Chandler	Joey	Joey	False		Speaker agrees with available community-transcript mapping.	All right, I'll tell ya what, the next time you ask me a question like that I'll lie.	Chandler	Chandler	present	char_tracker_stage05	chandler|joey	present	1.0		high	
16	89	185.08	186.6	Yeah, I don't want you on the trip.	Joey	high	community_transcript_match	1.0	dialogue	False	True	Joey | Chandler	Chandler	Chandler	False		Speaker agrees with available community-transcript mapping.	Yeah! I don't want you on the trip!	Joey	Joey	present	char_tracker_stage05	chandler|joey	present	1.0		high	
16	90	186.76	187.92	All right, fine, Fine.	Chandler	high	community_transcript_match	1.0	dialogue	False	True	Joey | Chandler	Joey	Chandler	False		Speaker agrees with available community-transcript mapping.	all right fine fine i'll get out right now	Chandler	Chandler	present	char_tracker_stage05	chandler|joey	present	1.0		high	
16	91	187.92	188.68	Why don't you pull over?	Chandler	high	community_transcript_match	1.0	dialogue	False	True	Joey | Chandler	Chandler	Chandler	False		Speaker agrees with available community-transcript mapping.	All right, fine! Fine! Why don't you pull over? I'll get out right now!	Chandler	Chandler	present	char_tracker_stage05	chandler	present	1.0		high	
16	92	188.68	189.64	I'll get out right now.	Chandler	high	community_transcript_match	1.0	dialogue	False	True	Joey | Chandler	Chandler	Joey	False		Speaker agrees with available community-transcript mapping.	I'll get out right now	Chandler	Chandler	present	char_tracker_stage05	chandler	present	1.0		high	
16	93	189.8	190.36	Fine.	Joey	high	qa_review_resolved_ct_support	1.0	dialogue	False	True	Joey | Chandler	Chandler	Joey	True	speaker_offscreen	Speaker agrees with available community-transcript mapping. | QA resolved prior review with community-transcript support.	Fine	Joey	Joey	present	char_tracker_stage05	chandler	absent	0.0		low	speaker_offscreen
16	94	193.88	194.52	Get out.	Joey	high	community_transcript_match	1.0	dialogue	False	True	Joey | Chandler	Joey	Chandler	False		Speaker agrees with available community-transcript mapping.	Fine! (He slams on the brakes, stopping the car on the bridge to the sound of numerous car horns.) Get out!	Joey	Joey	present	char_tracker_stage05	chandler|joey	present	1.0		high	
16	95	194.76	196.8	You're not actually supposed to stop on the bridge.	Chandler	high	community_transcript_match	1.0	dialogue	False	True	Joey | Chandler	Joey	Joey	False		Speaker agrees with available community-transcript mapping.	You're not actually supposed to stop on the bridge.	Chandler	Chandler	present	char_tracker_stage05	chandler|joey	present	1.0		high	
16	96	196.8	197.28	Get out.	Joey	high	community_transcript_match	1.0	dialogue	False	True	Joey | Chandler	Chandler	Joey	False		Speaker agrees with available community-transcript mapping.	Get out!!	Joey	Joey	present	char_tracker_stage05	chandler|joey	present	1.0		high	
16	97	197.28	197.8	Come on.	Joey	medium	visual_disambiguation	0.74	dialogue	True	False	Joey | Chandler	Joey	Chandler	False		Only one of the two text-context candidates was visually present in the window.				present	char_tracker_stage05	joey	present			medium	
16	98	201.8	202.48	Wait, wait.	Chandler	high	qa_review_resolved_ct_support	1.0	dialogue	False	True	Joey | Chandler	Joey	Chandler	True	speaker_offscreen	Speaker agrees with available community-transcript mapping. | QA resolved prior review with community-transcript support.	Wait	Chandler	Chandler	present	char_tracker_stage05	joey	absent	0.0		low	speaker_offscreen
16	99	202.48	203.56	There's no sidewalk.	Chandler	high	qa_review_resolved_bridge	1.0	dialogue	False	True	Joey | Chandler	Chandler	Chandler	True	speaker_no_face	Speaker agrees with available community-transcript mapping. | QA resolved prior review by same-speaker bridge.	All right!! (Gets out and Joey speeds away.) Wait! Wait, there's no sidewalk! Yeah, I'm gonna die here.	Chandler	Chandler	absent	char_tracker_stage05		absent	0.0		medium	speaker_no_face
16	100	204.28	204.92	Yep.	Chandler	high	qa_review_resolved_bridge	0.9	dialogue	True	False	Joey | Chandler	Chandler	Chandler	True	speaker_no_face	Filled from previous same-scene context. | QA resolved prior review by same-speaker bridge.				absent	char_tracker_stage05		absent			medium	speaker_no_face
16	101	205.16	206.2	I'm gonna die here.	Chandler	medium	scene_context_inference	0.68	dialogue	True	False	Joey | Chandler	Chandler		True	medium_confidence_context_fill | speaker_no_face	Filled from previous same-scene context.				absent	char_tracker_stage05		absent			medium	speaker_no_face
17	102	210.44	213.53	Okay, are you mad at me because my hair gel smells?	Ross	high	qa_review_resolved_ct_support	1.0	dialogue	False	True	Ross | Phoebe | Monica | Rachel | Chandler | All		Phoebe	True	speaker_no_face	Speaker agrees with available community-transcript mapping. | QA resolved prior review with community-transcript support.	Okay, are you mad at me because my hair gel smells?	Ross	Ross	partial	char_tracker_stage05		absent	0.25		medium	speaker_no_face
17	103	213.68	213.92	No.	Phoebe	high	qa_review_resolved_ct_support	1.0	dialogue	False	True	Ross | Phoebe | Monica | Rachel | Chandler | All	Ross	Ross	True	speaker_offscreen	Speaker agrees with available community-transcript mapping. | QA resolved prior review with community-transcript support.	No.	Phoebe	Phoebe	present	char_tracker_stage05	rachel|ross	absent	0.0		low	speaker_offscreen
17	104	215.6	219.2	Are you angry with me because I said your handwriting is childlike?	Ross	high	community_transcript_match	1.0	dialogue	False	True	Ross | Phoebe | Monica | Rachel | Chandler | All	Phoebe	Phoebe	False		Speaker agrees with available community-transcript mapping.	Are you angry at me because I said your handwriting is childlike?	Ross	Ross	present	char_tracker_stage05	rachel|ross	present	1.0		high	
17	105	219.2	220.72	No, that made me feel precious.	Phoebe	high	community_transcript_match	1.0	dialogue	False	True	Ross | Phoebe | Monica | Rachel | Chandler | All	Ross	Monica	False		Speaker agrees with available community-transcript mapping.	No that made me feel precious.	Phoebe	Phoebe	present	char_tracker_stage05	phoebe|rachel|ross	present	1.0		high	
17	106	222.32	223.12	Oh, I know.	Monica	high	community_transcript_match	1.0	dialogue	False	True	Ross | Phoebe | Monica | Rachel | Chandler | All	Phoebe	Monica	False		Speaker agrees with available community-transcript mapping.	Oh, I know	Monica	Monica	present	char_tracker_stage05	monica	present	1.0		high	
17	107	223.28	225.44	Is it because he's always correcting people's grammar?	Monica	high	community_transcript_match	1.0	dialogue	False	True	Ross | Phoebe | Monica | Rachel | Chandler | All	Monica	Monica	False		Speaker agrees with available community-transcript mapping.	Oh, I know! Umm, is it because he's always correcting people's grammar? Whom! Whom! Sometimes it's who!	Monica	Monica	present	char_tracker_stage05	monica	present	1.0		high	
17	108	225.68	226.32	Whom.	Monica	high	community_transcript_match	1.0	dialogue	False	True	Ross | Phoebe | Monica | Rachel | Chandler | All	Monica	Monica	False		Speaker agrees with available community-transcript mapping.	Whom	Monica	Monica	present	char_tracker_stage05	monica	present	1.0		high	
17	109	226.32	226.96	Whom.	Monica	high	community_transcript_match	1.0	dialogue	False	True	Ross | Phoebe | Monica | Rachel | Chandler | All	Monica	Ross	False		Speaker agrees with available community-transcript mapping.	Whom	Monica	Monica	present	char_tracker_stage05	monica	present	1.0		high	
17	110	227.6	231.6	Sometimes it's who, sometimes it's.	Ross	high	community_transcript_match	1.0	dialogue	False	True	Ross | Phoebe | Monica | Rachel | Chandler | All	Monica	Rachel	False		Speaker agrees with available community-transcript mapping.	Yeah? Sometimes it's… (Does the fist thing.)	Ross	Ross	present	char_tracker_stage05	phoebe|ross	present	0.8		high	
17	111	235.04	236.64	Oh, did you beat him at a board game?	Rachel	high	community_transcript_match	1.0	dialogue	False	True	Ross | Phoebe | Monica | Rachel | Chandler | All	Ross	Rachel	False		Speaker agrees with available community-transcript mapping.	Oh, did you beat him at a board game	Rachel	Rachel	present	char_tracker_stage05	monica|rachel	present	1.0		high	
17	112	236.64	239.36	He turns into such a baby when he starts to lose.	Rachel	high	community_transcript_match	1.0	dialogue	False	True	Ross | Phoebe | Monica | Rachel | Chandler | All	Rachel	Ross	False		Speaker agrees with available community-transcript mapping.	Oh, did you beat him at a board game? He turns into such a baby when he starts to lose.	Rachel	Rachel	present	char_tracker_stage05	rachel	present	1.0		high	
17	113	239.62	240.9	Okay, I'm the baby.	Ross	high	community_transcript_match	1.0	dialogue	False	True	Ross | Phoebe | Monica | Rachel | Chandler | All	Rachel	Rachel	False		Speaker agrees with available community-transcript mapping.	Okay, I'm the baby. (Points at his eye.)	Ross	Ross	present	char_tracker_stage05	rachel|ross	present	1.0		high	
17	114	240.98	241.94	Hey, stop it.	Rachel	high	community_transcript_match	1.0	dialogue	False	True	Ross | Phoebe | Monica | Rachel | Chandler | All	Ross	Chandler	False		Speaker agrees with available community-transcript mapping.	Eh! Stop it!	Rachel	Rachel	present	char_tracker_stage05	rachel|ross	present	1.0		high	
17	115	244.18	245.42	Hey, Chilo.	Chandler	high	qa_review_resolved_ct_support	1.0	dialogue	False	True	Ross | Phoebe | Monica | Rachel | Chandler | All	Rachel	Monica	True	speaker_no_face	Speaker agrees with available community-transcript mapping. | QA resolved prior review with community-transcript support.	(entering) Hey!	Chandler	Chandler	absent	char_tracker_stage05		absent	0.0		medium	speaker_no_face
17	116	245.42	246.34	What are you doing here?	Monica	high	qa_review_resolved_ct_support	1.0	dialogue	False	True	Ross | Phoebe | Monica | Rachel | Chandler | All	Chandler	Chandler	True	speaker_no_face	Speaker agrees with available community-transcript mapping. | QA resolved prior review with community-transcript support.	Chandler! What are you doing here?	Monica	Monica	absent	char_tracker_stage05		absent	0.0		medium	speaker_no_face
17	117	246.66	249.14	Joey kicked me out of the car on the George Washington Bridge.	Chandler	high	qa_review_resolved_ct_support	1.0	dialogue	False	True	Ross | Phoebe | Monica | Rachel | Chandler | All	Monica	All	True	speaker_no_face	Speaker agrees with available community-transcript mapping. | QA resolved prior review with community-transcript support.	Joey kicked me out of the car on the George Washington bridge!	Chandler	Chandler	partial	char_tracker_stage05		absent	0.0		medium	speaker_no_face
17	118	249.38	249.78	Why?	All	high	community_transcript_match	1.0	dialogue	False	True	Ross | Phoebe | Monica | Rachel | Chandler | All	Chandler	Chandler	False		Speaker agrees with available community-transcript mapping.	Why?!	All	All	present	char_tracker_stage05	phoebe|rachel|ross	unobserved			high	
17	119	250.34	250.82	I don't know.	Chandler	high	qa_review_resolved_ct_support	1.0	dialogue	False	True	Ross | Phoebe | Monica | Rachel | Chandler | All	All	Chandler	True	speaker_offscreen	Speaker agrees with available community-transcript mapping. | QA resolved prior review with community-transcript support.	I don't know	Chandler	Chandler	present	char_tracker_stage05	phoebe|rachel|ross	absent	0.0		low	speaker_offscreen
17	120	250.82	251.54	He went crazy.	Chandler	high	community_transcript_match	1.0	dialogue	False	True	Ross | Phoebe | Monica | Rachel | Chandler | All	Chandler	Chandler	False		Speaker agrees with available community-transcript mapping.	He went crazy	Chandler	Chandler	present	char_tracker_stage05	chandler|monica|phoebe|rachel|ross	present	0.5		high	
17	121	251.54	255.3	You know, we were playing that game where you ask a question and you have to answer it really fast.	Chandler	high	community_transcript_match	1.0	dialogue	False	True	Ross | Phoebe | Monica | Rachel | Chandler | All	Chandler	Phoebe	False		Speaker agrees with available community-transcript mapping.	I don't know! He went crazy! Y'know, we were playing that game where you-you ask a question and you answer it really fast.	Chandler	Chandler	present	char_tracker_stage05	chandler|monica	present	1.0		high	
17	122	255.38	258.18	Oh, that game should not be played without my supervision.	Phoebe	high	community_transcript_match	1.0	dialogue	False	True	Ross | Phoebe | Monica | Rachel | Chandler | All	Chandler	Chandler	False		Speaker agrees with available community-transcript mapping.	That game should not be played without my supervision.	Phoebe	Phoebe	present	char_tracker_stage05	phoebe	present	1.0		high	
17	123	260.1	261.66	Well, I don't know what made him so mad.	Chandler	high	qa_review_resolved_ct_support	1.0	dialogue	False	True	Ross | Phoebe | Monica | Rachel | Chandler | All	Phoebe	Chandler	True	speaker_offscreen	Speaker agrees with available community-transcript mapping. | QA resolved prior review with community-transcript support.	Well, I don't know what mad him so mad, y'know	Chandler	Chandler	present	char_tracker_stage05	monica	absent	0.0		low	speaker_offscreen
17	124	261.66	269.23	You know, all I said was that I didn't think this was going to be his big break, that this movie wasn't gonna do anything for him, and that, you know, it didn't sound like a real movie.	Chandler	high	community_transcript_match	1.0	dialogue	False	True	Ross | Phoebe | Monica | Rachel | Chandler | All	Chandler	Chandler	False		Speaker agrees with available community-transcript mapping.	Well, I don't know what mad him so mad, y'know? All I said was that uh, I didn't think this wasn't gonna be his big break, that this movie wasn't going to do anything for him, and that uh, y'know it didn't sound like a real movie--Okay, he should've pushed me off of the bridge.	Chandler	Chandler	present	char_tracker_stage05	chandler|monica	present	0.8889		high	
17	125	269.31	271.15	Okay, he should have pushed me off the bridge.	Chandler	high	community_transcript_match	1.0	dialogue	False	True	Ross | Phoebe | Monica | Rachel | Chandler | All	Chandler	Phoebe	False		Speaker agrees with available community-transcript mapping.	well i don't know what mad him so mad okay he should've pushed me off of the bridge	Chandler	Chandler	present	char_tracker_stage05	chandler|monica	present	1.0		high	
17	126	272.35	273.47	What's in the bag?	Phoebe	high	community_transcript_match	1.0	dialogue	False	True	Ross | Phoebe | Monica | Rachel | Chandler | All	Chandler	Chandler	False		Speaker agrees with available community-transcript mapping.	What's in the bag?	Phoebe	Phoebe	present	char_tracker_stage05	chandler|monica|phoebe	present	1.0		high	
17	127	273.47	277.55	Oh, I figured you guys would all be mad at me, so I got you some gifts that I found on the side of the road.	Chandler	high	community_transcript_match	1.0	dialogue	False	True	Ross | Phoebe | Monica | Rachel | Chandler | All	Phoebe	Chandler	False		Speaker agrees with available community-transcript mapping.	Oh, I figured you guys would all be mad at me. So I got you some gifts that I found on the side of the road. (Looks into the bag.) Who wants the teddy bear with one leg?	Chandler	Chandler	present	char_tracker_stage05	chandler|monica	present	1.0		high	
17	128	278.83	280.51	Who wants the teddy bear with one leg?	Chandler	high	community_transcript_match	1.0	dialogue	False	True	Ross | Phoebe | Monica | Rachel | Chandler | All	Chandler	Phoebe	False		Speaker agrees with available community-transcript mapping.	Who wants the teddy bear with one leg	Chandler	Chandler	present	char_tracker_stage05	chandler|monica	present	1.0		high	
17	129	280.51	281.23	I do.	Phoebe	high	community_transcript_match	1.0	dialogue	False	True	Ross | Phoebe | Monica | Rachel | Chandler | All	Chandler		False		Speaker agrees with available community-transcript mapping.	I do!	Phoebe	Phoebe	present	char_tracker_stage05	chandler|monica|phoebe	present	1.0		high	
18	130	285.63	292.08	Okay, not even close.	Monica	high	community_transcript_match	1.0	dialogue	False	True	Monica | Rachel		Rachel	False		Speaker agrees with available community-transcript mapping.	Not even close.	Monica	Monica	present	char_tracker_stage05	monica|rachel	present	0.75		high	
18	131	292.16	293.28	Okay, well, then, you know what?	Rachel	high	community_transcript_match	1.0	dialogue	False	True	Monica | Rachel	Monica	Rachel	False		Speaker agrees with available community-transcript mapping.	Okay, then y'know what	Rachel	Rachel	present	char_tracker_stage05	monica|rachel	present	1.0		high	
18	132	293.28	293.6	Help me.	Rachel	high	community_transcript_match	1.0	dialogue	False	True	Monica | Rachel	Rachel	Rachel	False		Speaker agrees with available community-transcript mapping.	Help me	Rachel	Rachel	present	char_tracker_stage05	rachel	present	1.0		high	
18	133	293.6	293.96	I need help.	Rachel	high	community_transcript_match	1.0	dialogue	False	True	Monica | Rachel	Rachel	Rachel	False		Speaker agrees with available community-transcript mapping.	Okay, then y'know what? Help me! I need help! I can't do this!	Rachel	Rachel	present	char_tracker_stage05	rachel	present	1.0		high	
18	134	293.96	294.72	I can't do this.	Rachel	high	community_transcript_match	1.0	dialogue	False	True	Monica | Rachel	Rachel	Rachel	False		Speaker agrees with available community-transcript mapping.	I can't do this	Rachel	Rachel	present	char_tracker_stage05	rachel	present	1.0		high	
18	135	294.72	295.76	All right, come on, let's do it.	Rachel	high	community_transcript_match	1.0	dialogue	False	True	Monica | Rachel	Rachel	Monica	False		Speaker agrees with available community-transcript mapping.	All right!	Rachel	Rachel	present	char_tracker_stage05	rachel	present	0.5		high	
18	136	296.32	296.8	Come on.	Monica	medium	short_turn_alternation	0.7	dialogue	True	False	Monica | Rachel	Rachel	Monica	True	short_utterance_between_two_speakers | speaker_no_face	Short utterance inferred from local turn alternation.				absent	char_tracker_stage05		absent			medium	speaker_no_face
18	137	296.8	297.6	All right, sit down.	Monica	high	qa_review_resolved_ct_support	1.0	dialogue	False	True	Monica | Rachel	Monica	Rachel	True	speaker_no_face	Speaker agrees with available community-transcript mapping. | QA resolved prior review with community-transcript support.	Sit down. (They sit down on the couch.)	Monica	Monica	absent	char_tracker_stage05		absent	0.0		medium	speaker_no_face
18	138	297.76	298.24	All right.	Rachel	high	qa_review_resolved_ct_support	1.0	dialogue	False	True	Monica | Rachel	Monica	Monica	True	speaker_offscreen	Speaker agrees with available community-transcript mapping. | QA resolved prior review with community-transcript support.	All right.	Rachel	Rachel	present	char_tracker_stage05	monica	absent	0.0		low	speaker_offscreen
18	139	298.24	299.52	All right, put your head back.	Monica	high	community_transcript_match	1.0	dialogue	False	True	Monica | Rachel	Rachel	Rachel	False		Speaker agrees with available community-transcript mapping.	Put your head back.	Monica	Monica	present	char_tracker_stage05	monica|rachel	present	1.0		high	
18	140	299.52	300.0	Yes.	Rachel	high	community_transcript_match	1.0	dialogue	False	True	Monica | Rachel	Monica	Monica	False		Speaker agrees with available community-transcript mapping.	Yes!	Rachel	Rachel	present	char_tracker_stage05	monica|rachel	present	1.0		high	
18	141	300.08	300.64	All right.	Monica	high	community_transcript_match	1.0	dialogue	False	True	Monica | Rachel	Rachel	Monica	False		Speaker agrees with available community-transcript mapping.	All right.	Monica	Monica	present	char_tracker_stage05	monica|rachel	present	1.0		high	
18	142	300.64	303.08	Okay, now open your eyes.	Monica	high	community_transcript_match	1.0	dialogue	False	True	Monica | Rachel	Monica	Rachel	False		Speaker agrees with available community-transcript mapping.	Now, open your eyes.	Monica	Monica	present	char_tracker_stage05	monica|rachel	present	0.75		high	
18	143	303.08	304.0	Okay, they are.	Rachel	high	community_transcript_match	1.0	dialogue	False	True	Monica | Rachel	Monica	Monica	False		Speaker agrees with available community-transcript mapping.	Okay, they are. (No they're not.)	Rachel	Rachel	present	char_tracker_stage05	rachel	present	1.0		high	
18	144	306.56	308.0	How many fingers am I holding up?	Monica	high	community_transcript_match	1.0	dialogue	False	True	Monica | Rachel	Rachel	Rachel	False		Speaker agrees with available community-transcript mapping.	How many fingers am I holding up? (She's not holding any up.)	Monica	Monica	present	char_tracker_stage05	monica	present	1.0		high	
18	145	308.48	308.88	Four.	Rachel	high	community_transcript_match	1.0	dialogue	False	True	Monica | Rachel	Monica	Monica	False		Speaker agrees with available community-transcript mapping.	(thinks) Four.	Rachel	Rachel	present	char_tracker_stage05	monica|rachel	present	1.0		high	
18	146	309.28	310.04	Oh, my God.	Monica	high	community_transcript_match	1.0	dialogue	False	True	Monica | Rachel	Rachel	Monica	False		Speaker agrees with available community-transcript mapping.	oh my god	Monica	Monica	present	char_tracker_stage05	monica|rachel	present	1.0		high	
18	147	310.04	311.04	I was thinking four.	Monica	high	community_transcript_match	1.0	dialogue	False	True	Monica | Rachel	Monica	Rachel	False		Speaker agrees with available community-transcript mapping.	Oh my God, I was thinking four.	Monica	Monica	present	char_tracker_stage05	monica|rachel	present	0.5		high	
18	148	311.04	311.44	Really?	Rachel	high	community_transcript_match	1.0	dialogue	False	True	Monica | Rachel	Monica	Monica	False		Speaker agrees with available community-transcript mapping.	Really?!	Rachel	Rachel	present	char_tracker_stage05	rachel	present	1.0		high	
18	149	311.6	312.08	Yes.	Monica	high	qa_review_resolved_ct_support	1.0	dialogue	False	True	Monica | Rachel	Rachel	Monica	True	speaker_offscreen	Speaker agrees with available community-transcript mapping. | QA resolved prior review with community-transcript support.	Yes	Monica	Monica	present	char_tracker_stage05	rachel	absent	0.0		low	speaker_offscreen
18	150	313.04	313.8	All right, you know what?	Monica	high	qa_review_resolved_bridge	1.0	dialogue	False	True	Monica | Rachel	Monica	Monica	True	speaker_offscreen	Speaker agrees with available community-transcript mapping. | QA resolved prior review by same-speaker bridge.	All right, y'know what	Monica	Monica	present	char_tracker_stage05	rachel	absent	0.0		low	speaker_offscreen
18	151	313.8	316.0	Why don't we start with a practice one, okay?	Monica	high	community_transcript_match	1.0	dialogue	False	True	Monica | Rachel	Monica	Rachel	False		Speaker agrees with available community-transcript mapping.	Yes! All right, y'know what? Why don't we start with a practice run? Okay?	Monica	Monica	present	char_tracker_stage05	monica	present	0.6667		high	
18	152	316.0	316.48	Okay.	Rachel	high	qa_review_resolved_ct_support	1.0	dialogue	False	True	Monica | Rachel	Monica	Monica	True	speaker_offscreen	Speaker agrees with available community-transcript mapping. | QA resolved prior review with community-transcript support.	Okay!	Rachel	Rachel	present	char_tracker_stage05	monica	absent	0.0		low	speaker_offscreen
18	153	316.48	317.2	No drops.	Monica	high	community_transcript_match	1.0	dialogue	False	True	Monica | Rachel	Rachel	Rachel	False		Speaker agrees with available community-transcript mapping.	No drops!	Monica	Monica	present	char_tracker_stage05	monica|rachel	present	1.0		high	
18	154	317.2	317.52	Great.	Rachel	high	community_transcript_match	1.0	dialogue	False	True	Monica | Rachel	Monica	Monica	False		Speaker agrees with available community-transcript mapping.	Great!	Rachel	Rachel	present	char_tracker_stage05	monica|rachel	present	1.0		high	
18	155	317.68	318.24	Okay.	Monica	medium	short_turn_alternation	0.7	dialogue	True	False	Monica | Rachel	Rachel	Monica	True	short_utterance_between_two_speakers	Short utterance inferred from local turn alternation.				present	char_tracker_stage05	monica|rachel	present			medium	
18	156	318.48	318.84	Okay.	Monica	high	qa_review_resolved_ct_support	1.0	dialogue	False	True	Monica | Rachel	Monica	Rachel	True	speaker_offscreen	Speaker agrees with available community-transcript mapping. | QA resolved prior review with community-transcript support.	Okay.	Monica	Monica	present	char_tracker_stage05	rachel	absent	0.0		low	speaker_offscreen
18	157	318.84	319.19	All right.	Rachel	medium	visual_disambiguation	0.74	dialogue	True	False	Monica | Rachel	Monica	Rachel	False		Only one of the two text-context candidates was visually present in the window.				present	char_tracker_stage05	rachel	present			medium	
18	158	319.58	320.06	On three.	Rachel	high	scene_context_bridge	0.88	dialogue	True	False	Monica | Rachel	Rachel	Rachel	False		Same speaker appears on both sides within the same scene.				present	char_tracker_stage05	rachel	present			high	
18	159	320.06	320.58	Okay.	Rachel	high	community_transcript_match	1.0	dialogue	False	True	Monica | Rachel	Rachel	Rachel	False		Speaker agrees with available community-transcript mapping.	Okay.	Rachel	Rachel	present	char_tracker_stage05	rachel	present	1.0		high	
18	160	320.58	322.78	One, two, three.	Rachel	medium	visual_disambiguation	0.74	dialogue	True	False	Monica | Rachel	Rachel	Monica	False		Only one of the two text-context candidates was visually present in the window.				present	char_tracker_stage05	rachel	present			medium	
18	161	324.62	325.98	My pillow's all wet.	Monica	high	community_transcript_match	1.0	dialogue	False	True	Monica | Rachel	Rachel	Rachel	False		Speaker agrees with available community-transcript mapping.	On three, 1…2…3! (Rachel turns her head on three to avoid the drops.) Now my pillow's all wet! (She was trying to fool Rachel and squeezed the eyedropper.)	Monica	Monica	present	char_tracker_stage05	monica	present	1.0		high	
18	162	325.98	328.14	Well, you said it was practice.	Rachel	high	community_transcript_match	1.0	dialogue	False	True	Monica | Rachel	Monica	Monica	False		Speaker agrees with available community-transcript mapping.	Well, well, you said it was practice!	Rachel	Rachel	present	char_tracker_stage05	monica|rachel	present	0.75		high	
18	163	328.38	329.42	Then why did you move?	Monica	high	community_transcript_match	1.0	dialogue	False	True	Monica | Rachel	Rachel	Rachel	False		Speaker agrees with available community-transcript mapping.	Then why did you move?!	Monica	Monica	present	char_tracker_stage05	monica|rachel	present	1.0		high	
18	164	329.42	330.78	Because I knew you were Lying.	Rachel	high	community_transcript_match	1.0	dialogue	False	True	Monica | Rachel	Monica	Monica	False		Speaker agrees with available community-transcript mapping.	Because I knew you were lying!	Rachel	Rachel	present	char_tracker_stage05	monica|rachel	present	1.0		high	
18	165	332.7	333.7	All right, come here.	Monica	high	community_transcript_match	1.0	dialogue	False	True	Monica | Rachel	Rachel	Rachel	False		Speaker agrees with available community-transcript mapping.	All right, come here! (She gets up and drags Rachel off of the couch by her legs.)	Monica	Monica	present	char_tracker_stage05	monica	present	0.5		high	
18	166	333.7	334.14	What are you.	Rachel	high	qa_review_resolved_ct_support	1.0	dialogue	False	True	Monica | Rachel	Monica	Monica	True	speaker_no_face	Speaker agrees with available community-transcript mapping. | QA resolved prior review with community-transcript support.	(as she's being dragged) What are you? Monica!! Stop it!! Oh my God! Stop it! (Monica drags her totally onto the floor and on her back.)	Rachel	Rachel	absent	char_tracker_stage05		absent	0.0		medium	speaker_no_face
18	167	334.14	334.58	Come on.	Monica	medium	short_turn_alternation	0.7	dialogue	True	False	Monica | Rachel	Rachel	Monica	True	short_utterance_between_two_speakers | speaker_no_face	Short utterance inferred from local turn alternation.				absent	char_tracker_stage05		absent			medium	speaker_no_face
18	168	334.58	334.86	Get.	Monica	high	qa_review_resolved_ct_support	1.0	dialogue	False	True	Monica | Rachel	Monica	Rachel	True	speaker_no_face	Speaker agrees with available community-transcript mapping. | QA resolved prior review with community-transcript support.	I am going… I'm going--Turn it over! (Rachel rolled onto her stomach and Monica rolls her back.) I'm… I am going to get these drops in your eyes. (She is holding Rachel down with both hands and has the eyedropper in her mouth.)	Monica	Monica	absent	char_tracker_stage05		absent	0.0		medium	speaker_no_face
18	169	334.86	335.5	Monica.	Rachel	medium	name_address_rule	0.74	dialogue	True	False	Monica | Rachel	Monica	Rachel	True	speaker_no_face	Utterance names the previous speaker, so the next speaker is more likely.				absent	char_tracker_stage05		absent			medium	speaker_no_face
18	170	335.66	336.22	Stop it.	Rachel	high	qa_review_resolved_bridge	0.9	dialogue	True	False	Monica | Rachel	Rachel	Rachel	True	speaker_no_face	Same speaker appears on both sides within the same scene. | QA resolved prior review by same-speaker bridge.				absent	char_tracker_stage05		absent			medium	speaker_no_face
18	171	336.54	337.3	Oh, my God.	Rachel	high	qa_review_resolved_bridge	1.0	dialogue	False	True	Monica | Rachel	Rachel	Rachel	True	speaker_no_face	Speaker agrees with available community-transcript mapping. | QA resolved prior review by same-speaker bridge.	Oh my God! You really are freakishly strong!	Rachel	Rachel	absent	char_tracker_stage05		absent	0.0		medium	speaker_no_face
18	172	337.3	337.66	Stop it now.	Rachel	medium	scene_context_inference	0.68	dialogue	True	False	Monica | Rachel	Rachel		True	medium_confidence_context_fill | speaker_no_face	Filled from previous same-scene context.				absent	char_tracker_stage05		absent			medium	speaker_no_face
19	173	337.66	338.06	Stop it.	Rachel	high	qa_review_resolved_ct_support	1.0	dialogue	False	True	Rachel		Rachel	True	speaker_no_face	Speaker agrees with available community-transcript mapping. | QA resolved prior review with community-transcript support.	Monica! Stop it!	Rachel	Rachel	absent	char_tracker_stage05		absent	0.0		medium	speaker_no_face
19	174	338.06	338.86	I am going.	Rachel	high	qa_review_resolved_bridge	0.9	dialogue	True	False	Rachel	Rachel	Rachel	True	speaker_no_face	Same speaker appears on both sides within the same scene. | QA resolved prior review by same-speaker bridge.				absent	char_tracker_stage05		absent			medium	speaker_no_face
19	175	339.42	340.86	I'm turning over.	Rachel	high	qa_review_resolved_bridge	0.9	dialogue	True	False	Rachel	Rachel	Rachel	True	speaker_no_face	Same speaker appears on both sides within the same scene. | QA resolved prior review by same-speaker bridge.				absent	char_tracker_stage05		absent			medium	speaker_no_face
19	176	341.34	341.98	I'm.	Rachel	high	qa_review_resolved_bridge	0.9	dialogue	True	False	Rachel	Rachel	Rachel	True	speaker_no_face	Same speaker appears on both sides within the same scene. | QA resolved prior review by same-speaker bridge.				absent	char_tracker_stage05		absent			medium	speaker_no_face
19	177	342.06	343.26	I going.	Rachel	high	qa_review_resolved_bridge	0.9	dialogue	True	False	Rachel	Rachel	Rachel	True	speaker_no_face	Same speaker appears on both sides within the same scene. | QA resolved prior review by same-speaker bridge.				absent	char_tracker_stage05		absent			medium	speaker_no_face
19	178	343.5	344.06	And get.	Rachel	high	qa_review_resolved_bridge	0.9	dialogue	True	False	Rachel	Rachel	Rachel	True	speaker_no_face	Same speaker appears on both sides within the same scene. | QA resolved prior review by same-speaker bridge.				absent	char_tracker_stage05		absent			medium	speaker_no_face
19	179	344.46	347.1	Hey, get these dots in your eyes.	Rachel	high	qa_review_resolved_bridge	0.9	dialogue	True	False	Rachel	Rachel	Rachel	True	speaker_offscreen	Same speaker appears on both sides within the same scene. | QA resolved prior review by same-speaker bridge.				present	char_tracker_stage05	monica	absent			low	speaker_offscreen
19	180	347.1	347.98	Oh, my God.	Rachel	high	qa_review_resolved_bridge	0.9	dialogue	True	False	Rachel	Rachel	Rachel	True	speaker_offscreen	Same speaker appears on both sides within the same scene. | QA resolved prior review by same-speaker bridge.				present	char_tracker_stage05	monica	absent			low	speaker_offscreen
19	181	347.98	349.5	You really are freakishly strong.	Rachel	high	qa_review_resolved_bridge	0.9	dialogue	True	False	Rachel	Rachel	Rachel	True	speaker_no_face	Same speaker appears on both sides within the same scene. | QA resolved prior review by same-speaker bridge.				partial	char_tracker_stage05		absent			medium	speaker_no_face
19	182	353.11	353.75	Oh, my God.	Rachel	high	qa_review_resolved_bridge	0.9	dialogue	True	False	Rachel	Rachel	Rachel	True	speaker_no_face	Same speaker appears on both sides within the same scene. | QA resolved prior review by same-speaker bridge.				absent	char_tracker_stage05		absent			medium	speaker_no_face
19	183	353.75	354.39	Stevie.	Rachel	high	qa_review_resolved_bridge	0.9	dialogue	True	False	Rachel	Rachel	Rachel	True	speaker_no_face	Same speaker appears on both sides within the same scene. | QA resolved prior review by same-speaker bridge.				absent	char_tracker_stage05		absent			medium	speaker_no_face
19	184	356.47	357.59	Damn it, Cynthie.	Rachel	high	qa_review_resolved_bridge	0.9	dialogue	True	False	Rachel	Rachel	Rachel	True	speaker_offscreen	Same speaker appears on both sides within the same scene. | QA resolved prior review by same-speaker bridge.				present	char_tracker_stage05	monica	absent			low	speaker_offscreen
19	185	359.59	362.55	You know, if Joey and Chandler walked in right now, we could make a fortune.	Rachel	high	community_transcript_match	1.0	dialogue	False	True	Rachel	Rachel		False		Speaker agrees with available community-transcript mapping.	Wow, y'know if Joey and Chandler walked in right now, we could make a fortune! (Monica is straddling Rachel and holding her arms down. In a rather risqué pose, at least for primetime TV.)	Rachel	Rachel	present	char_tracker_stage05	rachel	present	0.75		high	
20	186	368.87	370.55	Ooh, that is definitely Chandler.	Phoebe	high	qa_review_resolved_ct_support	1.0	dialogue	False	True	Phoebe | Monica | Joey | Chandler | Ross		Phoebe	True	speaker_no_face	Speaker agrees with available community-transcript mapping. | QA resolved prior review with community-transcript support.	Ooh that is definitely Chandler, Joey, or Ross. (Thinks) Or-or Rachel!	Phoebe	Phoebe	absent	char_tracker_stage05		absent	0.0		medium	speaker_no_face
20	187	370.55	371.35	Joey or Ross.	Phoebe	high	community_transcript_match	1.0	dialogue	False	True	Phoebe | Monica | Joey | Chandler | Ross	Phoebe	Phoebe	False		Speaker agrees with available community-transcript mapping.	Or-or Rachel	Phoebe	Phoebe	present	char_tracker_stage05	phoebe	present	0.5		high	
20	188	371.91	373.03	Or Rachel.	Phoebe	high	community_transcript_match	1.0	dialogue	False	True	Phoebe | Monica | Joey | Chandler | Ross	Phoebe	Monica	False		Speaker agrees with available community-transcript mapping.	rachel	Phoebe	Phoebe	present	char_tracker_stage05	phoebe	present	1.0		high	
20	189	376.42	376.74	Hello?	Monica	medium	visual_disambiguation	0.74	dialogue	True	False	Phoebe | Monica | Joey | Chandler | Ross	Phoebe	Monica	False		Only one of the two text-context candidates was visually present in the window.				present	char_tracker_stage05	monica	present			medium	
20	190	377.38	378.18	It's Joey.	Monica	high	scene_context_bridge	0.88	dialogue	True	False	Phoebe | Monica | Joey | Chandler | Ross	Monica	Monica	False		Same speaker appears on both sides within the same scene.				present	char_tracker_stage05	monica|phoebe	present			high	
20	191	378.18	378.66	Hi.	Monica	high	scene_context_bridge	0.88	dialogue	True	False	Phoebe | Monica | Joey | Chandler | Ross	Monica	Monica	False		Same speaker appears on both sides within the same scene.				present	char_tracker_stage05	monica|phoebe	present			high	
20	192	380.26	381.34	I'm so glad you called.	Monica	high	community_transcript_match	1.0	dialogue	False	True	Phoebe | Monica | Joey | Chandler | Ross	Monica	Monica	False		Speaker agrees with available community-transcript mapping.	I'm so glad you called	Monica	Monica	present	char_tracker_stage05	monica|phoebe	present	1.0		high	
20	193	381.34	382.62	Chandler told me what happened.	Monica	high	community_transcript_match	1.0	dialogue	False	True	Phoebe | Monica | Joey | Chandler | Ross	Monica	Monica	False		Speaker agrees with available community-transcript mapping.	(answers the phone) Hello? (Listens.) (To Phoebe) It's Joey. (Phoebe's proud of herself.) (To Joey) I'm so glad you called! Chandler told me what happened. Y'know he's really upset about it.	Monica	Monica	present	char_tracker_stage05	monica	present	1.0		high	
20	194	382.62	384.1	You know, he's really upset about it.	Monica	high	community_transcript_match	1.0	dialogue	False	True	Phoebe | Monica | Joey | Chandler | Ross	Monica	Joey	False		Speaker agrees with available community-transcript mapping.	Y'know he's really upset about it	Monica	Monica	present	char_tracker_stage05	joey|monica	present	0.6667		high	
20	195	384.18	387.7	Not as upset as he's gonna be when he finds out what I did with his sweater vests.	Joey	high	community_transcript_match	1.0	dialogue	False	True	Phoebe | Monica | Joey | Chandler | Ross	Monica	Monica	False		Speaker agrees with available community-transcript mapping.	(on a pay phone holding a box) Not as upset as he's gonna be when he finds out what I did with his sweater vests!	Joey	Joey	present	char_tracker_stage05	joey	present	1.0		high	
20	196	390.74	392.5	What did you do to his sweater vests?	Monica	high	community_transcript_match	1.0	dialogue	False	True	Phoebe | Monica | Joey | Chandler | Ross	Joey	Joey	False		Speaker agrees with available community-transcript mapping.	What did you do to his sweater vests?	Monica	Monica	present	char_tracker_stage05	monica	present	1.0		high	
20	197	392.5	395.3	Let's just say there's a well dressed pack of dogs in Ohio.	Joey	high	community_transcript_match	1.0	dialogue	False	True	Phoebe | Monica | Joey | Chandler | Ross	Monica	Joey	False		Speaker agrees with available community-transcript mapping.	Let's just say there's a well-dressed pack of dogs in Ohio. Hey Monica listen is-is Phoebe there? I gotta ask her something about the car.	Joey	Joey	present	char_tracker_stage05	joey|monica	present	1.0		high	
20	198	397.78	398.74	Hey, Monica.	Joey	high	community_transcript_match	1.0	dialogue	False	True	Phoebe | Monica | Joey | Chandler | Ross	Joey	Joey	False		Speaker agrees with available community-transcript mapping.	Hey Monica listen is-is Phoebe there	Joey	Joey	present	char_tracker_stage05	joey|monica	present	0.5		high	
20	199	398.74	399.94	Listen, is Phoebe there?	Joey	high	community_transcript_match	1.0	dialogue	False	True	Phoebe | Monica | Joey | Chandler | Ross	Joey	Joey	False		Speaker agrees with available community-transcript mapping.	listen is is phoebe there	Joey	Joey	present	char_tracker_stage05	joey|monica	present	1.0		high	
20	200	399.94	401.46	I gotta ask you something about the car.	Joey	medium	visual_disambiguation	0.74	dialogue	True	False	Phoebe | Monica | Joey | Chandler | Ross	Joey	Monica	False		Only one of the two text-context candidates was visually present in the window.				present	char_tracker_stage05	joey	present			medium	
20	201	401.81	402.25	Yeah, she's here.	Monica	high	qa_review_resolved_ct_support	1.0	dialogue	False	True	Phoebe | Monica | Joey | Chandler | Ross	Joey	Monica	True	speaker_offscreen	Speaker agrees with available community-transcript mapping. | QA resolved prior review with community-transcript support.	Yeah, she's here. Hold on a second. (She hands the phone to Phoebe.)	Monica	Monica	present	char_tracker_stage05	joey	absent	0.0		low	speaker_offscreen
20	202	402.25	402.93	Hold on one second.	Monica	high	qa_review_resolved_ct_support	1.0	dialogue	False	True	Phoebe | Monica | Joey | Chandler | Ross	Monica	Phoebe	True	speaker_offscreen	Speaker agrees with available community-transcript mapping. | QA resolved prior review with community-transcript support.	Hold on a second	Monica	Monica	present	char_tracker_stage05	joey	absent	0.0		low	speaker_offscreen
20	203	403.73	404.61	Hey, dude.	Phoebe	high	community_transcript_match	1.0	dialogue	False	True	Phoebe | Monica | Joey | Chandler | Ross	Monica	Joey	False		Speaker agrees with available community-transcript mapping.	Hey, dude!	Phoebe	Phoebe	present	char_tracker_stage05	joey|phoebe	present	1.0		high	
20	204	404.61	405.49	Hey, Phoebs.	Joey	high	qa_review_resolved_ct_support	1.0	dialogue	False	True	Phoebe | Monica | Joey | Chandler | Ross	Phoebe	Joey	True	speaker_offscreen	Speaker agrees with available community-transcript mapping. | QA resolved prior review with community-transcript support.	Hey Pheebs	Joey	Joey	present	char_tracker_stage05	phoebe	absent	0.0		low	speaker_offscreen
20	205	405.57	408.73	Listen, this wooden box keeps sliding out from under the sea.	Joey	high	community_transcript_match	1.0	dialogue	False	True	Phoebe | Monica | Joey | Chandler | Ross	Joey	Joey	False		Speaker agrees with available community-transcript mapping.	Hey Pheebs! Listen, this wooden box keeps sliding out from under the seat. What-what is it?	Joey	Joey	present	char_tracker_stage05	joey	present	0.75		high	
20	206	408.73	409.21	What is it?	Joey	high	community_transcript_match	1.0	dialogue	False	True	Phoebe | Monica | Joey | Chandler | Ross	Joey	Phoebe	False		Speaker agrees with available community-transcript mapping.	What-what is it	Joey	Joey	present	char_tracker_stage05	joey|phoebe	present	1.0		high	
20	207	409.21	410.29	Oh, that's my grandma.	Phoebe	high	community_transcript_match	1.0	dialogue	False	True	Phoebe | Monica | Joey | Chandler | Ross	Joey	Phoebe	False		Speaker agrees with available community-transcript mapping.	oh that's my grandma	Phoebe	Phoebe	present	char_tracker_stage05	joey|phoebe	present	1.0		high	
20	208	414.29	415.25	And thanks, Joey.	Phoebe	high	community_transcript_match	1.0	dialogue	False	True	Phoebe | Monica | Joey | Chandler | Ross	Phoebe	Phoebe	False		Speaker agrees with available community-transcript mapping.	oh that's my grandma and thanks joey	Phoebe	Phoebe	present	char_tracker_stage05	phoebe	present	1.0		high	
20	209	415.25	416.61	She's having a really great time.	Phoebe	high	community_transcript_match	1.0	dialogue	False	True	Phoebe | Monica | Joey | Chandler | Ross	Phoebe	Chandler	False		Speaker agrees with available community-transcript mapping.	Oh that's my grandma. (Joey holds the box away from him.) And thanks Joey she's having a really great time. (Joey is happy now.)	Phoebe	Phoebe	present	char_tracker_stage05	joey|phoebe	present	1.0		high	
20	210	419.09	419.85	Is that Joey?	Chandler	low	scene_context_inference	0.58	dialogue	True	False	Phoebe | Monica | Joey | Chandler | Ross	Phoebe	Chandler	True	two_sided_context_ambiguous | speaker_offscreen	No direct transcript match; weak local context only.				present	char_tracker_stage05	joey	absent			low	speaker_offscreen
20	211	419.85	420.37	Is that Joey?	Chandler	high	scene_context_bridge	0.88	dialogue	True	False	Phoebe | Monica | Joey | Chandler | Ross	Chandler	Chandler	False		Same speaker appears on both sides within the same scene.				present	char_tracker_stage05	chandler|joey	present			high	
20	212	420.37	420.89	Let me talk to him.	Chandler	high	scene_context_bridge	0.88	dialogue	True	False	Phoebe | Monica | Joey | Chandler | Ross	Chandler	Chandler	False		Same speaker appears on both sides within the same scene.				present	char_tracker_stage05	chandler	present			high	
20	213	420.89	421.37	Let me talk to him.	Chandler	high	community_transcript_match	1.0	dialogue	False	True	Phoebe | Monica | Joey | Chandler | Ross	Chandler	Phoebe	False		Speaker agrees with available community-transcript mapping.	(who has just entered) Is that Joey? Is that Joey? Let me talk to him! I wanna talk to him!	Chandler	Chandler	present	char_tracker_stage05	chandler|phoebe	present	1.0		high	
20	214	421.37	422.65	Okay, Joey, Chandler's here.	Phoebe	high	community_transcript_match	1.0	dialogue	False	True	Phoebe | Monica | Joey | Chandler | Ross	Chandler	Phoebe	False		Speaker agrees with available community-transcript mapping.	Okay Joey	Phoebe	Phoebe	present	char_tracker_stage05	chandler|phoebe	present	1.0		high	
20	215	422.65	423.81	He was wondering if.	Phoebe	high	community_transcript_match	1.0	dialogue	False	True	Phoebe | Monica | Joey | Chandler | Ross	Phoebe	Phoebe	False		Speaker agrees with available community-transcript mapping.	Chandler's here, he was wondering	Phoebe	Phoebe	present	char_tracker_stage05	phoebe	present	1.0		high	
20	216	424.69	426.69	Okay, I guess he ran out of change.	Phoebe	high	community_transcript_match	1.0	dialogue	False	True	Phoebe | Monica | Joey | Chandler | Ross	Phoebe	Chandler	False		Speaker agrees with available community-transcript mapping.	Okay Joey? Chandler's here, he was wondering… (We hear the dial tone as Joey hangs up.) Okay, I guess he ran out of change.	Phoebe	Phoebe	present	char_tracker_stage05	phoebe	present	1.0		high	
20	217	428.69	429.65	He won't even talk to me.	Chandler	high	community_transcript_match	1.0	dialogue	False	True	Phoebe | Monica | Joey | Chandler | Ross	Phoebe	Chandler	False		Speaker agrees with available community-transcript mapping.	Y'know, he won't even talk to me	Chandler	Chandler	present	char_tracker_stage05	chandler|phoebe	present	1.0		high	
20	218	429.65	431.81	How am I going to apologize to him if he won't even talk to me?	Chandler	high	community_transcript_match	1.0	dialogue	False	True	Phoebe | Monica | Joey | Chandler | Ross	Chandler	Monica	False		Speaker agrees with available community-transcript mapping.	Y'know, he won't even talk to me. How am I going to apologize to him if he won't even talk to me?	Chandler	Chandler	present	char_tracker_stage05	chandler|monica	present	1.0		high	
20	219	432.84	436.28	Maybe you should send him something so when he gets to Las Vegas he'll know that you're sorry.	Monica	high	community_transcript_match	1.0	dialogue	False	True	Phoebe | Monica | Joey | Chandler | Ross	Chandler	Chandler	False		Speaker agrees with available community-transcript mapping.	Well, maybe you should send him something. So that when he gets to Las Vegas he'll know that you're sorry.	Monica	Monica	present	char_tracker_stage05	chandler|monica	present	1.0		high	
20	220	436.76	437.72	That's a good idea.	Chandler	high	community_transcript_match	1.0	dialogue	False	True	Phoebe | Monica | Joey | Chandler | Ross	Monica	Chandler	False		Speaker agrees with available community-transcript mapping.	That's a good idea	Chandler	Chandler	present	char_tracker_stage05	chandler|monica	present	1.0		high	
20	221	437.96	440.52	I wonder where I could get a basket of porn.	Chandler	high	community_transcript_match	1.0	dialogue	False	True	Phoebe | Monica | Joey | Chandler | Ross	Chandler	Phoebe	False		Speaker agrees with available community-transcript mapping.	That's a good idea. I wonder where I could (Pause) get a basket of porn…	Chandler	Chandler	present	char_tracker_stage05	chandler|monica	present	1.0		high	
20	222	442.2	443.32	Oh, no, don't.	Phoebe	high	community_transcript_match	1.0	dialogue	False	True	Phoebe | Monica | Joey | Chandler | Ross	Chandler	Phoebe	False		Speaker agrees with available community-transcript mapping.	no don't	Phoebe	Phoebe	present	char_tracker_stage05	phoebe	present	1.0		high	
20	223	443.32	444.84	Don't say I'm sorry with porn.	Phoebe	high	community_transcript_match	1.0	dialogue	False	True	Phoebe | Monica | Joey | Chandler | Ross	Phoebe	Phoebe	False		Speaker agrees with available community-transcript mapping.	No, don't-don't say I'm sorry with porn!	Phoebe	Phoebe	present	char_tracker_stage05	phoebe	present	1.0		high	
20	224	446.04	448.6	You know, you should send him a carton of cigarettes.	Phoebe	high	community_transcript_match	1.0	dialogue	False	True	Phoebe | Monica | Joey | Chandler | Ross	Phoebe	Phoebe	False		Speaker agrees with available community-transcript mapping.	Y'know what you should send him? A cartoon of cigarettes. 'Cause that why he could trade it for protection. No. That's prison.	Phoebe	Phoebe	present	char_tracker_stage05	phoebe	present	1.0		high	
20	225	448.76	450.6	Cause that way he can trade it for protection.	Phoebe	high	community_transcript_match	1.0	dialogue	False	True	Phoebe | Monica | Joey | Chandler | Ross	Phoebe	Phoebe	False		Speaker agrees with available community-transcript mapping.	y'know what 'cause that why he could trade it for protection no that's prison	Phoebe	Phoebe	present	char_tracker_stage05	phoebe	present	1.0		high	
20	226	451.08	452.84	No, that's prison.	Phoebe	high	community_transcript_match	1.0	dialogue	False	True	Phoebe | Monica | Joey | Chandler | Ross	Phoebe	Ross	False		Speaker agrees with available community-transcript mapping.	y'know what no that's prison	Phoebe	Phoebe	present	char_tracker_stage05	phoebe	present	1.0		high	
20	227	455.96	459.0	Okay, Phoebes, I know how we're gonna figure this out.	Ross	high	community_transcript_match	1.0	dialogue	False	True	Phoebe | Monica | Joey | Chandler | Ross	Phoebe	Ross	False		Speaker agrees with available community-transcript mapping.	pheebs i know how we're going to figure this out	Ross	Ross	present	char_tracker_stage05	ross	present	0.5		high	
20	228	459.54	459.94	Okay?	Ross	high	community_transcript_match	1.0	dialogue	False	True	Phoebe | Monica | Joey | Chandler | Ross	Ross	Ross	False		Speaker agrees with available community-transcript mapping.	Okay Pheebs, I know how we're going to figure this out	Ross	Ross	present	char_tracker_stage05	ross	present	1.0		high	
20	229	460.02	464.26	Clear your mind and answer the first thing that comes into your head.	Ross	high	community_transcript_match	1.0	dialogue	False	True	Phoebe | Monica | Joey | Chandler | Ross	Ross	Ross	False		Speaker agrees with available community-transcript mapping.	(entering) Okay Pheebs, I know how we're going to figure this out. Okay, clear your mind and answer the first thing that comes into your head. Okay?	Ross	Ross	present	char_tracker_stage05	ross	present	1.0		high	
20	230	464.34	464.98	Okay.	Ross	high	community_transcript_match	1.0	dialogue	False	True	Phoebe | Monica | Joey | Chandler | Ross	Ross	Ross	False		Speaker agrees with available community-transcript mapping.	Okay	Ross	Ross	present	char_tracker_stage05	ross	present	1.0		high	
20	231	465.46	465.94	Mm.	Ross	high	scene_context_bridge	0.88	dialogue	True	False	Phoebe | Monica | Joey | Chandler | Ross	Ross	Ross	False		Same speaker appears on both sides within the same scene.				present	char_tracker_stage05	phoebe|ross	present			high	
20	232	466.26	468.34	What do you like better, flora or fauna?	Ross	high	community_transcript_match	1.0	dialogue	False	True	Phoebe | Monica | Joey | Chandler | Ross	Ross	Phoebe	False		Speaker agrees with available community-transcript mapping.	What do you like better flora or fauna?	Ross	Ross	present	char_tracker_stage05	phoebe|ross	present	1.0		high	
20	233	468.34	468.78	Fauna.	Phoebe	high	community_transcript_match	1.0	dialogue	False	True	Phoebe | Monica | Joey | Chandler | Ross	Ross	Ross	False		Speaker agrees with available community-transcript mapping.	Fauna.	Phoebe	Phoebe	present	char_tracker_stage05	phoebe|ross	present	1.0		high	
20	234	468.78	470.38	Who would you rather be, Simon or Garfunkel?	Ross	high	community_transcript_match	1.0	dialogue	False	True	Phoebe | Monica | Joey | Chandler | Ross	Phoebe	Phoebe	False		Speaker agrees with available community-transcript mapping.	Who would you rather be Simon or Garfunkle?	Ross	Ross	present	char_tracker_stage05	phoebe|ross	present	1.0		high	
20	235	470.38	470.94	Garfunkel.	Phoebe	high	community_transcript_match	1.0	dialogue	False	True	Phoebe | Monica | Joey | Chandler | Ross	Ross	Ross	False		Speaker agrees with available community-transcript mapping.	Garfunkle.	Phoebe	Phoebe	present	char_tracker_stage05	phoebe|ross	present	1.0		high	
20	236	470.94	471.58	Why are you mad at me?	Ross	high	community_transcript_match	1.0	dialogue	False	True	Phoebe | Monica | Joey | Chandler | Ross	Phoebe	Phoebe	False		Speaker agrees with available community-transcript mapping.	Why are you mad at me?	Ross	Ross	present	char_tracker_stage05	phoebe|ross	present	0.5		high	
20	237	471.58	472.5	You said I was boring.	Phoebe	high	community_transcript_match	1.0	dialogue	False	True	Phoebe | Monica | Joey | Chandler | Ross	Ross	Ross	False		Speaker agrees with available community-transcript mapping.	You said I was boring--Ohh!	Phoebe	Phoebe	present	char_tracker_stage05	phoebe	present	1.0		high	
20	238	472.58	477.98	Oh, when did I say you were boring?	Ross	high	community_transcript_match	1.0	dialogue	False	True	Phoebe | Monica | Joey | Chandler | Ross	Phoebe	Phoebe	False		Speaker agrees with available community-transcript mapping.	When did I say you were boring?!	Ross	Ross	present	char_tracker_stage05	phoebe|ross	present	0.8333		high	
20	239	477.98	479.54	Oh, my God, I remember now.	Phoebe	high	community_transcript_match	1.0	dialogue	False	True	Phoebe | Monica | Joey | Chandler | Ross	Ross	Phoebe	False		Speaker agrees with available community-transcript mapping.	Oh my God, I remember now! We were playing chess!	Phoebe	Phoebe	present	char_tracker_stage05	phoebe	present	1.0		high	
20	240	479.78	480.9	We were playing chess.	Phoebe	high	community_transcript_match	1.0	dialogue	False	True	Phoebe | Monica | Joey | Chandler | Ross	Phoebe	Ross	False		Speaker agrees with available community-transcript mapping.	We were playing chess	Phoebe	Phoebe	present	char_tracker_stage05	phoebe	present	1.0		high	
20	241	481.14	484.38	Phoebe, you and I have never played chess.	Ross	high	community_transcript_match	1.0	dialogue	False	True	Phoebe | Monica | Joey | Chandler | Ross	Phoebe	Phoebe	False		Speaker agrees with available community-transcript mapping.	Phoebe! You and I have never played chess!	Ross	Ross	present	char_tracker_stage05	phoebe|ross	present	1.0		high	
20	242	484.38	485.3	Oh, come on.	Phoebe	low	scene_context_inference	0.58	dialogue	True	False	Phoebe | Monica | Joey | Chandler | Ross	Ross	Phoebe	True	two_sided_context_ambiguous | low_speaker_confidence	No direct transcript match; weak local context only.				present	char_tracker_stage05	phoebe|ross	present			low	low_speaker_confidence
20	243	485.3	485.7	Yes.	Phoebe	high	community_transcript_match	1.0	dialogue	False	True	Phoebe | Monica | Joey | Chandler | Ross	Phoebe	Phoebe	False		Speaker agrees with available community-transcript mapping.	yes	Phoebe	Phoebe	present	char_tracker_stage05	phoebe	present	1.0		high	
20	244	485.7	487.58	Remember that time on the frozen lake?	Phoebe	high	community_transcript_match	1.0	dialogue	False	True	Phoebe | Monica | Joey | Chandler | Ross	Phoebe	Phoebe	False		Speaker agrees with available community-transcript mapping.	Yes, remember that time on the frozen lake	Phoebe	Phoebe	present	char_tracker_stage05	phoebe	present	1.0		high	
20	245	487.58	492.67	We were playing chess, you said I was boring, and then you took off your energy mask and you were Cameron Diaz.	Phoebe	high	community_transcript_match	1.0	dialogue	False	True	Phoebe | Monica | Joey | Chandler | Ross	Phoebe	Phoebe	False		Speaker agrees with available community-transcript mapping.	Oh, come on! Yes, remember that time on the frozen lake? We were playing chess, you said I was boring, and then you took off your energy mask and you were Cameron Diaz! (Realizes) Okay, there's a chance this may have been a dream.	Phoebe	Phoebe	present	char_tracker_stage05	phoebe	present	1.0		high	
20	246	496.75	499.07	Okay, there's a chance this may have been a dream.	Phoebe	high	community_transcript_match	1.0	dialogue	False	True	Phoebe | Monica | Joey | Chandler | Ross	Phoebe	Ross	False		Speaker agrees with available community-transcript mapping.	Okay, there's a chance this may have been a dream	Phoebe	Phoebe	present	char_tracker_stage05	phoebe	present	1.0		high	
20	247	502.43	507.55	So this entire time you've been angry with me because of a dream?	Ross	high	community_transcript_match	1.0	dialogue	False	True	Phoebe | Monica | Joey | Chandler | Ross	Phoebe	Ross	False		Speaker agrees with available community-transcript mapping.	(frustrated) So this entire time, you've been angry with me because of a dream?!  Well, guess what, Phoebe? Now I'm mad at you! (Phoebe pinches Ross.) Oww!	Ross	Ross	present	char_tracker_stage05	ross	present	1.0		high	
20	248	509.07	510.27	Well, Guess what, Phoebe?	Ross	high	qa_review_resolved_bridge	1.0	dialogue	False	True	Phoebe | Monica | Joey | Chandler | Ross	Ross	Ross	True	speaker_offscreen	Speaker agrees with available community-transcript mapping. | QA resolved prior review by same-speaker bridge.	Well, guess what, Phoebe	Ross	Ross	present	char_tracker_stage05	phoebe	absent	0.0		low	speaker_offscreen
20	249	510.27	511.47	Now I'm mad at you.	Ross	high	qa_review_resolved_bridge	1.0	dialogue	False	True	Phoebe | Monica | Joey | Chandler | Ross	Ross	Ross	True	speaker_no_face	Speaker agrees with available community-transcript mapping. | QA resolved prior review by same-speaker bridge.	Now I'm mad at you	Ross	Ross	absent	char_tracker_stage05		absent	0.0		medium	speaker_no_face
20	250	513.79	514.27	Ow.	Ross	high	qa_review_resolved_ct_support	1.0	dialogue	False	True	Phoebe | Monica | Joey | Chandler | Ross	Ross	Phoebe	True	speaker_offscreen	Speaker agrees with available community-transcript mapping. | QA resolved prior review with community-transcript support.	Oww	Ross	Ross	present	char_tracker_stage05	phoebe	absent	0.0		low	speaker_offscreen
20	251	515.63	517.71	I wanted to make sure that this wasn't a dream.	Phoebe	high	community_transcript_match	1.0	dialogue	False	True	Phoebe | Monica | Joey | Chandler | Ross	Ross	Phoebe	False		Speaker agrees with available community-transcript mapping.	I-I wanted to make sure that this wasn't a dream. Otherwise we're wasting each other's time.	Phoebe	Phoebe	present	char_tracker_stage05	phoebe	present	1.0		high	
20	252	517.71	519.26	Otherwise we're just wasting each other's time.	Phoebe	high	community_transcript_match	1.0	dialogue	False	True	Phoebe | Monica | Joey | Chandler | Ross	Phoebe	Phoebe	False		Speaker agrees with available community-transcript mapping.	Otherwise we're wasting each other's time	Phoebe	Phoebe	present	char_tracker_stage05	phoebe	present	1.0		high	
20	253	519.41	550.05	Time I've been through the desert On a horse with no name it felt good to be out of the rain in the desert hey, Stanley.	Phoebe	medium	scene_context_inference	0.68	dialogue	True	False	Phoebe | Monica | Joey | Chandler | Ross	Phoebe		True	medium_confidence_context_fill | speaker_no_face	Filled from previous same-scene context.				partial	char_tracker_stage05		absent			medium	speaker_no_face
21	254	550.61	551.09	Hey.	Joey	high	community_transcript_match	1.0	dialogue	False	True	Joey | Stanley | The Grip		Joey	False		Speaker agrees with available community-transcript mapping.	Hey-hey	Joey	Joey	present	char_tracker_stage05	joey	present	0.5		high	
21	255	551.23	552.83	Hey, your leading man is here.	Joey	high	community_transcript_match	1.0	dialogue	False	True	Joey | Stanley | The Grip	Joey	Joey	False		Speaker agrees with available community-transcript mapping.	Hey-hey! Stanley! Hey-hey! You're leading man is here! Let's get to work.	Joey	Joey	present	char_tracker_stage05	joey	present	1.0		high	
21	256	552.83	553.71	Let's get to work.	Joey	high	community_transcript_match	1.0	dialogue	False	True	Joey | Stanley | The Grip	Joey	Stanley	False		Speaker agrees with available community-transcript mapping.	Let's get to work	Joey	Joey	present	char_tracker_stage05	joey	present	1.0		high	
21	257	554.03	556.51	Um, slight change of plans.	Stanley	high	community_transcript_match	1.0	dialogue	False	True	Joey | Stanley | The Grip	Joey	Stanley	False		Speaker agrees with available community-transcript mapping.	Umm, slight change of plans. We've shut down.	Stanley	Stanley	present	char_tracker_stage05	joey	unobserved			high	
21	258	556.59	557.55	We've shut down.	Stanley	high	community_transcript_match	1.0	dialogue	False	True	Joey | Stanley | The Grip	Stanley	Joey	False		Speaker agrees with available community-transcript mapping.	We've shut down	Stanley	Stanley	present	char_tracker_stage05	joey	unobserved			high	
21	259	559.07	559.47	What?	Joey	high	community_transcript_match	1.0	dialogue	False	True	Joey | Stanley | The Grip	Stanley	Joey	False		Speaker agrees with available community-transcript mapping.	Wh-what?! Why?!	Joey	Joey	present	char_tracker_stage05	joey	present	1.0		high	
21	260	559.95	560.35	Why?	Joey	high	community_transcript_match	1.0	dialogue	False	True	Joey | Stanley | The Grip	Joey	Stanley	False		Speaker agrees with available community-transcript mapping.	Why	Joey	Joey	present	char_tracker_stage05	joey	present	1.0		high	
21	261	560.59	561.63	It's a money thing.	Stanley	high	community_transcript_match	1.0	dialogue	False	True	Joey | Stanley | The Grip	Joey	Stanley	False		Speaker agrees with available community-transcript mapping.	It's a money thing, we don't have any.	Stanley	Stanley	present	char_tracker_stage05	joey	unobserved			high	
21	262	561.79	562.75	We don't have any.	Stanley	high	community_transcript_match	1.0	dialogue	False	True	Joey | Stanley | The Grip	Stanley	Joey	False		Speaker agrees with available community-transcript mapping.	we don't have any	Stanley	Stanley	absent	char_tracker_stage05		unobserved			high	
21	263	566.03	566.99	You're kidding, right?	Joey	high	community_transcript_match	1.0	dialogue	False	True	Joey | Stanley | The Grip	Stanley	Stanley	False		Speaker agrees with available community-transcript mapping.	(laughs) You're kidding right?	Joey	Joey	present	char_tracker_stage05	joey	present	1.0		high	
21	264	567.39	567.79	No.	Stanley	high	community_transcript_match	1.0	dialogue	False	True	Joey | Stanley | The Grip	Joey	Joey	False		Speaker agrees with available community-transcript mapping.	No.	Stanley	Stanley	present	char_tracker_stage05	joey	unobserved			high	
21	265	568.19	568.59	What?	Joey	high	community_transcript_match	1.0	dialogue	False	True	Joey | Stanley | The Grip	Stanley	Stanley	False		Speaker agrees with available community-transcript mapping.	What?!	Joey	Joey	present	char_tracker_stage05	joey	present	1.0		high	
21	266	569.47	571.15	It's probably just temporary.	Stanley	high	community_transcript_match	1.0	dialogue	False	True	Joey | Stanley | The Grip	Joey	Stanley	False		Speaker agrees with available community-transcript mapping.	It-it's probably just temporary	Stanley	Stanley	partial	char_tracker_stage05		unobserved			high	
21	267	571.79	575.47	We're hoping to get some more money soon, so if you could just hang out.	Stanley	high	community_transcript_match	1.0	dialogue	False	True	Joey | Stanley | The Grip	Stanley	Joey	False		Speaker agrees with available community-transcript mapping.	It-it's probably just temporary. We're hoping to get some more money soon, so if could just uh, hang out.	Stanley	Stanley	partial	char_tracker_stage05		unobserved			high	
21	268	575.71	576.35	Hang out?	Joey	high	community_transcript_match	1.0	dialogue	False	True	Joey | Stanley | The Grip	Stanley	Joey	False		Speaker agrees with available community-transcript mapping.	Uh, hang out	Joey	Joey	present	char_tracker_stage05	joey	present	1.0		high	
21	269	576.91	577.47	How long?	Joey	high	community_transcript_match	1.0	dialogue	False	True	Joey | Stanley | The Grip	Joey	Joey	False		Speaker agrees with available community-transcript mapping.	Uh, hang out?! How long?	Joey	Joey	present	char_tracker_stage05	joey	present	1.0		high	
21	270	577.63	578.19	I don't know.	Joey	medium	visual_disambiguation	0.74	dialogue	True	False	Joey | Stanley | The Grip	Joey	Stanley	False		Only one of the two text-context candidates was visually present in the window.				present	char_tracker_stage05	joey	present			medium	
21	271	578.19	579.47	A week, maybe two.	Stanley	high	community_transcript_match	1.0	dialogue	False	True	Joey | Stanley | The Grip	Joey	Stanley	False		Speaker agrees with available community-transcript mapping.	Maybe two	Stanley	Stanley	present	char_tracker_stage05	joey	unobserved			high	
21	272	580.11	581.28	The money will turn up.	Stanley	high	community_transcript_match	1.0	dialogue	False	True	Joey | Stanley | The Grip	Stanley	Stanley	False		Speaker agrees with available community-transcript mapping.	I don't know. A week? Maybe two? The money will turn up! People will always wanna invest in movies! Hey, you're not rich are ya?	Stanley	Stanley	present	char_tracker_stage05	joey	unobserved			high	
21	273	581.51	583.15	People always want to invest in movies.	Stanley	high	community_transcript_match	1.0	dialogue	False	True	Joey | Stanley | The Grip	Stanley	Stanley	False		Speaker agrees with available community-transcript mapping.	People will always wanna invest in movies	Stanley	Stanley	partial	char_tracker_stage05		unobserved			high	
21	274	583.15	585.11	Hey, you're not rich, are you?	Stanley	high	community_transcript_match	1.0	dialogue	False	True	Joey | Stanley | The Grip	Stanley	Joey	False		Speaker agrees with available community-transcript mapping.	Hey, you're not rich are ya	Stanley	Stanley	partial	char_tracker_stage05		unobserved			high	
21	275	585.11	585.51	No.	Joey	high	community_transcript_match	1.0	dialogue	False	True	Joey | Stanley | The Grip	Stanley	Stanley	False		Speaker agrees with available community-transcript mapping.	No!	Joey	Joey	present	char_tracker_stage05	joey	present	1.0		high	
21	276	585.99	586.87	Worth a shot.	Stanley	high	community_transcript_match	1.0	dialogue	False	True	Joey | Stanley | The Grip	Joey	Stanley	False		Speaker agrees with available community-transcript mapping.	Eh, worth a shot	Stanley	Stanley	present	char_tracker_stage05	joey	unobserved			high	
21	277	588.79	591.03	Well, Joey, let me know where you're staying, okay?	Stanley	high	community_transcript_match	1.0	dialogue	False	True	Joey | Stanley | The Grip	Stanley	The Grip	False		Speaker agrees with available community-transcript mapping.	Eh, worth a shot. (Gets into his car.) Look Joey, let me know where you're staying, okay? (The car peels away.)	Stanley	Stanley	partial	char_tracker_stage05		unobserved			high	
21	278	594.55	595.27	Hey pal.	The Grip	high	community_transcript_match	1.0	dialogue	False	True	Joey | Stanley | The Grip	Stanley		False		Speaker agrees with available community-transcript mapping.	hey pal	The Grip	The Grip	present	char_tracker_stage05	joey	unobserved			high	
22	279	595.35	596.87	Are you Joey Tribbiani?	The Grip	high	community_transcript_match	1.0	dialogue	False	True	The Grip | Joey		Joey	False		Speaker agrees with available community-transcript mapping.	Hey pal, are you Joey Tribbiani?	The Grip	The Grip	present	char_tracker_stage05	joey	unobserved			high	
22	280	596.87	597.27	Yeah.	Joey	high	community_transcript_match	1.0	dialogue	False	True	The Grip | Joey	The Grip	The Grip	False		Speaker agrees with available community-transcript mapping.	Yeah.	Joey	Joey	present	char_tracker_stage05	joey	present	1.0		high	
22	281	597.51	598.71	He's got left for you.	The Grip	high	community_transcript_match	1.0	dialogue	False	True	The Grip | Joey	Joey	Joey	False		Speaker agrees with available community-transcript mapping.	These got left for ya. (He hands him a bunch of helium balloons.)	The Grip	The Grip	present	char_tracker_stage05	joey	unobserved			high	
22	282	599.27	599.75	Thanks.	Joey	high	community_transcript_match	1.0	dialogue	False	True	The Grip | Joey	The Grip	Joey	False		Speaker agrees with available community-transcript mapping.	Thanks	Joey	Joey	present	char_tracker_stage05	joey	present	1.0		high	
22	283	602.23	604.55	Congratulations on your big break.	Joey	high	community_transcript_match	1.0	dialogue	False	True	The Grip | Joey	Joey		False		Speaker agrees with available community-transcript mapping.	Thanks. (The grip walks away.) (Reading the card.) Congratulations on your big break.	Joey	Joey	present	char_tracker_stage05	joey	present	1.0		high	
24	284	611.19	637.49	See, I've been through the desert Not a horse with no name it felt good to be out of the rain in the desert you can't remember your name Cuz there ain't no one going to give you no pain hello?	Joey	medium	scene_context_inference	0.68	dialogue	True	False	Joey | Monica		Joey	True	medium_confidence_context_fill | speaker_no_face	Filled from next same-scene context.				partial	char_tracker_stage05		absent			medium	speaker_no_face
24	285	637.97	639.49	Hey Monica, it's Joey.	Joey	high	qa_review_resolved_ct_support	1.0	dialogue	False	True	Joey | Monica	Joey	Monica	True	speaker_offscreen	Speaker agrees with available community-transcript mapping. | QA resolved prior review with community-transcript support.	(on phone from Vegas) Hey Monica, it's Joey!	Joey	Joey	present	char_tracker_stage05	monica	absent	0.0		low	speaker_offscreen
24	286	639.57	640.45	Hey Joey.	Monica	high	community_transcript_match	1.0	dialogue	False	True	Joey | Monica	Joey	Monica	False		Speaker agrees with available community-transcript mapping.	Hey Joey	Monica	Monica	present	char_tracker_stage05	monica	present	1.0		high	
24	287	641.04	643.28	Oh, you remember me even though you're a big star.	Monica	high	community_transcript_match	1.0	dialogue	False	True	Joey | Monica	Monica	Joey	False		Speaker agrees with available community-transcript mapping.	Hey Joey! Aww, you remembered even though you're a big star!	Monica	Monica	present	char_tracker_stage05	monica	present	1.0		high	
24	288	643.36	645.84	Oh come on, It'll be years before I forget you.	Joey	high	qa_review_resolved_ct_support	1.0	dialogue	False	True	Joey | Monica	Monica	Monica	True	speaker_offscreen	Speaker agrees with available community-transcript mapping. | QA resolved prior review with community-transcript support.	Aw, come on! It'll be years before I forget you!	Joey	Joey	present	char_tracker_stage05	monica	absent	0.0		low	speaker_offscreen
24	289	648.48	649.0	Joey.	Monica	high	community_transcript_match	1.0	dialogue	False	True	Joey | Monica	Joey	Monica	False		Speaker agrees with available community-transcript mapping.	joey	Monica	Monica	present	char_tracker_stage05	monica	present	1.0		high	
24	290	649.0	650.56	What's it like on a movie set, huh?	Monica	high	community_transcript_match	1.0	dialogue	False	True	Joey | Monica	Monica	Monica	False		Speaker agrees with available community-transcript mapping.	Joey, what's it like on a movie set, huh	Monica	Monica	present	char_tracker_stage05	monica	present	1.0		high	
24	291	650.8	652.08	Do you have a dressing room?	Monica	high	community_transcript_match	1.0	dialogue	False	True	Joey | Monica	Monica	Monica	False		Speaker agrees with available community-transcript mapping.	Do you have a dressing room	Monica	Monica	present	char_tracker_stage05	monica	present	1.0		high	
24	292	652.08	653.6	Do you have a chair with your name on it?	Monica	high	community_transcript_match	1.0	dialogue	False	True	Joey | Monica	Monica	Joey	False		Speaker agrees with available community-transcript mapping.	Joey, what's it like on a movie set, huh? Do you have a dressing room? Do you have a chair with your name on it?	Monica	Monica	present	char_tracker_stage05	monica	present	1.0		high	
24	293	653.76	655.84	Well yeah, yeah, I got all that going on.	Joey	high	qa_review_resolved_ct_support	1.0	dialogue	False	True	Joey | Monica	Monica	Joey	True	speaker_offscreen	Speaker agrees with available community-transcript mapping. | QA resolved prior review with community-transcript support.	uh well yeah i've got all of that going on	Joey	Joey	present	char_tracker_stage05	monica	absent	0.0		low	speaker_offscreen
24	294	655.84	656.12	Yeah.	Joey	high	qa_review_resolved_bridge	1.0	dialogue	False	True	Joey | Monica	Joey	Joey	True	speaker_offscreen	Speaker agrees with available community-transcript mapping. | QA resolved prior review by same-speaker bridge.	Uh, well yeah-yeah, I've got all of that going on	Joey	Joey	present	char_tracker_stage05	monica	absent	0.0		low	speaker_offscreen
24	295	656.12	659.76	Listen, I want you to make sure you tell Chandler that he couldn't have been more wrong.	Joey	high	qa_review_resolved_bridge	1.0	dialogue	False	True	Joey | Monica	Joey	Joey	True	speaker_offscreen	Speaker agrees with available community-transcript mapping. | QA resolved prior review by same-speaker bridge.	Uh, well yeah-yeah, I've got all of that going on. Yeah, listen uh, I want you to make sure you tell Chandler that he couldn't have been more wrong! Uh-oh! I gotta go Monica, my uh, my sushi's here!	Joey	Joey	present	char_tracker_stage05	monica	absent	0.0		low	speaker_offscreen
24	296	659.92	662.0	Uh oh, I gotta go, Monica.	Joey	high	qa_review_resolved_bridge	1.0	dialogue	False	True	Joey | Monica	Joey	Joey	True	speaker_offscreen	Speaker agrees with available community-transcript mapping. | QA resolved prior review by same-speaker bridge.	uh well yeah yeah i've got all of that going on yeah uh oh i gotta go monica my uh my sushi's here	Joey	Joey	present	char_tracker_stage05	monica	absent	0.0		low	speaker_offscreen
24	297	662.32	663.52	My sushi's here.	Joey	medium	scene_context_inference	0.68	dialogue	True	False	Joey | Monica	Joey		True	medium_confidence_context_fill | speaker_offscreen	Filled from previous same-scene context.				present	char_tracker_stage05	monica	absent			low	speaker_offscreen
25	298	667.84	668.44	Sorry about that.	Joey	high	qa_review_resolved_ct_support	1.0	dialogue	False	True	Joey | The Husband		Joey	True	speaker_no_face	Speaker agrees with available community-transcript mapping. | QA resolved prior review with community-transcript support.	(to the family) Sorry about that. Thanks for waitin'.	Joey	Joey	absent	char_tracker_stage05		absent	0.0		medium	speaker_no_face
25	299	668.44	669.13	Thanks for wait.	Joey	high	qa_review_resolved_ct_support	1.0	dialogue	False	True	Joey | The Husband	Joey	The Husband	True	speaker_no_face	Speaker agrees with available community-transcript mapping. | QA resolved prior review with community-transcript support.	Thanks for waitin'	Joey	Joey	absent	char_tracker_stage05		absent	0.0		medium	speaker_no_face
25	300	669.44	672.24	Okay, everybody smile.	The Husband	low	scene_context_inference	0.58	dialogue	True	False	Joey | The Husband	Joey	The Husband	True	two_sided_context_ambiguous | low_speaker_confidence	No direct transcript match; weak local context only.				partial	char_tracker_stage05		unobserved			low	low_speaker_confidence
25	301	673.2	675.68	Okay, thanks a lot.	The Husband	high	community_transcript_match	1.0	dialogue	False	True	Joey | The Husband	The Husband	Joey	False		Speaker agrees with available community-transcript mapping.	Okay!	The Husband	The Husband	present	char_tracker_stage05	joey	unobserved			high	
25	302	675.84	677.4	Enjoy your stay at Caesars.	Joey	high	community_transcript_match	1.0	dialogue	False	True	Joey | The Husband	The Husband	Joey	False		Speaker agrees with available community-transcript mapping.	Enjoy your stay at Caesar's	Joey	Joey	present	char_tracker_stage05	joey	present	1.0		high	
25	303	677.4	679.28	We hope it's toga rrific.	Joey	high	community_transcript_match	1.0	dialogue	False	True	Joey | The Husband	Joey	Joey	False		Speaker agrees with available community-transcript mapping.	Everybody smile! (The picture is taken) Okay, thanks a lot! Enjoy your stay at Caesar's! We hope it's toga-rrific! (The family leaves.) Kill me. Kill me now.	Joey	Joey	present	char_tracker_stage05	joey	present	1.0		high	
25	304	682.08	682.64	Kill me.	Joey	high	community_transcript_match	1.0	dialogue	False	True	Joey | The Husband	Joey	Joey	False		Speaker agrees with available community-transcript mapping.	Kill me	Joey	Joey	present	char_tracker_stage05	joey	present	1.0		high	
25	305	682.64	683.28	Kill me now.	Joey	high	community_transcript_match	1.0	dialogue	False	True	Joey | The Husband	Joey		False		Speaker agrees with available community-transcript mapping.	Kill me now	Joey	Joey	present	char_tracker_stage05	joey	present	1.0		high	
27	306	688.56	690.88	Hey Rach, can you pass me the TV Guide?	Ross	high	qa_review_resolved_ct_support	1.0	dialogue	False	True	Ross			True	speaker_no_face	Speaker agrees with available community-transcript mapping. | QA resolved prior review with community-transcript support.	Hey Rach, can you pass me the TV Guide?	Ross	Ross	partial	char_tracker_stage05		absent	0.3333		medium	speaker_no_face
28	307	690.96	692.64	Yeah, go.	Monica	high	qa_review_resolved_ct_support	1.0	dialogue	False	True	Monica			True	speaker_offscreen	Speaker agrees with available community-transcript mapping. | QA resolved prior review with community-transcript support.	Go!!	Monica	Monica	present	char_tracker_stage05	rachel|ross	absent	0.3333		low	speaker_offscreen
29	308	696.4	697.12	Oh my God.	Rachel	high	community_transcript_match	1.0	dialogue	False	True	Rachel | Monica		Monica	False		Speaker agrees with available community-transcript mapping.	What?!! Stop it! Stop it! Oh my God!	Rachel	Rachel	unknown	char_tracker_stage05		unknown		sentence_outside_visual_data_range	medium	visual_presence_unknown
29	309	697.12	697.76	Hold it on back.	Monica	low	scene_context_inference	0.58	dialogue	True	False	Rachel | Monica	Rachel	Monica	True	two_sided_context_ambiguous	No direct transcript match; weak local context only.				unknown	char_tracker_stage05		unknown		sentence_outside_visual_data_range	low	visual_presence_unknown
29	310	697.76	707.26	Okay, we'll see you in about three or four hours.	Monica	high	community_transcript_match	1.0	dialogue	False	True	Rachel | Monica	Monica		False		Speaker agrees with available community-transcript mapping.	Okay! Okay! Okay! (She succeeds in getting the eye drops in and everyone climbs off of Rachel.) We'll see you in about 3 to 4 hours.	Monica	Monica	unknown	char_tracker_stage05		unknown		sentence_outside_visual_data_range	medium	visual_presence_unknown
