scene_id	sentence_id	start	end	utterance	speaker	speaker_confidence	speaker_method	alignment_score	row_type	filled_from_missing	matched_to_ct	scene_speaker_set	prev_speaker_scene	next_speaker_scene	review_flag	review_reason	notes	utterance_ct	speaker_ct	speaker_original	visual_presence	visual_presence_source	visual_presence_chars	speaker_visual_presence	speaker_visual_ratio	visual_presence_note	annotation_confidence	annotation_review_reason
22	1	0.24	6.96	Anyway, Phoebe, come on, let's go.	Monica	high	qa_review_resolved_ct_support	1.0	dialogue	False	True	Monica | Phoebe		Monica	True	speaker_offscreen	Speaker agrees with available community-transcript mapping. | QA resolved prior review with community-transcript support.	Let's go	Monica	Monica	present	char_tracker_stage05	chandler	absent	0.0		low	speaker_offscreen
22	2	8.64	9.28	Come on.	Monica	high	qa_review_resolved_bridge	1.0	dialogue	False	True	Monica | Phoebe	Monica	Monica	True	speaker_no_face	Speaker agrees with available community-transcript mapping. | QA resolved prior review by same-speaker bridge.	Come on	Monica	Monica	absent	char_tracker_stage05		absent	0.0		medium	speaker_no_face
22	3	12.08	13.44	Why aren't you dressed yet?	Monica	high	community_transcript_match	1.0	dialogue	False	True	Monica | Phoebe	Monica	Phoebe	False		Speaker agrees with available community-transcript mapping.	Phoebe! Come on! Let’s go! (Knocks on her door.) Come on! (Phoebe enters with guitar and not ready to go.) Why aren’t you dressed yet?!	Monica	Monica	present	char_tracker_stage05	monica|phoebe	present	1.0		high	
22	4	13.68	16.64	I'm sorry, but I just wrote the best dance song for your wedding.	Phoebe	high	community_transcript_match	1.0	dialogue	False	True	Monica | Phoebe	Monica	Phoebe	False		Speaker agrees with available community-transcript mapping.	I’m sorry, but I just wrote the best dance song for your wedding. Check this out. (Gets ready to play.)	Phoebe	Phoebe	present	char_tracker_stage05	phoebe	present	1.0		high	
22	5	16.64	17.28	Check this out.	Phoebe	high	community_transcript_match	1.0	dialogue	False	True	Monica | Phoebe	Phoebe	Monica	False		Speaker agrees with available community-transcript mapping.	Check this out	Phoebe	Phoebe	present	char_tracker_stage05	monica|phoebe	present	1.0		high	
22	6	17.28	18.0	You know what, Phoebe?	Monica	medium	name_address_rule	0.74	dialogue	True	False	Monica | Phoebe	Phoebe	Monica	False		Utterance names the previous speaker, so the next speaker is more likely.				present	char_tracker_stage05	monica|phoebe	present			medium	
22	7	18.0	18.52	I'll tell you what.	Monica	high	community_transcript_match	1.0	dialogue	False	True	Monica | Phoebe	Monica	Monica	False		Speaker agrees with available community-transcript mapping.	no phoebe i'll tell you what	Monica	Monica	present	char_tracker_stage05	monica	present	1.0		high	
22	8	18.52	20.52	If you get ready now, I'll let you play it at the wedding.	Monica	high	community_transcript_match	1.0	dialogue	False	True	Monica | Phoebe	Monica	Phoebe	False		Speaker agrees with available community-transcript mapping.	(grabs the guitar away from her) No, Phoebe, I’ll tell you what, if you get ready now I’ll let you play it at the wedding.	Monica	Monica	present	char_tracker_stage05	monica	present	1.0		high	
22	9	20.52	20.84	Really?	Phoebe	medium	short_turn_alternation	0.7	dialogue	True	False	Monica | Phoebe	Monica	Phoebe	True	short_utterance_between_two_speakers	Short utterance inferred from local turn alternation.				present	char_tracker_stage05	monica|phoebe	present			medium	
22	10	20.84	21.28	Yes.	Phoebe	high	scene_context_bridge	0.88	dialogue	True	False	Monica | Phoebe	Phoebe	Phoebe	False		Same speaker appears on both sides within the same scene.				present	char_tracker_stage05	monica|phoebe	present			high	
22	11	21.6	22.88	Oh, that's so exciting.	Phoebe	high	community_transcript_match	1.0	dialogue	False	True	Monica | Phoebe	Phoebe	Phoebe	False		Speaker agrees with available community-transcript mapping.	Oh that's so exciting	Phoebe	Phoebe	present	char_tracker_stage05	phoebe	present	0.5		high	
22	12	22.96	23.6	Thank you.	Phoebe	high	qa_review_resolved_bridge	1.0	dialogue	False	True	Monica | Phoebe	Phoebe	Phoebe	True	speaker_no_face	Speaker agrees with available community-transcript mapping. | QA resolved prior review by same-speaker bridge.	Thank you	Phoebe	Phoebe	absent	char_tracker_stage05		absent	0.0		medium	speaker_no_face
22	13	23.68	24.48	Thanks, Mon.	Phoebe	high	qa_review_resolved_bridge	1.0	dialogue	False	True	Monica | Phoebe	Phoebe	Phoebe	True	speaker_no_face	Speaker agrees with available community-transcript mapping. | QA resolved prior review by same-speaker bridge.	Thanks Mon	Phoebe	Phoebe	absent	char_tracker_stage05		absent	0.0		medium	speaker_no_face
22	14	24.56	28.72	Oh, but Mon, if you touch my guitar again, I'm gonna have to pound on you a little bit.	Phoebe	high	community_transcript_match	1.0	dialogue	False	True	Monica | Phoebe	Phoebe	Monica	False		Speaker agrees with available community-transcript mapping.	Really?! Oh that’s so exciting! Thank you! Thanks Mon! Oh but Mon, if you touch my guitar again I’ll have to pound on you for a little bit.	Phoebe	Phoebe	present	char_tracker_stage05	phoebe	present	0.8		high	
22	15	29.76	30.32	Fair enough.	Monica	high	community_transcript_match	1.0	dialogue	False	True	Monica | Phoebe	Phoebe	Monica	False		Speaker agrees with available community-transcript mapping.	fair enough	Monica	Monica	present	char_tracker_stage05	monica|phoebe	present	1.0		high	
22	16	30.32	31.28	Now go get ready.	Monica	high	community_transcript_match	1.0	dialogue	False	True	Monica | Phoebe	Monica	Monica	False		Speaker agrees with available community-transcript mapping.	Fair enough, now go get ready!	Monica	Monica	present	char_tracker_stage05	monica	present	1.0		high	
22	17	31.99	32.87	Look at everybody else.	Monica	high	scene_context_bridge	0.88	dialogue	True	False	Monica | Phoebe	Monica	Monica	False		Same speaker appears on both sides within the same scene.				present	char_tracker_stage05	monica	present			high	
22	18	32.87	34.71	Finally can start celebrating my.	Monica	high	qa_review_resolved_bridge	0.9	dialogue	True	False	Monica | Phoebe	Monica	Monica	True	speaker_no_face	Same speaker appears on both sides within the same scene. | QA resolved prior review by same-speaker bridge.				partial	char_tracker_stage05		absent			medium	speaker_no_face
22	19	39.35	40.15	I'm sorry.	Monica	high	qa_review_resolved_bridge	0.9	dialogue	True	False	Monica | Phoebe	Monica	Monica	True	speaker_no_face	Same speaker appears on both sides within the same scene. | QA resolved prior review by same-speaker bridge.				absent	char_tracker_stage05		absent			medium	speaker_no_face
22	20	40.23	41.91	Apparently I've opened the door to the past.	Monica	high	qa_review_resolved_ct_support	1.0	dialogue	False	True	Monica | Phoebe	Monica		True	speaker_no_face	Speaker agrees with available community-transcript mapping. | QA resolved prior review with community-transcript support.	I’ll get everybody else (Does so), finally we can start celebrating my—(She gasps and is stopped by the sight of Ross and Rachel making out in the hall.) I’m sorry, uh apparently I’ve opened the door to the past.	Monica	Monica	absent	char_tracker_stage05		absent	0.0		medium	speaker_no_face
23	21	47.35	49.11	Okay, Monica, come on.	Ross	high	qa_review_resolved_ct_support	1.0	dialogue	False	True	Ross | Monica | Rachel | Phoebe		Ross	True	speaker_offscreen	Speaker agrees with available community-transcript mapping. | QA resolved prior review with community-transcript support.	Okay, Monica	Ross	Ross	present	char_tracker_stage05	monica	absent	0.0		low	speaker_offscreen
23	22	49.11	50.87	Okay, what you just saw.	Ross	high	qa_review_resolved_ct_support	1.0	dialogue	False	True	Ross | Monica | Rachel | Phoebe	Ross	Monica	True	speaker_offscreen	Speaker agrees with available community-transcript mapping. | QA resolved prior review with community-transcript support.	Okay, Monica. Mon, uh what-what you just saw…	Ross	Ross	present	char_tracker_stage05	monica	absent	0.0		low	speaker_offscreen
23	23	50.87	52.07	Can I ask you just a little question?	Monica	high	community_transcript_match	1.0	dialogue	False	True	Ross | Monica | Rachel | Phoebe	Ross	Monica	False		Speaker agrees with available community-transcript mapping.	(interrupting) Can I ask you just a little question, huh? Why tonight?	Monica	Monica	present	char_tracker_stage05	monica	present	1.0		high	
23	24	52.23	52.71	Huh?	Monica	medium	visual_disambiguation	0.74	dialogue	True	False	Ross | Monica | Rachel | Phoebe	Monica	Monica	False		Only one of the two text-context candidates was visually present in the window.				present	char_tracker_stage05	monica	present			medium	
23	25	52.87	53.83	Why tonight?	Monica	medium	visual_disambiguation	0.74	dialogue	True	False	Ross | Monica | Rachel | Phoebe	Monica	Rachel	False		Only one of the two text-context candidates was visually present in the window.				present	char_tracker_stage05	monica	present			medium	
23	26	55.51	55.91	What?	Rachel	high	community_transcript_match	1.0	dialogue	False	True	Ross | Monica | Rachel | Phoebe	Monica	Monica	False		Speaker agrees with available community-transcript mapping.	What?	Rachel	Rachel	present	char_tracker_stage05	monica|rachel|ross	present	1.0		high	
23	27	56.07	58.39	See, I've been waiting my whole life to be engaged.	Monica	high	community_transcript_match	1.0	dialogue	False	True	Ross | Monica | Rachel | Phoebe	Rachel	Monica	False		Speaker agrees with available community-transcript mapping.	see i've been waiting my whole life to be engaged so uh y'know maybe this is selfish and i'm sorry about it but i was kinda hoping tonight could just be about that	Monica	Monica	present	char_tracker_stage05	monica	present	1.0		high	
23	28	58.55	61.51	And unlike some people, I only planning on doing this once.	Monica	high	community_transcript_match	1.0	dialogue	False	True	Ross | Monica | Rachel | Phoebe	Monica	Monica	False		Speaker agrees with available community-transcript mapping.	See, I’ve been waiting my whole life to be engaged, and unlike some people I’m only planning on doing this once. So, uh y’know, maybe this is selfish and I’m sorry about it, but I was kinda hoping tonight could just be about that.	Monica	Monica	present	char_tracker_stage05	monica	present	1.0		high	
23	29	63.97	65.85	You know, maybe this is selfish and I'm sorry about it.	Monica	high	community_transcript_match	1.0	dialogue	False	True	Ross | Monica | Rachel | Phoebe	Monica	Monica	False		Speaker agrees with available community-transcript mapping.	So, uh y'know, maybe this is selfish and I'm sorry about it, but I was kinda hoping tonight could just be about that	Monica	Monica	present	char_tracker_stage05	monica	present	1.0		high	
23	30	65.85	68.85	But I was kind of hoping tonight could just be about that.	Monica	high	community_transcript_match	1.0	dialogue	False	True	Ross | Monica | Rachel | Phoebe	Monica	Ross	False		Speaker agrees with available community-transcript mapping.	so uh y'know but i was kinda hoping tonight could just be about that	Monica	Monica	present	char_tracker_stage05	monica	present	1.0		high	
23	31	68.85	69.97	Oh, honey, but it is.	Ross	high	qa_review_resolved_ct_support	1.0	dialogue	False	True	Ross | Monica | Rachel | Phoebe	Monica	Monica	True	speaker_offscreen	Speaker agrees with available community-transcript mapping. | QA resolved prior review with community-transcript support.	It is! It is!	Ross	Ross	present	char_tracker_stage05	monica	absent	0.0		low	speaker_offscreen
23	32	70.05	70.77	No, it's not.	Monica	high	community_transcript_match	1.0	dialogue	False	True	Ross | Monica | Rachel | Phoebe	Ross	Monica	False		Speaker agrees with available community-transcript mapping.	No	Monica	Monica	present	char_tracker_stage05	monica	present	1.0		high	
23	33	70.77	71.25	No, no.	Monica	high	community_transcript_match	1.0	dialogue	False	True	Ross | Monica | Rachel | Phoebe	Monica	Monica	False		Speaker agrees with available community-transcript mapping.	No	Monica	Monica	present	char_tracker_stage05	monica	present	1.0		high	
23	34	71.25	73.17	Now it's about you and Ross getting back together.	Monica	high	community_transcript_match	1.0	dialogue	False	True	Ross | Monica | Rachel | Phoebe	Monica	Rachel	False		Speaker agrees with available community-transcript mapping.	No it’s not! No! No! Now it’s about you and Ross getting back together!	Monica	Monica	present	char_tracker_stage05	monica	present	1.0		high	
23	35	73.33	73.69	What?	Rachel	high	qa_review_resolved_ct_support	1.0	dialogue	False	True	Ross | Monica | Rachel | Phoebe	Monica	Monica	True	speaker_offscreen	Speaker agrees with available community-transcript mapping. | QA resolved prior review with community-transcript support.	What?!	Rachel	Rachel	present	char_tracker_stage05	monica	absent	0.0		low	speaker_offscreen
23	36	73.69	76.05	Say yeah, you kind of stole my thunder.	Monica	high	community_transcript_match	1.0	dialogue	False	True	Ross | Monica | Rachel | Phoebe	Rachel	Ross	False		Speaker agrees with available community-transcript mapping.	See yeah umm, you kinda stole my thunder!	Monica	Monica	present	char_tracker_stage05	monica	present	1.0		high	
23	37	77.17	78.13	Okay, ho ho.	Ross	high	community_transcript_match	1.0	dialogue	False	True	Ross | Monica | Rachel | Phoebe	Monica	Ross	False		Speaker agrees with available community-transcript mapping.	Ho-ho	Ross	Ross	present	char_tracker_stage05	rachel|ross	present	1.0		high	
23	38	78.13	81.33	We did not steal your thunder because we are not getting back together.	Ross	high	community_transcript_match	1.0	dialogue	False	True	Ross | Monica | Rachel | Phoebe	Ross	Ross	False		Speaker agrees with available community-transcript mapping.	Okay! Ho-ho! We did not steal your thunder because we are not getting back together!	Ross	Ross	present	char_tracker_stage05	rachel|ross	present	1.0		high	
23	39	81.41	81.77	Yeah.	Ross	high	community_transcript_match	1.0	dialogue	False	True	Ross | Monica | Rachel | Phoebe	Ross	Ross	False		Speaker agrees with available community-transcript mapping.	Yeah!	Ross	Ross	present	char_tracker_stage05	rachel|ross	present	1.0		high	
23	40	81.77	81.97	No.	Ross	medium	visual_disambiguation	0.74	dialogue	True	False	Ross | Monica | Rachel | Phoebe	Ross	Ross	False		Only one of the two text-context candidates was visually present in the window.				present	char_tracker_stage05	rachel|ross	present			medium	
23	41	81.97	83.01	And you know what?	Ross	medium	visual_disambiguation	0.74	dialogue	True	False	Ross | Monica | Rachel | Phoebe	Ross	Monica	False		Only one of the two text-context candidates was visually present in the window.				present	char_tracker_stage05	rachel|ross	present			medium	
23	42	83.01	84.29	Nobody even saw.	Monica	low	scene_context_inference	0.58	dialogue	True	False	Ross | Monica | Rachel | Phoebe	Ross	Monica	True	two_sided_context_ambiguous | low_speaker_confidence	No direct transcript match; weak local context only.				present	char_tracker_stage05	monica|rachel|ross	present			low	low_speaker_confidence
23	43	84.53	86.85	Yeah, that's true.	Monica	high	community_transcript_match	1.0	dialogue	False	True	Ross | Monica | Rachel | Phoebe	Monica	Rachel	False		Speaker agrees with available community-transcript mapping.	That’s true.	Monica	Monica	present	char_tracker_stage05	monica	present	1.0		high	
23	44	88.13	89.17	Honey, I swear.	Rachel	high	community_transcript_match	1.0	dialogue	False	True	Ross | Monica | Rachel | Phoebe	Monica	Rachel	False		Speaker agrees with available community-transcript mapping.	Honey I swear it we just kissed.	Rachel	Rachel	present	char_tracker_stage05	monica|rachel|ross	present	1.0		high	
23	45	89.33	89.97	We just.	Rachel	high	community_transcript_match	1.0	dialogue	False	True	Ross | Monica | Rachel | Phoebe	Rachel	Ross	False		Speaker agrees with available community-transcript mapping.	it we just kissed	Rachel	Rachel	present	char_tracker_stage05	rachel|ross	present	1.0		high	
23	46	90.39	91.03	It was just a kiss.	Ross	high	qa_review_resolved_ct_support	1.0	dialogue	False	True	Ross | Monica | Rachel | Phoebe	Rachel	Phoebe	True	speaker_offscreen	Speaker agrees with available community-transcript mapping. | QA resolved prior review with community-transcript support.	It was just a kiss. (Phoebe enters and overhears this.)	Ross	Ross	present	char_tracker_stage05	phoebe	absent	0.0		low	speaker_offscreen
23	47	91.03	92.07	You guys kissed?	Phoebe	medium	visual_disambiguation	0.74	dialogue	True	False	Ross | Monica | Rachel | Phoebe	Ross	Phoebe	False		Only one of the two text-context candidates was visually present in the window.				present	char_tracker_stage05	monica|phoebe	present			medium	
23	48	93.75	94.95	What does this mean?	Phoebe	high	scene_context_bridge	0.88	dialogue	True	False	Ross | Monica | Rachel | Phoebe	Phoebe	Phoebe	False		Same speaker appears on both sides within the same scene.				present	char_tracker_stage05	monica|phoebe	present			high	
23	49	96.07	96.59	Are you.	Phoebe	high	scene_context_bridge	0.88	dialogue	True	False	Ross | Monica | Rachel | Phoebe	Phoebe	Phoebe	False		Same speaker appears on both sides within the same scene.				present	char_tracker_stage05	phoebe	present			high	
23	50	96.59	97.63	Are you getting back together?	Phoebe	high	community_transcript_match	1.0	dialogue	False	True	Ross | Monica | Rachel | Phoebe	Phoebe	Phoebe	False		Speaker agrees with available community-transcript mapping.	You guys kissed!!!!! What does this mean?!! Are you, are you getting back together?! Can I sing at your wedding?	Phoebe	Phoebe	present	char_tracker_stage05	phoebe	present	1.0		high	
23	51	97.63	98.95	Can I sing at your wedding?	Phoebe	high	community_transcript_match	1.0	dialogue	False	True	Ross | Monica | Rachel | Phoebe	Phoebe	Monica	False		Speaker agrees with available community-transcript mapping.	Can I sing at your wedding	Phoebe	Phoebe	present	char_tracker_stage05	phoebe	present	1.0		high	
23	52	100.55	101.79	Thunder being stolen?	Monica	high	community_transcript_match	1.0	dialogue	False	True	Ross | Monica | Rachel | Phoebe	Phoebe	Rachel	False		Speaker agrees with available community-transcript mapping.	Thunder being stolen!!	Monica	Monica	present	char_tracker_stage05	monica|phoebe	present	0.5		high	
23	53	101.79	103.43	Okay, come on, Phoebe, it's nothing.	Rachel	high	qa_review_resolved_ct_support	1.0	dialogue	False	True	Ross | Monica | Rachel | Phoebe	Monica	Rachel	True	speaker_no_face	Speaker agrees with available community-transcript mapping. | QA resolved prior review with community-transcript support.	Okay come on Phoebe, it’s nothing! Monica, come on!	Rachel	Rachel	partial	char_tracker_stage05		absent	0.0		medium	speaker_no_face
23	54	103.43	104.31	Look, Monica, come on.	Rachel	high	qa_review_resolved_ct_support	1.0	dialogue	False	True	Ross | Monica | Rachel | Phoebe	Rachel	Ross	True	speaker_no_face	Speaker agrees with available community-transcript mapping. | QA resolved prior review with community-transcript support.	Monica, come on	Rachel	Rachel	absent	char_tracker_stage05		absent	0.0		medium	speaker_no_face
23	55	104.31	106.59	Look, let's not make a big deal out of this.	Ross	high	qa_review_resolved_ct_support	1.0	dialogue	False	True	Ross | Monica | Rachel | Phoebe	Rachel	Ross	True	speaker_no_face	Speaker agrees with available community-transcript mapping. | QA resolved prior review with community-transcript support.	Look let’s not make a big deal out of this! It was a one time thing. It doesn’t even matter!	Ross	Ross	partial	char_tracker_stage05		absent	0.0		medium	speaker_no_face
23	56	106.59	108.55	It was a one time thing.	Ross	high	qa_review_resolved_bridge	1.0	dialogue	False	True	Ross | Monica | Rachel | Phoebe	Ross	Ross	True	speaker_offscreen	Speaker agrees with available community-transcript mapping. | QA resolved prior review by same-speaker bridge.	It was a one time thing	Ross	Ross	present	char_tracker_stage05	joey	absent	0.0		low	speaker_offscreen
23	57	108.55	109.67	It doesn't even matter.	Ross	high	qa_review_resolved_ct_support	1.0	dialogue	False	True	Ross | Monica | Rachel | Phoebe	Ross		True	speaker_offscreen	Speaker agrees with available community-transcript mapping. | QA resolved prior review with community-transcript support.	It doesn't even matter	Ross	Ross	present	char_tracker_stage05	joey	absent	0.0		low	speaker_offscreen
24	58	109.75	110.87	Oh my God.	Joey	high	community_transcript_match	1.0	dialogue	False	True	Joey | Chandler | Rachel | Phoebe | Ross | Monica		Joey	False		Speaker agrees with available community-transcript mapping.	Oh my God	Joey	Joey	present	char_tracker_stage05	joey	present	1.0		high	
24	59	112.79	115.51	I cannot believe you guys are talking about this.	Joey	high	community_transcript_match	1.0	dialogue	False	True	Joey | Chandler | Rachel | Phoebe | Ross | Monica	Joey	Joey	False		Speaker agrees with available community-transcript mapping.	Oh my God! I cannot believe you guys are talking about this! The problems in the bedroom are between the man and the woman!!! All right?!! Now Chandler is doing the best he can!!	Joey	Joey	present	char_tracker_stage05	joey|phoebe	present	1.0		high	
24	60	116.18	118.74	The problem's in the bedroom are between a man and a woman.	Joey	high	community_transcript_match	1.0	dialogue	False	True	Joey | Chandler | Rachel | Phoebe | Ross | Monica	Joey	Joey	False		Speaker agrees with available community-transcript mapping.	The problems in the bedroom are between the man and the woman	Joey	Joey	present	char_tracker_stage05	chandler|joey	present	1.0		high	
24	61	120.74	121.3	All right?	Joey	high	community_transcript_match	1.0	dialogue	False	True	Joey | Chandler | Rachel | Phoebe | Ross | Monica	Joey	Joey	False		Speaker agrees with available community-transcript mapping.	All right	Joey	Joey	present	char_tracker_stage05	joey|monica|rachel|ross	present	0.5		high	
24	62	121.3	123.7	Now Chandler is doing the best he can.	Joey	high	community_transcript_match	1.0	dialogue	False	True	Joey | Chandler | Rachel | Phoebe | Ross | Monica	Joey	Chandler	False		Speaker agrees with available community-transcript mapping.	Now Chandler is doing the best he can	Joey	Joey	present	char_tracker_stage05	joey	present	1.0		high	
24	63	127.7	130.26	I don't think that's what they were talking about, Joe.	Chandler	high	qa_review_resolved_ct_support	1.0	dialogue	False	True	Joey | Chandler | Rachel | Phoebe | Ross | Monica	Joey	Rachel	True	speaker_offscreen	Speaker agrees with available community-transcript mapping. | QA resolved prior review with community-transcript support.	(angrily) I don’t think that’s what they were talking about Joe!!	Chandler	Chandler	present	char_tracker_stage05	joey	absent	0.0		low	speaker_offscreen
24	64	131.78	133.38	No, but let's talk about it.	Rachel	high	community_transcript_match	1.0	dialogue	False	True	Joey | Chandler | Rachel | Phoebe | Ross | Monica	Chandler	Phoebe	False		Speaker agrees with available community-transcript mapping.	No but let's talk about it.	Rachel	Rachel	present	char_tracker_stage05	monica|rachel|ross	present	1.0		high	
24	65	134.74	135.74	What a great night.	Phoebe	high	community_transcript_match	1.0	dialogue	False	True	Joey | Chandler | Rachel | Phoebe | Ross | Monica	Rachel	Phoebe	False		Speaker agrees with available community-transcript mapping.	What a great night, Chandler can’t do it, these guys kissed… (Points to Ross and Rachel.)	Phoebe	Phoebe	present	char_tracker_stage05	monica|phoebe|rachel|ross	present	1.0		high	
24	66	135.74	136.86	Chandler can't do it.	Phoebe	high	community_transcript_match	1.0	dialogue	False	True	Joey | Chandler | Rachel | Phoebe | Ross | Monica	Phoebe	Phoebe	False		Speaker agrees with available community-transcript mapping.	chandler can't do it these guys kissed	Phoebe	Phoebe	present	char_tracker_stage05	phoebe	present	1.0		high	
24	67	136.86	137.82	These guys kissed.	Phoebe	high	community_transcript_match	1.0	dialogue	False	True	Joey | Chandler | Rachel | Phoebe | Ross | Monica	Phoebe	Chandler	False		Speaker agrees with available community-transcript mapping.	these guys kissed	Phoebe	Phoebe	present	char_tracker_stage05	chandler|joey|phoebe	present	1.0		high	
24	68	137.82	138.18	What?	Chandler	high	community_transcript_match	1.0	dialogue	False	True	Joey | Chandler | Rachel | Phoebe | Ross | Monica	Phoebe	Joey	False		Speaker agrees with available community-transcript mapping.	What?!	Chandler	Chandler	present	char_tracker_stage05	chandler|joey|phoebe	present	1.0		high	
24	69	138.26	139.22	You guys kissed?	Joey	high	community_transcript_match	1.0	dialogue	False	True	Joey | Chandler | Rachel | Phoebe | Ross | Monica	Chandler	Joey	False		Speaker agrees with available community-transcript mapping.	You guys kissed! Oh my—this is huge!	Joey	Joey	present	char_tracker_stage05	chandler|joey	present	1.0		high	
24	70	139.22	140.42	Oh, this is huge.	Joey	high	community_transcript_match	1.0	dialogue	False	True	Joey | Chandler | Rachel | Phoebe | Ross | Monica	Joey	Rachel	False		Speaker agrees with available community-transcript mapping.	Oh my—this is huge	Joey	Joey	present	char_tracker_stage05	chandler|joey|ross	present	1.0		high	
24	71	140.5	142.14	No, it's really not huge.	Rachel	high	community_transcript_match	1.0	dialogue	False	True	Joey | Chandler | Rachel | Phoebe | Ross | Monica	Joey	Ross	False		Speaker agrees with available community-transcript mapping.	No-no, it’s really not huge.	Rachel	Rachel	present	char_tracker_stage05	rachel|ross	present	0.6667		high	
24	72	142.14	146.78	And people thinking it's huge has led Monica to believe that we are stealing her thunder.	Ross	high	community_transcript_match	1.0	dialogue	False	True	Joey | Chandler | Rachel | Phoebe | Ross | Monica	Rachel	Ross	False		Speaker agrees with available community-transcript mapping.	And; people thinking it’s huge has led Monica to believe that we are stealing her thunder. (To Monica) Which we are not!	Ross	Ross	present	char_tracker_stage05	rachel|ross	present	1.0		high	
24	73	146.78	147.69	Which we are not.	Ross	high	community_transcript_match	1.0	dialogue	False	True	Joey | Chandler | Rachel | Phoebe | Ross | Monica	Ross	Monica	False		Speaker agrees with available community-transcript mapping.	Which we are not	Ross	Ross	present	char_tracker_stage05	chandler|monica|phoebe|rachel|ross	present	1.0		high	
24	74	148.08	149.6	Well, we're still talking about it, aren't we?	Monica	high	community_transcript_match	1.0	dialogue	False	True	Joey | Chandler | Rachel | Phoebe | Ross | Monica	Ross	Phoebe	False		Speaker agrees with available community-transcript mapping.	Well, we’re still talking about it, aren’t we?	Monica	Monica	present	char_tracker_stage05	chandler|joey|monica|phoebe	present	1.0		high	
24	75	150.0	151.28	That and Chandler's problem.	Phoebe	high	community_transcript_match	1.0	dialogue	False	True	Joey | Chandler | Rachel | Phoebe | Ross | Monica	Monica	Joey	False		Speaker agrees with available community-transcript mapping.	Well yeah, that and Chandler’s problem.	Phoebe	Phoebe	present	char_tracker_stage05	chandler|joey|monica|phoebe	present	1.0		high	
24	76	153.28	154.0	Monica, Monic.	Joey	medium	short_turn_alternation	0.7	dialogue	True	False	Joey | Chandler | Rachel | Phoebe | Ross | Monica	Phoebe	Joey	True	short_utterance_between_two_speakers	Short utterance inferred from local turn alternation.				present	char_tracker_stage05	chandler|joey|phoebe	present			medium	
24	77	154.0	154.44	Monica, Monica.	Joey	high	qa_review_resolved_bridge	1.0	dialogue	False	True	Joey | Chandler | Rachel | Phoebe | Ross | Monica	Joey	Joey	True	speaker_no_face	Speaker agrees with available community-transcript mapping. | QA resolved prior review by same-speaker bridge.	monica monica monica monica would	Joey	Joey	absent	char_tracker_stage05		absent	0.0		medium	speaker_no_face
24	78	154.44	155.52	Listen, listen, listen, listen.	Joey	high	qa_review_resolved_bridge	1.0	dialogue	False	True	Joey | Chandler | Rachel | Phoebe | Ross | Monica	Joey	Joey	True	speaker_no_face	Speaker agrees with available community-transcript mapping. | QA resolved prior review by same-speaker bridge.	monica monica monica monica listen listen listen listen would	Joey	Joey	absent	char_tracker_stage05		absent	0.0		medium	speaker_no_face
24	79	155.76	159.24	Would it make you feel better if we all stopped talking about Ross and Rachel?	Joey	high	community_transcript_match	1.0	dialogue	False	True	Joey | Chandler | Rachel | Phoebe | Ross | Monica	Joey	Monica	False		Speaker agrees with available community-transcript mapping.	Monica-Monica-Monica-Monica, listen-listen, listen, listen, would-would it make you feel better if we all stop talking about Ross and Rachel.	Joey	Joey	present	char_tracker_stage05	joey	present	0.6		high	
24	80	159.24	160.44	Yeah, that would be lovely.	Monica	high	community_transcript_match	1.0	dialogue	False	True	Joey | Chandler | Rachel | Phoebe | Ross | Monica	Joey	Joey	False		Speaker agrees with available community-transcript mapping.	Yes that would be lovely.	Monica	Monica	present	char_tracker_stage05	joey|monica	present	1.0		high	
24	81	160.44	161.2	You got it.	Joey	high	community_transcript_match	1.0	dialogue	False	True	Joey | Chandler | Rachel | Phoebe | Ross | Monica	Monica	Joey	False		Speaker agrees with available community-transcript mapping.	you got it	Joey	Joey	present	char_tracker_stage05	joey|monica	present	1.0		high	
24	82	161.2	164.0	Okay, now I can pass for 19, right?	Joey	high	community_transcript_match	1.0	dialogue	False	True	Joey | Chandler | Rachel | Phoebe | Ross | Monica	Joey	Chandler	False		Speaker agrees with available community-transcript mapping.	You got it. Okay. Now, I can pass for 19 right?!	Joey	Joey	present	char_tracker_stage05	joey	present	1.0		high	
24	83	165.12	166.72	Yes, you can pass for 19.	Chandler	high	community_transcript_match	1.0	dialogue	False	True	Joey | Chandler | Rachel | Phoebe | Ross | Monica	Joey	Joey	False		Speaker agrees with available community-transcript mapping.	Yes, you can pass for 19.	Chandler	Chandler	present	char_tracker_stage05	chandler	present	1.0		high	
24	84	166.96	167.36	Really?	Joey	high	qa_review_resolved_ct_support	1.0	dialogue	False	True	Joey | Chandler | Rachel | Phoebe | Ross | Monica	Chandler	Chandler	True	speaker_offscreen	Speaker agrees with available community-transcript mapping. | QA resolved prior review with community-transcript support.	Really?	Joey	Joey	present	char_tracker_stage05	chandler	absent	0.0		low	speaker_offscreen
24	85	167.6	168.16	Yes.	Chandler	high	community_transcript_match	1.0	dialogue	False	True	Joey | Chandler | Rachel | Phoebe | Ross | Monica	Joey	Joey	False		Speaker agrees with available community-transcript mapping.	Yes!	Chandler	Chandler	present	char_tracker_stage05	chandler|joey	present	1.0		high	
24	86	168.88	169.52	Seriously?	Joey	medium	short_turn_alternation	0.7	dialogue	True	False	Joey | Chandler | Rachel | Phoebe | Ross | Monica	Chandler	Joey	True	short_utterance_between_two_speakers	Short utterance inferred from local turn alternation.				present	char_tracker_stage05	chandler|joey	present			medium	
24	87	169.68	170.48	Seriously?	Joey	high	scene_context_bridge	0.88	dialogue	True	False	Joey | Chandler | Rachel | Phoebe | Ross | Monica	Joey	Joey	False		Same speaker appears on both sides within the same scene.				present	char_tracker_stage05	chandler|joey	present			high	
24	88	170.96	171.68	Seriously?	Joey	high	qa_review_resolved_ct_support	1.0	dialogue	False	True	Joey | Chandler | Rachel | Phoebe | Ross | Monica	Joey	Chandler	True	speaker_offscreen	Speaker agrees with available community-transcript mapping. | QA resolved prior review with community-transcript support.	Seriously?	Joey	Joey	present	char_tracker_stage05	chandler	absent	0.0		low	speaker_offscreen
24	89	171.76	172.16	No.	Chandler	high	community_transcript_match	1.0	dialogue	False	True	Joey | Chandler | Rachel | Phoebe | Ross | Monica	Joey	Chandler	False		Speaker agrees with available community-transcript mapping.	Seriously, no	Chandler	Chandler	present	char_tracker_stage05	chandler	present	1.0		high	
24	90	172.32	175.76	Okay, you can play your own age which is 31?	Chandler	high	community_transcript_match	1.0	dialogue	False	True	Joey | Chandler | Rachel | Phoebe | Ross | Monica	Chandler	Joey	False		Speaker agrees with available community-transcript mapping.	Seriously? Seriously, no! You can play your own age which is 31!	Chandler	Chandler	present	char_tracker_stage05	chandler	present	1.0		high	
24	91	179.16	179.88	I'm 30.	Joey	high	community_transcript_match	1.0	dialogue	False	True	Joey | Chandler | Rachel | Phoebe | Ross | Monica	Chandler	Rachel	False		Speaker agrees with available community-transcript mapping.	(gasps) I’m 30!	Joey	Joey	present	char_tracker_stage05	chandler|joey	present	1.0		high	
24	92	182.12	183.08	Joey, you are not.	Rachel	high	community_transcript_match	1.0	dialogue	False	True	Joey | Chandler | Rachel | Phoebe | Ross | Monica	Joey	Rachel	False		Speaker agrees with available community-transcript mapping.	Joey, you are not! You’re 31.	Rachel	Rachel	present	char_tracker_stage05	chandler|rachel|ross	present	1.0		high	
24	93	183.08	183.96	You're 31.	Rachel	high	community_transcript_match	1.0	dialogue	False	True	Joey | Chandler | Rachel | Phoebe | Ross | Monica	Rachel	Joey	False		Speaker agrees with available community-transcript mapping.	You're 31	Rachel	Rachel	present	char_tracker_stage05	rachel|ross	present	1.0		high	
24	94	185.8	186.68	Oh, crap.	Joey	high	community_transcript_match	1.0	dialogue	False	True	Joey | Chandler | Rachel | Phoebe | Ross | Monica	Rachel	Phoebe	False		Speaker agrees with available community-transcript mapping.	(realizes) Aww crap!	Joey	Joey	present	char_tracker_stage05	joey|monica	present	1.0		high	
24	95	188.44	189.72	Okay, so the Plaza.	Phoebe	medium	visual_disambiguation	0.74	dialogue	True	False	Joey | Chandler | Rachel | Phoebe | Ross | Monica	Joey	Phoebe	False		Only one of the two text-context candidates was visually present in the window.				present	char_tracker_stage05	phoebe|rachel|ross	present			medium	
24	96	189.72	190.2	Okay.	Phoebe	high	scene_context_bridge	0.88	dialogue	True	False	Joey | Chandler | Rachel | Phoebe | Ross | Monica	Phoebe	Phoebe	False		Same speaker appears on both sides within the same scene.				present	char_tracker_stage05	phoebe|ross	present			high	
24	97	190.2	191.76	Get us some mai tais, maybe.	Phoebe	high	community_transcript_match	1.0	dialogue	False	True	Joey | Chandler | Rachel | Phoebe | Ross | Monica	Phoebe	Phoebe	False		Speaker agrees with available community-transcript mapping.	okay so the plaza okay we'll get us some mai thai's maybe	Phoebe	Phoebe	present	char_tracker_stage05	phoebe|ross	present	1.0		high	
24	98	191.76	192.68	No more for you, though.	Phoebe	high	community_transcript_match	1.0	dialogue	False	True	Joey | Chandler | Rachel | Phoebe | Ross | Monica	Phoebe	Monica	False		Speaker agrees with available community-transcript mapping.	Okay, so The Plaza! Okay, we’ll get us some Mai Thai’s, (To Chandler) maybe no more for you though.	Phoebe	Phoebe	present	char_tracker_stage05	chandler|monica|phoebe|ross	present	1.0		high	
24	99	195.56	199.04	No, I think that I don't feel like going to the Plaza anymore.	Monica	high	community_transcript_match	1.0	dialogue	False	True	Joey | Chandler | Rachel | Phoebe | Ross | Monica	Phoebe	Rachel	False		Speaker agrees with available community-transcript mapping.	Y’know what? I-I think that umm, I don’t feel like going to The Plaza.	Monica	Monica	present	char_tracker_stage05	chandler|monica	present	0.6		high	
24	100	199.04	201.4	Oh, this is ridiculous.	Rachel	high	qa_review_resolved_ct_support	1.0	dialogue	False	True	Joey | Chandler | Rachel | Phoebe | Ross | Monica	Monica	Monica	True	speaker_no_face	Speaker agrees with available community-transcript mapping. | QA resolved prior review with community-transcript support.	Honey, Monica, this is ridiculous! Look…	Rachel	Rachel	absent	char_tracker_stage05		absent	0.0		medium	speaker_no_face
24	101	201.72	202.6	I don't want to talk about it.	Monica	high	community_transcript_match	1.0	dialogue	False	True	Joey | Chandler | Rachel | Phoebe | Ross | Monica	Rachel	Monica	False		Speaker agrees with available community-transcript mapping.	No-no, I-I really don’t want to talk about it! I don’t! (To Rachel) Especially with you. (Goes into her room.)	Monica	Monica	present	char_tracker_stage05	monica	present	0.5		high	
24	102	202.6	202.96	I don't.	Monica	high	community_transcript_match	1.0	dialogue	False	True	Joey | Chandler | Rachel | Phoebe | Ross | Monica	Monica	Monica	False		Speaker agrees with available community-transcript mapping.	I don't	Monica	Monica	present	char_tracker_stage05	monica	present	1.0		high	
24	103	202.96	203.4	I don't.	Monica	medium	visual_disambiguation	0.74	dialogue	True	False	Joey | Chandler | Rachel | Phoebe | Ross | Monica	Monica	Monica	False		Only one of the two text-context candidates was visually present in the window.				present	char_tracker_stage05	monica	present			medium	
24	104	203.53	204.49	Especially with you.	Monica	medium	visual_disambiguation	0.74	dialogue	True	False	Joey | Chandler | Rachel | Phoebe | Ross | Monica	Monica	Joey	False		Only one of the two text-context candidates was visually present in the window.				present	char_tracker_stage05	monica	present			medium	
24	105	207.53	208.17	Psst.	Joey	medium	visual_disambiguation	0.74	dialogue	True	False	Joey | Chandler | Rachel | Phoebe | Ross | Monica	Monica	Joey	False		Only one of the two text-context candidates was visually present in the window.				present	char_tracker_stage05	joey|rachel	present			medium	
24	106	208.33	209.37	That is whack.	Joey	high	community_transcript_match	1.0	dialogue	False	True	Joey | Chandler | Rachel | Phoebe | Ross | Monica	Joey	Phoebe	False		Speaker agrees with available community-transcript mapping.	Psss, that is whack!	Joey	Joey	present	char_tracker_stage05	joey	present	1.0		high	
24	107	220.49	221.05	Yeah.	Phoebe	high	qa_review_resolved_ct_support	1.0	dialogue	False	True	Joey | Chandler | Rachel | Phoebe | Ross | Monica	Joey	Phoebe	True	speaker_no_face	Speaker agrees with available community-transcript mapping. | QA resolved prior review with community-transcript support.	yeah	Phoebe	Phoebe	absent	char_tracker_stage05		absent	0.0		medium	speaker_no_face
24	108	222.89	223.45	Okay.	Phoebe	high	community_transcript_match	1.0	dialogue	False	True	Joey | Chandler | Rachel | Phoebe | Ross | Monica	Phoebe		False		Speaker agrees with available community-transcript mapping.	yeah okay	Phoebe	Phoebe	present	char_tracker_stage05	phoebe	present	0.5		high	
25	109	223.45	224.81	I think I'll play it at the wedding.	Phoebe	high	community_transcript_match	1.0	dialogue	False	True	Phoebe | Joey		Joey	False		Speaker agrees with available community-transcript mapping.	(she’s strumming something) Yeah? (Joey nods yes.) Okay, I think I’ll play it at the wedding.	Phoebe	Phoebe	present	char_tracker_stage05	joey|phoebe	present	1.0		high	
25	110	224.89	228.73	Yeah, well, we'll see if they actually let you play, huh?	Joey	high	community_transcript_match	1.0	dialogue	False	True	Phoebe | Joey	Phoebe	Joey	False		Speaker agrees with available community-transcript mapping.	"Yeah! Well, I think we’ll see if they actually let you play. Huh? I mean they tell you anything you want to hear like-like, ""You look 19,"" and then they just take it away like-like, ""No you don’t."""	Joey	Joey	present	char_tracker_stage05	joey	present	1.0		high	
25	111	228.73	230.41	I mean, they tell you anything you want to hear.	Joey	high	community_transcript_match	1.0	dialogue	False	True	Phoebe | Joey	Joey	Joey	False		Speaker agrees with available community-transcript mapping.	i mean they tell you anything you want to hear like like you look 19 and then they just take it away like like no you don't	Joey	Joey	present	char_tracker_stage05	joey	present	1.0		high	
25	112	230.41	230.73	Like.	Joey	medium	visual_disambiguation	0.74	dialogue	True	False	Phoebe | Joey	Joey	Joey	False		Only one of the two text-context candidates was visually present in the window.				present	char_tracker_stage05	joey	present			medium	
25	113	231.21	234.61	Like you look 19 and then they just take it away.	Joey	medium	visual_disambiguation	0.74	dialogue	True	False	Phoebe | Joey	Joey	Joey	False		Only one of the two text-context candidates was visually present in the window.				present	char_tracker_stage05	joey	present			medium	
25	114	234.61	236.41	Like, no, you don't.	Joey	medium	visual_disambiguation	0.74	dialogue	True	False	Phoebe | Joey	Joey	Phoebe	False		Only one of the two text-context candidates was visually present in the window.				present	char_tracker_stage05	joey	present			medium	
25	115	238.33	240.25	I don't think Monica's gonna take this away.	Phoebe	high	community_transcript_match	1.0	dialogue	False	True	Phoebe | Joey	Joey	Joey	False		Speaker agrees with available community-transcript mapping.	Well, I don’t think Monica is gonna take this away.	Phoebe	Phoebe	present	char_tracker_stage05	phoebe	present	1.0		high	
25	116	241.05	241.77	Wouldn't she?	Joey	high	community_transcript_match	1.0	dialogue	False	True	Phoebe | Joey	Phoebe	Phoebe	False		Speaker agrees with available community-transcript mapping.	Wouldn’t she?	Joey	Joey	present	char_tracker_stage05	joey|phoebe	present	1.0		high	
25	117	242.49	243.13	Would she?	Phoebe	medium	short_turn_alternation	0.7	dialogue	True	False	Phoebe | Joey	Joey	Phoebe	True	short_utterance_between_two_speakers	Short utterance inferred from local turn alternation.				present	char_tracker_stage05	joey|phoebe	present			medium	
25	118	244.09	244.73	Would she?	Phoebe	high	scene_context_bridge	0.88	dialogue	True	False	Phoebe | Joey	Phoebe	Phoebe	False		Same speaker appears on both sides within the same scene.				present	char_tracker_stage05	joey|phoebe	present			high	
25	119	247.05	247.69	Would she?	Phoebe	high	community_transcript_match	1.0	dialogue	False	True	Phoebe | Joey	Phoebe	Joey	False		Speaker agrees with available community-transcript mapping.	Would she?	Phoebe	Phoebe	present	char_tracker_stage05	phoebe	present	1.0		high	
25	120	248.97	249.61	Would she?	Joey	high	qa_review_resolved_ct_support	1.0	dialogue	False	True	Phoebe | Joey	Phoebe	Phoebe	True	speaker_offscreen	Speaker agrees with available community-transcript mapping. | QA resolved prior review with community-transcript support.	Would she?	Joey	Joey	present	char_tracker_stage05	phoebe	absent	0.0		low	speaker_offscreen
25	121	250.41	252.25	It's starting to sound like wood cheese.	Phoebe	high	community_transcript_match	1.0	dialogue	False	True	Phoebe | Joey	Joey	Joey	False		Speaker agrees with available community-transcript mapping.	Would she? Would she? It's starting to sound like wood cheese.	Phoebe	Phoebe	present	char_tracker_stage05	phoebe	present	1.0		high	
25	122	254.01	256.01	Man, I could go for some wood cheese right now.	Joey	high	community_transcript_match	1.0	dialogue	False	True	Phoebe | Joey	Phoebe		False		Speaker agrees with available community-transcript mapping.	I could go for some wood cheese right now.	Joey	Joey	present	char_tracker_stage05	joey	present	1.0		high	
26	123	262.169	262.809	Guess who.	Ross	high	qa_review_resolved_ct_support	1.0	dialogue	False	True	Ross | Rachel		Ross	True	speaker_no_face	Speaker agrees with available community-transcript mapping. | QA resolved prior review with community-transcript support.	Guess who? (Enters fully.)	Ross	Ross	absent	char_tracker_stage05		absent	0.0		medium	speaker_no_face
26	124	265.849	269.849	Hey, I just realized we kind of left some stuff up in the air.	Ross	high	community_transcript_match	1.0	dialogue	False	True	Ross | Rachel	Ross	Rachel	False		Speaker agrees with available community-transcript mapping.	Hey, I just realized we kinda let some stuff up in the air…	Ross	Ross	present	char_tracker_stage05	rachel|ross	present	1.0		high	
26	125	270.169	272.889	What do you think Monica meant when she said, I don't want to talk?	Rachel	high	community_transcript_match	1.0	dialogue	False	True	Ross | Rachel	Ross	Rachel	False		Speaker agrees with available community-transcript mapping.	What do you think Monica mean when she said she didn’t want to talk, especially with me? I mean, why not especially you and me? We were both out there kissing.	Rachel	Rachel	present	char_tracker_stage05	rachel	present	1.0		high	
26	126	272.969	274.209	Especially with me?	Rachel	high	community_transcript_match	1.0	dialogue	False	True	Ross | Rachel	Rachel	Rachel	False		Speaker agrees with available community-transcript mapping.	I mean, why not especially you and me	Rachel	Rachel	present	char_tracker_stage05	rachel	present	1.0		high	
26	127	274.209	275.929	I mean, why not especially you and me?	Rachel	high	community_transcript_match	1.0	dialogue	False	True	Ross | Rachel	Rachel	Rachel	False		Speaker agrees with available community-transcript mapping.	i mean why not you and me	Rachel	Rachel	present	char_tracker_stage05	rachel	present	1.0		high	
26	128	275.929	277.209	We were both out there kissing.	Rachel	medium	visual_disambiguation	0.74	dialogue	True	False	Ross | Rachel	Rachel	Ross	False		Only one of the two text-context candidates was visually present in the window.				present	char_tracker_stage05	rachel	present			medium	
26	129	277.689	278.889	Still thinking about it, huh?	Ross	high	community_transcript_match	1.0	dialogue	False	True	Ross | Rachel	Rachel	Rachel	False		Speaker agrees with available community-transcript mapping.	Still thinking about it huh?	Ross	Ross	present	char_tracker_stage05	rachel|ross	present	1.0		high	
26	130	278.969	279.529	Come on.	Rachel	medium	short_turn_alternation	0.7	dialogue	True	False	Ross | Rachel	Ross	Rachel	True	short_utterance_between_two_speakers	Short utterance inferred from local turn alternation.				present	char_tracker_stage05	rachel|ross	present			medium	
26	131	279.609	280.089	Serious.	Rachel	high	scene_context_bridge	0.88	dialogue	True	False	Ross | Rachel	Rachel	Rachel	False		Same speaker appears on both sides within the same scene.				present	char_tracker_stage05	rachel|ross	present			high	
26	132	280.089	281.489	Seriously, what did she mean by that?	Rachel	high	community_transcript_match	1.0	dialogue	False	True	Ross | Rachel	Rachel	Rachel	False		Speaker agrees with available community-transcript mapping.	Come on! Serious-ser-ser-seriously, what did she mean by that? (Mimicking Monica.) Especially you!	Rachel	Rachel	present	char_tracker_stage05	rachel	present	1.0		high	
26	133	281.489	282.409	Especially you.	Rachel	high	community_transcript_match	1.0	dialogue	False	True	Ross | Rachel	Rachel	Ross	False		Speaker agrees with available community-transcript mapping.	Especially you	Rachel	Rachel	present	char_tracker_stage05	rachel|ross	present	1.0		high	
26	134	282.409	283.449	Who cares?	Ross	high	community_transcript_match	1.0	dialogue	False	True	Ross | Rachel	Rachel	Rachel	False		Speaker agrees with available community-transcript mapping.	(loosening his tie) Oh, who cares?	Ross	Ross	present	char_tracker_stage05	rachel|ross	present	1.0		high	
26	135	283.609	284.329	I care.	Rachel	high	qa_review_resolved_ct_support	1.0	dialogue	False	True	Ross | Rachel	Ross	Ross	True	speaker_offscreen	Speaker agrees with available community-transcript mapping. | QA resolved prior review with community-transcript support.	I care!	Rachel	Rachel	present	char_tracker_stage05	ross	absent	0.0		low	speaker_offscreen
26	136	284.489	285.609	And so do I.	Ross	high	community_transcript_match	1.0	dialogue	False	True	Ross | Rachel	Rachel	Rachel	False		Speaker agrees with available community-transcript mapping.	(tightening his tie) And so do I.	Ross	Ross	present	char_tracker_stage05	ross	present	1.0		high	
26	137	290.28	290.68	You know what?	Rachel	medium	visual_disambiguation	0.74	dialogue	True	False	Ross | Rachel	Ross	Rachel	False		Only one of the two text-context candidates was visually present in the window.				present	char_tracker_stage05	rachel	present			medium	
26	138	290.84	291.92	I have to go talk to her.	Rachel	high	community_transcript_match	1.0	dialogue	False	True	Ross | Rachel	Rachel	Ross	False		Speaker agrees with available community-transcript mapping.	Y’know what, I-I have to go talk to her, would you let me just get changed?	Rachel	Rachel	present	char_tracker_stage05	rachel	present	1.0		high	
26	139	291.92	293.88	Will you let me just get changed, okay, sure.	Ross	high	qa_review_resolved_ct_support	1.0	dialogue	False	True	Ross | Rachel	Rachel	Rachel	True	speaker_offscreen	Speaker agrees with available community-transcript mapping. | QA resolved prior review with community-transcript support.	Okay. Sure. (Sits down on her bed.)	Ross	Ross	present	char_tracker_stage05	rachel	absent	0.3333		low	speaker_offscreen
26	140	296.68	298.84	Am I going to let you watch me undress?	Rachel	high	qa_review_resolved_ct_support	1.0	dialogue	False	True	Ross | Rachel	Ross	Ross	True	speaker_offscreen	Speaker agrees with available community-transcript mapping. | QA resolved prior review with community-transcript support.	Am I going to let you watch me undress?	Rachel	Rachel	present	char_tracker_stage05	ross	absent	0.0		low	speaker_offscreen
26	141	298.92	299.32	No.	Ross	high	community_transcript_match	1.0	dialogue	False	True	Ross | Rachel	Rachel		False		Speaker agrees with available community-transcript mapping.	(sitting up) No! (Exits.)	Ross	Ross	present	char_tracker_stage05	ross	present	1.0		high	
27	142	302.12	303.2	I can't believe her.	Monica	high	qa_review_resolved_ct_support	1.0	dialogue	False	True	Monica | Chandler		Monica	True	speaker_no_face	Speaker agrees with available community-transcript mapping. | QA resolved prior review with community-transcript support.	I can’t believe her, y’know it’s just—it’s so typical.	Monica	Monica	absent	char_tracker_stage05		absent	0.0		medium	speaker_no_face
27	143	303.2	303.96	You know, it's just.	Monica	medium	scene_context_inference	0.66	dialogue	True	False	Monica | Chandler	Monica	Chandler	True	two_sided_context_ambiguous | speaker_no_face	No direct transcript match; longer line defaulted to previous speaker in same scene.				absent	char_tracker_stage05		absent			medium	speaker_no_face
27	144	303.96	304.84	It's so typical.	Chandler	low	scene_context_inference	0.58	dialogue	True	False	Monica | Chandler	Monica	Chandler	True	two_sided_context_ambiguous | speaker_no_face	No direct transcript match; weak local context only.				absent	char_tracker_stage05		absent			low	speaker_no_face
27	145	304.92	309.44	Now, Monica, I know you're upset, but don't forget, there is going to be a wedding.	Chandler	high	community_transcript_match	1.0	dialogue	False	True	Monica | Chandler	Chandler	Chandler	False		Speaker agrees with available community-transcript mapping.	Now Monica, I know you’re upset, but don’t forget. There is going to be a wedding, you are going to throw the bouquet, and then there’s going to be a honeymoon, maybe in Paris.	Chandler	Chandler	present	char_tracker_stage05	chandler	present	0.6667		high	
27	146	309.44	313.16	You are going to throw the bouquet and then there's going to be a honeymoon.	Chandler	high	community_transcript_match	1.0	dialogue	False	True	Monica | Chandler	Chandler	Chandler	False		Speaker agrees with available community-transcript mapping.	There is going to be a wedding, you are going to throw the bouquet, and then there's going to be a honeymoon, maybe in Paris	Chandler	Chandler	present	char_tracker_stage05	chandler	present	1.0		high	
27	147	313.72	315.24	Maybe in Paris.	Chandler	high	community_transcript_match	1.0	dialogue	False	True	Monica | Chandler	Chandler	Monica	False		Speaker agrees with available community-transcript mapping.	there is going to be a wedding maybe in paris	Chandler	Chandler	present	char_tracker_stage05	chandler	present	1.0		high	
27	148	316.37	316.85	Paris?	Monica	high	community_transcript_match	1.0	dialogue	False	True	Monica | Chandler	Chandler	Chandler	False		Speaker agrees with available community-transcript mapping.	Paris?	Monica	Monica	present	char_tracker_stage05	chandler|monica	present	1.0		high	
27	149	317.01	321.57	We will take a moonlit walk on the Rue de la Bleu.	Chandler	high	community_transcript_match	1.0	dialogue	False	True	Monica | Chandler	Monica	Monica	False		Speaker agrees with available community-transcript mapping.	We will take a moonlit walk on the Rue de la (mumbles something).	Chandler	Chandler	present	char_tracker_stage05	chandler	present	1.0		high	
27	150	325.33	326.21	Keep talking.	Monica	high	community_transcript_match	1.0	dialogue	False	True	Monica | Chandler	Chandler	Chandler	False		Speaker agrees with available community-transcript mapping.	Keep talking.	Monica	Monica	present	char_tracker_stage05	monica	present	1.0		high	
27	151	326.37	329.73	Then we will sprinkle rose petals on the bed and make love.	Chandler	high	qa_review_resolved_ct_support	1.0	dialogue	False	True	Monica | Chandler	Monica	Chandler	True	speaker_no_face	Speaker agrees with available community-transcript mapping. | QA resolved prior review with community-transcript support.	Then we will sprinkle rose pedals on the bed and make love	Chandler	Chandler	partial	char_tracker_stage05		absent	0.25		medium	speaker_no_face
27	152	329.73	333.09	Not just because it's romantic, but because I can.	Chandler	high	community_transcript_match	1.0	dialogue	False	True	Monica | Chandler	Chandler	Monica	False		Speaker agrees with available community-transcript mapping.	Then we will sprinkle rose pedals on the bed and make love. Not just because it’s romantic, but because I can!	Chandler	Chandler	present	char_tracker_stage05	chandler	present	1.0		high	
27	153	335.97	336.93	I love you.	Monica	high	community_transcript_match	1.0	dialogue	False	True	Monica | Chandler	Chandler		False		Speaker agrees with available community-transcript mapping.	I love you!	Monica	Monica	present	char_tracker_stage05	monica	present	1.0		high	
28	154	343.98	345.1	Bonjour, monsieur.	Monica	high	community_transcript_match	1.0	dialogue	False	True	Monica | Chandler		Chandler	False		Speaker agrees with available community-transcript mapping.	(in a French accent) Bonjour, monsieur.	Monica	Monica	present	char_tracker_stage05	monica	present	1.0		high	
28	155	348.06	349.02	Okay, don't say anything.	Chandler	high	community_transcript_match	1.0	dialogue	False	True	Monica | Chandler	Monica	Chandler	False		Speaker agrees with available community-transcript mapping.	okay don't say anything	Chandler	Chandler	present	char_tracker_stage05	chandler	present	1.0		high	
28	156	349.02	350.06	You might scare it away.	Chandler	high	community_transcript_match	1.0	dialogue	False	True	Monica | Chandler	Chandler	Chandler	False		Speaker agrees with available community-transcript mapping.	Okay, don’t say anything, you might scare it away.	Chandler	Chandler	present	char_tracker_stage05	chandler	present	1.0		high	
28	157	353.34	354.38	It's Paris.	Chandler	high	community_transcript_match	1.0	dialogue	False	True	Monica | Chandler	Chandler		False		Speaker agrees with available community-transcript mapping.	it's paris	Chandler	Chandler	present	char_tracker_stage05	chandler|monica	present	1.0		high	
29	158	354.38	355.5	Who knows we're here?	Chandler	high	community_transcript_match	1.0	dialogue	False	True	Chandler | Monica | Phoebe		Monica	False		Speaker agrees with available community-transcript mapping.	It’s Paris, who knows we’re here!	Chandler	Chandler	present	char_tracker_stage05	chandler|monica	present	1.0		high	
29	159	359.26	360.06	Hi, Pheedz.	Monica	medium	short_turn_alternation	0.7	dialogue	True	False	Chandler | Monica | Phoebe	Chandler	Monica	True	short_utterance_between_two_speakers | speaker_no_face	Short utterance inferred from local turn alternation.				absent	char_tracker_stage05		absent			medium	speaker_no_face
29	160	360.06	360.46	What's up?	Monica	high	qa_review_resolved_ct_support	1.0	dialogue	False	True	Chandler | Monica | Phoebe	Monica	Phoebe	True	speaker_no_face	Speaker agrees with available community-transcript mapping. | QA resolved prior review with community-transcript support.	(opening the door) Hi Pheebs, what’s up? (She enters.)	Monica	Monica	absent	char_tracker_stage05		absent	0.0		medium	speaker_no_face
29	161	360.46	364.14	Okay, you said I could sing at your wedding, so I'm just gonna need a small deposit.	Phoebe	high	community_transcript_match	1.0	dialogue	False	True	Chandler | Monica | Phoebe	Monica	Monica	False		Speaker agrees with available community-transcript mapping.	Okay, you said I could sing at your wedding so, I’m just gonna need a small deposit.	Phoebe	Phoebe	present	char_tracker_stage05	phoebe	present	0.8		high	
29	162	366.38	366.78	What?	Monica	high	community_transcript_match	1.0	dialogue	False	True	Chandler | Monica | Phoebe	Phoebe	Phoebe	False		Speaker agrees with available community-transcript mapping.	What?!	Monica	Monica	present	char_tracker_stage05	monica|phoebe	present	1.0		high	
29	163	366.78	369.24	You know, just some good faith money to hold the date.	Phoebe	high	community_transcript_match	1.0	dialogue	False	True	Chandler | Monica | Phoebe	Monica	Chandler	False		Speaker agrees with available community-transcript mapping.	Y’know, just some good faith money to hold the date.	Phoebe	Phoebe	present	char_tracker_stage05	phoebe	present	1.0		high	
29	164	369.39	371.87	Pheebs, we're not giving you a deposit for our wedding.	Chandler	high	community_transcript_match	1.0	dialogue	False	True	Chandler | Monica | Phoebe	Phoebe	Phoebe	False		Speaker agrees with available community-transcript mapping.	Pheebs, we’re not giving you a deposit for our wedding!	Chandler	Chandler	present	char_tracker_stage05	chandler	present	1.0		high	
29	165	372.67	374.27	Oh, I see.	Phoebe	high	community_transcript_match	1.0	dialogue	False	True	Chandler | Monica | Phoebe	Chandler		False		Speaker agrees with available community-transcript mapping.	Oh, I see. (Exits angrily.)	Phoebe	Phoebe	present	char_tracker_stage05	monica|phoebe	present	0.6667		high	
30	166	376.99	378.43	They break your heart, don't they?	Joey	high	community_transcript_match	1.0	dialogue	False	True	Joey | Phoebe		Phoebe	False		Speaker agrees with available community-transcript mapping.	They break your heart, don’t they?	Joey	Joey	present	char_tracker_stage05	joey	present	1.0		high	
30	167	380.11	382.99	You know, I don't really need their permission.	Phoebe	high	qa_review_resolved_ct_support	1.0	dialogue	False	True	Joey | Phoebe	Joey	Joey	True	speaker_no_face	Speaker agrees with available community-transcript mapping. | QA resolved prior review with community-transcript support.	Y’know, I don’t really their permission.	Phoebe	Phoebe	absent	char_tracker_stage05		absent	0.0		medium	speaker_no_face
30	168	383.07	385.07	Yeah, if you want to sing at their wedding.	Joey	high	community_transcript_match	1.0	dialogue	False	True	Joey | Phoebe	Phoebe	Joey	False		Speaker agrees with available community-transcript mapping.	yeah if you wanna sing at their wedding	Joey	Joey	present	char_tracker_stage05	joey	present	1.0		high	
30	169	385.07	386.43	Well, you sing at their wedding.	Joey	high	community_transcript_match	1.0	dialogue	False	True	Joey | Phoebe	Joey	Phoebe	False		Speaker agrees with available community-transcript mapping.	Yeah! If you wanna sing at their wedding, well you sing at their wedding!	Joey	Joey	present	char_tracker_stage05	joey|phoebe	present	1.0		high	
30	170	386.43	388.67	Yeah, and if you want to look 19, then you.	Phoebe	high	community_transcript_match	1.0	dialogue	False	True	Joey | Phoebe	Joey	Phoebe	False		Speaker agrees with available community-transcript mapping.	And if you wanna look 19, then you	Phoebe	Phoebe	present	char_tracker_stage05	phoebe	present	1.0		high	
30	171	389.55	390.43	You gotta do something.	Phoebe	high	community_transcript_match	1.0	dialogue	False	True	Joey | Phoebe	Phoebe	Phoebe	False		Speaker agrees with available community-transcript mapping.	Yeah! And if you wanna look 19, then you… You gotta do something about your eyes.	Phoebe	Phoebe	present	char_tracker_stage05	phoebe	present	1.0		high	
30	172	390.43	391.23	About your eyes.	Phoebe	high	community_transcript_match	1.0	dialogue	False	True	Joey | Phoebe	Phoebe	Joey	False		Speaker agrees with available community-transcript mapping.	yeah and if you wanna look 19 then you about your eyes	Phoebe	Phoebe	present	char_tracker_stage05	joey|phoebe	present	1.0		high	
30	173	392.35	392.75	What?	Joey	high	community_transcript_match	1.0	dialogue	False	True	Joey | Phoebe	Phoebe	Joey	False		Speaker agrees with available community-transcript mapping.	What	Joey	Joey	present	char_tracker_stage05	joey	present	1.0		high	
30	174	392.99	394.11	What's wrong with my eyes?	Joey	high	community_transcript_match	1.0	dialogue	False	True	Joey | Phoebe	Joey	Phoebe	False		Speaker agrees with available community-transcript mapping.	What?! What’s wrong with my eyes.	Joey	Joey	present	char_tracker_stage05	joey	present	1.0		high	
30	175	394.19	395.15	They give you away.	Phoebe	low	scene_context_inference	0.58	dialogue	True	False	Joey | Phoebe	Joey	Phoebe	True	two_sided_context_ambiguous | low_speaker_confidence	No direct transcript match; weak local context only.				present	char_tracker_stage05	joey|phoebe	present			low	low_speaker_confidence
30	176	395.56	395.92	There's just.	Phoebe	high	community_transcript_match	1.0	dialogue	False	True	Joey | Phoebe	Phoebe	Phoebe	False		Speaker agrees with available community-transcript mapping.	there's just	Phoebe	Phoebe	present	char_tracker_stage05	phoebe	present	1.0		high	
30	177	395.92	397.24	There's too much wisdom in there.	Phoebe	high	community_transcript_match	1.0	dialogue	False	True	Joey | Phoebe	Phoebe	Phoebe	False		Speaker agrees with available community-transcript mapping.	There's just-there's just too much wisdom in there	Phoebe	Phoebe	present	char_tracker_stage05	phoebe	present	1.0		high	
30	178	401.64	404.28	Just put some tea bags on them for like, 15 minutes.	Phoebe	high	qa_review_resolved_ct_support	1.0	dialogue	False	True	Joey | Phoebe	Phoebe	Joey	True	speaker_offscreen	Speaker agrees with available community-transcript mapping. | QA resolved prior review with community-transcript support.	They give you away! There’s just-there’s just too much wisdom in there. (Joey nods in agreement.) Just put some tea bags on there for like 15 minutes.	Phoebe	Phoebe	present	char_tracker_stage05	joey	absent	0.0		low	speaker_offscreen
30	179	404.28	405.72	Now to get rid of my wisdom.	Joey	high	community_transcript_match	1.0	dialogue	False	True	Joey | Phoebe	Phoebe	Phoebe	False		Speaker agrees with available community-transcript mapping.	And that’ll get rid of my wisdom?	Joey	Joey	present	char_tracker_stage05	joey|phoebe	present	1.0		high	
30	180	406.2	407.8	Maybe just 10 minutes for you.	Phoebe	high	community_transcript_match	1.0	dialogue	False	True	Joey | Phoebe	Joey		False		Speaker agrees with available community-transcript mapping.	Maybe just 10 minutes for you.	Phoebe	Phoebe	present	char_tracker_stage05	phoebe	present	1.0		high	
31	181	410.76	411.84	Give her the deposit.	Chandler	high	community_transcript_match	1.0	dialogue	False	True	Chandler		Chandler	False		Speaker agrees with available community-transcript mapping.	Oh, give her the deposit! Give her the ring! I don’t care!	Chandler	Chandler	present	char_tracker_stage05	chandler	present	1.0		high	
31	182	411.84	412.6	Give her the ring.	Chandler	high	community_transcript_match	1.0	dialogue	False	True	Chandler	Chandler	Chandler	False		Speaker agrees with available community-transcript mapping.	Give her the ring	Chandler	Chandler	present	char_tracker_stage05	chandler	present	1.0		high	
31	183	412.6	413.24	I don't care.	Chandler	high	community_transcript_match	1.0	dialogue	False	True	Chandler	Chandler		False		Speaker agrees with available community-transcript mapping.	I don't care	Chandler	Chandler	present	char_tracker_stage05	chandler	present	1.0		high	
32	184	418.12	423.8	Yes, Monica, what did you mean before when you said you didn't want to talk to anyone, especially me?	Rachel	high	community_transcript_match	1.0	dialogue	False	True	Rachel | Chandler | Monica | Ross		Chandler	False		Speaker agrees with available community-transcript mapping.	Monica, what did you mean before when you said you didn’t want to talk to anyone, especially me?	Rachel	Rachel	present	char_tracker_stage05	rachel|ross	present	1.0		high	
32	185	424.16	425.44	What a great apology.	Chandler	high	community_transcript_match	1.0	dialogue	False	True	Rachel | Chandler | Monica | Ross	Rachel	Chandler	False		Speaker agrees with available community-transcript mapping.	What a great apology! (To Monica) And you accept! Okay, bye-bye!	Chandler	Chandler	present	char_tracker_stage05	chandler|monica	present	1.0		high	
32	186	425.6	426.8	And you accepted.	Chandler	high	community_transcript_match	1.0	dialogue	False	True	Rachel | Chandler | Monica | Ross	Chandler	Chandler	False		Speaker agrees with available community-transcript mapping.	And you accept	Chandler	Chandler	present	char_tracker_stage05	chandler|monica	present	1.0		high	
32	187	427.28	427.64	Bye.	Chandler	high	community_transcript_match	1.0	dialogue	False	True	Rachel | Chandler | Monica | Ross	Chandler	Chandler	False		Speaker agrees with available community-transcript mapping.	Okay, bye-bye	Chandler	Chandler	present	char_tracker_stage05	chandler|monica	present	1.0		high	
32	188	427.64	428.0	Bye.	Chandler	high	community_transcript_match	1.0	dialogue	False	True	Rachel | Chandler | Monica | Ross	Chandler	Rachel	False		Speaker agrees with available community-transcript mapping.	okay bye	Chandler	Chandler	present	char_tracker_stage05	chandler|monica	present	1.0		high	
32	189	429.92	430.96	No, no, seriously.	Rachel	high	community_transcript_match	1.0	dialogue	False	True	Rachel | Chandler | Monica | Ross	Chandler	Rachel	False		Speaker agrees with available community-transcript mapping.	no no seriously	Rachel	Rachel	present	char_tracker_stage05	monica|rachel|ross	present	1.0		high	
32	190	430.96	431.36	Seriously.	Rachel	high	community_transcript_match	1.0	dialogue	False	True	Rachel | Chandler | Monica | Ross	Rachel	Rachel	False		Speaker agrees with available community-transcript mapping.	no no seriously seriously	Rachel	Rachel	present	char_tracker_stage05	monica|rachel|ross	present	1.0		high	
32	191	431.36	433.36	What was the especially me part about?	Rachel	high	community_transcript_match	1.0	dialogue	False	True	Rachel | Chandler | Monica | Ross	Rachel	Monica	False		Speaker agrees with available community-transcript mapping.	No-no, seriously-seriously, what was the especially me part about?	Rachel	Rachel	present	char_tracker_stage05	rachel|ross	present	1.0		high	
32	192	433.6	436.96	Well, let's just say it's not the first time you've stolen my thunder.	Monica	high	community_transcript_match	1.0	dialogue	False	True	Rachel | Chandler | Monica | Ross	Rachel	Rachel	False		Speaker agrees with available community-transcript mapping.	Well, let’s just say it’s not the first time you’ve stolen my thunder.	Monica	Monica	present	char_tracker_stage05	chandler|monica	present	1.0		high	
32	193	437.04	437.44	What?	Rachel	high	qa_review_resolved_ct_support	1.0	dialogue	False	True	Rachel | Chandler | Monica | Ross	Monica	Ross	True	speaker_offscreen	Speaker agrees with available community-transcript mapping. | QA resolved prior review with community-transcript support.	What?!	Rachel	Rachel	present	char_tracker_stage05	chandler|monica|ross	absent	0.0		low	speaker_offscreen
32	194	437.76	438.88	Hey, here's a thought.	Ross	high	community_transcript_match	1.0	dialogue	False	True	Rachel | Chandler | Monica | Ross	Rachel		False		Speaker agrees with available community-transcript mapping.	(To Rachel) Hey, here’s a thought.	Ross	Ross	present	char_tracker_stage05	chandler|monica|ross	present	1.0		high	
33	195	440.88	442.88	Monica, what are you talking about?	Rachel	high	qa_review_resolved_ct_support	1.0	dialogue	False	True	Rachel | Monica | Chandler | Phoebe		Monica	True	speaker_no_face	Speaker agrees with available community-transcript mapping. | QA resolved prior review with community-transcript support.	Monica, what are you talking about?	Rachel	Rachel	partial	char_tracker_stage05		absent	0.0		medium	speaker_no_face
33	196	443.36	444.68	My sweet 16, remember?	Monica	high	community_transcript_match	1.0	dialogue	False	True	Rachel | Monica | Chandler | Phoebe	Rachel	Monica	False		Speaker agrees with available community-transcript mapping.	my sweet sixteen remember	Monica	Monica	present	char_tracker_stage05	monica	present	1.0		high	
33	197	444.68	446.72	You went to third base with my cousin Charlie.	Monica	high	community_transcript_match	1.0	dialogue	False	True	Rachel | Monica | Chandler | Phoebe	Monica	Chandler	False		Speaker agrees with available community-transcript mapping.	My Sweet Sixteen! Remember, you went to third base with my cousin Charlie.	Monica	Monica	present	char_tracker_stage05	monica	present	1.0		high	
33	198	446.8	448.0	Ah, third base.	Chandler	high	community_transcript_match	1.0	dialogue	False	True	Rachel | Monica | Chandler | Phoebe	Monica	Monica	False		Speaker agrees with available community-transcript mapping.	(entering) Ahh, third base.	Chandler	Chandler	present	char_tracker_stage05	chandler|monica	present	1.0		high	
33	199	450.16	452.24	It's all everybody at the party could talk about.	Monica	high	community_transcript_match	1.0	dialogue	False	True	Rachel | Monica | Chandler | Phoebe	Chandler	Rachel	False		Speaker agrees with available community-transcript mapping.	It’s all everybody at the party could talk about!	Monica	Monica	present	char_tracker_stage05	monica	present	1.0		high	
33	200	452.32	453.32	Monica, you know what?	Rachel	high	community_transcript_match	1.0	dialogue	False	True	Rachel | Monica | Chandler | Phoebe	Monica	Rachel	False		Speaker agrees with available community-transcript mapping.	Monica, y'know what	Rachel	Rachel	present	char_tracker_stage05	monica|rachel	present	1.0		high	
33	201	453.32	456.7	The only reason I did that was because your party was so boring.	Rachel	high	community_transcript_match	1.0	dialogue	False	True	Rachel | Monica | Chandler | Phoebe	Rachel	Monica	False		Speaker agrees with available community-transcript mapping.	Monica, y’know what? The only reason I did that was because your party was so boring!	Rachel	Rachel	present	char_tracker_stage05	rachel	present	1.0		high	
33	202	457.82	459.34	We had a caricaturist.	Monica	high	community_transcript_match	1.0	dialogue	False	True	Rachel | Monica | Chandler | Phoebe	Rachel	Phoebe	False		Speaker agrees with available community-transcript mapping.	(gasps) We had a characturist!	Monica	Monica	present	char_tracker_stage05	monica	present	0.6667		high	
33	203	462.38	465.9	Whenever I get married, guess who won't be asked to sing?	Phoebe	high	community_transcript_match	1.0	dialogue	False	True	Rachel | Monica | Chandler | Phoebe	Monica		False		Speaker agrees with available community-transcript mapping.	(singing, angrily) Whenever I get married, guess who won’t get to sing? Somebody named Geller! And somebody else named Bing!	Phoebe	Phoebe	present	char_tracker_stage05	phoebe	present	1.0		high	
34	204	466.3	477.74	Somebody named Geller and somebody else named B. Monica, your sweet 16 was, like a million years ago.	Rachel	high	qa_review_resolved_ct_support	1.0	dialogue	False	True	Rachel | Monica | Ross | Chandler		Monica	True	speaker_no_face	Speaker agrees with available community-transcript mapping. | QA resolved prior review with community-transcript support.	Monica, your Sweet Sixteen was like a million years ago.	Rachel	Rachel	partial	char_tracker_stage05		absent	0.4167		medium	speaker_no_face
34	205	477.9	479.82	And yet here you are doing it again.	Monica	high	community_transcript_match	1.0	dialogue	False	True	Rachel | Monica | Ross | Chandler	Rachel	Rachel	False		Speaker agrees with available community-transcript mapping.	And yet, here we are doing it again.	Monica	Monica	present	char_tracker_stage05	monica	present	1.0		high	
34	206	479.82	482.7	Oh, Monica, I don't want to steal your stupid thunder.	Rachel	high	qa_review_resolved_ct_support	1.0	dialogue	False	True	Rachel | Monica | Ross | Chandler	Monica	Monica	True	speaker_no_face	Speaker agrees with available community-transcript mapping. | QA resolved prior review with community-transcript support.	Ugh, Monica I don’t want to steal your stupid thunder!	Rachel	Rachel	partial	char_tracker_stage05		absent	0.0		medium	speaker_no_face
34	207	482.7	483.34	Oh, please.	Monica	high	community_transcript_match	1.0	dialogue	False	True	Rachel | Monica | Ross | Chandler	Rachel	Monica	False		Speaker agrees with available community-transcript mapping.	Oh please	Monica	Monica	present	char_tracker_stage05	monica	present	0.5		high	
34	208	483.34	485.34	Why else would you have made out with Ross?	Monica	high	community_transcript_match	1.0	dialogue	False	True	Rachel | Monica | Ross | Chandler	Monica	Ross	False		Speaker agrees with available community-transcript mapping.	Oh please! Why else would you have made out with Ross?!	Monica	Monica	present	char_tracker_stage05	monica	present	1.0		high	
34	209	485.92	486.56	Got me.	Ross	high	community_transcript_match	1.0	dialogue	False	True	Rachel | Monica | Ross | Chandler	Monica	Rachel	False		Speaker agrees with available community-transcript mapping.	Got me. (He shows of his hands.)	Ross	Ross	present	char_tracker_stage05	chandler|monica|ross	present	1.0		high	
34	210	488.8	490.28	All right, easy, Mimey.	Rachel	high	community_transcript_match	1.0	dialogue	False	True	Rachel | Monica | Ross | Chandler	Ross	Rachel	False		Speaker agrees with available community-transcript mapping.	all right easy mimey	Rachel	Rachel	present	char_tracker_stage05	rachel	present	1.0		high	
34	211	490.28	491.6	The moment has passed.	Rachel	high	community_transcript_match	1.0	dialogue	False	True	Rachel | Monica | Ross | Chandler	Rachel	Rachel	False		Speaker agrees with available community-transcript mapping.	all right easy mimey the moment has passed	Rachel	Rachel	present	char_tracker_stage05	rachel	present	1.0		high	
34	212	491.6	492.56	It ain't gonna happen.	Rachel	high	community_transcript_match	1.0	dialogue	False	True	Rachel | Monica | Ross | Chandler	Rachel	Monica	False		Speaker agrees with available community-transcript mapping.	All right, easy mimey, the moment has passed, it ain’t gonna happen!	Rachel	Rachel	present	char_tracker_stage05	chandler|rachel|ross	present	1.0		high	
34	213	494.16	496.76	I just thought it'd be nice if I could have just this one night.	Monica	high	community_transcript_match	1.0	dialogue	False	True	Rachel | Monica | Ross | Chandler	Rachel	Rachel	False		Speaker agrees with available community-transcript mapping.	I just thought it would be nice if I could have just this one night!	Monica	Monica	present	char_tracker_stage05	monica	present	1.0		high	
34	214	496.76	499.2	I swear, I never wanted any part of your night.	Rachel	high	community_transcript_match	1.0	dialogue	False	True	Rachel | Monica | Ross | Chandler	Monica	Rachel	False		Speaker agrees with available community-transcript mapping.	I swear, I never wanted any part of your night! No one was supposed to see us kissing.	Rachel	Rachel	present	char_tracker_stage05	rachel	present	0.75		high	
34	215	499.28	501.32	No one was supposed to see us kissing.	Rachel	high	community_transcript_match	1.0	dialogue	False	True	Rachel | Monica | Ross | Chandler	Rachel	Monica	False		Speaker agrees with available community-transcript mapping.	No one was supposed to see us kissing	Rachel	Rachel	present	char_tracker_stage05	rachel	present	1.0		high	
34	216	501.32	504.72	Oh, is that why you did it in the secret hallway where nobody ever goes?	Monica	high	community_transcript_match	1.0	dialogue	False	True	Rachel | Monica | Ross | Chandler	Rachel	Ross	False		Speaker agrees with available community-transcript mapping.	Oh, is that why you did it the secret hallway where nobody ever goes?!	Monica	Monica	present	char_tracker_stage05	monica|rachel	present	1.0		high	
34	217	506.0	508.16	Uh, Rachel, I've been thinking.	Ross	high	qa_review_resolved_ct_support	1.0	dialogue	False	True	Rachel | Monica | Ross | Chandler	Monica	Ross	True	speaker_no_face	Speaker agrees with available community-transcript mapping. | QA resolved prior review with community-transcript support.	Uh, Rachel, I've been thinking	Ross	Ross	partial	char_tracker_stage05		absent	0.3333		medium	speaker_no_face
34	218	508.24	512.25	I don't think us getting together tonight, it's such a good idea.	Ross	high	community_transcript_match	1.0	dialogue	False	True	Rachel | Monica | Ross | Chandler	Ross	Ross	False		Speaker agrees with available community-transcript mapping.	Uh, Rachel, I’ve been thinking. I don’t think us getting together tonight is such a good idea. I’m calling it off.	Ross	Ross	present	char_tracker_stage05	chandler|ross	present	1.0		high	
34	219	512.97	514.09	I'm calling it off.	Ross	high	community_transcript_match	1.0	dialogue	False	True	Rachel | Monica | Ross | Chandler	Ross	Chandler	False		Speaker agrees with available community-transcript mapping.	I'm calling it off	Ross	Ross	present	char_tracker_stage05	chandler|ross	present	1.0		high	
34	220	516.49	517.77	Way to save your dignity.	Chandler	high	community_transcript_match	1.0	dialogue	False	True	Rachel | Monica | Ross | Chandler	Ross	Chandler	False		Speaker agrees with available community-transcript mapping.	(To Ross) Why to save your dignity my man.	Chandler	Chandler	present	char_tracker_stage05	chandler|ross	present	1.0		high	
34	221	517.77	518.33	My name.	Chandler	medium	visual_disambiguation	0.74	dialogue	True	False	Rachel | Monica | Ross | Chandler	Chandler	Rachel	False		Only one of the two text-context candidates was visually present in the window.				present	char_tracker_stage05	chandler|ross	present			medium	
34	222	520.33	520.73	Why?	Rachel	high	qa_review_resolved_ct_support	1.0	dialogue	False	True	Rachel | Monica | Ross | Chandler	Chandler	Rachel	True	speaker_no_face	Speaker agrees with available community-transcript mapping. | QA resolved prior review with community-transcript support.	Monica, why	Rachel	Rachel	absent	char_tracker_stage05		absent	0.0		medium	speaker_no_face
34	223	521.21	524.81	Why would I ever want to take away from your night?	Rachel	high	qa_review_resolved_ct_support	1.0	dialogue	False	True	Rachel | Monica | Ross | Chandler	Rachel	Monica	True	speaker_no_face	Speaker agrees with available community-transcript mapping. | QA resolved prior review with community-transcript support.	(ignoring them) Monica, why? Why would I ever want to take away from your night?	Rachel	Rachel	absent	char_tracker_stage05		absent	0.0		medium	speaker_no_face
34	224	524.89	525.61	I don't know.	Monica	low	scene_context_inference	0.58	dialogue	True	False	Rachel | Monica | Ross | Chandler	Rachel	Monica	True	two_sided_context_ambiguous | speaker_no_face	No direct transcript match; weak local context only.				absent	char_tracker_stage05		absent			low	speaker_no_face
34	225	525.61	526.13	I don't know.	Monica	high	community_transcript_match	1.0	dialogue	False	True	Rachel | Monica | Ross | Chandler	Monica	Monica	False		Speaker agrees with available community-transcript mapping.	i don't	Monica	Monica	present	char_tracker_stage05	monica	present	0.5		high	
34	226	526.13	527.69	Maybe you're feeling a little resentful.	Monica	high	community_transcript_match	1.0	dialogue	False	True	Rachel | Monica | Ross | Chandler	Monica	Monica	False		Speaker agrees with available community-transcript mapping.	i don't you're feeling a little resentful	Monica	Monica	present	char_tracker_stage05	monica	present	1.0		high	
34	227	528.01	528.49	Maybe.	Monica	high	community_transcript_match	1.0	dialogue	False	True	Rachel | Monica | Ross | Chandler	Monica	Monica	False		Speaker agrees with available community-transcript mapping.	I don't—maybe you're feeling a little resentful	Monica	Monica	present	char_tracker_stage05	monica	present	1.0		high	
34	228	528.81	530.65	Maybe you thought that you'd get married first.	Monica	high	community_transcript_match	1.0	dialogue	False	True	Rachel | Monica | Ross | Chandler	Monica	Monica	False		Speaker agrees with available community-transcript mapping.	Maybe ah, maybe you thought you'd get married first	Monica	Monica	present	char_tracker_stage05	monica	present	1.0		high	
34	229	530.89	535.45	Maybe you can't stand the fact that your formerly fat friend is getting married before you.	Monica	high	community_transcript_match	1.0	dialogue	False	True	Rachel | Monica | Ross | Chandler	Monica	Rachel	False		Speaker agrees with available community-transcript mapping.	I don’t know! I don’t—maybe you’re feeling a little resentful. Maybe ah, maybe you thought you’d get married first! Maybe you can’t stand the fact that your formally fat friend is getting married before you!	Monica	Monica	present	char_tracker_stage05	monica	present	1.0		high	
34	230	535.53	537.01	Oh, wow, that.	Rachel	high	community_transcript_match	1.0	dialogue	False	True	Rachel | Monica | Ross | Chandler	Monica	Rachel	False		Speaker agrees with available community-transcript mapping.	Oh wow	Rachel	Rachel	present	char_tracker_stage05	chandler|rachel|ross	present	0.6667		high	
34	231	537.01	537.65	You know what?	Rachel	high	community_transcript_match	1.0	dialogue	False	True	Rachel | Monica | Ross | Chandler	Rachel	Rachel	False		Speaker agrees with available community-transcript mapping.	That—y'know what	Rachel	Rachel	present	char_tracker_stage05	chandler|rachel|ross	present	1.0		high	
34	232	537.65	539.73	That is so unfair.	Rachel	high	community_transcript_match	1.0	dialogue	False	True	Rachel | Monica | Ross | Chandler	Rachel	Rachel	False		Speaker agrees with available community-transcript mapping.	That is so unfair	Rachel	Rachel	present	char_tracker_stage05	chandler|rachel|ross	present	1.0		high	
34	233	540.21	540.77	You know what?	Rachel	high	community_transcript_match	1.0	dialogue	False	True	Rachel | Monica | Ross | Chandler	Rachel	Rachel	False		Speaker agrees with available community-transcript mapping.	Y'know what	Rachel	Rachel	present	char_tracker_stage05	chandler|rachel|ross	present	1.0		high	
34	234	540.77	542.45	Now I want to steal your thunder.	Rachel	high	community_transcript_match	1.0	dialogue	False	True	Rachel | Monica | Ross | Chandler	Rachel	Rachel	False		Speaker agrees with available community-transcript mapping.	Oh wow. That—y’know what? That is so unfair. Y’know what? Now I want to steal your thunder! Come on Ross, let’s go have sex!	Rachel	Rachel	present	char_tracker_stage05	chandler|rachel|ross	present	1.0		high	
34	235	542.53	543.37	Come on, Ross.	Rachel	high	community_transcript_match	1.0	dialogue	False	True	Rachel | Monica | Ross | Chandler	Rachel	Rachel	False		Speaker agrees with available community-transcript mapping.	Come on Ross, let's go have sex	Rachel	Rachel	present	char_tracker_stage05	chandler|rachel|ross	present	1.0		high	
34	236	543.37	544.37	Let's go have sex.	Rachel	high	community_transcript_match	1.0	dialogue	False	True	Rachel | Monica | Ross | Chandler	Rachel		False		Speaker agrees with available community-transcript mapping.	let's go have sex	Rachel	Rachel	present	char_tracker_stage05	rachel	present	1.0		high	
35	237	555.01	558.21	I can't believe you're going to have sex on my engagement night.	Monica	high	qa_review_resolved_ct_support	1.0	dialogue	False	True	Monica | Chandler		Chandler	True	speaker_no_face	Speaker agrees with available community-transcript mapping. | QA resolved prior review with community-transcript support.	(yelling after them) I can’t believe you’re gonna have sex on my engagement night!!	Monica	Monica	partial	char_tracker_stage05		absent	0.0		medium	speaker_no_face
35	238	558.37	559.57	Well, somebody should.	Chandler	high	community_transcript_match	1.0	dialogue	False	True	Monica | Chandler	Monica		False		Speaker agrees with available community-transcript mapping.	Well, somebody should. (Monica glares at him.)	Chandler	Chandler	present	char_tracker_stage05	chandler	present	1.0		high	
36	239	563.68	566.28	Look, if we're gonna do this, we are not gonna do this.	Ross	high	community_transcript_match	1.0	dialogue	False	True	Ross | Rachel		Rachel	False		Speaker agrees with available community-transcript mapping.	Look uh, if we’re gonna do this…	Ross	Ross	present	char_tracker_stage05	rachel|ross	present	0.5		high	
36	240	566.28	566.6	All right?	Rachel	high	community_transcript_match	1.0	dialogue	False	True	Ross | Rachel	Ross	Rachel	False		Speaker agrees with available community-transcript mapping.	We're not gonna do this, all right	Rachel	Rachel	present	char_tracker_stage05	rachel	present	1.0		high	
36	241	566.6	568.16	She's just gonna think that we're doing it.	Rachel	high	community_transcript_match	1.0	dialogue	False	True	Ross | Rachel	Rachel	Ross	False		Speaker agrees with available community-transcript mapping.	We’re not gonna do this, all right? She’s just gonna think that we’re doin’ it.	Rachel	Rachel	present	char_tracker_stage05	rachel	present	0.6667		high	
36	242	568.4	569.04	I see.	Ross	high	community_transcript_match	1.0	dialogue	False	True	Ross | Rachel	Rachel	Ross	False		Speaker agrees with available community-transcript mapping.	oh i see	Ross	Ross	present	char_tracker_stage05	ross	present	1.0		high	
36	243	569.12	570.56	So everybody wins.	Ross	high	community_transcript_match	1.0	dialogue	False	True	Ross | Rachel	Ross		False		Speaker agrees with available community-transcript mapping.	Oh, I see, so everybody wins.	Ross	Ross	present	char_tracker_stage05	rachel|ross	present	1.0		high	
37	244	573.2	573.92	Who is it?	Rachel	high	qa_review_resolved_ct_support	1.0	dialogue	False	True	Rachel | Monica | Chandler		Monica	True	speaker_no_face	Speaker agrees with available community-transcript mapping. | QA resolved prior review with community-transcript support.	Who is it?	Rachel	Rachel	absent	char_tracker_stage05		absent	0.0		medium	speaker_no_face
37	245	574.16	575.24	Monica, open up.	Monica	high	qa_review_resolved_ct_support	1.0	dialogue	False	True	Rachel | Monica | Chandler	Rachel	Rachel	True	speaker_no_face	Speaker agrees with available community-transcript mapping. | QA resolved prior review with community-transcript support.	(outside the door) It’s Monica, open up!	Monica	Monica	absent	char_tracker_stage05		absent	0.0		medium	speaker_no_face
37	246	575.24	576.84	Okay, Ro, stop it.	Rachel	high	qa_review_resolved_ct_support	1.0	dialogue	False	True	Rachel | Monica | Chandler	Monica	Rachel	True	speaker_no_face	Speaker agrees with available community-transcript mapping. | QA resolved prior review with community-transcript support.	stop it	Rachel	Rachel	absent	char_tracker_stage05		absent	0.0		medium	speaker_no_face
37	247	576.84	577.2	Please.	Rachel	high	community_transcript_match	1.0	dialogue	False	True	Rachel | Monica | Chandler	Rachel	Rachel	False		Speaker agrees with available community-transcript mapping.	Stop it please	Rachel	Rachel	present	char_tracker_stage05	rachel	present	0.5		high	
37	248	577.2	578.08	Wait a minute.	Rachel	high	community_transcript_match	1.0	dialogue	False	True	Rachel | Monica | Chandler	Rachel	Rachel	False		Speaker agrees with available community-transcript mapping.	Okay well Ross! Stop it please! Wait a minute! (Motions for him to follow her lead, but he angrily shakes his head no. So she pokes him.)	Rachel	Rachel	present	char_tracker_stage05	rachel|ross	present	1.0		high	
37	249	580.4	582.76	Oh, yeah.	Rachel	high	qa_review_resolved_bridge	0.9	dialogue	True	False	Rachel | Monica | Chandler	Rachel	Rachel	True	speaker_offscreen	Same speaker appears on both sides within the same scene. | QA resolved prior review by same-speaker bridge.				present	char_tracker_stage05	ross	absent			low	speaker_offscreen
37	250	582.76	584.08	You like that, baby?	Rachel	high	qa_review_resolved_bridge	1.0	dialogue	False	True	Rachel | Monica | Chandler	Rachel	Rachel	True	speaker_offscreen	Speaker agrees with available community-transcript mapping. | QA resolved prior review by same-speaker bridge.	Yeah, you like that baby? (Monica bursts in followed by Chandler.) May we help you?	Rachel	Rachel	present	char_tracker_stage05	ross	absent	0.0		low	speaker_offscreen
37	251	588.08	589.04	May we help you?	Rachel	high	community_transcript_match	1.0	dialogue	False	True	Rachel | Monica | Chandler	Rachel	Monica	False		Speaker agrees with available community-transcript mapping.	May we help you	Rachel	Rachel	present	char_tracker_stage05	chandler|monica|rachel	present	1.0		high	
37	252	590.02	592.62	I just wanted to say that I hope you do have sex tonight.	Monica	high	community_transcript_match	1.0	dialogue	False	True	Rachel | Monica | Chandler	Rachel	Monica	False		Speaker agrees with available community-transcript mapping.	i just wanted to say that i hope you do have sex tonight	Monica	Monica	present	char_tracker_stage05	chandler|monica	present	1.0		high	
37	253	592.62	594.26	And I hope that you guys get back together.	Monica	high	community_transcript_match	1.0	dialogue	False	True	Rachel | Monica | Chandler	Monica	Monica	False		Speaker agrees with available community-transcript mapping.	i just wanted to say that i hope you do have sex tonight and i hope that you guys get back together	Monica	Monica	present	char_tracker_stage05	chandler|monica	present	1.0		high	
37	254	594.66	599.7	But I must warn you, the night that you announce your engagement I'm going to announce that I'm pregnant.	Monica	high	community_transcript_match	1.0	dialogue	False	True	Rachel | Monica | Chandler	Monica	Chandler	False		Speaker agrees with available community-transcript mapping.	I just wanted to say that I hope you do have sex tonight and I hope that you guys get back together, but I must warn you, the night that you announce your engagement I’m going to announce that I’m pregnant!	Monica	Monica	present	char_tracker_stage05	chandler|monica	present	1.0		high	
37	255	601.06	602.9	How is that ever going to happen?	Chandler	high	community_transcript_match	1.0	dialogue	False	True	Rachel | Monica | Chandler	Monica	Rachel	False		Speaker agrees with available community-transcript mapping.	How is that ever going to happen?!	Chandler	Chandler	present	char_tracker_stage05	chandler|monica	present	1.0		high	
37	256	604.18	605.18	All right, Monica.	Rachel	high	qa_review_resolved_ct_support	1.0	dialogue	False	True	Rachel | Monica | Chandler	Chandler	Rachel	True	speaker_no_face	Speaker agrees with available community-transcript mapping. | QA resolved prior review with community-transcript support.	all right monica	Rachel	Rachel	absent	char_tracker_stage05		absent	0.0		medium	speaker_no_face
37	257	605.18	607.38	Do you want to know why I was with Ross tonight?	Rachel	high	qa_review_resolved_ct_support	1.0	dialogue	False	True	Rachel | Monica | Chandler	Rachel	Monica	True	speaker_no_face	Speaker agrees with available community-transcript mapping. | QA resolved prior review with community-transcript support.	All right Monica, do you want to know why I was with Ross tonight?!	Rachel	Rachel	absent	char_tracker_stage05		absent	0.0		medium	speaker_no_face
37	258	607.38	607.94	I know why.	Monica	high	qa_review_resolved_ct_support	1.0	dialogue	False	True	Rachel | Monica | Chandler	Rachel	Rachel	True	speaker_no_face	Speaker agrees with available community-transcript mapping. | QA resolved prior review with community-transcript support.	I know why!	Monica	Monica	absent	char_tracker_stage05		absent	0.0		medium	speaker_no_face
37	259	607.94	608.82	No, you don't know why.	Rachel	high	qa_review_resolved_ct_support	1.0	dialogue	False	True	Rachel | Monica | Chandler	Monica	Monica	True	speaker_offscreen	Speaker agrees with available community-transcript mapping. | QA resolved prior review with community-transcript support.	No you don’t know why!	Rachel	Rachel	present	char_tracker_stage05	chandler|monica	absent	0.0		low	speaker_offscreen
37	260	608.82	609.38	Okay, why?	Monica	high	community_transcript_match	1.0	dialogue	False	True	Rachel | Monica | Chandler	Rachel	Rachel	False		Speaker agrees with available community-transcript mapping.	Okay! Why?!	Monica	Monica	present	char_tracker_stage05	chandler|monica|rachel	present	1.0		high	
37	261	609.62	610.02	Because.	Rachel	high	community_transcript_match	1.0	dialogue	False	True	Rachel | Monica | Chandler	Monica	Rachel	False		Speaker agrees with available community-transcript mapping.	Because	Rachel	Rachel	present	char_tracker_stage05	chandler|monica|rachel	present	1.0		high	
37	262	610.18	611.3	Because I was sad.	Rachel	high	community_transcript_match	1.0	dialogue	False	True	Rachel | Monica | Chandler	Rachel	Monica	False		Speaker agrees with available community-transcript mapping.	Because! Because I was sad.	Rachel	Rachel	present	char_tracker_stage05	chandler|monica|rachel	present	1.0		high	
37	263	612.66	613.54	What do you mean?	Monica	high	community_transcript_match	1.0	dialogue	False	True	Rachel | Monica | Chandler	Rachel	Rachel	False		Speaker agrees with available community-transcript mapping.	What do you mean?	Monica	Monica	present	char_tracker_stage05	chandler|monica|rachel	present	1.0		high	
37	264	614.02	619.39	Look, I am so, so happy for you guys.	Rachel	medium	visual_disambiguation	0.74	dialogue	True	False	Rachel | Monica | Chandler	Monica	Rachel	False		Only one of the two text-context candidates was visually present in the window.				present	char_tracker_stage05	rachel	present			medium	
37	265	620.59	624.11	But you getting married just reminds me of the fact that I'm not.	Rachel	high	scene_context_bridge	0.88	dialogue	True	False	Rachel | Monica | Chandler	Rachel	Rachel	False		Same speaker appears on both sides within the same scene.				present	char_tracker_stage05	rachel	present			high	
37	266	624.67	625.63	I'm not even close.	Rachel	high	scene_context_bridge	0.88	dialogue	True	False	Rachel | Monica | Chandler	Rachel	Rachel	False		Same speaker appears on both sides within the same scene.				present	char_tracker_stage05	rachel	present			high	
37	267	626.59	629.07	And I don't know, maybe I just wanted to make myself feel better.	Rachel	high	scene_context_bridge	0.88	dialogue	True	False	Rachel | Monica | Chandler	Rachel	Rachel	False		Same speaker appears on both sides within the same scene.				present	char_tracker_stage05	chandler|monica|rachel|ross	present			high	
37	268	629.39	631.75	And I know that that's dumb, but.	Rachel	high	scene_context_bridge	0.88	dialogue	True	False	Rachel | Monica | Chandler	Rachel	Rachel	False		Same speaker appears on both sides within the same scene.				present	char_tracker_stage05	rachel	present			high	
37	269	631.75	632.47	Oh, my God.	Rachel	high	scene_context_bridge	0.88	dialogue	True	False	Rachel | Monica | Chandler	Rachel	Rachel	False		Same speaker appears on both sides within the same scene.				present	char_tracker_stage05	rachel	present			high	
37	270	632.47	635.23	You were so depressed when Ross got married that you slept with Chandler.	Rachel	high	community_transcript_match	1.0	dialogue	False	True	Rachel | Monica | Chandler	Rachel	Chandler	False		Speaker agrees with available community-transcript mapping.	Look, I am so…so happy for you guys, but you getting married just reminds me of the fact that I’m not. I’m not even close. And I don’t know, maybe I just wanted to make myself feel better. And I know that that’s dumb, but oh my God you were so depressed when Ross got married that you slept with Chandler!	Rachel	Rachel	present	char_tracker_stage05	rachel	present	1.0		high	
37	271	637.71	638.27	I don't care.	Chandler	high	community_transcript_match	1.0	dialogue	False	True	Rachel | Monica | Chandler	Rachel		False		Speaker agrees with available community-transcript mapping.	i don't care	Chandler	Chandler	present	char_tracker_stage05	chandler|monica|ross	present	1.0		high	
38	272	638.27	639.31	She slept with me.	Chandler	high	community_transcript_match	1.0	dialogue	False	True	Chandler | Rachel | Monica | Ross		Rachel	False		Speaker agrees with available community-transcript mapping.	(To Ross) I don’t care, she slept with me.	Chandler	Chandler	present	char_tracker_stage05	chandler|monica	present	1.0		high	
38	273	641.39	642.59	Anyway, sweetie, I'm.	Rachel	high	community_transcript_match	1.0	dialogue	False	True	Chandler | Rachel | Monica | Ross	Chandler	Rachel	False		Speaker agrees with available community-transcript mapping.	anyway sweetie i am	Rachel	Rachel	present	char_tracker_stage05	rachel	present	1.0		high	
38	274	643.32	645.16	I'm so sorry I ruined your night.	Rachel	high	community_transcript_match	1.0	dialogue	False	True	Chandler | Rachel | Monica | Ross	Rachel	Monica	False		Speaker agrees with available community-transcript mapping.	Anyway sweetie, I am, I’m so sorry I ruined your night.	Rachel	Rachel	present	char_tracker_stage05	rachel	present	1.0		high	
38	275	647.4	649.8	I'm sorry I almost made you sleep with Roz.	Monica	high	community_transcript_match	1.0	dialogue	False	True	Chandler | Rachel | Monica | Ross	Rachel	Ross	False		Speaker agrees with available community-transcript mapping.	(starting to cry) I’m sorry I almost made you sleep with Ross. (They hug.)	Monica	Monica	present	char_tracker_stage05	chandler|monica	present	1.0		high	
38	276	656.12	657.4	Well, I'm gonna take off.	Ross	high	community_transcript_match	1.0	dialogue	False	True	Chandler | Rachel | Monica | Ross	Monica	Ross	False		Speaker agrees with available community-transcript mapping.	Well, I'm going to take off	Ross	Ross	present	char_tracker_stage05	ross	present	1.0		high	
38	277	660.12	661.32	Congratulations, man.	Ross	high	qa_review_resolved_ct_support	1.0	dialogue	False	True	Chandler | Rachel | Monica | Ross	Ross	Chandler	True	speaker_offscreen	Speaker agrees with available community-transcript mapping. | QA resolved prior review with community-transcript support.	(deadpan) Well, I’m going to take off. (To Chandler) Congratulations man.	Ross	Ross	present	char_tracker_stage05	chandler|monica	absent	0.0		low	speaker_offscreen
38	278	661.32	661.8	Thanks.	Chandler	high	community_transcript_match	1.0	dialogue	False	True	Chandler | Rachel | Monica | Ross	Ross	Ross	False		Speaker agrees with available community-transcript mapping.	Thanks.	Chandler	Chandler	present	char_tracker_stage05	chandler|monica	present	1.0		high	
38	279	662.92	664.52	And Rachel.	Ross	high	qa_review_resolved_ct_support	1.0	dialogue	False	True	Chandler | Rachel | Monica | Ross	Chandler	Rachel	True	speaker_offscreen	Speaker agrees with available community-transcript mapping. | QA resolved prior review with community-transcript support.	(at the door) And uh, Rachel.	Ross	Ross	present	char_tracker_stage05	chandler|monica	absent	0.0		low	speaker_offscreen
38	280	664.76	665.24	Yeah?	Rachel	high	community_transcript_match	1.0	dialogue	False	True	Chandler | Rachel | Monica | Ross	Ross	Ross	False		Speaker agrees with available community-transcript mapping.	Yeah.	Rachel	Rachel	present	char_tracker_stage05	chandler|monica|rachel	present	1.0		high	
38	281	665.24	666.2	What can I say?	Ross	high	community_transcript_match	1.0	dialogue	False	True	Chandler | Rachel | Monica | Ross	Rachel	Ross	False		Speaker agrees with available community-transcript mapping.	what can i say	Ross	Ross	present	char_tracker_stage05	chandler|monica|rachel|ross	present	0.5		high	
38	282	666.36	667.56	You missed your chance.	Ross	high	community_transcript_match	1.0	dialogue	False	True	Chandler | Rachel | Monica | Ross	Ross	Ross	False		Speaker agrees with available community-transcript mapping.	What can I say, you missed your chance	Ross	Ross	present	char_tracker_stage05	chandler|monica|rachel|ross	present	1.0		high	
38	283	668.6	673.16	From now on, the only person who's gonna enjoy these bad boys is me.	Ross	high	community_transcript_match	1.0	dialogue	False	True	Chandler | Rachel | Monica | Ross	Ross		False		Speaker agrees with available community-transcript mapping.	What can I say, you missed your chance. From now on the only person who’s going to enjoy these bad boys (holds up his hands) is me. (Quickly realizes what he said and exits disgustedly.) (Chandler looks at his hands and then exits. Rachel and Monica hug).	Ross	Ross	present	char_tracker_stage05	chandler|ross	present	1.0		high	
40	284	690.97	696.25	We thought Phoebe would leave, but she just stayed and stayed.	Phoebe	high	community_transcript_match	1.0	dialogue	False	True	Phoebe | Chandler		Phoebe	False		Speaker agrees with available community-transcript mapping.	(singing) We thought Phoebe would leave, but she just stayed and stayed. That’s right, I’m here all night, and Chandler will never get l…	Phoebe	Phoebe	present	char_tracker_stage05	phoebe	present	0.5714		high	
40	285	696.97	697.85	That's right.	Phoebe	high	community_transcript_match	1.0	dialogue	False	True	Phoebe | Chandler	Phoebe	Phoebe	False		Speaker agrees with available community-transcript mapping.	That's right, I'm here all night, and Chandler will never get l	Phoebe	Phoebe	present	char_tracker_stage05	phoebe	present	1.0		high	
40	286	698.01	701.17	I'm here all night and Chandler will never get.	Phoebe	high	community_transcript_match	1.0	dialogue	False	True	Phoebe | Chandler	Phoebe	Chandler	False		Speaker agrees with available community-transcript mapping.	i'm here all night and chandler will never get l	Phoebe	Phoebe	present	char_tracker_stage05	phoebe	present	0.75		high	
40	287	701.33	703.97	Hey, here is a dollar.	Chandler	high	community_transcript_match	1.0	dialogue	False	True	Phoebe | Chandler	Phoebe	Chandler	False		Speaker agrees with available community-transcript mapping.	here's a dollar	Chandler	Chandler	present	char_tracker_stage05	chandler	present	1.0		high	
40	288	703.97	705.49	Consider it a deposit.	Chandler	high	community_transcript_match	1.0	dialogue	False	True	Phoebe | Chandler	Chandler	Chandler	False		Speaker agrees with available community-transcript mapping.	Here's a dollar, consider it a deposit	Chandler	Chandler	present	char_tracker_stage05	chandler	present	1.0		high	
40	289	705.49	706.93	Please sing at our wedding.	Chandler	high	community_transcript_match	1.0	dialogue	False	True	Phoebe | Chandler	Chandler	Phoebe	False		Speaker agrees with available community-transcript mapping.	(interrupting her just in time) Hey! Here’s a dollar, consider it a deposit. Please sing at our wedding.	Chandler	Chandler	present	char_tracker_stage05	chandler|phoebe	present	1.0		high	
40	290	706.93	707.77	Oh, thank you.	Phoebe	high	community_transcript_match	1.0	dialogue	False	True	Phoebe | Chandler	Chandler	Chandler	False		Speaker agrees with available community-transcript mapping.	Oh thank you.	Phoebe	Phoebe	present	char_tracker_stage05	chandler|phoebe	present	1.0		high	
40	291	707.77	708.37	Okay.	Chandler	high	qa_review_resolved_ct_support	1.0	dialogue	False	True	Phoebe | Chandler	Phoebe	Phoebe	True	speaker_offscreen	Speaker agrees with available community-transcript mapping. | QA resolved prior review with community-transcript support.	Okay. (Goes back to bed.)	Chandler	Chandler	present	char_tracker_stage05	phoebe	absent	0.0		low	speaker_offscreen
40	292	709.89	712.85	Now, who will perform the ceremony?	Phoebe	high	community_transcript_match	1.0	dialogue	False	True	Phoebe | Chandler	Chandler	Phoebe	False		Speaker agrees with available community-transcript mapping.	"""Who will perform the ceremony"	Phoebe	Phoebe	present	char_tracker_stage05	phoebe	present	1.0		high	
40	293	713.09	715.01	Who will perform the Saro?	Phoebe	high	community_transcript_match	1.0	dialogue	False	True	Phoebe | Chandler	Phoebe	Phoebe	False		Speaker agrees with available community-transcript mapping.	Who will perform the cer— —Oh—oh	Phoebe	Phoebe	present	char_tracker_stage05	phoebe	present	1.0		high	
40	294	719.01	720.61	All right, I'll pound on him in the morning.	Phoebe	high	community_transcript_match	1.0	dialogue	False	True	Phoebe | Chandler	Phoebe	Phoebe	False		Speaker agrees with available community-transcript mapping.	"Now… (Starts singing again) ""Who will perform the ceremony! Who will perform the cer—(Chandler enters and grabs her guitar and closes the door behind him)—Oh—oh! All right, I’ll pound on him in the morning."	Phoebe	Phoebe	present	char_tracker_stage05	phoebe	present	1.0		high	
40	295	726.96	735.75	Sam.	Phoebe	medium	scene_context_inference	0.68	dialogue	True	False	Phoebe | Chandler	Phoebe		True	scene_end_short_utterance	Filled from previous same-scene context.				unknown	char_tracker_stage05		unknown		sentence_outside_visual_data_range	medium	visual_presence_unknown
