scene_id	sentence_id	start	end	utterance	speaker	speaker_confidence	speaker_method	alignment_score	row_type	filled_from_missing	matched_to_ct	scene_speaker_set	prev_speaker_scene	next_speaker_scene	review_flag	review_reason	notes	utterance_ct	speaker_ct	speaker_original	visual_presence	visual_presence_source	visual_presence_chars	speaker_visual_presence	speaker_visual_ratio	visual_presence_note	annotation_confidence	annotation_review_reason
1	1	0.32	2.6	My life comes back from Russia just for one night.		low	unresolved	0.0	dialogue	False	False				True	unresolved_no_reliable_inference | missing_speaker	No reliable automatic assignment available.				present	char_tracker_stage05	phoebe	unknown			low	missing_speaker
1	2	2.6	4.8	I. I should change my beliefs?		low	unresolved	0.0	dialogue	False	False				True	unresolved_no_reliable_inference | missing_speaker	No reliable automatic assignment available.				present	char_tracker_stage05	phoebe	unknown			low	missing_speaker
1	3	5.6	7.28	I should change my beliefs.		low	unresolved	0.0	dialogue	False	False				True	unresolved_no_reliable_inference | missing_speaker	No reliable automatic assignment available.				present	char_tracker_stage05	phoebe	unknown			low	missing_speaker
9	4	8.48	10.12	No, no, no.	Phoebe	high	community_transcript_match	1.0	dialogue	False	True	Phoebe | Monica		Phoebe	False		Speaker agrees with available community-transcript mapping.	No	Phoebe	Phoebe	present	char_tracker_stage05	monica|phoebe	present	1.0		high	
9	5	10.12	12.48	If I don't have my principles, I don't have anything.	Phoebe	high	community_transcript_match	1.0	dialogue	False	True	Phoebe | Monica	Phoebe	Monica	False		Speaker agrees with available community-transcript mapping.	No he won’t. And that’s not even the point! Monica, I made a whole speech about you do not cancel plans with friends! And now y’know what? Just because, potentially, the love of my life comes back from Russia just for one night, I-I should change my beliefs?! I should change beliefs! No! No! No, if I don’t have my principles, I don’t have anything!	Phoebe	Phoebe	present	char_tracker_stage05	phoebe	present	1.0		high	
9	6	13.04	14.32	God, you are so strong.	Monica	high	community_transcript_match	1.0	dialogue	False	True	Phoebe | Monica	Phoebe	Phoebe	False		Speaker agrees with available community-transcript mapping.	God, you are so strong.	Monica	Monica	present	char_tracker_stage05	monica|phoebe	present	1.0		high	
9	7	14.56	18.24	Or I should rush through dinner with Joey and I could meet David at 9.	Phoebe	high	community_transcript_match	1.0	dialogue	False	True	Phoebe | Monica	Monica		False		Speaker agrees with available community-transcript mapping.	Or! I should rush through dinner with Joey and I can meet David at 9:00!	Phoebe	Phoebe	present	char_tracker_stage05	phoebe	present	1.0		high	
10	8	22.8	23.6	Oh my God.	Rachel	high	qa_review_resolved_ct_support	1.0	dialogue	False	True	Rachel | Chandler | Joey		Rachel	True	speaker_offscreen	Speaker agrees with available community-transcript mapping. | QA resolved prior review with community-transcript support.	(taking a bite) Oh my God! That is so good!	Rachel	Rachel	present	char_tracker_stage05	chandler	absent	0.0		low	speaker_offscreen
10	9	23.6	24.64	That is show good.	Rachel	high	qa_review_resolved_ct_support	1.0	dialogue	False	True	Rachel | Chandler | Joey	Rachel	Chandler	True	speaker_offscreen	Speaker agrees with available community-transcript mapping. | QA resolved prior review with community-transcript support.	That is so good	Rachel	Rachel	present	char_tracker_stage05	chandler	absent	0.0		low	speaker_offscreen
10	10	25.2	25.92	I'm full.	Chandler	high	community_transcript_match	1.0	dialogue	False	True	Rachel | Chandler | Joey	Rachel	Chandler	False		Speaker agrees with available community-transcript mapping.	i'm full	Chandler	Chandler	present	char_tracker_stage05	chandler	present	1.0		high	
10	11	26.61	29.73	And yet I know if I stop eating this, I'll regret it.	Chandler	high	community_transcript_match	1.0	dialogue	False	True	Rachel | Chandler | Joey	Chandler	Joey	False		Speaker agrees with available community-transcript mapping.	I’m full, and yet I know if I stop eating this, I’ll regret it.	Chandler	Chandler	present	char_tracker_stage05	chandler	present	1.0		high	
10	12	32.61	34.13	Hey, what do you got there?	Joey	high	qa_review_resolved_ct_support	1.0	dialogue	False	True	Rachel | Chandler | Joey	Chandler	Rachel	True	speaker_no_face	Speaker agrees with available community-transcript mapping. | QA resolved prior review with community-transcript support.	(seeing what they’re doing) What do you got there?	Joey	Joey	partial	char_tracker_stage05		absent	0.0		medium	speaker_no_face
10	13	34.61	35.33	Oh, it's.	Rachel	high	community_transcript_match	1.0	dialogue	False	True	Rachel | Chandler | Joey	Joey	Rachel	False		Speaker agrees with available community-transcript mapping.	oh it's umm	Rachel	Rachel	present	char_tracker_stage05	rachel	present	1.0		high	
10	14	36.05	37.17	It's tofu cake.	Rachel	high	community_transcript_match	1.0	dialogue	False	True	Rachel | Chandler | Joey	Rachel	Rachel	False		Speaker agrees with available community-transcript mapping.	Oh it's umm, it's tofu cake	Rachel	Rachel	present	char_tracker_stage05	joey|rachel	present	1.0		high	
10	15	37.17	37.81	Do you want some?	Rachel	high	community_transcript_match	1.0	dialogue	False	True	Rachel | Chandler | Joey	Rachel	Chandler	False		Speaker agrees with available community-transcript mapping.	Oh it’s umm, it’s tofu cake. Do you want some? (He makes a disgusted noise and heads for his room, Chandler follows him in.)	Rachel	Rachel	present	char_tracker_stage05	joey|rachel	present	1.0		high	
10	16	42.69	43.73	What are you doing tonight?	Chandler	high	community_transcript_match	1.0	dialogue	False	True	Rachel | Chandler | Joey	Rachel	Joey	False		Speaker agrees with available community-transcript mapping.	What are you doing tonight?	Chandler	Chandler	present	char_tracker_stage05	chandler|joey	present	0.5		high	
10	17	43.73	44.29	Huh?	Joey	high	community_transcript_match	1.0	dialogue	False	True	Rachel | Chandler | Joey	Chandler	Chandler	False		Speaker agrees with available community-transcript mapping.	Huh? Uh… (He starts taking off his pants.)	Joey	Joey	present	char_tracker_stage05	chandler|joey	present	1.0		high	
10	18	45.17	45.61	Dude.	Chandler	high	community_transcript_match	1.0	dialogue	False	True	Rachel | Chandler | Joey	Joey	Chandler	False		Speaker agrees with available community-transcript mapping.	Dude! Dude! (Motions that Joey should pull up his pants.)	Chandler	Chandler	present	char_tracker_stage05	chandler	present	1.0		high	
10	19	45.61	46.05	Dude.	Chandler	high	community_transcript_match	1.0	dialogue	False	True	Rachel | Chandler | Joey	Chandler	Joey	False		Speaker agrees with available community-transcript mapping.	dude	Chandler	Chandler	present	char_tracker_stage05	chandler	present	1.0		high	
10	20	47.09	49.01	Oh, sorry.	Joey	high	community_transcript_match	1.0	dialogue	False	True	Rachel | Chandler | Joey	Chandler	Joey	False		Speaker agrees with available community-transcript mapping.	Sorry	Joey	Joey	present	char_tracker_stage05	joey	present	1.0		high	
10	21	49.89	51.33	I got those plans with Phoebe.	Joey	high	community_transcript_match	1.0	dialogue	False	True	Rachel | Chandler | Joey	Joey	Chandler	False		Speaker agrees with available community-transcript mapping.	Oh! (Pulls up his pants.) Sorry. Uh, I’ve got those plans with Phoebe, why?	Joey	Joey	present	char_tracker_stage05	joey	present	1.0		high	
10	22	51.83	52.31	Oh, really?	Chandler	high	qa_review_resolved_ct_support	1.0	dialogue	False	True	Rachel | Chandler | Joey	Joey	Chandler	True	speaker_offscreen	Speaker agrees with available community-transcript mapping. | QA resolved prior review with community-transcript support.	Oh really	Chandler	Chandler	present	char_tracker_stage05	joey	absent	0.0		low	speaker_offscreen
10	23	52.79	54.39	Monica said she had a date at nine.	Chandler	high	community_transcript_match	1.0	dialogue	False	True	Rachel | Chandler | Joey	Chandler	Joey	False		Speaker agrees with available community-transcript mapping.	Oh really? Uh, Monica said she had a date at 9:00.	Chandler	Chandler	present	char_tracker_stage05	chandler	present	0.6667		high	
10	24	54.79	55.19	What?	Joey	high	community_transcript_match	1.0	dialogue	False	True	Rachel | Chandler | Joey	Chandler	Joey	False		Speaker agrees with available community-transcript mapping.	What	Joey	Joey	present	char_tracker_stage05	chandler|joey	present	1.0		high	
10	25	55.43	55.99	Tonight.	Joey	high	community_transcript_match	1.0	dialogue	False	True	Rachel | Chandler | Joey	Joey	Chandler	False		Speaker agrees with available community-transcript mapping.	What?! Tonight?!	Joey	Joey	present	char_tracker_stage05	joey	present	1.0		high	
10	26	56.39	57.59	That's what Monica said.	Chandler	high	qa_review_resolved_ct_support	1.0	dialogue	False	True	Rachel | Chandler | Joey	Joey	Joey	True	speaker_offscreen	Speaker agrees with available community-transcript mapping. | QA resolved prior review with community-transcript support.	That’s what Monica said.	Chandler	Chandler	present	char_tracker_stage05	joey	absent	0.0		low	speaker_offscreen
10	27	57.67	59.39	After she gave me that big speech.	Joey	high	community_transcript_match	1.0	dialogue	False	True	Rachel | Chandler | Joey	Chandler	Joey	False		Speaker agrees with available community-transcript mapping.	After she gave me that big speech	Joey	Joey	present	char_tracker_stage05	joey	present	1.0		high	
10	28	59.39	62.31	She goes and makes a date with a guy on the same night she has plans with me.	Joey	high	community_transcript_match	1.0	dialogue	False	True	Rachel | Chandler | Joey	Joey	Joey	False		Speaker agrees with available community-transcript mapping.	After she gave me that big speech?! She goes and makes a date with a guy on the same night she has plans with me? I think she’s trying to pull a fast one on Big Daddy! Now, if you'll excuse me...(starts to take off his pants again)	Joey	Joey	present	char_tracker_stage05	joey	present	1.0		high	
10	29	62.71	65.11	I think she's trying to pull a fast one on big Daddy.	Joey	high	community_transcript_match	1.0	dialogue	False	True	Rachel | Chandler | Joey	Joey	Joey	False		Speaker agrees with available community-transcript mapping.	I think she's trying to pull a fast one on Big Daddy	Joey	Joey	present	char_tracker_stage05	joey	present	1.0		high	
10	30	67.03	68.63	Now if you'll excuse me.	Joey	high	qa_review_resolved_ct_support	1.0	dialogue	False	True	Rachel | Chandler | Joey	Joey	Chandler	True	speaker_offscreen	Speaker agrees with available community-transcript mapping. | QA resolved prior review with community-transcript support.	Now, if you'll excuse me	Joey	Joey	present	char_tracker_stage05	chandler	absent	0.0		low	speaker_offscreen
10	31	68.71	69.99	Dude, dude, dude.	Chandler	high	qa_review_resolved_ct_support	1.0	dialogue	False	True	Rachel | Chandler | Joey	Joey	Chandler	True	speaker_no_face	Speaker agrees with available community-transcript mapping. | QA resolved prior review with community-transcript support.	Dude, dude	Chandler	Chandler	absent	char_tracker_stage05		absent	0.0		medium	speaker_no_face
10	32	70.15	72.71	If I took off my pants right now, how would you feel?	Chandler	high	community_transcript_match	1.0	dialogue	False	True	Rachel | Chandler | Joey	Chandler	Joey	False		Speaker agrees with available community-transcript mapping.	Dude, dude! If I took off my pants right now, how would you feel?	Chandler	Chandler	present	char_tracker_stage05	chandler	present	1.0		high	
10	33	73.83	74.95	Like your cousin Glenn.	Joey	high	community_transcript_match	1.0	dialogue	False	True	Rachel | Chandler | Joey	Chandler		False		Speaker agrees with available community-transcript mapping.	Like your cousin Glenn.	Joey	Joey	present	char_tracker_stage05	joey	present	1.0		high	
11	34	82.71	84.21	Oh, here, I think this, this is us.	Ross	high	qa_review_resolved_ct_support	1.0	dialogue	False	True	Ross | Monica | The Wedding Guest | The Second Guest | Ross (to the second guest)		Monica	True	speaker_no_face	Speaker agrees with available community-transcript mapping. | QA resolved prior review with community-transcript support.	Oh here, I think this is us. (Reading the name cards.) Yeah.	Ross	Ross	absent	char_tracker_stage05		absent	0.0		medium	speaker_no_face
11	35	84.93	87.73	Yeah, limited seating my ass.	Monica	high	qa_review_resolved_ct_support	1.0	dialogue	False	True	Ross | Monica | The Wedding Guest | The Second Guest | Ross (to the second guest)	Ross	Monica	True	speaker_no_face	Speaker agrees with available community-transcript mapping. | QA resolved prior review with community-transcript support.	Limited seating my ass	Monica	Monica	absent	char_tracker_stage05		absent	0.0		medium	speaker_no_face
11	36	89.17	90.45	Just see who made the cut.	Monica	high	qa_review_resolved_ct_support	1.0	dialogue	False	True	Ross | Monica | The Wedding Guest | The Second Guest | Ross (to the second guest)	Monica	The Wedding Guest	True	speaker_no_face	Speaker agrees with available community-transcript mapping. | QA resolved prior review with community-transcript support.	Limited seating my ass. Let’s see who made the cut. (To the couple sitting to her right.) Hi!	Monica	Monica	absent	char_tracker_stage05		absent	0.0		medium	speaker_no_face
11	37	91.49	92.61	Hi, honey.	The Wedding Guest	high	community_transcript_match	1.0	dialogue	False	True	Ross | Monica | The Wedding Guest | The Second Guest | Ross (to the second guest)	Monica	Monica	False		Speaker agrees with available community-transcript mapping.	Hi!	The Wedding Guest	The Wedding Guest	present	char_tracker_stage05	monica	unobserved			high	
11	38	92.61	93.73	I'm Monica Geller.	Monica	high	community_transcript_match	1.0	dialogue	False	True	Ross | Monica | The Wedding Guest | The Second Guest | Ross (to the second guest)	The Wedding Guest	Monica	False		Speaker agrees with available community-transcript mapping.	I'm Monica Gellar	Monica	Monica	present	char_tracker_stage05	monica|ross	present	1.0		high	
11	39	94.29	95.65	How do you know the bride and groom?	Monica	high	community_transcript_match	1.0	dialogue	False	True	Ross | Monica | The Wedding Guest | The Second Guest | Ross (to the second guest)	Monica	The Wedding Guest	False		Speaker agrees with available community-transcript mapping.	I’m Monica Gellar. Who do you know the bride and groom?	Monica	Monica	present	char_tracker_stage05	monica|ross	present	1.0		high	
11	40	95.65	97.01	Oh, I used to work with Granny.	The Wedding Guest	high	community_transcript_match	1.0	dialogue	False	True	Ross | Monica | The Wedding Guest | The Second Guest | Ross (to the second guest)	Monica	Monica	False		Speaker agrees with available community-transcript mapping.	Oh, I used to work with Frannie.	The Wedding Guest	The Wedding Guest	present	char_tracker_stage05	monica	unobserved			high	
11	41	97.01	98.05	Used to work with her?	Monica	high	community_transcript_match	1.0	dialogue	False	True	Ross | Monica | The Wedding Guest | The Second Guest | Ross (to the second guest)	The Wedding Guest	Monica	False		Speaker agrees with available community-transcript mapping.	Used to work with her	Monica	Monica	present	char_tracker_stage05	monica	present	1.0		high	
11	42	98.45	99.09	Used to?	Monica	high	community_transcript_match	1.0	dialogue	False	True	Ross | Monica | The Wedding Guest | The Second Guest | Ross (to the second guest)	Monica	Monica	False		Speaker agrees with available community-transcript mapping.	Used to	Monica	Monica	present	char_tracker_stage05	monica	present	1.0		high	
11	43	99.729	101.41	I'm a relative and I didn't get invited.	Monica	high	community_transcript_match	1.0	dialogue	False	True	Ross | Monica | The Wedding Guest | The Second Guest | Ross (to the second guest)	Monica	Monica	False		Speaker agrees with available community-transcript mapping.	Used to work with her. Used to! I’m a relative and I didn’t get invited! A blood relative! Blood!!	Monica	Monica	present	char_tracker_stage05	monica	present	1.0		high	
11	44	101.97	103.49	A blood relative.	Monica	high	community_transcript_match	1.0	dialogue	False	True	Ross | Monica | The Wedding Guest | The Second Guest | Ross (to the second guest)	Monica	Monica	False		Speaker agrees with available community-transcript mapping.	A blood relative	Monica	Monica	present	char_tracker_stage05	monica	present	1.0		high	
11	45	103.65	104.13	Blood.	Monica	high	community_transcript_match	1.0	dialogue	False	True	Ross | Monica | The Wedding Guest | The Second Guest | Ross (to the second guest)	Monica	Ross	False		Speaker agrees with available community-transcript mapping.	Blood	Monica	Monica	present	char_tracker_stage05	monica	present	1.0		high	
11	46	106.53	108.61	Stop saying blood to strangers.	Ross	high	community_transcript_match	1.0	dialogue	False	True	Ross | Monica | The Wedding Guest | The Second Guest | Ross (to the second guest)	Monica	Ross	False		Speaker agrees with available community-transcript mapping.	"(To Monica) Stop saying, ""Blood"" to strangers."	Ross	Ross	present	char_tracker_stage05	monica|ross	present	1.0		high	
11	47	109.25	111.77	From the ages of seven to nine, we were inseparable.	Ross	medium	scene_context_inference	0.66	dialogue	True	False	Ross | Monica | The Wedding Guest | The Second Guest | Ross (to the second guest)	Ross	Monica	True	two_sided_context_ambiguous	No direct transcript match; longer line defaulted to previous speaker in same scene.				present	char_tracker_stage05	monica|ross	present			medium	
11	48	111.77	112.49	Inseparable.	Monica	medium	short_turn_alternation	0.7	dialogue	True	False	Ross | Monica | The Wedding Guest | The Second Guest | Ross (to the second guest)	Ross	Monica	True	short_utterance_between_two_speakers	Short utterance inferred from local turn alternation.				present	char_tracker_stage05	monica|ross	present			medium	
11	49	112.49	113.89	And I didn't even get invited to this.	Monica	high	community_transcript_match	1.0	dialogue	False	True	Ross | Monica | The Wedding Guest | The Second Guest | Ross (to the second guest)	Monica	The Wedding Guest	False		Speaker agrees with available community-transcript mapping.	From the ages of 7-9 we were inseperable, inseperable and I didn't even get invited to this.	Monica	Monica	present	char_tracker_stage05	monica|ross	present	1.0		high	
11	50	114.16	115.12	Then why are you here?	The Wedding Guest	high	community_transcript_match	1.0	dialogue	False	True	Ross | Monica | The Wedding Guest | The Second Guest | Ross (to the second guest)	Monica	Monica	False		Speaker agrees with available community-transcript mapping.	Then why are you here?	The Wedding Guest	The Wedding Guest	present	char_tracker_stage05	monica|ross	unobserved			high	
11	51	116.56	117.52	My brother's date.	Monica	high	community_transcript_match	1.0	dialogue	False	True	Ross | Monica | The Wedding Guest | The Second Guest | Ross (to the second guest)	The Wedding Guest	Ross	False		Speaker agrees with available community-transcript mapping.	I'm my brother's date.	Monica	Monica	present	char_tracker_stage05	monica|ross	present	1.0		high	
11	52	117.92	119.04	I had a date.	Ross	high	community_transcript_match	1.0	dialogue	False	True	Ross | Monica | The Wedding Guest | The Second Guest | Ross (to the second guest)	Monica	Monica	False		Speaker agrees with available community-transcript mapping.	I had a date okay? Joan Tadesky, the linguist.	Ross	Ross	present	char_tracker_stage05	monica|ross	present	1.0		high	
11	53	119.04	119.6	Okay.	Monica	medium	short_turn_alternation	0.7	dialogue	True	False	Ross | Monica | The Wedding Guest | The Second Guest | Ross (to the second guest)	Ross	Monica	True	short_utterance_between_two_speakers	Short utterance inferred from local turn alternation.				present	char_tracker_stage05	monica|ross	present			medium	
11	54	119.6	121.92	Joan Tedeschi, the linguist.	Monica	high	scene_context_bridge	0.88	dialogue	True	False	Ross | Monica | The Wedding Guest | The Second Guest | Ross (to the second guest)	Monica	Monica	False		Same speaker appears on both sides within the same scene.				present	char_tracker_stage05	monica|ross	present			high	
11	55	123.92	125.04	So how about you?	Monica	high	qa_review_resolved_bridge	1.0	dialogue	False	True	Ross | Monica | The Wedding Guest | The Second Guest | Ross (to the second guest)	Monica	Monica	True	speaker_offscreen	Speaker agrees with available community-transcript mapping. | QA resolved prior review by same-speaker bridge.	So, how about you huh	Monica	Monica	present	char_tracker_stage05	ross	absent	0.3333		low	speaker_offscreen
11	56	125.36	126.96	How do you know the happy couple?	Monica	high	qa_review_resolved_ct_support	1.0	dialogue	False	True	Ross | Monica | The Wedding Guest | The Second Guest | Ross (to the second guest)	Monica	The Second Guest	True	speaker_offscreen	Speaker agrees with available community-transcript mapping. | QA resolved prior review with community-transcript support.	(to the couple on her left) So, how about you huh? How do you know the happy couple?	Monica	Monica	present	char_tracker_stage05	ross	absent	0.0		low	speaker_offscreen
11	57	127.2	130.4	We went to college with both of them and now we live next door.	The Second Guest	high	community_transcript_match	1.0	dialogue	False	True	Ross | Monica | The Wedding Guest | The Second Guest | Ross (to the second guest)	Monica	Monica	False		Speaker agrees with available community-transcript mapping.	We went to college with both of them and now we live next door.	The Second Guest	The Second Guest	present	char_tracker_stage05	ross	unobserved			high	
11	58	131.6	132.64	Okay, you're fine.	Monica	high	community_transcript_match	1.0	dialogue	False	True	Ross | Monica | The Wedding Guest | The Second Guest | Ross (to the second guest)	The Second Guest	Ross (to the second guest)	False		Speaker agrees with available community-transcript mapping.	Okay, you’re fine.	Monica	Monica	present	char_tracker_stage05	monica|ross	present	1.0		high	
11	59	134.8	136.48	You know, you would have liked Joan.	Ross (to the second guest)	high	community_transcript_match	1.0	dialogue	False	True	Ross | Monica | The Wedding Guest | The Second Guest | Ross (to the second guest)	Monica	Ross (to the second guest)	False		Speaker agrees with available community-transcript mapping.	You would've liked Joan	Ross (to the second guest)	Ross (to the second guest)	present	char_tracker_stage05	monica|ross	unobserved			high	
11	60	136.56	137.92	She's very pleasant.	Ross (to the second guest)	high	community_transcript_match	1.0	dialogue	False	True	Ross | Monica | The Wedding Guest | The Second Guest | Ross (to the second guest)	Ross (to the second guest)	Ross (to the second guest)	False		Speaker agrees with available community-transcript mapping.	She's very pleasant	Ross (to the second guest)	Ross (to the second guest)	present	char_tracker_stage05	monica|ross	unobserved			high	
11	61	139.68	140.44	There, there.	Ross (to the second guest)	high	community_transcript_match	1.0	dialogue	False	True	Ross | Monica | The Wedding Guest | The Second Guest | Ross (to the second guest)	Ross (to the second guest)	Ross (to the second guest)	False		Speaker agrees with available community-transcript mapping.	There, there	Ross (to the second guest)	Ross (to the second guest)	present	char_tracker_stage05	monica|ross	unobserved			high	
11	62	140.44	141.72	Her back looks like that.	Ross (to the second guest)	high	community_transcript_match	1.0	dialogue	False	True	Ross | Monica | The Wedding Guest | The Second Guest | Ross (to the second guest)	Ross (to the second guest)	Ross (to the second guest)	False		Speaker agrees with available community-transcript mapping.	You would've liked Joan. She's very pleasant. (points to someone in the room).There, there. Her back looks like that. That's not broad is it?	Ross (to the second guest)	Ross (to the second guest)	present	char_tracker_stage05	monica|ross	unobserved			high	
11	63	141.72	142.8	That's not broad.	Ross (to the second guest)	high	community_transcript_match	1.0	dialogue	False	True	Ross | Monica | The Wedding Guest | The Second Guest | Ross (to the second guest)	Ross (to the second guest)		False		Speaker agrees with available community-transcript mapping.	That's not broad is it	Ross (to the second guest)	Ross (to the second guest)	present	char_tracker_stage05	monica|ross	unobserved			high	
12	64	149.42	151.58	Come on, Julie, you've got to be ready to order by now.	Phoebe	high	qa_review_resolved_ct_support	1.0	dialogue	False	True	Phoebe | Joey | Man		Joey	True	speaker_no_face	Speaker agrees with available community-transcript mapping. | QA resolved prior review with community-transcript support.	Come on Joey! You've got to be ready to order by now.	Phoebe	Phoebe	absent	char_tracker_stage05		absent	0.0		medium	speaker_no_face
12	65	152.22	152.86	You know what?	Joey	high	qa_review_resolved_ct_support	1.0	dialogue	False	True	Phoebe | Joey | Man	Phoebe	Joey	True	speaker_no_face	Speaker agrees with available community-transcript mapping. | QA resolved prior review with community-transcript support.	You know what	Joey	Joey	absent	char_tracker_stage05		absent	0.0		medium	speaker_no_face
12	66	152.94	154.62	I don't think I like this table either.	Joey	high	qa_review_resolved_bridge	1.0	dialogue	False	True	Phoebe | Joey | Man	Joey	Joey	True	speaker_no_face	Speaker agrees with available community-transcript mapping. | QA resolved prior review by same-speaker bridge.	You know what? I don't think I like this table either. Maybe we should move again.	Joey	Joey	absent	char_tracker_stage05		absent	0.0		medium	speaker_no_face
12	67	154.62	155.66	Maybe we should move again.	Joey	high	qa_review_resolved_ct_support	1.0	dialogue	False	True	Phoebe | Joey | Man	Joey	Phoebe	True	speaker_no_face	Speaker agrees with available community-transcript mapping. | QA resolved prior review with community-transcript support.	Maybe we should move again	Joey	Joey	absent	char_tracker_stage05		absent	0.0		medium	speaker_no_face
12	68	155.74	157.02	No, we're staying right here.	Phoebe	high	qa_review_resolved_ct_support	1.0	dialogue	False	True	Phoebe | Joey | Man	Joey	Phoebe	True	speaker_no_face	Speaker agrees with available community-transcript mapping. | QA resolved prior review with community-transcript support.	No! We are staying right here. (A man passes by) Excuse me, we are ready to order.	Phoebe	Phoebe	partial	char_tracker_stage05		absent	0.3333		medium	speaker_no_face
12	69	157.02	157.62	Excuse me.	Phoebe	high	community_transcript_match	1.0	dialogue	False	True	Phoebe | Joey | Man	Phoebe	Phoebe	False		Speaker agrees with available community-transcript mapping.	Excuse me, we are ready to order	Phoebe	Phoebe	present	char_tracker_stage05	phoebe	present	1.0		high	
12	70	157.62	158.46	We're ready to order.	Phoebe	high	community_transcript_match	1.0	dialogue	False	True	Phoebe | Joey | Man	Phoebe	Man	False		Speaker agrees with available community-transcript mapping.	we are ready to order	Phoebe	Phoebe	present	char_tracker_stage05	phoebe	present	1.0		high	
12	71	159.02	160.06	I don't work here.	Man	high	community_transcript_match	1.0	dialogue	False	True	Phoebe | Joey | Man	Phoebe	Phoebe	False		Speaker agrees with available community-transcript mapping.	I don't...work here.	Man	Man	present	char_tracker_stage05	phoebe	unobserved			high	
12	72	161.739	163.26	Well, then you shouldn't be walking around.	Phoebe	high	community_transcript_match	1.0	dialogue	False	True	Phoebe | Joey | Man	Man		False		Speaker agrees with available community-transcript mapping.	Well then you shouldn't be walking around.	Phoebe	Phoebe	present	char_tracker_stage05	phoebe	present	1.0		high	
13	73	167.1	167.58	Hey.	The Waiter	high	community_transcript_match	1.0	dialogue	False	True	The Waiter | Phoebe | Joey		The Waiter	False		Speaker agrees with available community-transcript mapping.	Hey!	The Waiter	The Waiter	present	char_tracker_stage05	joey	unobserved			high	
13	74	167.58	168.02	Hi.	The Waiter	high	scene_context_bridge	0.88	dialogue	True	False	The Waiter | Phoebe | Joey	The Waiter	The Waiter	False		Same speaker appears on both sides within the same scene.				present	char_tracker_stage05	joey	unobserved			high	
13	75	168.02	168.94	You guys ready yet?	The Waiter	high	community_transcript_match	1.0	dialogue	False	True	The Waiter | Phoebe | Joey	The Waiter	Phoebe	False		Speaker agrees with available community-transcript mapping.	Are you guys ready?	The Waiter	The Waiter	absent	char_tracker_stage05		unobserved			high	
13	76	168.94	169.22	Yeah.	Phoebe	medium	short_turn_alternation	0.7	dialogue	True	False	The Waiter | Phoebe | Joey	The Waiter	Phoebe	True	short_utterance_between_two_speakers | speaker_no_face	Short utterance inferred from local turn alternation.				absent	char_tracker_stage05		absent			medium	speaker_no_face
13	77	169.22	169.62	Uh huh.	Phoebe	high	qa_review_resolved_bridge	0.9	dialogue	True	False	The Waiter | Phoebe | Joey	Phoebe	Phoebe	True	speaker_no_face	Same speaker appears on both sides within the same scene. | QA resolved prior review by same-speaker bridge.				absent	char_tracker_stage05		absent			medium	speaker_no_face
13	78	169.62	172.38	I'm going to have the green salad with the house dressing.	Phoebe	high	qa_review_resolved_bridge	0.9	dialogue	True	False	The Waiter | Phoebe | Joey	Phoebe	Phoebe	True	speaker_no_face	Same speaker appears on both sides within the same scene. | QA resolved prior review by same-speaker bridge.				absent	char_tracker_stage05		absent			medium	speaker_no_face
13	79	172.86	173.66	Water's fine.	Phoebe	high	qa_review_resolved_ct_support	1.0	dialogue	False	True	The Waiter | Phoebe | Joey	Phoebe	The Waiter	True	speaker_no_face	Speaker agrees with available community-transcript mapping. | QA resolved prior review with community-transcript support.	Yes! I will have the green salad, umm the house salad, and water’s fine.	Phoebe	Phoebe	absent	char_tracker_stage05		absent	0.0		medium	speaker_no_face
13	80	175.42	176.3	And you, sir?	The Waiter	high	community_transcript_match	1.0	dialogue	False	True	The Waiter | Phoebe | Joey	Phoebe	Joey	False		Speaker agrees with available community-transcript mapping.	(To Joey) And for you sir?	The Waiter	The Waiter	absent	char_tracker_stage05		unobserved			high	
13	81	176.78	177.14	Yeah.	Joey	high	community_transcript_match	1.0	dialogue	False	True	The Waiter | Phoebe | Joey	The Waiter	Joey	False		Speaker agrees with available community-transcript mapping.	yeah talkin' here	Joey	Joey	present	char_tracker_stage05	joey	present	0.5		high	
13	82	177.14	181.02	This slow roasted salmon, just how slow are we talking?	Joey	high	community_transcript_match	1.0	dialogue	False	True	The Waiter | Phoebe | Joey	Joey	The Waiter	False		Speaker agrees with available community-transcript mapping.	Yeah, this slow roasted salmon, just how slow are we talkin’ here?	Joey	Joey	present	char_tracker_stage05	joey	present	1.0		high	
13	83	182.7	184.06	It's already been roasted.	The Waiter	high	community_transcript_match	1.0	dialogue	False	True	The Waiter | Phoebe | Joey	Joey	Joey	False		Speaker agrees with available community-transcript mapping.	It’s uh, it’s already been roasted.	The Waiter	The Waiter	partial	char_tracker_stage05		unobserved			high	
13	84	184.06	185.26	Oh, then no.	Joey	high	community_transcript_match	1.0	dialogue	False	True	The Waiter | Phoebe | Joey	The Waiter	Joey	False		Speaker agrees with available community-transcript mapping.	Ohh, then no	Joey	Joey	present	char_tracker_stage05	joey	present	1.0		high	
13	85	186.62	188.14	Maybe I should hear those specials again.	Joey	high	community_transcript_match	1.0	dialogue	False	True	The Waiter | Phoebe | Joey	Joey	Phoebe	False		Speaker agrees with available community-transcript mapping.	Ohh, then no. Maybe I should hear those specials again.	Joey	Joey	present	char_tracker_stage05	joey	present	1.0		high	
13	86	188.379	190.62	Oh, Joey, we've heard the specials three times.	Phoebe	high	community_transcript_match	1.0	dialogue	False	True	The Waiter | Phoebe | Joey	Joey	Phoebe	False		Speaker agrees with available community-transcript mapping.	oh joey we've heard the specials three times	Phoebe	Phoebe	present	char_tracker_stage05	phoebe	present	1.0		high	
13	87	190.62	195.42	Okay, there's prime rib, mahi mahi And a very special lobster ravioli.	Phoebe	high	community_transcript_match	1.0	dialogue	False	True	The Waiter | Phoebe | Joey	Phoebe	The Waiter	False		Speaker agrees with available community-transcript mapping.	Oh Joey, we’ve heard the specials three times! Okay? There’s prime rib, mahi mahi, and a very special lobster ravioli. (She grabs his menu and hands it to the waiter.)	Phoebe	Phoebe	present	char_tracker_stage05	phoebe	present	1.0		high	
13	88	195.5	197.58	Actually, we're out of the lobster ravioli.	The Waiter	high	community_transcript_match	1.0	dialogue	False	True	The Waiter | Phoebe | Joey	Phoebe	Joey	False		Speaker agrees with available community-transcript mapping.	Actually we’re out of the lobster ravioli. (Putting Joey’s menu under his arm.)	The Waiter	The Waiter	present	char_tracker_stage05	joey|phoebe	unobserved			high	
13	89	197.58	199.26	Oh, wow, that changes everything.	Joey	high	community_transcript_match	1.0	dialogue	False	True	The Waiter | Phoebe | Joey	The Waiter	Joey	False		Speaker agrees with available community-transcript mapping.	Oh well, that changes everything! (Grabs his menu and starts looking at it again. The waiter leaves.) Y’know what Pheebs?	Joey	Joey	present	char_tracker_stage05	joey|phoebe	present	1.0		high	
13	90	202.44	203.16	You know what, Peebs?	Joey	high	scene_context_bridge	0.88	dialogue	True	False	The Waiter | Phoebe | Joey	Joey	Joey	False		Same speaker appears on both sides within the same scene.				present	char_tracker_stage05	joey	present			high	
13	91	203.64	204.6	You were right before.	Joey	high	community_transcript_match	1.0	dialogue	False	True	The Waiter | Phoebe | Joey	Joey	Joey	False		Speaker agrees with available community-transcript mapping.	You were right before	Joey	Joey	present	char_tracker_stage05	joey|phoebe	present	1.0		high	
13	92	205.16	206.76	Friends are so important.	Joey	high	qa_review_resolved_ct_support	1.0	dialogue	False	True	The Waiter | Phoebe | Joey	Joey	Phoebe	True	speaker_offscreen	Speaker agrees with available community-transcript mapping. | QA resolved prior review with community-transcript support.	You were right before. I mean, friends are so important.	Joey	Joey	present	char_tracker_stage05	phoebe	absent	0.0		low	speaker_offscreen
13	93	207.08	208.2	Yeah, I'm very wise.	Phoebe	high	community_transcript_match	1.0	dialogue	False	True	The Waiter | Phoebe | Joey	Joey	Phoebe	False		Speaker agrees with available community-transcript mapping.	(checking her watch) Yeah, I’m very wise. I know.	Phoebe	Phoebe	present	char_tracker_stage05	phoebe	present	1.0		high	
13	94	208.2	208.68	I know.	Phoebe	high	community_transcript_match	1.0	dialogue	False	True	The Waiter | Phoebe | Joey	Phoebe	Joey	False		Speaker agrees with available community-transcript mapping.	I know	Phoebe	Phoebe	present	char_tracker_stage05	phoebe	present	1.0		high	
13	95	210.2	211.32	You know what I really want?	Joey	high	community_transcript_match	1.0	dialogue	False	True	The Waiter | Phoebe | Joey	Phoebe	Phoebe	False		Speaker agrees with available community-transcript mapping.	Y’know-y’know what I really want?	Joey	Joey	present	char_tracker_stage05	joey|phoebe	present	1.0		high	
13	96	211.4	211.76	What?	Phoebe	high	qa_review_resolved_ct_support	1.0	dialogue	False	True	The Waiter | Phoebe | Joey	Joey	Joey	True	speaker_offscreen	Speaker agrees with available community-transcript mapping. | QA resolved prior review with community-transcript support.	What?	Phoebe	Phoebe	present	char_tracker_stage05	joey	absent	0.0		low	speaker_offscreen
13	97	211.76	214.04	Is to have a long, long talk.	Joey	high	community_transcript_match	1.0	dialogue	False	True	The Waiter | Phoebe | Joey	Phoebe	Joey	False		Speaker agrees with available community-transcript mapping.	is to have a long long talk y'know	Joey	Joey	present	char_tracker_stage05	joey	present	1.0		high	
13	98	214.76	218.12	You know, get Joey out on the open road and really open him up.	Joey	high	community_transcript_match	1.0	dialogue	False	True	The Waiter | Phoebe | Joey	Joey	The Waiter	False		Speaker agrees with available community-transcript mapping.	Is to have a long, long talk. Y’know? Get Joey out on the open road and really open him up.	Joey	Joey	present	char_tracker_stage05	joey	present	1.0		high	
13	99	219.96	220.76	Any progress?	The Waiter	high	community_transcript_match	1.0	dialogue	False	True	The Waiter | Phoebe | Joey	Joey	Joey	False		Speaker agrees with available community-transcript mapping.	(returning) Any progress?	The Waiter	The Waiter	present	char_tracker_stage05	joey	unobserved			high	
13	100	220.92	224.44	Yes, I will have the lobster ravioli.	Joey	high	community_transcript_match	1.0	dialogue	False	True	The Waiter | Phoebe | Joey	The Waiter	Phoebe	False		Speaker agrees with available community-transcript mapping.	Yes! I will have the lobster ravioli.	Joey	Joey	present	char_tracker_stage05	joey	present	1.0		high	
13	101	225.72	226.12	John.	Phoebe	medium	visual_disambiguation	0.74	dialogue	True	False	The Waiter | Phoebe | Joey	Joey	Phoebe	False		Only one of the two text-context candidates was visually present in the window.				present	char_tracker_stage05	phoebe	present			medium	
13	102	226.12	227.64	Joey, this is taking forever.	Phoebe	high	community_transcript_match	1.0	dialogue	False	True	The Waiter | Phoebe | Joey	Phoebe	Joey	False		Speaker agrees with available community-transcript mapping.	God Joey, this is taking forever!	Phoebe	Phoebe	present	char_tracker_stage05	joey|phoebe	present	1.0		high	
13	103	227.8	228.72	What's the rush?	Joey	high	community_transcript_match	1.0	dialogue	False	True	The Waiter | Phoebe | Joey	Phoebe	Joey	False		Speaker agrees with available community-transcript mapping.	What’s the rush? What?	Joey	Joey	present	char_tracker_stage05	joey|phoebe	present	1.0		high	
13	104	228.72	229.08	What?	Joey	high	community_transcript_match	1.0	dialogue	False	True	The Waiter | Phoebe | Joey	Joey	Joey	False		Speaker agrees with available community-transcript mapping.	What	Joey	Joey	present	char_tracker_stage05	joey|phoebe	present	1.0		high	
13	105	229.38	230.58	Well, I just.	Joey	medium	scene_context_inference	0.7100000000000001	dialogue	True	False	The Waiter | Phoebe | Joey	Joey	Phoebe	True	medium_confidence_context_fill	Continuation-style opener favors previous speaker within the same scene.				present	char_tracker_stage05	joey|phoebe	present			medium	
13	106	230.74	231.26	I have.	Phoebe	medium	visual_disambiguation	0.74	dialogue	True	False	The Waiter | Phoebe | Joey	Joey	Phoebe	False		Only one of the two text-context candidates was visually present in the window.				present	char_tracker_stage05	phoebe	present			medium	
13	107	231.26	231.9	You know, I have.	Phoebe	high	scene_context_bridge	0.88	dialogue	True	False	The Waiter | Phoebe | Joey	Phoebe	Phoebe	False		Same speaker appears on both sides within the same scene.				present	char_tracker_stage05	phoebe	present			high	
13	108	231.9	234.5	I have an appointment, and it's very important.	Phoebe	high	community_transcript_match	1.0	dialogue	False	True	The Waiter | Phoebe | Joey	Phoebe	Joey	False		Speaker agrees with available community-transcript mapping.	W-w—I just—it’s that—I have—y’know I have-I have an appointment. And it’s very important.	Phoebe	Phoebe	present	char_tracker_stage05	phoebe	present	1.0		high	
13	109	234.66	235.94	Oh, well, what is it?	Joey	high	community_transcript_match	1.0	dialogue	False	True	The Waiter | Phoebe | Joey	Phoebe	Phoebe	False		Speaker agrees with available community-transcript mapping.	Whoa-whoa, what is it?	Joey	Joey	present	char_tracker_stage05	joey|phoebe	present	1.0		high	
13	110	236.98	239.78	Well, it's a date.	Phoebe	high	community_transcript_match	1.0	dialogue	False	True	The Waiter | Phoebe | Joey	Joey	Joey	False		Speaker agrees with available community-transcript mapping.	Well… It’s a date.	Phoebe	Phoebe	present	char_tracker_stage05	phoebe	present	1.0		high	
13	111	240.18	240.9	A date?	Joey	high	community_transcript_match	1.0	dialogue	False	True	The Waiter | Phoebe | Joey	Phoebe	Joey	False		Speaker agrees with available community-transcript mapping.	a date no no pheebs	Joey	Joey	present	char_tracker_stage05	joey|phoebe	present	1.0		high	
13	112	241.62	243.9	No, no, Phoebe, you must be mistaken.	Joey	high	community_transcript_match	1.0	dialogue	False	True	The Waiter | Phoebe | Joey	Joey	Joey	False		Speaker agrees with available community-transcript mapping.	a date no no pheebs you you must be mistaken	Joey	Joey	present	char_tracker_stage05	joey	present	1.0		high	
13	113	243.9	247.46	Because I know you wouldn't schedule a date on the same night you have plans with a friend.	Joey	high	community_transcript_match	1.0	dialogue	False	True	The Waiter | Phoebe | Joey	Joey	Phoebe	False		Speaker agrees with available community-transcript mapping.	A date?! No, no Pheebs you-you must be mistaken, because I know you wouldn’t schedule a date on the same night you have plans with a friend!	Joey	Joey	present	char_tracker_stage05	joey	present	1.0		high	
13	114	247.7	249.78	Come on, Joey, don't make me feel badly about this.	Phoebe	high	community_transcript_match	1.0	dialogue	False	True	The Waiter | Phoebe | Joey	Joey	Joey	False		Speaker agrees with available community-transcript mapping.	Come on Joey, don’t make me feel badly about this.	Phoebe	Phoebe	present	char_tracker_stage05	joey|phoebe	present	1.0		high	
13	115	249.78	250.66	No, I'm gonna.	Joey	high	community_transcript_match	1.0	dialogue	False	True	The Waiter | Phoebe | Joey	Phoebe	Joey	False		Speaker agrees with available community-transcript mapping.	No, I'm gonna	Joey	Joey	present	char_tracker_stage05	joey|phoebe	present	1.0		high	
13	116	253.22	253.7	That's right.	Joey	high	community_transcript_match	1.0	dialogue	False	True	The Waiter | Phoebe | Joey	Joey	Joey	False		Speaker agrees with available community-transcript mapping.	That's right	Joey	Joey	present	char_tracker_stage05	joey	present	1.0		high	
13	117	253.7	256.54	Yeah, you made me feel really guilty about going out with that girl.	Joey	high	community_transcript_match	1.0	dialogue	False	True	The Waiter | Phoebe | Joey	Joey	Joey	False		Speaker agrees with available community-transcript mapping.	No, I’m gonna!! That’s right! Yeah, you made me feel really guilty about goin’ out with that girl! Like-like-like I did something terrible to you! And now Pheebs, you’re doing the same thing!	Joey	Joey	present	char_tracker_stage05	joey	present	1.0		high	
13	118	256.54	256.9	Like.	Joey	high	community_transcript_match	1.0	dialogue	False	True	The Waiter | Phoebe | Joey	Joey	Joey	False		Speaker agrees with available community-transcript mapping.	Like-like-like I did something terrible to you	Joey	Joey	present	char_tracker_stage05	joey	present	1.0		high	
13	119	256.99	258.75	Like I did something terrible to you.	Joey	high	community_transcript_match	1.0	dialogue	False	True	The Waiter | Phoebe | Joey	Joey	Joey	False		Speaker agrees with available community-transcript mapping.	like like i did something terrible to you	Joey	Joey	present	char_tracker_stage05	joey	present	1.0		high	
13	120	258.75	260.59	Now, Phoebe, you're doing the same thing.	Joey	medium	name_address_rule	0.74	dialogue	True	False	The Waiter | Phoebe | Joey	Joey	Phoebe	False		Utterance names the next speaker, so the previous speaker is more likely.				present	char_tracker_stage05	joey	present			medium	
13	121	260.83	261.91	It's not the same thing.	Phoebe	high	community_transcript_match	1.0	dialogue	False	True	The Waiter | Phoebe | Joey	Joey	Phoebe	False		Speaker agrees with available community-transcript mapping.	That—It's not the same thing	Phoebe	Phoebe	present	char_tracker_stage05	joey|phoebe	present	1.0		high	
13	122	261.91	263.39	This is totally different.	Phoebe	high	community_transcript_match	1.0	dialogue	False	True	The Waiter | Phoebe | Joey	Phoebe	Phoebe	False		Speaker agrees with available community-transcript mapping.	This is totally different	Phoebe	Phoebe	present	char_tracker_stage05	phoebe	present	1.0		high	
13	123	263.63	264.71	This is with David.	Phoebe	high	community_transcript_match	1.0	dialogue	False	True	The Waiter | Phoebe | Joey	Phoebe	Phoebe	False		Speaker agrees with available community-transcript mapping.	This is with David	Phoebe	Phoebe	present	char_tracker_stage05	phoebe	present	1.0		high	
13	124	264.71	266.83	Remember David, the scientist guy?	Phoebe	high	community_transcript_match	1.0	dialogue	False	True	The Waiter | Phoebe | Joey	Phoebe	Phoebe	False		Speaker agrees with available community-transcript mapping.	That—It’s not the same thing! This is totally different! This is with David! Remember David, the scientist guy? Okay, he’s very special to me.	Phoebe	Phoebe	present	char_tracker_stage05	phoebe	present	1.0		high	
13	125	266.83	268.63	Okay, he's very special to me.	Phoebe	high	community_transcript_match	1.0	dialogue	False	True	The Waiter | Phoebe | Joey	Phoebe	Joey	False		Speaker agrees with available community-transcript mapping.	Okay, he's very special to me	Phoebe	Phoebe	present	char_tracker_stage05	phoebe	present	1.0		high	
13	126	268.63	270.75	Okay, well, my girlfriend the other night was special.	Joey	high	community_transcript_match	1.0	dialogue	False	True	The Waiter | Phoebe | Joey	Phoebe	Joey	False		Speaker agrees with available community-transcript mapping.	Okay, well my girl from the other night was special. She was a scientist too!	Joey	Joey	present	char_tracker_stage05	joey	present	1.0		high	
13	127	270.83	272.11	She was a scientist too.	Joey	high	community_transcript_match	1.0	dialogue	False	True	The Waiter | Phoebe | Joey	Joey	Phoebe	False		Speaker agrees with available community-transcript mapping.	She was a scientist too	Joey	Joey	present	char_tracker_stage05	joey	present	1.0		high	
13	128	272.43	273.07	She was?	Phoebe	high	community_transcript_match	1.0	dialogue	False	True	The Waiter | Phoebe | Joey	Joey	Joey	False		Speaker agrees with available community-transcript mapping.	She was?	Phoebe	Phoebe	present	char_tracker_stage05	joey|phoebe	present	1.0		high	
13	129	273.55	275.07	Well, she graduated high school.	Joey	high	community_transcript_match	1.0	dialogue	False	True	The Waiter | Phoebe | Joey	Phoebe	Phoebe	False		Speaker agrees with available community-transcript mapping.	Well, she graduated from high school!	Joey	Joey	present	char_tracker_stage05	joey|phoebe	present	1.0		high	
13	130	276.59	277.55	Okay, whatever.	Phoebe	high	community_transcript_match	1.0	dialogue	False	True	The Waiter | Phoebe | Joey	Joey	Phoebe	False		Speaker agrees with available community-transcript mapping.	Okay, whatever	Phoebe	Phoebe	present	char_tracker_stage05	phoebe	present	1.0		high	
13	131	277.55	278.03	You know what?	Phoebe	high	community_transcript_match	1.0	dialogue	False	True	The Waiter | Phoebe | Joey	Phoebe	Phoebe	False		Speaker agrees with available community-transcript mapping.	Y'know what	Phoebe	Phoebe	present	char_tracker_stage05	phoebe	present	1.0		high	
13	132	278.03	282.11	I don't have time to convince you because he's only here for four hours and I'm gonna go see him.	Phoebe	high	community_transcript_match	1.0	dialogue	False	True	The Waiter | Phoebe | Joey	Phoebe	Joey	False		Speaker agrees with available community-transcript mapping.	Okay, whatever. Y’know what? I don’t have time have time to convince you because he’s only here for four hours, and I’m gonna go see him! (Gets up and leaves.)	Phoebe	Phoebe	present	char_tracker_stage05	phoebe	present	0.8		high	
13	133	282.11	282.55	Fine.	Joey	high	community_transcript_match	1.0	dialogue	False	True	The Waiter | Phoebe | Joey	Phoebe	Joey	False		Speaker agrees with available community-transcript mapping.	Fine!	Joey	Joey	present	char_tracker_stage05	joey	present	1.0		high	
13	134	282.55	283.47	Yeah, fine.	Joey	high	community_transcript_match	1.0	dialogue	False	True	The Waiter | Phoebe | Joey	Joey	Phoebe	False		Speaker agrees with available community-transcript mapping.	Fine!	Joey	Joey	present	char_tracker_stage05	joey	present	1.0		high	
13	135	283.47	283.95	Yeah.	Phoebe	high	qa_review_resolved_ct_support	1.0	dialogue	False	True	The Waiter | Phoebe | Joey	Joey	Joey	True	speaker_offscreen	Speaker agrees with available community-transcript mapping. | QA resolved prior review with community-transcript support.	Yeah! (She exits.)	Phoebe	Phoebe	present	char_tracker_stage05	joey	absent	0.0		low	speaker_offscreen
13	136	286.1	286.98	What are you still doing here?	Joey	high	qa_review_resolved_ct_support	1.0	dialogue	False	True	The Waiter | Phoebe | Joey	Phoebe	Joey	True	speaker_no_face	Speaker agrees with available community-transcript mapping. | QA resolved prior review with community-transcript support.	(to the waiter) What are you still doin’ here?! I told you, lobster ravioli!	Joey	Joey	absent	char_tracker_stage05		absent	0.0		medium	speaker_no_face
13	137	286.98	287.42	I told you.	Joey	high	qa_review_resolved_bridge	1.0	dialogue	False	True	The Waiter | Phoebe | Joey	Joey	Joey	True	speaker_no_face	Speaker agrees with available community-transcript mapping. | QA resolved prior review by same-speaker bridge.	I told you, lobster ravioli	Joey	Joey	absent	char_tracker_stage05		absent	0.0		medium	speaker_no_face
13	138	287.42	288.9	Lobster ravioli.	Joey	high	qa_review_resolved_bridge	1.0	dialogue	False	True	The Waiter | Phoebe | Joey	Joey	Joey	True	speaker_no_face	Speaker agrees with available community-transcript mapping. | QA resolved prior review by same-speaker bridge.	lobster ravioli	Joey	Joey	absent	char_tracker_stage05		absent	0.0		medium	speaker_no_face
13	139	292.58	293.06	Hey.	Joey	medium	scene_context_inference	0.68	dialogue	True	False	The Waiter | Phoebe | Joey	Joey		True	scene_end_short_utterance | speaker_no_face	Filled from previous same-scene context.				absent	char_tracker_stage05		absent			medium	speaker_no_face
14	140	293.14	293.62	Hey.	Phoebe	high	qa_review_resolved_ct_support	1.0	dialogue	False	True	Phoebe | David		David	True	speaker_no_face	Speaker agrees with available community-transcript mapping. | QA resolved prior review with community-transcript support.	Hey!	Phoebe	Phoebe	absent	char_tracker_stage05		absent	0.0		medium	speaker_no_face
14	141	293.7	294.94	Oh, I was just about to leave.	David	high	community_transcript_match	1.0	dialogue	False	True	Phoebe | David	Phoebe	David	False		Speaker agrees with available community-transcript mapping.	Oh, I was just about to leave	David	David	absent	char_tracker_stage05		unobserved			high	
14	142	294.94	296.5	I didn't think you were coming.	David	high	community_transcript_match	1.0	dialogue	False	True	Phoebe | David	David	Phoebe	False		Speaker agrees with available community-transcript mapping.	Hey! Oh, I was just about to leave. I-I-I-I didn’t think you were coming.	David	David	partial	char_tracker_stage05		unobserved			high	
14	143	296.66	298.1	Oh, I wouldn't have missed this.	Phoebe	high	community_transcript_match	1.0	dialogue	False	True	Phoebe | David	David	David	False		Speaker agrees with available community-transcript mapping.	Oh, I wouldn’t miss this.	Phoebe	Phoebe	present	char_tracker_stage05	phoebe	present	1.0		high	
14	144	298.66	300.98	Well, I'm very glad you're here.	David	high	community_transcript_match	1.0	dialogue	False	True	Phoebe | David	Phoebe	Phoebe	False		Speaker agrees with available community-transcript mapping.	Well, I’m very glad you’re here. (Kisses her hand.)	David	David	present	char_tracker_stage05	phoebe	unobserved			high	
14	145	301.94	303.86	Oh, you're such a gentleman.	Phoebe	high	community_transcript_match	1.0	dialogue	False	True	Phoebe | David	David	Phoebe	False		Speaker agrees with available community-transcript mapping.	oh you're such a gentleman	Phoebe	Phoebe	present	char_tracker_stage05	phoebe	present	1.0		high	
14	146	304.26	305.54	Come on, we're going to my place.	Phoebe	high	community_transcript_match	1.0	dialogue	False	True	Phoebe | David	Phoebe		False		Speaker agrees with available community-transcript mapping.	Oh, you’re such a gentleman. (Grabs his arm.) Come on! We’re going to my place! (Drags him off to her place.)	Phoebe	Phoebe	present	char_tracker_stage05	phoebe	present	1.0		high	
15	147	313.71	315.63	Are you eating the cheesecake without me?	Chandler	high	community_transcript_match	1.0	dialogue	False	True	Chandler | Rachel		Rachel	False		Speaker agrees with available community-transcript mapping.	Are you eating the cheesecake without me?!	Chandler	Chandler	present	char_tracker_stage05	chandler	present	1.0		high	
15	148	315.71	316.11	Mm.	Rachel	medium	short_turn_alternation	0.7	dialogue	True	False	Chandler | Rachel	Chandler	Rachel	True	short_utterance_between_two_speakers	Short utterance inferred from local turn alternation.				present	char_tracker_stage05	chandler|rachel	present			medium	
15	149	316.11	316.59	Mm.	Rachel	high	community_transcript_match	1.0	dialogue	False	True	Chandler | Rachel	Rachel	Chandler	False		Speaker agrees with available community-transcript mapping.	(with a mouthful) Mm-mmm. (Nods no.)	Rachel	Rachel	present	char_tracker_stage05	rachel	present	1.0		high	
15	150	318.83	321.63	I will give you $100 to whistle right now.	Chandler	high	community_transcript_match	1.0	dialogue	False	True	Chandler | Rachel	Rachel	Chandler	False		Speaker agrees with available community-transcript mapping.	I will give you a hundred dollars to whistle right now	Chandler	Chandler	present	char_tracker_stage05	chandler	present	1.0		high	
15	151	327.07	328.75	How can you eat the cheesecake without me?	Chandler	high	qa_review_resolved_bridge	1.0	dialogue	False	True	Chandler | Rachel	Chandler	Chandler	True	speaker_no_face	Speaker agrees with available community-transcript mapping. | QA resolved prior review by same-speaker bridge.	I will give you a hundred dollars to whistle right now. (She tries to whistle and blows little chunks of cheesecake out of her mouth.) How can you eat the cheesecake without me?!	Chandler	Chandler	absent	char_tracker_stage05		absent	0.0		medium	speaker_no_face
15	152	328.75	329.51	What are you gonna do?	Chandler	medium	scene_context_inference	0.66	dialogue	True	False	Chandler | Rachel	Chandler	Rachel	True	two_sided_context_ambiguous | speaker_no_face	No direct transcript match; longer line defaulted to previous speaker in same scene.				absent	char_tracker_stage05		absent			medium	speaker_no_face
15	153	329.51	330.71	You gonna go run tell Monica?	Rachel	medium	visual_disambiguation	0.74	dialogue	True	False	Chandler | Rachel	Chandler	Rachel	False		Only one of the two text-context candidates was visually present in the window.				present	char_tracker_stage05	rachel	present			medium	
15	154	330.71	331.71	Are you gonna tell Joey?	Rachel	high	scene_context_bridge	0.88	dialogue	True	False	Chandler | Rachel	Rachel	Rachel	False		Same speaker appears on both sides within the same scene.				present	char_tracker_stage05	rachel	present			high	
15	155	331.79	333.71	No, because then you're gonna have to tell them what we did.	Rachel	high	community_transcript_match	1.0	dialogue	False	True	Chandler | Rachel	Rachel	Rachel	False		Speaker agrees with available community-transcript mapping.	Oh, what are you going to do?! Are you gonna go run tell Monica?! Are you gonna tell Joey?! No! Because then you will have to tell them what we did! We are desert stealers! We are living outside the law!	Rachel	Rachel	present	char_tracker_stage05	rachel	present	1.0		high	
15	156	333.71	335.19	We are dessert stealers.	Rachel	high	community_transcript_match	1.0	dialogue	False	True	Chandler | Rachel	Rachel	Rachel	False		Speaker agrees with available community-transcript mapping.	We are desert stealers	Rachel	Rachel	present	char_tracker_stage05	rachel	present	1.0		high	
15	157	335.19	336.75	We are living outside the law.	Rachel	high	community_transcript_match	1.0	dialogue	False	True	Chandler | Rachel	Rachel	Chandler	False		Speaker agrees with available community-transcript mapping.	We are living outside the law	Rachel	Rachel	present	char_tracker_stage05	rachel	present	1.0		high	
15	158	338.17	338.53	You know what?	Chandler	high	qa_review_resolved_ct_support	1.0	dialogue	False	True	Chandler | Rachel	Rachel	Chandler	True	speaker_no_face	Speaker agrees with available community-transcript mapping. | QA resolved prior review with community-transcript support.	Y'know what	Chandler	Chandler	absent	char_tracker_stage05		absent	0.0		medium	speaker_no_face
15	159	338.53	340.17	I don't trust you with this cake anymore.	Chandler	high	qa_review_resolved_bridge	1.0	dialogue	False	True	Chandler | Rachel	Chandler	Chandler	True	speaker_no_face	Speaker agrees with available community-transcript mapping. | QA resolved prior review by same-speaker bridge.	Y’know what? I don’t trust you with this cake anymore! And I got it first, and I’m takin’ it back! (Grabs the cheesecake and heads for his apartment.)	Chandler	Chandler	absent	char_tracker_stage05		absent	0.0		medium	speaker_no_face
15	160	340.17	342.61	And I got it first and I'm taking it back.	Chandler	high	qa_review_resolved_ct_support	1.0	dialogue	False	True	Chandler | Rachel	Chandler	Rachel	True	speaker_no_face	Speaker agrees with available community-transcript mapping. | QA resolved prior review with community-transcript support.	And I got it first, and I'm takin' it back	Chandler	Chandler	absent	char_tracker_stage05		absent	0.0		medium	speaker_no_face
15	161	342.61	342.97	What?	Rachel	high	qa_review_resolved_ct_support	1.0	dialogue	False	True	Chandler | Rachel	Chandler	Rachel	True	speaker_no_face	Speaker agrees with available community-transcript mapping. | QA resolved prior review with community-transcript support.	what	Rachel	Rachel	absent	char_tracker_stage05		absent	0.0		medium	speaker_no_face
15	162	343.05	343.45	What?	Rachel	high	qa_review_resolved_ct_support	1.0	dialogue	False	True	Chandler | Rachel	Rachel	Chandler	True	speaker_no_face	Speaker agrees with available community-transcript mapping. | QA resolved prior review with community-transcript support.	What?! What?!	Rachel	Rachel	absent	char_tracker_stage05		absent	0.0		medium	speaker_no_face
15	163	343.45	344.09	Oh, yes.	Chandler	high	qa_review_resolved_ct_support	1.0	dialogue	False	True	Chandler | Rachel	Rachel	Chandler	True	speaker_no_face	Speaker agrees with available community-transcript mapping. | QA resolved prior review with community-transcript support.	Oh yes!	Chandler	Chandler	absent	char_tracker_stage05		absent	0.0		medium	speaker_no_face
15	164	344.41	344.97	Oh, yes.	Chandler	high	qa_review_resolved_ct_support	1.0	dialogue	False	True	Chandler | Rachel	Chandler	Rachel	True	speaker_no_face	Speaker agrees with available community-transcript mapping. | QA resolved prior review with community-transcript support.	Oh yes!	Chandler	Chandler	absent	char_tracker_stage05		absent	0.0		medium	speaker_no_face
15	165	344.97	345.17	No.	Rachel	medium	short_turn_alternation	0.7	dialogue	True	False	Chandler | Rachel	Chandler	Rachel	True	short_utterance_between_two_speakers | speaker_no_face	Short utterance inferred from local turn alternation.				absent	char_tracker_stage05		absent			medium	speaker_no_face
15	166	345.17	345.65	No, you don't.	Rachel	high	qa_review_resolved_ct_support	1.0	dialogue	False	True	Chandler | Rachel	Rachel	Chandler	True	speaker_no_face	Speaker agrees with available community-transcript mapping. | QA resolved prior review with community-transcript support.	Oh no-no-no-no-no, no you don’t!	Rachel	Rachel	absent	char_tracker_stage05		absent	0.0		medium	speaker_no_face
15	167	345.65	346.33	Oh, yes.	Chandler	high	qa_review_resolved_ct_support	1.0	dialogue	False	True	Chandler | Rachel	Rachel		True	speaker_no_face	Speaker agrees with available community-transcript mapping. | QA resolved prior review with community-transcript support.	oh yes	Chandler	Chandler	absent	char_tracker_stage05		absent	0.0		medium	speaker_no_face
16	168	346.57	347.21	Oh, yes.	Chandler	high	qa_review_resolved_ct_support	1.0	dialogue	False	True	Chandler | Rachel		Chandler	True	speaker_no_face	Speaker agrees with available community-transcript mapping. | QA resolved prior review with community-transcript support.	Oh yes! Oh yes!	Chandler	Chandler	absent	char_tracker_stage05		absent	0.0		medium	speaker_no_face
16	169	347.21	347.69	Oh, yes.	Chandler	high	qa_review_resolved_bridge	1.0	dialogue	False	True	Chandler | Rachel	Chandler	Chandler	True	speaker_no_face	Speaker agrees with available community-transcript mapping. | QA resolved prior review by same-speaker bridge.	oh yes	Chandler	Chandler	absent	char_tracker_stage05		absent	0.0		medium	speaker_no_face
16	170	347.69	348.81	If I trust you with it.	Chandler	medium	scene_context_inference	0.66	dialogue	True	False	Chandler | Rachel	Chandler	Rachel	True	two_sided_context_ambiguous | speaker_no_face	No direct transcript match; longer line defaulted to previous speaker in same scene.				absent	char_tracker_stage05		absent			medium	speaker_no_face
16	171	348.89	349.89	No, we're gonna split it.	Rachel	high	qa_review_resolved_ct_support	1.0	dialogue	False	True	Chandler | Rachel	Chandler	Rachel	True	speaker_no_face	Speaker agrees with available community-transcript mapping. | QA resolved prior review with community-transcript support.	We're gonna split it	Rachel	Rachel	absent	char_tracker_stage05		absent	0.0		medium	speaker_no_face
16	172	349.89	351.01	You take half and I take half.	Rachel	high	qa_review_resolved_ct_support	1.0	dialogue	False	True	Chandler | Rachel	Rachel	Chandler	True	speaker_no_face	Speaker agrees with available community-transcript mapping. | QA resolved prior review with community-transcript support.	You think I trust you with it?! No! We’re gonna split it! You take half and I take half!	Rachel	Rachel	absent	char_tracker_stage05		absent	0.0		medium	speaker_no_face
16	173	351.01	351.69	Well, that's not fair.	Chandler	high	qa_review_resolved_ct_support	1.0	dialogue	False	True	Chandler | Rachel	Rachel	Chandler	True	speaker_no_face	Speaker agrees with available community-transcript mapping. | QA resolved prior review with community-transcript support.	well that's not fair	Chandler	Chandler	absent	char_tracker_stage05		absent	0.0		medium	speaker_no_face
16	174	351.69	352.65	You've already had some.	Chandler	high	qa_review_resolved_ct_support	1.0	dialogue	False	True	Chandler | Rachel	Chandler	Rachel	True	speaker_offscreen	Speaker agrees with available community-transcript mapping. | QA resolved prior review with community-transcript support.	Well that’s not fair, you’ve already had some!	Chandler	Chandler	present	char_tracker_stage05	rachel	absent	0.0		low	speaker_offscreen
16	175	352.89	353.21	Oh.	Rachel	medium	visual_disambiguation	0.74	reaction	True	False	Chandler | Rachel	Chandler	Rachel	False		Only one of the two text-context candidates was visually present in the window.				present	char_tracker_stage05	rachel	present			medium	
16	176	353.21	353.53	Though not.	Rachel	high	scene_context_bridge	0.88	dialogue	True	False	Chandler | Rachel	Rachel	Rachel	False		Same speaker appears on both sides within the same scene.				present	char_tracker_stage05	rachel	present			high	
16	177	353.53	353.89	You know what?	Rachel	high	community_transcript_match	1.0	dialogue	False	True	Chandler | Rachel	Rachel	Rachel	False		Speaker agrees with available community-transcript mapping.	Oh, well then y'know what	Rachel	Rachel	present	char_tracker_stage05	rachel	present	1.0		high	
16	178	353.89	358.89	I think Monica would be very interested to Know that You called her cheesecake dry and mealy.	Rachel	high	community_transcript_match	1.0	dialogue	False	True	Chandler | Rachel	Rachel	Chandler	False		Speaker agrees with available community-transcript mapping.	What? Oh, well then y’know what? I think Monica would be very interested to know that you called her cheesecake dry and mealy.	Rachel	Rachel	present	char_tracker_stage05	rachel	present	1.0		high	
16	179	358.89	360.49	What do we use to split it?	Chandler	high	community_transcript_match	1.0	dialogue	False	True	Chandler | Rachel	Rachel	Rachel	False		Speaker agrees with available community-transcript mapping.	What do we use to split it?	Chandler	Chandler	present	char_tracker_stage05	chandler	present	1.0		high	
16	180	360.49	360.97	Okay.	Rachel	high	qa_review_resolved_ct_support	1.0	dialogue	False	True	Chandler | Rachel	Chandler	Rachel	True	speaker_offscreen	Speaker agrees with available community-transcript mapping. | QA resolved prior review with community-transcript support.	okay	Rachel	Rachel	present	char_tracker_stage05	chandler	absent	0.0		low	speaker_offscreen
16	181	364.2	364.56	All right.	Rachel	high	community_transcript_match	1.0	dialogue	False	True	Chandler | Rachel	Rachel	Rachel	False		Speaker agrees with available community-transcript mapping.	okay all right	Rachel	Rachel	present	char_tracker_stage05	chandler|rachel	present	1.0		high	
16	182	364.56	365.32	Pick a half.	Rachel	high	community_transcript_match	1.0	dialogue	False	True	Chandler | Rachel	Rachel	Rachel	False		Speaker agrees with available community-transcript mapping.	Okay! (Grabs a knife and cuts it in half.) All right, pick a half.	Rachel	Rachel	present	char_tracker_stage05	chandler|rachel	present	1.0		high	
16	183	365.56	366.2	Okay.	Rachel	high	community_transcript_match	1.0	dialogue	False	True	Chandler | Rachel	Rachel	Chandler	False		Speaker agrees with available community-transcript mapping.	okay all right	Rachel	Rachel	present	char_tracker_stage05	chandler|rachel	present	0.5		high	
16	184	366.92	369.24	Well, this side looks bigger.	Chandler	high	community_transcript_match	1.0	dialogue	False	True	Chandler | Rachel	Rachel	Chandler	False		Speaker agrees with available community-transcript mapping.	okay well this side looks bigger uh y'know so maybe if i measured	Chandler	Chandler	present	char_tracker_stage05	chandler	present	1.0		high	
16	185	371.48	373.4	There's more crust on this side.	Chandler	high	community_transcript_match	1.0	dialogue	False	True	Chandler | Rachel	Chandler	Chandler	False		Speaker agrees with available community-transcript mapping.	(examining the cake) Okay well, this side looks bigger. Uh… There’s more crust on this side. Y’know? So, maybe if I measured…	Chandler	Chandler	present	char_tracker_stage05	chandler	present	1.0		high	
16	186	374.04	376.68	Yeah, so maybe if I measure.	Chandler	medium	visual_disambiguation	0.74	dialogue	True	False	Chandler | Rachel	Chandler	Rachel	False		Only one of the two text-context candidates was visually present in the window.				present	char_tracker_stage05	chandler	present			medium	
16	187	376.68	377.92	Oh, for God's sake, just pick a piece.	Rachel	high	community_transcript_match	1.0	dialogue	False	True	Chandler | Rachel	Chandler	Chandler	False		Speaker agrees with available community-transcript mapping.	Oh for God sake just pick a piece!	Rachel	Rachel	present	char_tracker_stage05	chandler|rachel	present	1.0		high	
16	188	377.92	378.2	All right.	Chandler	high	community_transcript_match	1.0	dialogue	False	True	Chandler | Rachel	Rachel	Chandler	False		Speaker agrees with available community-transcript mapping.	all right i'll	Chandler	Chandler	present	char_tracker_stage05	chandler|rachel	present	1.0		high	
16	189	378.2	378.76	Pick that one.	Chandler	high	community_transcript_match	1.0	dialogue	False	True	Chandler | Rachel	Chandler	Chandler	False		Speaker agrees with available community-transcript mapping.	All right, I’ll pick that one. (Points.)	Chandler	Chandler	present	char_tracker_stage05	chandler	present	1.0		high	
16	190	379.4	380.76	So the smaller piece.	Chandler	medium	visual_disambiguation	0.74	dialogue	True	False	Chandler | Rachel	Chandler	Rachel	False		Only one of the two text-context candidates was visually present in the window.				present	char_tracker_stage05	chandler	present			medium	
16	191	382.84	383.56	Okay.	Rachel	high	qa_review_resolved_ct_support	1.0	dialogue	False	True	Chandler | Rachel	Chandler	Rachel	True	speaker_offscreen	Speaker agrees with available community-transcript mapping. | QA resolved prior review with community-transcript support.	okay	Rachel	Rachel	present	char_tracker_stage05	chandler	absent	0.0		low	speaker_offscreen
16	192	383.8	384.6	There you go.	Rachel	high	qa_review_resolved_bridge	1.0	dialogue	False	True	Chandler | Rachel	Rachel	Rachel	True	speaker_offscreen	Speaker agrees with available community-transcript mapping. | QA resolved prior review by same-speaker bridge.	Okay, there you go	Rachel	Rachel	present	char_tracker_stage05	chandler	absent	0.0		low	speaker_offscreen
16	193	384.76	386.6	Enjoy your half, my friend.	Rachel	high	qa_review_resolved_bridge	1.0	dialogue	False	True	Chandler | Rachel	Rachel	Rachel	True	speaker_no_face	Speaker agrees with available community-transcript mapping. | QA resolved prior review by same-speaker bridge.	That’s also the smaller piece. (Puts the piece onto a plate.) Okay, there you go. Enjoy your half my friend, but that is it. No sharing. No switching, and don’t come crying to me if you eat your piece to fast. (As she’s saying that she is backing out the door, when she finishes she turns around to return to her place, stumbles and drops the cheesecake on the floor.) Oh!!!!	Rachel	Rachel	partial	char_tracker_stage05		absent	0.0		medium	speaker_no_face
16	194	386.6	387.64	But that is it.	Rachel	high	qa_review_resolved_bridge	0.9	dialogue	True	False	Chandler | Rachel	Rachel	Rachel	True	speaker_offscreen	Same speaker appears on both sides within the same scene. | QA resolved prior review by same-speaker bridge.				present	char_tracker_stage05	chandler	absent			low	speaker_offscreen
16	195	388.04	389.88	No sharing, no switching.	Rachel	high	qa_review_resolved_bridge	0.9	dialogue	True	False	Chandler | Rachel	Rachel	Rachel	True	speaker_offscreen	Same speaker appears on both sides within the same scene. | QA resolved prior review by same-speaker bridge.				present	char_tracker_stage05	chandler	absent			low	speaker_offscreen
16	196	389.88	390.45	And don't come.	Rachel	high	qa_review_resolved_bridge	0.9	dialogue	True	False	Chandler | Rachel	Rachel	Rachel	True	speaker_offscreen	Same speaker appears on both sides within the same scene. | QA resolved prior review by same-speaker bridge.				present	char_tracker_stage05	chandler	absent			low	speaker_offscreen
16	197	390.6	393.8	Come crying to me if you eat your piece too fast.	Rachel	high	qa_review_resolved_bridge	0.9	dialogue	True	False	Chandler | Rachel	Rachel	Rachel	True	speaker_no_face	Same speaker appears on both sides within the same scene. | QA resolved prior review by same-speaker bridge.				absent	char_tracker_stage05		absent			medium	speaker_no_face
16	198	404.92	405.28	All right?	Rachel	high	qa_review_resolved_bridge	0.9	dialogue	True	False	Chandler | Rachel	Rachel	Rachel	True	speaker_offscreen	Same speaker appears on both sides within the same scene. | QA resolved prior review by same-speaker bridge.				present	char_tracker_stage05	chandler	absent			low	speaker_offscreen
16	199	405.28	406.399	You gotta give me some of your peace.	Rachel	high	qa_review_resolved_ct_support	1.0	dialogue	False	True	Chandler | Rachel	Rachel	Chandler	True	speaker_offscreen	Speaker agrees with available community-transcript mapping. | QA resolved prior review with community-transcript support.	Okay, you gotta give me some of your piece.	Rachel	Rachel	present	char_tracker_stage05	chandler	absent	0.0		low	speaker_offscreen
16	200	406.399	408.2	Oh, no, no.	Chandler	medium	visual_disambiguation	0.74	dialogue	True	False	Chandler | Rachel	Rachel	Chandler	False		Only one of the two text-context candidates was visually present in the window.				present	char_tracker_stage05	chandler	present			medium	
16	201	408.68	410.24	No switching, no sharing.	Chandler	high	community_transcript_match	1.0	dialogue	False	True	Chandler | Rachel	Chandler	Chandler	False		Speaker agrees with available community-transcript mapping.	oh ho ho ho no no no switching no sharing ha ha ha just sit here in the hallway and eat my	Chandler	Chandler	present	char_tracker_stage05	chandler	present	1.0		high	
16	202	410.24	411.56	And don't come crying to me.	Chandler	high	community_transcript_match	1.0	dialogue	False	True	Chandler | Rachel	Chandler	Chandler	False		Speaker agrees with available community-transcript mapping.	oh ho ho ho no no no switching no sharing and don't come crying to me ha ha ha just sit here in the hallway and eat my	Chandler	Chandler	present	char_tracker_stage05	chandler|rachel	present	1.0		high	
16	203	412.84	415.8	I may just sit here and have my cake all day.	Chandler	high	community_transcript_match	1.0	dialogue	False	True	Chandler | Rachel	Chandler	Chandler	False		Speaker agrees with available community-transcript mapping.	Oh-ho-ho-ho-no! No! No switching! No sharing, and don’t come crying to me! Ha-ha-ha! I may just sit here and have my cake all day! Just sit here in the hallway and eat my… (Rachel knocks the plate from his hand and it falls on the floor. That process leaves just the forkful Chandler has, Rachel starts to go after that little bit and Chandler retreats into his apartment.)	Chandler	Chandler	present	char_tracker_stage05	chandler|rachel	present	1.0		high	
16	204	415.88	428.26	Just sit here in the hallway and e. Never mind.	Chandler	high	qa_review_resolved_bridge	1.0	dialogue	False	True	Chandler | Rachel	Chandler	Chandler	True	speaker_no_face	Speaker agrees with available community-transcript mapping. | QA resolved prior review by same-speaker bridge.	Just sit here in the hallway and eat my	Chandler	Chandler	partial	char_tracker_stage05		absent	0.4286		medium	speaker_no_face
16	205	428.26	430.34	A girl could make me feel.	Chandler	medium	scene_context_inference	0.68	dialogue	True	False	Chandler | Rachel	Chandler		True	medium_confidence_context_fill | speaker_no_face	Filled from previous same-scene context.				absent	char_tracker_stage05		absent			medium	speaker_no_face
17	206	430.9	432.74	Ross, sweetheart.	The Woman	high	community_transcript_match	1.0	dialogue	False	True	The Woman | Ross | Aunt Millie		Ross	False		Speaker agrees with available community-transcript mapping.	Ross, sweetheart!	The Woman	The Woman	present	char_tracker_stage05	ross	unobserved			high	
17	207	433.38	435.06	Oh, hey, Aunt Millie.	Ross	high	community_transcript_match	1.0	dialogue	False	True	The Woman | Ross | Aunt Millie	The Woman	Aunt Millie	False		Speaker agrees with available community-transcript mapping.	Oh, hey Aunt Millie.	Ross	Ross	present	char_tracker_stage05	ross	present	1.0		high	
17	208	435.06	437.38	Isn't it a beautiful wedding?	Aunt Millie	high	community_transcript_match	1.0	dialogue	False	True	The Woman | Ross | Aunt Millie	Ross	Ross	False		Speaker agrees with available community-transcript mapping.	Isn’t it a beautiful wedding?!	Aunt Millie	Aunt Millie	present	char_tracker_stage05	ross	unobserved			high	
17	209	437.38	437.78	Yes.	Ross	medium	visual_disambiguation	0.74	dialogue	True	False	The Woman | Ross | Aunt Millie	Aunt Millie	Ross	False		Only one of the two text-context candidates was visually present in the window.				present	char_tracker_stage05	ross	present			medium	
17	210	437.78	438.42	Yes, it is.	Ross	high	community_transcript_match	1.0	dialogue	False	True	The Woman | Ross | Aunt Millie	Ross	Ross	False		Speaker agrees with available community-transcript mapping.	yes yes it is it's uh why why on lips	Ross	Ross	present	char_tracker_stage05	ross	present	1.0		high	
17	211	443.94	445.9	Every time on the lips.	Ross	high	community_transcript_match	1.0	dialogue	False	True	The Woman | Ross | Aunt Millie	Ross	Ross	False		Speaker agrees with available community-transcript mapping.	Yes, yes it is. It’s uh… (Aunt Millie uses this opportunity to grab Ross and kiss him on the lips. After she leaves Ross quickly wipes his mouth with a napkin.) Every time on the lips! Why?! Why on lips?!	Ross	Ross	present	char_tracker_stage05	ross	present	1.0		high	
17	212	445.9	446.26	Why?	Ross	high	community_transcript_match	1.0	dialogue	False	True	The Woman | Ross | Aunt Millie	Ross	Ross	False		Speaker agrees with available community-transcript mapping.	Why	Ross	Ross	present	char_tracker_stage05	ross	present	1.0		high	
17	213	446.26	447.46	Why on the lips?	Ross	high	community_transcript_match	1.0	dialogue	False	True	The Woman | Ross | Aunt Millie	Ross		False		Speaker agrees with available community-transcript mapping.	Why on lips	Ross	Ross	present	char_tracker_stage05	ross	present	1.0		high	
18	214	451.62	453.94	Miss Franny won't you be happy to see.	Monica	high	community_transcript_match	1.0	dialogue	False	True	Monica | Ross | Frannie		Ross	False		Speaker agrees with available community-transcript mapping.	Here’s Frannie. Hmm, won’t she be happy to see me? (Starts to get up and great Frannie.)	Monica	Monica	present	char_tracker_stage05	monica	present	0.6667		high	
18	215	454.32	455.04	Now wait a minute.	Ross	high	community_transcript_match	1.0	dialogue	False	True	Monica | Ross | Frannie	Monica	Ross	False		Speaker agrees with available community-transcript mapping.	Now wait a minute, you be nice	Ross	Ross	present	char_tracker_stage05	monica|ross	present	0.5		high	
18	216	455.04	456.24	You be nice, all right?	Ross	high	community_transcript_match	1.0	dialogue	False	True	Monica | Ross | Frannie	Ross	Ross	False		Speaker agrees with available community-transcript mapping.	All right	Ross	Ross	present	char_tracker_stage05	ross	present	1.0		high	
18	217	456.24	458.4	I didn't bring you here so you can ambush her.	Ross	high	community_transcript_match	1.0	dialogue	False	True	Monica | Ross | Frannie	Ross	Monica	False		Speaker agrees with available community-transcript mapping.	Now wait a minute, you be nice! All right? I didn’t bring you here so you can ambush her.	Ross	Ross	present	char_tracker_stage05	ross	present	1.0		high	
18	218	458.72	461.84	Franny was the one who found your Playboys and showed them to Mom.	Monica	high	community_transcript_match	1.0	dialogue	False	True	Monica | Ross | Frannie	Ross	Ross	False		Speaker agrees with available community-transcript mapping.	Frannie was the one who found your Playboys and showed them to mom.	Monica	Monica	present	char_tracker_stage05	monica|ross	present	1.0		high	
18	219	462.08	462.96	That bitch.	Ross	high	community_transcript_match	1.0	dialogue	False	True	Monica | Ross | Frannie	Monica	Frannie	False		Speaker agrees with available community-transcript mapping.	That bitch! (He gets up and they go over to ambush Frannie. Monica taps on Frannie’s shoulder.)	Ross	Ross	present	char_tracker_stage05	ross	present	1.0		high	
18	220	468.8	472.08	Monica, what am I doing here?	Frannie	high	community_transcript_match	1.0	dialogue	False	True	Monica | Ross | Frannie	Ross	Monica	False		Speaker agrees with available community-transcript mapping.	(turning around) Monica! What…	Frannie	Frannie	partial	char_tracker_stage05		unobserved			high	
18	221	472.32	472.72	Why?	Monica	high	community_transcript_match	1.0	dialogue	False	True	Monica | Ross | Frannie	Frannie	Monica	False		Speaker agrees with available community-transcript mapping.	Why	Monica	Monica	present	char_tracker_stage05	monica|ross	present	1.0		high	
18	222	472.8	473.84	Surprised to see me?	Monica	high	community_transcript_match	1.0	dialogue	False	True	Monica | Ross | Frannie	Monica	Monica	False		Speaker agrees with available community-transcript mapping.	Surprised to see me	Monica	Monica	present	char_tracker_stage05	monica|ross	present	1.0		high	
18	223	473.84	474.76	Ross brought me.	Monica	high	community_transcript_match	1.0	dialogue	False	True	Monica | Ross | Frannie	Monica	Monica	False		Speaker agrees with available community-transcript mapping.	Ross brought me	Monica	Monica	present	char_tracker_stage05	monica|ross	present	1.0		high	
18	224	474.76	475.6	How do you like that?	Monica	high	community_transcript_match	1.0	dialogue	False	True	Monica | Ross | Frannie	Monica	Ross	False		Speaker agrees with available community-transcript mapping.	Am I doing here? Why? Surprised to see me? Ross brought me. How do you like that?!	Monica	Monica	present	char_tracker_stage05	monica|ross	present	1.0		high	
18	225	476.56	477.4	Hi, Franny.	Ross	high	community_transcript_match	1.0	dialogue	False	True	Monica | Ross | Frannie	Monica	Ross	False		Speaker agrees with available community-transcript mapping.	hi frannie	Ross	Ross	present	char_tracker_stage05	monica|ross	present	1.0		high	
18	226	477.4	478.56	Congratulations on that.	Ross	high	community_transcript_match	1.0	dialogue	False	True	Monica | Ross | Frannie	Ross	Monica	False		Speaker agrees with available community-transcript mapping.	(to Frannie) Hi Frannie, congratulations.	Ross	Ross	present	char_tracker_stage05	monica|ross	present	1.0		high	
18	227	480.56	481.56	You invite my brother.	Monica	low	scene_context_inference	0.58	dialogue	True	False	Monica | Ross | Frannie	Ross	Monica	True	two_sided_context_ambiguous | low_speaker_confidence	No direct transcript match; weak local context only.				present	char_tracker_stage05	monica|ross	present			low	low_speaker_confidence
18	228	481.56	483.64	You invite my whole family and not me?	Monica	high	community_transcript_match	1.0	dialogue	False	True	Monica | Ross | Frannie	Monica	Monica	False		Speaker agrees with available community-transcript mapping.	You invite my brother, you invite my whole family, and not me?! Why?! What—Why wouldn’t you want me at your wedding? What could I have possibly done?! (Frannie’s husband walks up.) Stuart!	Monica	Monica	present	char_tracker_stage05	monica|ross	present	1.0		high	
18	229	483.64	484.0	Why?	Monica	high	community_transcript_match	1.0	dialogue	False	True	Monica | Ross | Frannie	Monica	Monica	False		Speaker agrees with available community-transcript mapping.	Why	Monica	Monica	present	char_tracker_stage05	monica|ross	present	1.0		high	
18	230	484.32	485.92	Why wouldn't you want me at your wedd?	Monica	high	community_transcript_match	1.0	dialogue	False	True	Monica | Ross | Frannie	Monica	Monica	False		Speaker agrees with available community-transcript mapping.	What—Why wouldn't you want me at your wedding	Monica	Monica	present	char_tracker_stage05	monica|ross	present	1.0		high	
18	231	486.22	487.74	What could I have possibly done?	Monica	high	community_transcript_match	1.0	dialogue	False	True	Monica | Ross | Frannie	Monica	Frannie	False		Speaker agrees with available community-transcript mapping.	What could I have possibly done	Monica	Monica	present	char_tracker_stage05	monica|ross	present	1.0		high	
18	232	489.66	493.42	Stuart, I believe you know my husband.	Frannie	high	community_transcript_match	1.0	dialogue	False	True	Monica | Ross | Frannie	Monica		False		Speaker agrees with available community-transcript mapping.	I believe you know my husband.	Frannie	Frannie	present	char_tracker_stage05	monica|ross	unobserved			high	
19	233	495.82	498.7	So it's really a question of who could you have possibly done?	Ross	high	community_transcript_match	1.0	dialogue	False	True	Ross		Ross	False		Speaker agrees with available community-transcript mapping.	So it’s really a question of who could you have possibly done.	Ross	Ross	present	char_tracker_stage05	monica|ross	present	1.0		high	
19	234	502.14	503.02	Get ready.	Ross	high	qa_review_resolved_bridge	0.9	dialogue	True	False	Ross	Ross	Ross	True	speaker_no_face	Filled from previous same-scene context. | QA resolved prior review by same-speaker bridge.				absent	char_tracker_stage05		absent			medium	speaker_no_face
19	235	504.7	505.98	Don't you know I'm coming.	Ross	medium	scene_context_inference	0.68	dialogue	True	False	Ross	Ross		True	medium_confidence_context_fill | speaker_no_face	Filled from previous same-scene context.				absent	char_tracker_stage05		absent			medium	speaker_no_face
20	236	508.46	510.86	I hate this, but I have to go.	David	high	community_transcript_match	1.0	dialogue	False	True	David | Phoebe | Joey		David	False		Speaker agrees with available community-transcript mapping.	Oh, I hate this but I-I-I have to go. I-I can’t miss my flight.	David	David	present	char_tracker_stage05	phoebe	unobserved			high	
20	237	511.1	512.86	I can't miss my flight.	David	high	community_transcript_match	1.0	dialogue	False	True	David | Phoebe | Joey	David	Phoebe	False		Speaker agrees with available community-transcript mapping.	I-I can't miss my flight	David	David	present	char_tracker_stage05	phoebe	unobserved			high	
20	238	513.66	514.34	Are you sure?	Phoebe	high	community_transcript_match	1.0	dialogue	False	True	David | Phoebe | Joey	David	Phoebe	False		Speaker agrees with available community-transcript mapping.	Are you sure	Phoebe	Phoebe	present	char_tracker_stage05	phoebe	present	1.0		high	
20	239	514.34	516.34	I'll bet there's another flight to Manskin Lake.	Phoebe	high	community_transcript_match	1.0	dialogue	False	True	David | Phoebe | Joey	Phoebe	David	False		Speaker agrees with available community-transcript mapping.	Are you sure? I’ll bet there’s another flight to Minsk in like…	Phoebe	Phoebe	present	char_tracker_stage05	phoebe	present	1.0		high	
20	240	516.34	516.62	July.	David	high	community_transcript_match	1.0	dialogue	False	True	David | Phoebe | Joey	Phoebe	David	False		Speaker agrees with available community-transcript mapping.	July. Umm, (He speaks Russian.)	David	David	present	char_tracker_stage05	phoebe	unobserved			high	
20	241	521.47	525.63	Pochalusta pochisti muy mernich stoka.	David	medium	scene_context_inference	0.66	dialogue	True	False	David | Phoebe | Joey	David	Phoebe	True	two_sided_context_ambiguous	No direct transcript match; longer line defaulted to previous speaker in same scene.				absent	char_tracker_stage05		unobserved			medium	
20	242	527.31	528.59	It's really beautiful.	Phoebe	high	community_transcript_match	1.0	dialogue	False	True	David | Phoebe | Joey	David	Phoebe	False		Speaker agrees with available community-transcript mapping.	That's really beautiful	Phoebe	Phoebe	present	char_tracker_stage05	phoebe	present	1.0		high	
20	243	528.83	529.71	What does it mean?	Phoebe	high	community_transcript_match	1.0	dialogue	False	True	David | Phoebe | Joey	Phoebe	David	False		Speaker agrees with available community-transcript mapping.	That’s really beautiful. What does it mean?	Phoebe	Phoebe	present	char_tracker_stage05	phoebe	present	1.0		high	
20	244	530.11	531.87	Please clean my beakers.	David	high	community_transcript_match	1.0	dialogue	False	True	David | Phoebe | Joey	Phoebe	David	False		Speaker agrees with available community-transcript mapping.	Please, clean my beakers	David	David	absent	char_tracker_stage05		unobserved			high	
20	245	533.63	535.15	I don't get out of the lab much.	David	high	community_transcript_match	1.0	dialogue	False	True	David | Phoebe | Joey	David	Phoebe	False		Speaker agrees with available community-transcript mapping.	Please, clean my beakers. I don’t get out of the lab much.	David	David	partial	char_tracker_stage05		unobserved			high	
20	246	538.35	540.51	That it meant I'm something else.	Phoebe	high	community_transcript_match	1.0	dialogue	False	True	David | Phoebe | Joey	David	David	False		Speaker agrees with available community-transcript mapping.	That’s good. I got to admit, I thought it was something else.	Phoebe	Phoebe	present	char_tracker_stage05	phoebe	present	1.0		high	
20	247	540.75	541.51	Yeah, I.	David	high	community_transcript_match	1.0	dialogue	False	True	David | Phoebe | Joey	Phoebe	David	False		Speaker agrees with available community-transcript mapping.	Yeah, I	David	David	present	char_tracker_stage05	phoebe	unobserved			high	
20	248	541.51	552.33	Well, I really actually wanted to say that but I figured I probably shouldn't because, you know, I have to leave.	David	high	community_transcript_match	1.0	dialogue	False	True	David | Phoebe | Joey	David	Phoebe	False		Speaker agrees with available community-transcript mapping.	Yeah, I… Well I really actually wanted to say umm, that, but um, I figured I probably shouldn’t because y’know, I…have to leave.	David	David	partial	char_tracker_stage05		unobserved			high	
20	249	553.05	553.69	You're right.	Phoebe	high	community_transcript_match	1.0	dialogue	False	True	David | Phoebe | Joey	David	Phoebe	False		Speaker agrees with available community-transcript mapping.	You're right	Phoebe	Phoebe	present	char_tracker_stage05	phoebe	present	1.0		high	
20	250	554.17	554.89	Don't say it.	Phoebe	high	community_transcript_match	1.0	dialogue	False	True	David | Phoebe | Joey	Phoebe	David	False		Speaker agrees with available community-transcript mapping.	You’re right! You’re right. Don’t say it.	Phoebe	Phoebe	present	char_tracker_stage05	phoebe	present	1.0		high	
20	251	557.13	558.49	I. I do, though.	David	high	community_transcript_match	1.0	dialogue	False	True	David | Phoebe | Joey	Phoebe	Phoebe	False		Speaker agrees with available community-transcript mapping.	I-I do though.	David	David	absent	char_tracker_stage05		unobserved			high	
20	252	561.37	562.17	I do too.	Phoebe	high	community_transcript_match	1.0	dialogue	False	True	David | Phoebe | Joey	David	David	False		Speaker agrees with available community-transcript mapping.	I do too. (They kiss.)	Phoebe	Phoebe	present	char_tracker_stage05	phoebe	present	1.0		high	
20	253	572.41	573.13	Bye, Phoebe.	David	high	community_transcript_match	1.0	dialogue	False	True	David | Phoebe | Joey	Phoebe	Phoebe	False		Speaker agrees with available community-transcript mapping.	Bye Phoebe. (He gets in and the cab drives off. Joey walks up and witnesses that event.)	David	David	present	char_tracker_stage05	phoebe	unobserved			high	
20	254	584.75	585.11	Okay.	Phoebe	high	community_transcript_match	1.0	dialogue	False	True	David | Phoebe | Joey	David	Phoebe	False		Speaker agrees with available community-transcript mapping.	okay	Phoebe	Phoebe	present	char_tracker_stage05	phoebe	present	1.0		high	
20	255	585.11	586.51	Now's not the time, Joey.	Phoebe	high	community_transcript_match	1.0	dialogue	False	True	David | Phoebe | Joey	Phoebe	Phoebe	False		Speaker agrees with available community-transcript mapping.	Okay, now's not the time Joey	Phoebe	Phoebe	present	char_tracker_stage05	phoebe	present	1.0		high	
20	256	586.51	586.87	All right?	Phoebe	high	community_transcript_match	1.0	dialogue	False	True	David | Phoebe | Joey	Phoebe	Phoebe	False		Speaker agrees with available community-transcript mapping.	All right	Phoebe	Phoebe	present	char_tracker_stage05	phoebe	present	1.0		high	
20	257	586.87	588.03	You can yell at me tomorrow.	Phoebe	high	community_transcript_match	1.0	dialogue	False	True	David | Phoebe | Joey	Phoebe	Joey	False		Speaker agrees with available community-transcript mapping.	(seeing him) Okay, now’s not the time Joey. All right? You can yell at me tomorrow.	Phoebe	Phoebe	present	char_tracker_stage05	phoebe	present	1.0		high	
20	258	588.35	591.15	No, no, I'm not gonna yell at you.	Joey	high	community_transcript_match	1.0	dialogue	False	True	David | Phoebe | Joey	Phoebe	Joey	False		Speaker agrees with available community-transcript mapping.	No Pheebs, I'm not gonna yell at you	Joey	Joey	present	char_tracker_stage05	joey|phoebe	present	1.0		high	
20	259	592.11	594.35	Just, you know, I started thinking about you and David.	Joey	high	community_transcript_match	1.0	dialogue	False	True	David | Phoebe | Joey	Joey	Joey	False		Speaker agrees with available community-transcript mapping.	I just y'know, started thinking about you and David and I	Joey	Joey	present	char_tracker_stage05	joey|phoebe	present	1.0		high	
20	260	594.35	598.07	And I remember how bummed you were the first time you left.	Joey	high	community_transcript_match	1.0	dialogue	False	True	David | Phoebe | Joey	Joey	Joey	False		Speaker agrees with available community-transcript mapping.	No! No! No Pheebs, I’m not gonna yell at you. I just y’know, started thinking about you and David and I…remember how bummed you were the first time he left. And I just… Oh Pheebs, come here. (He hugs her.) Are you okay?	Joey	Joey	present	char_tracker_stage05	joey	present	1.0		high	
20	261	598.07	598.59	I just.	Joey	high	community_transcript_match	1.0	dialogue	False	True	David | Phoebe | Joey	Joey	Phoebe	False		Speaker agrees with available community-transcript mapping.	And I just	Joey	Joey	present	char_tracker_stage05	joey|phoebe	present	1.0		high	
20	262	600.68	601.96	Oh, Phoebs, come in.	Phoebe	low	scene_context_inference	0.58	dialogue	True	False	David | Phoebe | Joey	Joey	Phoebe	True	two_sided_context_ambiguous | low_speaker_confidence	No direct transcript match; weak local context only.				present	char_tracker_stage05	joey|phoebe	present			low	low_speaker_confidence
20	263	603.8	604.68	Are you okay?	Phoebe	high	qa_review_resolved_bridge	0.9	dialogue	True	False	David | Phoebe | Joey	Phoebe	Phoebe	True	speaker_offscreen	Same speaker appears on both sides within the same scene. | QA resolved prior review by same-speaker bridge.				present	char_tracker_stage05	joey	absent			low	speaker_offscreen
20	264	605.32	606.52	No, I'm not okay.	Phoebe	high	qa_review_resolved_bridge	1.0	dialogue	False	True	David | Phoebe | Joey	Phoebe	Phoebe	True	speaker_offscreen	Speaker agrees with available community-transcript mapping. | QA resolved prior review by same-speaker bridge.	No I'm not okay	Phoebe	Phoebe	present	char_tracker_stage05	joey	absent	0.0		low	speaker_offscreen
20	265	607.56	610.84	The only guy I've ever been crazy about is Wanda.	Phoebe	high	community_transcript_match	1.0	dialogue	False	True	David | Phoebe | Joey	Phoebe	Phoebe	False		Speaker agrees with available community-transcript mapping.	No I’m not okay. The only guy I’ve ever been crazy about has gone to Minsk and I may never…I may never see him again. (Crying.)	Phoebe	Phoebe	present	char_tracker_stage05	phoebe	present	1.0		high	
20	266	610.84	612.16	Minskin at my neighbors.	Phoebe	medium	visual_disambiguation	0.74	dialogue	True	False	David | Phoebe | Joey	Phoebe	Phoebe	False		Only one of the two text-context candidates was visually present in the window.				present	char_tracker_stage05	phoebe	present			medium	
20	267	612.16	613.32	I may never see him again.	Phoebe	medium	visual_disambiguation	0.74	dialogue	True	False	David | Phoebe | Joey	Phoebe	Joey	False		Only one of the two text-context candidates was visually present in the window.				present	char_tracker_stage05	phoebe	present			medium	
20	268	614.2	616.28	Hey, you know, you could always visit him.	Joey	high	community_transcript_match	1.0	dialogue	False	True	David | Phoebe | Joey	Phoebe	Phoebe	False		Speaker agrees with available community-transcript mapping.	Hey, y’know you could always visit him.	Joey	Joey	present	char_tracker_stage05	joey|phoebe	present	1.0		high	
20	269	616.44	618.52	Oh, right, like they're gonna let me have a passport.	Phoebe	high	community_transcript_match	1.0	dialogue	False	True	David | Phoebe | Joey	Joey	Joey	False		Speaker agrees with available community-transcript mapping.	Oh right, like they’re gonna let me have a passport.	Phoebe	Phoebe	present	char_tracker_stage05	phoebe	present	1.0		high	
20	270	620.92	622.76	Anything I can do Whatever you need.	Joey	high	community_transcript_match	1.0	dialogue	False	True	David | Phoebe | Joey	Phoebe	Phoebe	False		Speaker agrees with available community-transcript mapping.	Anything I can do? Whatever you need.	Joey	Joey	present	char_tracker_stage05	joey	present	1.0		high	
20	271	625.41	633.17	Well, but now if you could achieve positronic distillation of subatomic particles, you know, before he does, then he could come back.	Phoebe	high	community_transcript_match	1.0	dialogue	False	True	David | Phoebe | Joey	Joey	Joey	False		Speaker agrees with available community-transcript mapping.	Well—But—Now, if-if you can achieve positronic distillation of sub-atomic particles y’know before he does, then he can come back. (They hug again.)	Phoebe	Phoebe	present	char_tracker_stage05	phoebe	present	1.0		high	
20	272	640.45	641.65	I could give it a shot.	Joey	high	community_transcript_match	1.0	dialogue	False	True	David | Phoebe | Joey	Phoebe	Joey	False		Speaker agrees with available community-transcript mapping.	I can give it a shot.	Joey	Joey	present	char_tracker_stage05	joey|phoebe	present	1.0		high	
20	273	648.37	649.01	Oh, yeah.	Joey	medium	scene_context_inference	0.68	dialogue	True	False	David | Phoebe | Joey	Joey		True	scene_end_short_utterance | speaker_offscreen	Filled from previous same-scene context.				present	char_tracker_stage05	chandler	absent			low	speaker_offscreen
21	274	649.01	650.46	Look, there's a piece that doesn't have Fluor on it.	Rachel	high	qa_review_resolved_ct_support	1.0	dialogue	False	True	Rachel | Chandler		Chandler	True	speaker_no_face	Speaker agrees with available community-transcript mapping. | QA resolved prior review with community-transcript support.	Oh! Yay! Look! There’s a piece that doesn’t have floor on it!	Rachel	Rachel	absent	char_tracker_stage05		absent	0.0		medium	speaker_no_face
21	275	651.73	652.69	Stick to your side.	Chandler	high	community_transcript_match	1.0	dialogue	False	True	Rachel | Chandler	Rachel	Rachel	False		Speaker agrees with available community-transcript mapping.	Stick to your side!	Chandler	Chandler	present	char_tracker_stage05	chandler	present	0.5		high	
21	276	653.01	653.73	On now.	Rachel	high	qa_review_resolved_ct_support	1.0	dialogue	False	True	Rachel | Chandler	Chandler		True	speaker_offscreen	Speaker agrees with available community-transcript mapping. | QA resolved prior review with community-transcript support.	Hey, come on now!	Rachel	Rachel	present	char_tracker_stage05	chandler	absent	0.0		low	speaker_offscreen
22	277	665.81	667.09	All right, what are we having?	Joey	high	community_transcript_match	1.0	dialogue	False	True	Joey | Monica		Monica	False		Speaker agrees with available community-transcript mapping.	(pulls out a fork) All right, what are we havin’? (Starts digging in.)	Joey	Joey	present	char_tracker_stage05	joey	present	1.0		high	
22	278	675.57	676.21	Oh, wait.	Monica	high	qa_review_resolved_ct_support	1.0	dialogue	False	True	Joey | Monica	Joey		True	speaker_no_face	Speaker agrees with available community-transcript mapping. | QA resolved prior review with community-transcript support.	oh wait	Monica	Monica	absent	char_tracker_stage05		absent	0.0		medium	speaker_no_face
24	279	676.21	677.09	I forgot my wrap.	Monica	high	community_transcript_match	1.0	dialogue	False	True	Monica | Ross | Aunt Millie		Ross	False		Speaker agrees with available community-transcript mapping.	Oh wait I forgot my wrap.	Monica	Monica	present	char_tracker_stage05	monica|ross	present	0.5		high	
24	280	677.57	679.08	Oh, I'll wait here for you.	Ross	high	community_transcript_match	1.0	dialogue	False	True	Monica | Ross | Aunt Millie	Monica	Monica	False		Speaker agrees with available community-transcript mapping.	Oh, I'll wait here for you.	Ross	Ross	present	char_tracker_stage05	monica|ross	present	1.0		high	
24	281	679.39	680.43	I can't go back there.	Monica	high	community_transcript_match	1.0	dialogue	False	True	Monica | Ross | Aunt Millie	Ross	Ross	False		Speaker agrees with available community-transcript mapping.	I can't go back there!	Monica	Monica	present	char_tracker_stage05	monica|ross	present	1.0		high	
24	282	680.67	681.07	Why?	Ross	high	community_transcript_match	1.0	dialogue	False	True	Monica | Ross | Aunt Millie	Monica	Monica	False		Speaker agrees with available community-transcript mapping.	Why?	Ross	Ross	present	char_tracker_stage05	monica|ross	present	1.0		high	
24	283	681.55	683.63	Did you see the way that Stuart was staring at me?	Monica	high	community_transcript_match	1.0	dialogue	False	True	Monica | Ross | Aunt Millie	Ross	Monica	False		Speaker agrees with available community-transcript mapping.	Did you see the way Stuart was staring at me? I think he still wants me.	Monica	Monica	present	char_tracker_stage05	monica	present	1.0		high	
24	284	684.11	685.31	I think he still wants me.	Monica	high	community_transcript_match	1.0	dialogue	False	True	Monica | Ross | Aunt Millie	Monica	Ross	False		Speaker agrees with available community-transcript mapping.	I think he still wants me	Monica	Monica	present	char_tracker_stage05	monica|ross	present	1.0		high	
24	285	685.31	686.35	Oh, my God.	Ross	high	community_transcript_match	1.0	dialogue	False	True	Monica | Ross | Aunt Millie	Monica	Monica	False		Speaker agrees with available community-transcript mapping.	Oh my god!	Ross	Ross	present	char_tracker_stage05	monica|ross	present	1.0		high	
24	286	687.23	688.11	Just go do it.	Monica	high	community_transcript_match	1.0	dialogue	False	True	Monica | Ross | Aunt Millie	Ross	Monica	False		Speaker agrees with available community-transcript mapping.	Just go do it.	Monica	Monica	present	char_tracker_stage05	monica|ross	present	1.0		high	
24	287	688.11	688.71	All right.	Monica	medium	visual_disambiguation	0.74	dialogue	True	False	Monica | Ross | Aunt Millie	Monica	Ross	False		Only one of the two text-context candidates was visually present in the window.				present	char_tracker_stage05	monica	present			medium	
24	288	688.71	689.31	Wait here.	Ross	high	qa_review_resolved_ct_support	1.0	dialogue	False	True	Monica | Ross | Aunt Millie	Monica	Aunt Millie	True	speaker_offscreen	Speaker agrees with available community-transcript mapping. | QA resolved prior review with community-transcript support.	What? Oh, okay. Wait here. (Goes to get it, but before he gets there Aunt Millie sits down on it forcing him to pull it out from behind her which gets her attention.)	Ross	Ross	present	char_tracker_stage05	monica	absent	0.0		low	speaker_offscreen
24	289	708.52	709.48	Hi, sweetie.	Aunt Millie	high	community_transcript_match	1.0	dialogue	False	True	Monica | Ross | Aunt Millie	Ross	Aunt Millie	False		Speaker agrees with available community-transcript mapping.	Hi sweetie	Aunt Millie	Aunt Millie	absent	char_tracker_stage05		unobserved			high	
24	290	709.48	710.36	Are you leaving?	Aunt Millie	high	community_transcript_match	1.0	dialogue	False	True	Monica | Ross | Aunt Millie	Aunt Millie	Ross	False		Speaker agrees with available community-transcript mapping.	Hi sweetie! Are you leaving?	Aunt Millie	Aunt Millie	present	char_tracker_stage05	ross	unobserved			high	
24	291	710.6	711.96	Well, give us a kiss.	Ross	high	community_transcript_match	1.0	dialogue	False	True	Monica | Ross | Aunt Millie	Aunt Millie	Aunt Millie	False		Speaker agrees with available community-transcript mapping.	Well…	Ross	Ross	present	char_tracker_stage05	ross	present	1.0		high	
24	292	712.6	713.24	Come on.	Aunt Millie	high	community_transcript_match	1.0	dialogue	False	True	Monica | Ross | Aunt Millie	Ross	Aunt Millie	False		Speaker agrees with available community-transcript mapping.	Give us a kiss. Come on! Come on!	Aunt Millie	Aunt Millie	present	char_tracker_stage05	ross	unobserved			high	
24	293	713.32	713.96	Come here.	Aunt Millie	high	qa_review_resolved_bridge	0.9	dialogue	True	False	Monica | Ross | Aunt Millie	Aunt Millie	Aunt Millie	False		Filled from previous same-scene context. | QA resolved prior review by same-speaker bridge.				present	char_tracker_stage05	ross	unobserved			high	
24	294	715.88	716.44	Come here.	Aunt Millie	medium	scene_context_inference	0.68	dialogue	True	False	Monica | Ross | Aunt Millie	Aunt Millie		True	scene_end_short_utterance	Filled from previous same-scene context.				present	char_tracker_stage05	ross	unobserved			medium	
25	295	722.84	723.24	Why?	Ross	high	community_transcript_match	1.0	dialogue	False	True	Ross		Ross	False		Speaker agrees with available community-transcript mapping.	Why	Ross	Ross	present	char_tracker_stage05	ross	present	1.0		high	
25	296	723.48	742.76	Why on the lip, Sam?	Ross	high	community_transcript_match	1.0	dialogue	False	True	Ross	Ross		False		Speaker agrees with available community-transcript mapping.	Why?! Why on the lips?! (He wipes his mouth on Monica’s wrap and walks off, leaving Aunt Millie stunned.)	Ross	Ross	present	char_tracker_stage05	ross	present	1.0		high	
