scene_id	sentence_id	start	end	utterance	speaker	speaker_confidence	speaker_method	alignment_score	row_type	filled_from_missing	matched_to_ct	scene_speaker_set	prev_speaker_scene	next_speaker_scene	review_flag	review_reason	notes	utterance_ct	speaker_ct	speaker_original	visual_presence	visual_presence_source	visual_presence_chars	speaker_visual_presence	speaker_visual_ratio	visual_presence_note	annotation_confidence	annotation_review_reason
21	1	0.32	1.44	Start the healing process.	Rachel	high	community_transcript_match	1.0	dialogue	False	True	Rachel | Joey		Joey	False		Speaker agrees with available community-transcript mapping.	Joey, the new chair will be here in an hour. Maybe we should actually move Rosita out of here. Y’know, start the heeling process?	Rachel	Rachel	present	char_tracker_stage05	rachel	present	1.0		high	
21	2	3.36	4.48	Yeah, I guess you're right.	Joey	high	community_transcript_match	1.0	dialogue	False	True	Rachel | Joey	Rachel	Joey	True	speaker_no_face	Speaker agrees with available community-transcript mapping.	Well, I guess you're right	Joey	Joey	absent	char_tracker_stage05		absent	0.0		medium	speaker_no_face
21	3	5.84	7.76	Maybe I'll take her down to the incinerator.	Joey	high	community_transcript_match	1.0	dialogue	False	True	Rachel | Joey	Joey	Joey	True	speaker_no_face	Speaker agrees with available community-transcript mapping.	Well, I guess you’re right. Maybe, maybe I’ll take her down to the incinerator. It’s gonna be so said, and kinda cool. (He goes to remove the back, but it doesn’t come off. So he sits down in it, puts his feet up, stands up, and looks back at it.) She’s healed!	Joey	Joey	absent	char_tracker_stage05		absent	0.0		medium	speaker_no_face
21	4	8.24	9.68	It's gonna be so sad.	Joey	high	community_transcript_match	1.0	dialogue	False	True	Rachel | Joey	Joey	Joey	False		Speaker agrees with available community-transcript mapping.	It's gonna be so said, and kinda cool	Joey	Joey	present	char_tracker_stage05	joey	present	1.0		high	
21	5	10.32	25.69	And kind of cool.	Joey	medium	visual_disambiguation	0.74	dialogue	True	False	Rachel | Joey	Joey	Rachel	False		Only one of the two text-context candidates was visually present in the window.				present	char_tracker_stage05	joey	present			medium	
21	6	33.76	34.72	She's healed.	Rachel	low	scene_context_inference	0.58	dialogue	True	False	Rachel | Joey	Joey	Rachel	True	two_sided_context_ambiguous | low_speaker_confidence	No direct transcript match; weak local context only.				present	char_tracker_stage05	joey|rachel	present			low	low_speaker_confidence
21	7	39.84	40.64	That's weird.	Rachel	high	community_transcript_match	1.0	dialogue	False	True	Rachel | Joey	Rachel	Joey	False		Speaker agrees with available community-transcript mapping.	That’s weird.	Rachel	Rachel	present	char_tracker_stage05	joey|rachel	present	1.0		high	
21	8	41.599	42.88	No, it's not weird.	Joey	high	community_transcript_match	1.0	dialogue	False	True	Rachel | Joey	Rachel	Joey	False		Speaker agrees with available community-transcript mapping.	No it’s not weird, it’s a miracle!	Joey	Joey	present	char_tracker_stage05	joey|rachel	present	1.0		high	
21	9	43.2	44.32	It's a miracle.	Joey	high	community_transcript_match	1.0	dialogue	False	True	Rachel | Joey	Joey	Rachel	False		Speaker agrees with available community-transcript mapping.	it's a miracle	Joey	Joey	present	char_tracker_stage05	joey	present	1.0		high	
21	10	46.08	47.8	It's not a miracle, Joey.	Rachel	high	community_transcript_match	1.0	dialogue	False	True	Rachel | Joey	Joey	Rachel	False		Speaker agrees with available community-transcript mapping.	It's not a miracle Joey	Rachel	Rachel	present	char_tracker_stage05	joey|rachel	present	1.0		high	
21	11	47.8	49.4	I'm sure there's some explanation.	Rachel	high	community_transcript_match	1.0	dialogue	False	True	Rachel | Joey	Rachel	Joey	False		Speaker agrees with available community-transcript mapping.	It’s not a miracle Joey! I’m sure there’s some explanation.	Rachel	Rachel	present	char_tracker_stage05	joey|rachel	present	1.0		high	
21	12	49.4	50.08	Oh, there is.	Joey	high	community_transcript_match	1.0	dialogue	False	True	Rachel | Joey	Rachel	Joey	False		Speaker agrees with available community-transcript mapping.	Oh there is	Joey	Joey	present	char_tracker_stage05	joey|rachel	present	1.0		high	
21	13	50.08	53.36	If you want something enough and your heart is pure, wondrous things can happen.	Joey	high	community_transcript_match	1.0	dialogue	False	True	Rachel | Joey	Joey	Rachel	False		Speaker agrees with available community-transcript mapping.	Oh there is! If you want something enough and your heart is pure, wondrous things can happen!	Joey	Joey	present	char_tracker_stage05	joey	present	1.0		high	
21	14	57.69	58.69	Joey, I really don't.	Rachel	high	community_transcript_match	1.0	dialogue	False	True	Rachel | Joey	Joey	Joey	True	speaker_offscreen	Speaker agrees with available community-transcript mapping.	Joey, I really don’t…	Rachel	Rachel	present	char_tracker_stage05	joey	absent	0.0		low	speaker_offscreen
21	15	58.69	59.85	Can you tell me how this happened?	Joey	high	community_transcript_match	1.0	dialogue	False	True	Rachel | Joey	Rachel	Joey	False		Speaker agrees with available community-transcript mapping.	(interrupting her) Can you tell me how this happened?	Joey	Joey	present	char_tracker_stage05	joey|rachel	present	1.0		high	
21	16	60.25	61.53	Well, no miracle.	Joey	high	community_transcript_match	1.0	dialogue	False	True	Rachel | Joey	Joey	Rachel	False		Speaker agrees with available community-transcript mapping.	Miracle!	Joey	Joey	present	char_tracker_stage05	joey|rachel	present	1.0		high	
21	17	64.49	65.33	No, you know what?	Rachel	high	community_transcript_match	1.0	dialogue	False	True	Rachel | Joey	Joey	Rachel	False		Speaker agrees with available community-transcript mapping.	No, y'know what	Rachel	Rachel	present	char_tracker_stage05	joey|rachel	present	1.0		high	
21	18	65.33	68.17	Maybe somebody came in here and fixed it or something.	Rachel	high	community_transcript_match	1.0	dialogue	False	True	Rachel | Joey	Rachel	Joey	True	speaker_offscreen	Speaker agrees with available community-transcript mapping.	No, y’know what? Maybe somebody came in here and fixed it! Or something!	Rachel	Rachel	present	char_tracker_stage05	joey	absent	0.25		low	speaker_offscreen
21	19	68.89	70.49	Someone like an angel?	Joey	high	community_transcript_match	1.0	dialogue	False	True	Rachel | Joey	Rachel	Rachel	False		Speaker agrees with available community-transcript mapping.	Someone like an…angel?	Joey	Joey	present	char_tracker_stage05	joey	present	1.0		high	
21	20	74.41	75.37	That's right, Joey.	Rachel	high	community_transcript_match	1.0	dialogue	False	True	Rachel | Joey	Joey	Rachel	False		Speaker agrees with available community-transcript mapping.	that's right joey	Rachel	Rachel	present	char_tracker_stage05	rachel	present	1.0		high	
21	21	75.93	79.45	The chair angel came in and healed your chair.	Rachel	high	community_transcript_match	1.0	dialogue	False	True	Rachel | Joey	Rachel	Joey	False		Speaker agrees with available community-transcript mapping.	That’s right Joey, the chair angel came in and heeled your chair. (She sits down in the chair.)	Rachel	Rachel	present	char_tracker_stage05	rachel	present	1.0		high	
21	22	81.05	84.65	Please get your non believer ass out of my chair.	Joey	high	community_transcript_match	1.0	dialogue	False	True	Rachel | Joey	Rachel		False		Speaker agrees with available community-transcript mapping.	(angrily) Get your non-believer ass outta my chair! (She gets up and heads for her room.)	Joey	Joey	present	char_tracker_stage05	joey	present	1.0		high	
22	23	95.43	96.55	Well, she'll understand, right?	Mr. Geller	high	community_transcript_match	1.0	dialogue	False	True	Mr. Geller | Ross		Mr. Geller	False		Speaker agrees with available community-transcript mapping.	Well, she'll understand right	Mr. Geller	Mr. Geller	absent	char_tracker_stage05		unobserved			high	
22	24	96.55	98.07	It's not like I did it on purpose.	Mr. Geller	high	community_transcript_match	1.0	dialogue	False	True	Mr. Geller | Ross	Mr. Geller	Mr. Geller	False		Speaker agrees with available community-transcript mapping.	Well, she’ll understand right? It’s not like I did it on purpose.	Mr. Geller	Mr. Geller	absent	char_tracker_stage05		unobserved			high	
22	25	98.47	99.99	Dad, that won't matter to her.	Mr. Geller	medium	scene_context_inference	0.66	dialogue	True	False	Mr. Geller | Ross	Mr. Geller	Ross	True	two_sided_context_ambiguous	No direct transcript match; longer line defaulted to previous speaker in same scene.				absent	char_tracker_stage05		unobserved			medium	
22	26	100.31	102.83	Look, all my stuff is safe and dry.	Ross	high	community_transcript_match	1.0	dialogue	False	True	Mr. Geller | Ross	Mr. Geller	Ross	True	speaker_no_face	Speaker agrees with available community-transcript mapping.	look all my stuff is safe and dry	Ross	Ross	absent	char_tracker_stage05		absent	0.0		medium	speaker_no_face
22	27	102.83	106.63	And all her stuff is growing new stuff.	Ross	high	community_transcript_match	1.0	dialogue	False	True	Mr. Geller | Ross	Ross	Ross	True	speaker_no_face	Speaker agrees with available community-transcript mapping.	Look, all my stuff is safe and dry and all her is-is, is growing new stuff	Ross	Ross	partial	char_tracker_stage05		absent	0.4		medium	speaker_no_face
22	28	107.99	112.55	See, this is exactly the kind of thing that makes her think you guys love me more than you love her.	Ross	high	community_transcript_match	1.0	dialogue	False	True	Mr. Geller | Ross	Ross	Mr. Geller	False		Speaker agrees with available community-transcript mapping.	Dad that won’t matter to her. Look, all my stuff is safe and dry and all her is-is, is growing new stuff! See, this is exactly the kind of thing that makes her think you guys love me more than you love her.	Ross	Ross	present	char_tracker_stage05	ross	present	1.0		high	
22	29	112.79	113.51	Oh my God.	Mr. Geller	high	community_transcript_match	1.0	dialogue	False	True	Mr. Geller | Ross	Ross	Mr. Geller	False		Speaker agrees with available community-transcript mapping.	oh my god	Mr. Geller	Mr. Geller	present	char_tracker_stage05	ross	unobserved			high	
22	30	113.51	114.79	Does she really think that?	Mr. Geller	high	community_transcript_match	1.0	dialogue	False	True	Mr. Geller | Ross	Mr. Geller	Ross	False		Speaker agrees with available community-transcript mapping.	Oh my God, does she really thinks that?	Mr. Geller	Mr. Geller	present	char_tracker_stage05	ross	unobserved			high	
22	31	114.87	116.15	Well, can you blame her?	Ross	high	community_transcript_match	1.0	dialogue	False	True	Mr. Geller | Ross	Mr. Geller	Ross	False		Speaker agrees with available community-transcript mapping.	Well, can you blame her?	Ross	Ross	present	char_tracker_stage05	ross	present	1.0		high	
22	32	116.81	117.37	I don't know.	Ross	medium	visual_disambiguation	0.74	dialogue	True	False	Mr. Geller | Ross	Ross	Mr. Geller	False		Only one of the two text-context candidates was visually present in the window.				present	char_tracker_stage05	ross	present			medium	
22	33	117.53	120.29	I suppose we may have favored you unconsciously.	Mr. Geller	high	community_transcript_match	1.0	dialogue	False	True	Mr. Geller | Ross	Ross	Mr. Geller	False		Speaker agrees with available community-transcript mapping.	Well I don’t know, I-I suppose we may have favored you unconsciously, you were a medical marvel! The doctor said your mother could…	Mr. Geller	Mr. Geller	partial	char_tracker_stage05		unobserved			high	
22	34	120.29	121.45	You were a medical marvel.	Mr. Geller	high	community_transcript_match	1.0	dialogue	False	True	Mr. Geller | Ross	Mr. Geller	Mr. Geller	False		Speaker agrees with available community-transcript mapping.	well i don't know i you were a medical marvel the doctor said your mother could	Mr. Geller	Mr. Geller	absent	char_tracker_stage05		unobserved			high	
22	35	121.53	123.13	The doctor said your mother could not.	Mr. Geller	high	community_transcript_match	1.0	dialogue	False	True	Mr. Geller | Ross	Mr. Geller	Ross	False		Speaker agrees with available community-transcript mapping.	well i don't know i the doctor said your mother could	Mr. Geller	Mr. Geller	present	char_tracker_stage05	ross	unobserved			high	
22	36	123.13	124.49	Dad, I don't want to hear about it.	Ross	high	community_transcript_match	1.0	dialogue	False	True	Mr. Geller | Ross	Mr. Geller	Mr. Geller	False		Speaker agrees with available community-transcript mapping.	Dad, dad I don’t want to hear about it.	Ross	Ross	present	char_tracker_stage05	ross	present	1.0		high	
22	37	124.73	125.13	Really.	Mr. Geller	high	community_transcript_match	1.0	dialogue	False	True	Mr. Geller | Ross	Ross	Ross	False		Speaker agrees with available community-transcript mapping.	Really?	Mr. Geller	Mr. Geller	present	char_tracker_stage05	ross	unobserved			high	
22	38	125.53	128.61	Well, not right now, okay?	Ross	high	community_transcript_match	1.0	dialogue	False	True	Mr. Geller | Ross	Mr. Geller	Ross	False		Speaker agrees with available community-transcript mapping.	Well, not right now	Ross	Ross	present	char_tracker_stage05	ross	present	1.0		high	
22	39	128.61	132.17	Look, Monica came here for some memories and dammit, we're gonna give her some.	Ross	high	community_transcript_match	1.0	dialogue	False	True	Mr. Geller | Ross	Ross	Ross	False		Speaker agrees with available community-transcript mapping.	Well, not right now. Okay look, Monica came here for some memories and damnit, we’re gonna give her some! Okay, grab…grab some empty boxes. Okay? We’ll-we’ll take stuff from mine and whatever we can pass off as hers we’ll-we’ll put ‘em in their.	Ross	Ross	present	char_tracker_stage05	ross	present	1.0		high	
22	40	132.57	133.53	Okay, grab.	Ross	high	community_transcript_match	1.0	dialogue	False	True	Mr. Geller | Ross	Ross	Ross	False		Speaker agrees with available community-transcript mapping.	Okay, grab	Ross	Ross	present	char_tracker_stage05	ross	present	1.0		high	
22	41	134.25	136.09	Grab some empty boxes, okay?	Ross	high	community_transcript_match	1.0	dialogue	False	True	Mr. Geller | Ross	Ross	Ross	True	speaker_no_face	Speaker agrees with available community-transcript mapping.	grab some empty boxes	Ross	Ross	partial	char_tracker_stage05		absent	0.3333		medium	speaker_no_face
22	42	136.17	141.33	We'll take stuff from mine and whatever we can pass off as hers, we'll put them in there.	Ross	high	scene_context_bridge	0.88	dialogue	True	False	Mr. Geller | Ross	Ross	Ross	True	speaker_no_face	Same speaker appears on both sides within the same scene.				absent	char_tracker_stage05		absent			medium	speaker_no_face
22	43	141.33	141.69	Right?	Ross	high	scene_context_bridge	0.88	dialogue	True	False	Mr. Geller | Ross	Ross	Ross	True	speaker_no_face	Same speaker appears on both sides within the same scene.				absent	char_tracker_stage05		absent			medium	speaker_no_face
22	44	142.33	143.61	Like this.	Ross	high	community_transcript_match	1.0	dialogue	False	True	Mr. Geller | Ross	Ross	Ross	True	speaker_no_face	Speaker agrees with available community-transcript mapping.	Like uh y’know like this! This! (He picks up one of those art projects that kids make in kindergarten and first grade.) She-she could’ve made this!	Ross	Ross	absent	char_tracker_stage05		absent	0.0		medium	speaker_no_face
22	45	144.25	145.85	She could have made this, right?	Ross	high	scene_context_bridge	0.88	dialogue	True	False	Mr. Geller | Ross	Ross	Ross	True	speaker_no_face	Same speaker appears on both sides within the same scene.				absent	char_tracker_stage05		absent			medium	speaker_no_face
22	46	146.25	148.32	And then she could have won.	Ross	high	community_transcript_match	1.0	dialogue	False	True	Mr. Geller | Ross	Ross	Mr. Geller	False		Speaker agrees with available community-transcript mapping.	Right? And this! (He picks up a trophy) She-she could’ve won this!	Ross	Ross	present	char_tracker_stage05	ross	present	0.6667		high	
22	47	148.87	149.71	This could have been hers.	Mr. Geller	high	community_transcript_match	1.0	dialogue	False	True	Mr. Geller | Ross	Ross	Ross	False		Speaker agrees with available community-transcript mapping.	(grabbing a glove) This could’ve been hers!	Mr. Geller	Mr. Geller	present	char_tracker_stage05	ross	unobserved			high	
22	48	149.71	150.07	Sure.	Ross	medium	short_turn_alternation	0.7	dialogue	True	False	Mr. Geller | Ross	Mr. Geller	Ross	True	short_utterance_between_two_speakers | speaker_no_face	Short utterance inferred from local turn alternation.				absent	char_tracker_stage05		absent			medium	speaker_no_face
22	49	151.35	152.07	Oh, here.	Ross	high	scene_context_bridge	0.88	dialogue	True	False	Mr. Geller | Ross	Ross	Ross	True	speaker_no_face	Same speaker appears on both sides within the same scene.				absent	char_tracker_stage05		absent			medium	speaker_no_face
22	50	152.15	152.87	What about this?	Ross	high	community_transcript_match	1.0	dialogue	False	True	Mr. Geller | Ross	Ross	Mr. Geller	True	speaker_no_face	Speaker agrees with available community-transcript mapping.	Sure! Ooh-ooh, what about this?	Ross	Ross	absent	char_tracker_stage05		absent	0.0		medium	speaker_no_face
22	51	152.87	153.91	Your makeup kit?	Mr. Geller	high	community_transcript_match	1.0	dialogue	False	True	Mr. Geller | Ross	Ross	Mr. Geller	False		Speaker agrees with available community-transcript mapping.	Your make-up kit	Mr. Geller	Mr. Geller	absent	char_tracker_stage05		unobserved			high	
22	52	154.39	155.27	I feel better.	Mr. Geller	high	community_transcript_match	1.0	dialogue	False	True	Mr. Geller | Ross	Mr. Geller		False		Speaker agrees with available community-transcript mapping.	Your make-up kit? I’d feel better.	Mr. Geller	Mr. Geller	present	char_tracker_stage05	ross	unobserved			high	
24	53	161.43	164.07	I am so psyched I kept this chair for myself.	Rachel	high	community_transcript_match	1.0	dialogue	False	True	Rachel | Joey		Joey	False		Speaker agrees with available community-transcript mapping.	(grabbing a beer out of the chair’s fridge) I am so psyched I kept this chair for myself!	Rachel	Rachel	present	char_tracker_stage05	joey|rachel	present	1.0		high	
24	54	168.87	169.99	Yeah, me too.	Joey	high	community_transcript_match	1.0	dialogue	False	True	Rachel | Joey	Rachel	Rachel	False		Speaker agrees with available community-transcript mapping.	Yeah, me too. (He flips up his armrest in disgust.)	Joey	Joey	present	char_tracker_stage05	joey	present	1.0		high	
24	55	174.23	175.31	Hey, how's the.	Rachel	high	community_transcript_match	1.0	dialogue	False	True	Rachel | Joey	Joey	Rachel	True	speaker_offscreen	Speaker agrees with available community-transcript mapping.	Hey, how's	Rachel	Rachel	present	char_tracker_stage05	joey	absent	0.0		low	speaker_offscreen
24	56	175.31	176.39	How's the miracle chair?	Rachel	high	community_transcript_match	1.0	dialogue	False	True	Rachel | Joey	Rachel	Rachel	True	speaker_offscreen	Speaker agrees with available community-transcript mapping.	Hey, how’s…how’s the uh, miracle chair?	Rachel	Rachel	present	char_tracker_stage05	joey	absent	0.0		low	speaker_offscreen
24	57	176.89	177.13	Fun.	Rachel	high	scene_context_bridge	0.88	dialogue	True	False	Rachel | Joey	Rachel	Rachel	True	speaker_offscreen	Same speaker appears on both sides within the same scene.				present	char_tracker_stage05	joey	absent			low	speaker_offscreen
24	58	179.05	179.49	Wow.	Rachel	high	community_transcript_match	1.0	dialogue	False	True	Rachel | Joey	Rachel	Rachel	False		Speaker agrees with available community-transcript mapping.	Wow	Rachel	Rachel	present	char_tracker_stage05	joey|rachel	present	1.0		high	
24	59	179.49	182.97	You know that this thing has speakers in the headrest?	Rachel	high	community_transcript_match	1.0	dialogue	False	True	Rachel | Joey	Rachel	Joey	False		Speaker agrees with available community-transcript mapping.	Yeah? Wow! Y’know, that this thing has speakers in the headrest!	Rachel	Rachel	present	char_tracker_stage05	joey|rachel	present	1.0		high	
24	60	184.17	184.57	No.	Joey	high	community_transcript_match	1.0	dialogue	False	True	Rachel | Joey	Rachel	Joey	False		Speaker agrees with available community-transcript mapping.	No	Joey	Joey	present	char_tracker_stage05	joey|rachel	present	1.0		high	
24	61	184.57	184.97	Really?	Joey	high	community_transcript_match	1.0	dialogue	False	True	Rachel | Joey	Joey	Rachel	False		Speaker agrees with available community-transcript mapping.	No. Really?	Joey	Joey	present	char_tracker_stage05	joey|rachel	present	1.0		high	
24	62	185.13	188.33	Yeah, you can hook it up to your TV and you get radio.	Rachel	high	community_transcript_match	1.0	dialogue	False	True	Rachel | Joey	Joey	Joey	False		Speaker agrees with available community-transcript mapping.	Yeah! You can hook it up to your TV and you get radio!	Rachel	Rachel	present	char_tracker_stage05	joey|rachel	present	1.0		high	
24	63	193.93	195.21	My chair heals itself.	Joey	high	community_transcript_match	1.0	dialogue	False	True	Rachel | Joey	Rachel		False		Speaker agrees with available community-transcript mapping.	(quietly) My chair heels itself.	Joey	Joey	present	char_tracker_stage05	joey	present	1.0		high	
25	64	200.01	201.77	Earl, you're not hearing me.	Phoebe	high	community_transcript_match	1.0	dialogue	False	True	"Phoebe | Guy | Earl | The ""Hey Guy"" Guy | Supervisor"		Phoebe	False		Speaker agrees with available community-transcript mapping.	Earl, you're not hearing me	Phoebe	Phoebe	present	char_tracker_stage05	joey|phoebe	present	1.0		high	
25	65	201.93	204.17	All I'm saying is that you're not alone, all right?	Phoebe	high	community_transcript_match	1.0	dialogue	False	True	"Phoebe | Guy | Earl | The ""Hey Guy"" Guy | Supervisor"	Phoebe	Phoebe	False		Speaker agrees with available community-transcript mapping.	Earl, you’re not hearing me! All I’m saying is that you’re not alone all right? Everybody hates the people they work with! (One of her coworkers overhears that, and she mimes that she didn’t mean him.)	Phoebe	Phoebe	present	char_tracker_stage05	phoebe	present	1.0		high	
25	66	204.17	206.01	Everybody hates the people they work with.	Phoebe	high	community_transcript_match	1.0	dialogue	False	True	"Phoebe | Guy | Earl | The ""Hey Guy"" Guy | Supervisor"	Phoebe	Phoebe	False		Speaker agrees with available community-transcript mapping.	Everybody hates the people they work with	Phoebe	Phoebe	present	char_tracker_stage05	phoebe	present	1.0		high	
25	67	206.06	206.22	Me.	Phoebe	medium	visual_disambiguation	0.74	dialogue	True	False	"Phoebe | Guy | Earl | The ""Hey Guy"" Guy | Supervisor"	Phoebe	Guy	False		Only one of the two text-context candidates was visually present in the window.				present	char_tracker_stage05	phoebe	present			medium	
25	68	212.13	212.69	Hey, guy.	Guy	high	community_transcript_match	1.0	dialogue	False	True	"Phoebe | Guy | Earl | The ""Hey Guy"" Guy | Supervisor"	Phoebe	Phoebe	False		Speaker agrees with available community-transcript mapping.	(walking past Earl’s desk) Hey guy!	Guy	Guy	present	char_tracker_stage05	phoebe	unobserved			high	
25	69	213.25	214.09	Wait, what was that?	Phoebe	high	community_transcript_match	1.0	dialogue	False	True	"Phoebe | Guy | Earl | The ""Hey Guy"" Guy | Supervisor"	Guy	Phoebe	False		Speaker agrees with available community-transcript mapping.	Wait, what was that	Phoebe	Phoebe	present	char_tracker_stage05	phoebe	present	1.0		high	
25	70	214.09	215.97	That sounded like someone being nice to you.	Phoebe	high	community_transcript_match	1.0	dialogue	False	True	"Phoebe | Guy | Earl | The ""Hey Guy"" Guy | Supervisor"	Phoebe	Earl	False		Speaker agrees with available community-transcript mapping.	Wait, what was that? That sounded like someone being nice to you.	Phoebe	Phoebe	present	char_tracker_stage05	phoebe	present	1.0		high	
25	71	216.21	218.61	No, that's just the hey, guy, guy.	Earl	high	community_transcript_match	1.0	dialogue	False	True	"Phoebe | Guy | Earl | The ""Hey Guy"" Guy | Supervisor"	Phoebe	Earl	False		Speaker agrees with available community-transcript mapping.	no that's just the hey guy guy	Earl	Earl	partial	char_tracker_stage05		unobserved			high	
25	72	219.57	221.17	He says that to everybody.	Earl	high	community_transcript_match	1.0	dialogue	False	True	"Phoebe | Guy | Earl | The ""Hey Guy"" Guy | Supervisor"	Earl	Earl	False		Speaker agrees with available community-transcript mapping.	no that's just the hey guy guy he says that to everybody	Earl	Earl	absent	char_tracker_stage05		unobserved			high	
25	73	221.49	225.25	He's the worst I'd like to take home with me.	Earl	high	community_transcript_match	1.0	dialogue	False	True	"Phoebe | Guy | Earl | The ""Hey Guy"" Guy | Supervisor"	Earl	Phoebe	False		Speaker agrees with available community-transcript mapping.	"No! That’s just the ""Hey Guy"" guy. He says that to everybody! He’s the worst! I’d like to take him with me!"	Earl	Earl	absent	char_tracker_stage05		unobserved			high	
25	74	226.61	230.05	All right, so Earl, let's just forget about the people at the office, okay?	Phoebe	high	community_transcript_match	1.0	dialogue	False	True	"Phoebe | Guy | Earl | The ""Hey Guy"" Guy | Supervisor"	Earl	Phoebe	False		Speaker agrees with available community-transcript mapping.	All right so Earl, let’s just forget about the people at the office, okay? There-there’s gotta be someone else in your life worth sticking around for! What about-what about your family, your friends, or maybe your girlfriend?	Phoebe	Phoebe	present	char_tracker_stage05	phoebe	present	0.8		high	
25	75	230.13	233.77	There's gotta be someone else in your life that's worth sticking around for.	Phoebe	high	community_transcript_match	1.0	dialogue	False	True	"Phoebe | Guy | Earl | The ""Hey Guy"" Guy | Supervisor"	Phoebe	Phoebe	False		Speaker agrees with available community-transcript mapping.	There-there's gotta be someone else in your life worth sticking around for	Phoebe	Phoebe	present	char_tracker_stage05	phoebe	present	1.0		high	
25	76	233.77	234.33	What about.	Phoebe	high	community_transcript_match	1.0	dialogue	False	True	"Phoebe | Guy | Earl | The ""Hey Guy"" Guy | Supervisor"	Phoebe	Phoebe	False		Speaker agrees with available community-transcript mapping.	What about-what about your family, your friends, or maybe your girlfriend	Phoebe	Phoebe	present	char_tracker_stage05	phoebe	present	0.5		high	
25	77	234.57	237.77	What about your family or friends or Maybe a girlfriend.	Phoebe	high	community_transcript_match	1.0	dialogue	False	True	"Phoebe | Guy | Earl | The ""Hey Guy"" Guy | Supervisor"	Phoebe	Earl	True	speaker_no_face	Speaker agrees with available community-transcript mapping.	what about your family your friends or maybe your girlfriend	Phoebe	Phoebe	absent	char_tracker_stage05		absent	0.0		medium	speaker_no_face
25	78	238.65	239.53	Yeah, right.	Earl	high	community_transcript_match	1.0	dialogue	False	True	"Phoebe | Guy | Earl | The ""Hey Guy"" Guy | Supervisor"	Phoebe	Phoebe	False		Speaker agrees with available community-transcript mapping.	(laughs) Yeah! Right!	Earl	Earl	present	char_tracker_stage05	phoebe	unobserved			high	
25	79	239.69	240.53	Oh, sorry.	Phoebe	high	community_transcript_match	1.0	dialogue	False	True	"Phoebe | Guy | Earl | The ""Hey Guy"" Guy | Supervisor"	Earl	Phoebe	False		Speaker agrees with available community-transcript mapping.	oh sorry	Phoebe	Phoebe	present	char_tracker_stage05	phoebe	present	1.0		high	
25	80	240.53	241.21	Boyfriend.	Phoebe	high	community_transcript_match	1.0	dialogue	False	True	"Phoebe | Guy | Earl | The ""Hey Guy"" Guy | Supervisor"	Phoebe	Earl	False		Speaker agrees with available community-transcript mapping.	Oh sorry, boyfriend!	Phoebe	Phoebe	present	char_tracker_stage05	phoebe	present	1.0		high	
25	81	243.61	245.69	Oh, God, no.	Earl	high	community_transcript_match	1.0	dialogue	False	True	"Phoebe | Guy | Earl | The ""Hey Guy"" Guy | Supervisor"	Phoebe	Phoebe	False		Speaker agrees with available community-transcript mapping.	Oh no.	Earl	Earl	absent	char_tracker_stage05		unobserved			high	
25	82	245.77	246.29	Whatever.	Phoebe	high	community_transcript_match	1.0	dialogue	False	True	"Phoebe | Guy | Earl | The ""Hey Guy"" Guy | Supervisor"	Earl	Phoebe	True	speaker_no_face	Speaker agrees with available community-transcript mapping.	No, whatever	Phoebe	Phoebe	absent	char_tracker_stage05		absent	0.0		medium	speaker_no_face
25	83	246.29	246.81	Anything.	Phoebe	high	community_transcript_match	1.0	dialogue	False	True	"Phoebe | Guy | Earl | The ""Hey Guy"" Guy | Supervisor"	Phoebe	"The ""Hey Guy"" Guy"	True	speaker_no_face	Speaker agrees with available community-transcript mapping.	No, whatever! Anything!	Phoebe	Phoebe	absent	char_tracker_stage05		absent	0.0		medium	speaker_no_face
25	84	247.05	247.77	Hey, guys.	"The ""Hey Guy"" Guy"	high	community_transcript_match	1.0	dialogue	False	True	"Phoebe | Guy | Earl | The ""Hey Guy"" Guy | Supervisor"	Phoebe	Phoebe	False		Speaker agrees with available community-transcript mapping.	Hey guy!	"The ""Hey Guy"" Guy"	"The ""Hey Guy"" Guy"	absent	char_tracker_stage05		unobserved			high	
25	85	250.81	252.01	Yeah, he's gotta go.	Phoebe	high	community_transcript_match	1.0	dialogue	False	True	"Phoebe | Guy | Earl | The ""Hey Guy"" Guy | Supervisor"	"The ""Hey Guy"" Guy"	Earl	False		Speaker agrees with available community-transcript mapping.	Yeah, he’s gotta go.	Phoebe	Phoebe	present	char_tracker_stage05	phoebe	present	1.0		high	
25	86	254.73	255.77	Okay, I should.	Earl	high	community_transcript_match	1.0	dialogue	False	True	"Phoebe | Guy | Earl | The ""Hey Guy"" Guy | Supervisor"	Phoebe	Earl	False		Speaker agrees with available community-transcript mapping.	okay i should see ya	Earl	Earl	absent	char_tracker_stage05		unobserved			high	
25	87	256.09	258.73	I should probably be getting back to my thing now.	Earl	high	community_transcript_match	1.0	dialogue	False	True	"Phoebe | Guy | Earl | The ""Hey Guy"" Guy | Supervisor"	Earl	Earl	False		Speaker agrees with available community-transcript mapping.	Okay, I should, I should probably be getting back to my thing now. See ya. (Hangs up.)	Earl	Earl	absent	char_tracker_stage05		unobserved			high	
25	88	259.1	259.58	See ya.	Earl	high	community_transcript_match	1.0	dialogue	False	True	"Phoebe | Guy | Earl | The ""Hey Guy"" Guy | Supervisor"	Earl	Phoebe	False		Speaker agrees with available community-transcript mapping.	See ya	Earl	Earl	absent	char_tracker_stage05		unobserved			high	
25	89	259.58	261.62	No, I'm not finished yet.	Phoebe	high	community_transcript_match	1.0	dialogue	False	True	"Phoebe | Guy | Earl | The ""Hey Guy"" Guy | Supervisor"	Earl	Phoebe	False		Speaker agrees with available community-transcript mapping.	I'm not finished yet	Phoebe	Phoebe	present	char_tracker_stage05	phoebe	present	0.6667		high	
25	90	261.62	261.94	Don't.	Phoebe	high	community_transcript_match	1.0	dialogue	False	True	"Phoebe | Guy | Earl | The ""Hey Guy"" Guy | Supervisor"	Phoebe	Phoebe	False		Speaker agrees with available community-transcript mapping.	Don't	Phoebe	Phoebe	present	char_tracker_stage05	phoebe	present	1.0		high	
25	91	261.94	263.58	Don't you dare hang up on me.	Phoebe	high	community_transcript_match	1.0	dialogue	False	True	"Phoebe | Guy | Earl | The ""Hey Guy"" Guy | Supervisor"	Phoebe	Supervisor	False		Speaker agrees with available community-transcript mapping.	No! I’m not finished yet! Don’t! Don’t you dare hang up on me!!!	Phoebe	Phoebe	present	char_tracker_stage05	phoebe	present	1.0		high	
25	92	264.22	265.42	The new girl's good.	Supervisor	high	community_transcript_match	1.0	dialogue	False	True	"Phoebe | Guy | Earl | The ""Hey Guy"" Guy | Supervisor"	Phoebe		False		Speaker agrees with available community-transcript mapping.	(walking by and overhearing that) (to the rest of the staff) The new girl’s good.	Supervisor	Supervisor	present	char_tracker_stage05	phoebe	unobserved			high	
26	93	268.94	269.66	Hey, guys.	Monica	high	community_transcript_match	1.0	dialogue	False	True	Monica | Ross | Mr. Geller		Ross	True	speaker_offscreen	Speaker agrees with available community-transcript mapping.	Hey guys! Hey!	Monica	Monica	present	char_tracker_stage05	phoebe	absent	0.0		low	speaker_offscreen
26	94	271.1	271.58	Hey.	Ross	high	community_transcript_match	1.0	dialogue	False	True	Monica | Ross | Mr. Geller	Monica	Monica	True	speaker_no_face	Speaker agrees with available community-transcript mapping.	Hey.	Ross	Ross	absent	char_tracker_stage05		absent	0.0		medium	speaker_no_face
26	95	271.9	273.9	I just whipped us up some easy baked treats.	Monica	high	community_transcript_match	1.0	dialogue	False	True	Monica | Ross | Mr. Geller	Ross	Monica	False		Speaker agrees with available community-transcript mapping.	hey i just whipped us up some easy bake treats	Monica	Monica	present	char_tracker_stage05	monica	present	0.6667		high	
26	96	273.9	275.58	They should be ready in about three days.	Monica	high	community_transcript_match	1.0	dialogue	False	True	Monica | Ross | Mr. Geller	Monica	Mr. Geller	False		Speaker agrees with available community-transcript mapping.	Hey, I just whipped us up some Easy Bake treats, they should be ready in about three days.	Monica	Monica	present	char_tracker_stage05	monica	present	1.0		high	
26	97	276.22	276.98	That's a good one.	Mr. Geller	high	community_transcript_match	1.0	dialogue	False	True	Monica | Ross | Mr. Geller	Monica	Mr. Geller	False		Speaker agrees with available community-transcript mapping.	(overacting) That’s a good one! Do you hear that Ross? Three days!	Mr. Geller	Mr. Geller	absent	char_tracker_stage05		unobserved			high	
26	98	276.98	277.38	You hear that?	Mr. Geller	high	community_transcript_match	1.0	dialogue	False	True	Monica | Ross | Mr. Geller	Mr. Geller	Mr. Geller	False		Speaker agrees with available community-transcript mapping.	Do you hear that Ross	Mr. Geller	Mr. Geller	absent	char_tracker_stage05		unobserved			high	
26	99	277.38	278.42	Raw's three days.	Mr. Geller	high	community_transcript_match	1.0	dialogue	False	True	Monica | Ross | Mr. Geller	Mr. Geller	Ross	False		Speaker agrees with available community-transcript mapping.	Three days	Mr. Geller	Mr. Geller	present	char_tracker_stage05	monica	unobserved			high	
26	100	278.42	278.78	Yeah.	Ross	high	community_transcript_match	1.0	dialogue	False	True	Monica | Ross | Mr. Geller	Mr. Geller	Ross	True	speaker_offscreen	Speaker agrees with available community-transcript mapping.	Yeah	Ross	Ross	present	char_tracker_stage05	monica	absent	0.0		low	speaker_offscreen
26	101	278.78	279.18	Yeah.	Ross	high	community_transcript_match	1.0	dialogue	False	True	Monica | Ross | Mr. Geller	Ross	Ross	False		Speaker agrees with available community-transcript mapping.	Yeah	Ross	Ross	present	char_tracker_stage05	monica|ross	present	0.5		high	
26	102	280.38	282.22	Oh, this will make a great memory.	Ross	high	community_transcript_match	1.0	dialogue	False	True	Monica | Ross | Mr. Geller	Ross	Monica	False		Speaker agrees with available community-transcript mapping.	(overacting as well) Yeah! Yeah! (Laughs.) Oh, this will make a great memory.	Ross	Ross	present	char_tracker_stage05	monica|ross	present	1.0		high	
26	103	282.78	285.02	Okay, so which boxes are mine?	Monica	high	community_transcript_match	1.0	dialogue	False	True	Monica | Ross | Mr. Geller	Ross	Ross	False		Speaker agrees with available community-transcript mapping.	(wary) Okay. So, which boxes are mine?	Monica	Monica	present	char_tracker_stage05	monica|ross	present	0.5		high	
26	104	285.27	285.67	Oh, these.	Ross	high	community_transcript_match	1.0	dialogue	False	True	Monica | Ross | Mr. Geller	Monica	Ross	False		Speaker agrees with available community-transcript mapping.	Well, these	Ross	Ross	present	char_tracker_stage05	ross	present	1.0		high	
26	105	285.67	286.75	These are yours right here.	Ross	high	community_transcript_match	1.0	dialogue	False	True	Monica | Ross | Mr. Geller	Ross	Monica	False		Speaker agrees with available community-transcript mapping.	Well, these. These are yours right here. (Pointing to the boxes they just created for her.)	Ross	Ross	present	char_tracker_stage05	ross	present	0.5		high	
26	106	286.75	287.27	Okay.	Monica	high	community_transcript_match	1.0	dialogue	False	True	Monica | Ross | Mr. Geller	Ross	Monica	True	speaker_no_face	Speaker agrees with available community-transcript mapping.	okay	Monica	Monica	absent	char_tracker_stage05		absent	0.0		medium	speaker_no_face
26	107	288.39	289.67	Oh, a coloring book.	Monica	high	community_transcript_match	1.0	dialogue	False	True	Monica | Ross | Mr. Geller	Monica	Ross	False		Speaker agrees with available community-transcript mapping.	Okay. (Starting to go through them) Oh! A coloring book! (Holding it up.)	Monica	Monica	present	char_tracker_stage05	monica	present	1.0		high	
26	108	289.99	290.87	Yeah, yeah.	Ross	high	community_transcript_match	1.0	dialogue	False	True	Monica | Ross | Mr. Geller	Monica	Ross	False		Speaker agrees with available community-transcript mapping.	Yeah	Ross	Ross	present	char_tracker_stage05	monica|ross	present	0.5		high	
26	109	290.87	292.31	Oh, you love that thing.	Ross	high	community_transcript_match	1.0	dialogue	False	True	Monica | Ross | Mr. Geller	Ross	Ross	False		Speaker agrees with available community-transcript mapping.	Yeah, oh you loved that thing	Ross	Ross	present	char_tracker_stage05	ross	present	1.0		high	
26	110	292.39	293.75	You always had it with you.	Ross	high	community_transcript_match	1.0	dialogue	False	True	Monica | Ross | Mr. Geller	Ross	Ross	False		Speaker agrees with available community-transcript mapping.	You always had it with you	Ross	Ross	present	char_tracker_stage05	ross	present	1.0		high	
26	111	293.75	296.95	You never went anywhere without without that coloring book.	Ross	high	community_transcript_match	1.0	dialogue	False	True	Monica | Ross | Mr. Geller	Ross	Monica	False		Speaker agrees with available community-transcript mapping.	Yeah. Yeah, oh you loved that thing. You always had it with you. You never went anywhere without-without that coloring book.	Ross	Ross	present	char_tracker_stage05	ross	present	1.0		high	
26	112	297.59	297.99	Really?	Monica	high	community_transcript_match	1.0	dialogue	False	True	Monica | Ross | Mr. Geller	Ross	Monica	False		Speaker agrees with available community-transcript mapping.	Really	Monica	Monica	present	char_tracker_stage05	monica|ross	present	1.0		high	
26	113	298.95	299.43	Wow.	Monica	high	community_transcript_match	1.0	dialogue	False	True	Monica | Ross | Mr. Geller	Monica	Monica	False		Speaker agrees with available community-transcript mapping.	Wow	Monica	Monica	present	char_tracker_stage05	monica	present	1.0		high	
26	114	299.43	301.67	Looks like I had some trouble staying inside the lines.	Monica	high	community_transcript_match	1.0	dialogue	False	True	Monica | Ross | Mr. Geller	Monica	Monica	False		Speaker agrees with available community-transcript mapping.	(looking through it) Really? Wow! It looks like I had some trouble staying inside the lines.	Monica	Monica	present	char_tracker_stage05	monica	present	1.0		high	
26	115	301.75	302.23	Nuh.	Monica	high	scene_context_bridge	0.88	dialogue	True	False	Monica | Ross | Mr. Geller	Monica	Monica	False		Same speaker appears on both sides within the same scene.				present	char_tracker_stage05	monica	present			high	
26	116	305.19	307.27	Oh, an old glove.	Monica	high	community_transcript_match	1.0	dialogue	False	True	Monica | Ross | Mr. Geller	Monica	Mr. Geller	False		Speaker agrees with available community-transcript mapping.	(holding up a glove) Oh, an old glove?	Monica	Monica	present	char_tracker_stage05	monica|ross	present	1.0		high	
26	117	307.27	308.91	Oh, yeah, you love that glove.	Mr. Geller	high	community_transcript_match	1.0	dialogue	False	True	Monica | Ross | Mr. Geller	Monica	Mr. Geller	False		Speaker agrees with available community-transcript mapping.	Oh, yeah you loved that glove	Mr. Geller	Mr. Geller	present	char_tracker_stage05	monica|ross	unobserved			high	
26	118	308.91	310.23	You took it every place you went.	Mr. Geller	high	community_transcript_match	1.0	dialogue	False	True	Monica | Ross | Mr. Geller	Mr. Geller	Mr. Geller	False		Speaker agrees with available community-transcript mapping.	Oh, yeah you loved that glove! You took it every place you went. You never went any place without that glove.	Mr. Geller	Mr. Geller	partial	char_tracker_stage05		unobserved			high	
26	119	310.23	312.07	You never went any place without the glove.	Mr. Geller	high	community_transcript_match	1.0	dialogue	False	True	Monica | Ross | Mr. Geller	Mr. Geller	Monica	False		Speaker agrees with available community-transcript mapping.	You never went any place without that glove	Mr. Geller	Mr. Geller	partial	char_tracker_stage05		unobserved			high	
26	120	313.91	314.79	Wow, look at this.	Monica	high	community_transcript_match	1.0	dialogue	False	True	Monica | Ross | Mr. Geller	Mr. Geller	Monica	False		Speaker agrees with available community-transcript mapping.	Look at this	Monica	Monica	present	char_tracker_stage05	monica|ross	present	1.0		high	
26	121	314.95	317.03	I can't believe I even fit into this shirt.	Monica	high	community_transcript_match	1.0	dialogue	False	True	Monica | Ross | Mr. Geller	Monica	Monica	False		Speaker agrees with available community-transcript mapping.	Wow! Look at this! (Picking up a shirt.) I can’t believe I even fit into this shirt! (She holds it up and it reads: Tyrannosaurus Ross.) (She turns it around and looks at it.) Oh, this is yours. (Hands it to Ross.)	Monica	Monica	present	char_tracker_stage05	monica|ross	present	1.0		high	
26	122	321.75	323.51	Oh, this is yours.	Monica	high	community_transcript_match	1.0	dialogue	False	True	Monica | Ross | Mr. Geller	Monica	Ross	False		Speaker agrees with available community-transcript mapping.	Oh, this is yours	Monica	Monica	present	char_tracker_stage05	monica|ross	present	1.0		high	
26	123	323.51	325.91	Oh, I don't know how that got in there.	Ross	high	community_transcript_match	1.0	dialogue	False	True	Monica | Ross | Mr. Geller	Monica	Monica	False		Speaker agrees with available community-transcript mapping.	Oh, I don’t know how that got in there.	Ross	Ross	present	char_tracker_stage05	monica|ross	present	1.0		high	
26	124	327.35	328.23	This isn't mine.	Monica	high	community_transcript_match	1.0	dialogue	False	True	Monica | Ross | Mr. Geller	Ross	Monica	False		Speaker agrees with available community-transcript mapping.	This isn't mine	Monica	Monica	present	char_tracker_stage05	monica|ross	present	0.5		high	
26	125	330.15	331.91	Hey, this isn't my stuff.	Monica	high	community_transcript_match	1.0	dialogue	False	True	Monica | Ross | Mr. Geller	Monica	Ross	True	speaker_no_face	Speaker agrees with available community-transcript mapping.	(holding up a small cowboy hat) This isn’t mine. (Sets it down and looks at the rest of the boxes.) Hey, this isn’t, this isn’t my stuff! Ugh, Ross! (Grabs and holds up a doll.) These are your boxes! Where are my boxes?	Monica	Monica	absent	char_tracker_stage05		absent	0.0		medium	speaker_no_face
26	126	332.31	335.19	Ross, these are your boxes.	Ross	high	community_transcript_match	1.0	dialogue	False	True	Monica | Ross | Mr. Geller	Monica	Mr. Geller	True	speaker_offscreen	Speaker agrees with available community-transcript mapping.	Umm, your boxes are umm…	Ross	Ross	present	char_tracker_stage05	monica	absent	0.0		low	speaker_offscreen
26	127	339.43	340.53	Where are my boxes?	Mr. Geller	low	scene_context_inference	0.58	dialogue	True	False	Monica | Ross | Mr. Geller	Ross	Mr. Geller	True	two_sided_context_ambiguous | low_speaker_confidence	No direct transcript match; weak local context only.				present	char_tracker_stage05	monica	unobserved			low	low_speaker_confidence
26	128	340.68	347.32	Uh, your boxes are what, dad?	Mr. Geller	high	scene_context_bridge	0.88	dialogue	True	False	Monica | Ross | Mr. Geller	Mr. Geller	Mr. Geller	False		Same speaker appears on both sides within the same scene.				present	char_tracker_stage05	ross	unobserved			high	
26	129	348.84	352.56	Well, the garage flooded, sweetie, and it ruined everything in your boxes.	Mr. Geller	high	community_transcript_match	1.0	dialogue	False	True	Monica | Ross | Mr. Geller	Mr. Geller	Mr. Geller	False		Speaker agrees with available community-transcript mapping.	Well, the garage flooded sweetie and it ruined everything in your boxes. I’m sorry.	Mr. Geller	Mr. Geller	partial	char_tracker_stage05		unobserved			high	
26	130	352.56	353.32	I'm sorry.	Mr. Geller	high	community_transcript_match	1.0	dialogue	False	True	Monica | Ross | Mr. Geller	Mr. Geller	Monica	False		Speaker agrees with available community-transcript mapping.	I'm sorry	Mr. Geller	Mr. Geller	present	char_tracker_stage05	monica	unobserved			high	
26	131	354.36	355.16	Just mine?	Monica	high	community_transcript_match	1.0	dialogue	False	True	Monica | Ross | Mr. Geller	Mr. Geller	Mr. Geller	False		Speaker agrees with available community-transcript mapping.	Just mine?	Monica	Monica	present	char_tracker_stage05	monica	present	1.0		high	
26	132	355.32	356.44	I'm afraid so.	Mr. Geller	high	community_transcript_match	1.0	dialogue	False	True	Monica | Ross | Mr. Geller	Monica	Monica	False		Speaker agrees with available community-transcript mapping.	I’m afraid so.	Mr. Geller	Mr. Geller	present	char_tracker_stage05	monica	unobserved			high	
26	133	357.48	359.88	So why, why wasn't Ross's stuff ruined?	Monica	high	community_transcript_match	1.0	dialogue	False	True	Monica | Ross | Mr. Geller	Mr. Geller	Monica	False		Speaker agrees with available community-transcript mapping.	So why-why wasn't Ross's stuff ruined	Monica	Monica	present	char_tracker_stage05	monica	present	1.0		high	
26	134	360.84	363.96	And if you say the words medical marvel, I'm going to Easy Bake.	Monica	high	community_transcript_match	1.0	dialogue	False	True	Monica | Ross | Mr. Geller	Monica	Mr. Geller	False		Speaker agrees with available community-transcript mapping.	So why-why wasn’t Ross’s stuff ruined? (Pause) And if you say the words medical marvel I’m going to Easy Bake your head!	Monica	Monica	present	char_tracker_stage05	monica	present	1.0		high	
26	135	367.24	370.92	But I used your boxes to divert water away from the Porsche.	Mr. Geller	high	community_transcript_match	1.0	dialogue	False	True	Monica | Ross | Mr. Geller	Monica	Monica	False		Speaker agrees with available community-transcript mapping.	Well, I used your boxes to divert water away from the Porsche.	Mr. Geller	Mr. Geller	partial	char_tracker_stage05		unobserved			high	
26	136	371.0	376.76	So wait, Ross's stuff is fine, but I have no memories because you wanted to keep the bottom two inches of your car away from water.	Monica	high	community_transcript_match	1.0	dialogue	False	True	Monica | Ross | Mr. Geller	Mr. Geller	Mr. Geller	False		Speaker agrees with available community-transcript mapping.	So wait, Ross’s stuff is fine, but I have no memories because you wanted to keep the bottom two inches of your car away from water!!!	Monica	Monica	present	char_tracker_stage05	monica	present	1.0		high	
26	137	377.0	379.4	There was also leaves and gook and stuff.	Mr. Geller	high	community_transcript_match	1.0	dialogue	False	True	Monica | Ross | Mr. Geller	Monica	Monica	False		Speaker agrees with available community-transcript mapping.	There was also leaves and guk and stuff.	Mr. Geller	Mr. Geller	partial	char_tracker_stage05		unobserved			high	
26	138	382.68	383.96	I can't believe this.	Monica	high	community_transcript_match	1.0	dialogue	False	True	Monica | Ross | Mr. Geller	Mr. Geller	Mr. Geller	False		Speaker agrees with available community-transcript mapping.	I can’t believe this! (Storms out.)	Monica	Monica	present	char_tracker_stage05	monica	present	1.0		high	
26	139	391.16	391.68	Screw it.	Mr. Geller	high	community_transcript_match	1.0	dialogue	False	True	Monica | Ross | Mr. Geller	Monica	Mr. Geller	False		Speaker agrees with available community-transcript mapping.	Screw it	Mr. Geller	Mr. Geller	absent	char_tracker_stage05		unobserved			high	
26	140	391.68	392.44	I'm having one.	Mr. Geller	high	community_transcript_match	1.0	dialogue	False	True	Monica | Ross | Mr. Geller	Mr. Geller		False		Speaker agrees with available community-transcript mapping.	(To Ross) Screw it! I’m having one. (Takes out and lights a cigarette.)	Mr. Geller	Mr. Geller	absent	char_tracker_stage05		unobserved			high	
28	141	400.93	401.61	Hey, Chandler.	Rachel	high	community_transcript_match	1.0	dialogue	False	True	Rachel | Chandler		Chandler	True	speaker_offscreen	Speaker agrees with available community-transcript mapping.	Hey Chandler!	Rachel	Rachel	present	char_tracker_stage05	chandler	absent	0.0		low	speaker_offscreen
28	142	401.61	402.05	Hey.	Chandler	high	community_transcript_match	1.0	dialogue	False	True	Rachel | Chandler	Rachel	Rachel	False		Speaker agrees with available community-transcript mapping.	Hey!	Chandler	Chandler	present	char_tracker_stage05	chandler|rachel	present	1.0		high	
28	143	402.21	410.53	How would you like to sit in a chair that fully reclines, has a rolling massage and speakers in the headrest?	Rachel	high	community_transcript_match	1.0	dialogue	False	True	Rachel | Chandler	Chandler	Chandler	False		Speaker agrees with available community-transcript mapping.	How would you like to sit in a chair that fully reclines, has a rolling massage, and speakers in the head rest?	Rachel	Rachel	present	char_tracker_stage05	rachel	present	1.0		high	
28	144	410.85	415.33	Yeah, I'd love to, but I've tried that so many times they won't even let me in the store anymore.	Chandler	high	community_transcript_match	1.0	dialogue	False	True	Rachel | Chandler	Rachel	Rachel	False		Speaker agrees with available community-transcript mapping.	Yeah, I’d love to but I’ve tried that so many times they won’t even let me in the store anymore.	Chandler	Chandler	present	char_tracker_stage05	chandler	present	0.6667		high	
28	145	417.09	420.09	Well, what if I told you that you could do it in my part?	Rachel	high	community_transcript_match	1.0	dialogue	False	True	Rachel | Chandler	Chandler	Chandler	False		Speaker agrees with available community-transcript mapping.	Well what if I told you, you can do it in my apartment?	Rachel	Rachel	present	char_tracker_stage05	rachel	present	1.0		high	
28	146	421.28	426.32	Are you telling me that you bought the chair that is making all other lounge systems obsolete?	Chandler	high	community_transcript_match	1.0	dialogue	False	True	Rachel | Chandler	Rachel	Chandler	False		Speaker agrees with available community-transcript mapping.	(excitedly) Are you telling me that you bought the chair that is making all other lounge systems obsolete? The chair that Sit magazine called the Chair of the Year?	Chandler	Chandler	present	char_tracker_stage05	chandler	present	1.0		high	
28	147	426.32	430.24	The chair that Sit magazine called Chair of the Year?	Chandler	high	community_transcript_match	1.0	dialogue	False	True	Rachel | Chandler	Chandler	Rachel	False		Speaker agrees with available community-transcript mapping.	The chair that Sit magazine called the Chair of the Year	Chandler	Chandler	present	char_tracker_stage05	chandler	present	1.0		high	
28	148	432.8	437.2	I just purchased the La Z boy E. Kleiner 3000.	Rachel	high	community_transcript_match	1.0	dialogue	False	True	Rachel | Chandler	Chandler	Chandler	False		Speaker agrees with available community-transcript mapping.	I just purchased the La-Z-Boy E-cliner 3000. (Which is an actual product by the way, I’m not sure about the 3000 part.)	Rachel	Rachel	present	char_tracker_stage05	rachel	present	1.0		high	
28	149	438.08	439.12	Well, that's awesome.	Chandler	high	community_transcript_match	1.0	dialogue	False	True	Rachel | Chandler	Rachel	Chandler	False		Speaker agrees with available community-transcript mapping.	That's awesome	Chandler	Chandler	present	char_tracker_stage05	chandler|rachel	present	1.0		high	
28	150	439.12	439.64	That's great.	Chandler	high	community_transcript_match	1.0	dialogue	False	True	Rachel | Chandler	Chandler	Chandler	False		Speaker agrees with available community-transcript mapping.	That's great	Chandler	Chandler	present	char_tracker_stage05	chandler	present	1.0		high	
28	151	439.64	440.72	What made you do it?	Chandler	high	community_transcript_match	1.0	dialogue	False	True	Rachel | Chandler	Chandler	Rachel	False		Speaker agrees with available community-transcript mapping.	That’s awesome! That’s great! What made you do it?!	Chandler	Chandler	present	char_tracker_stage05	chandler	present	1.0		high	
28	152	440.72	443.76	Well, it's a long story, but I broke Joey's chair.	Rachel	high	community_transcript_match	1.0	dialogue	False	True	Rachel | Chandler	Chandler	Chandler	False		Speaker agrees with available community-transcript mapping.	Well, it’s a long story, but umm I broke Joey’s chair…	Rachel	Rachel	present	char_tracker_stage05	chandler|rachel	present	0.75		high	
28	153	443.84	444.72	Whoa, whoa, whoa.	Chandler	high	community_transcript_match	1.0	dialogue	False	True	Rachel | Chandler	Rachel	Chandler	False		Speaker agrees with available community-transcript mapping.	Whoa-whoa-whoa	Chandler	Chandler	present	char_tracker_stage05	chandler|rachel	present	1.0		high	
28	154	445.52	446.72	You broke Joey's chair?	Chandler	high	community_transcript_match	1.0	dialogue	False	True	Rachel | Chandler	Chandler	Rachel	False		Speaker agrees with available community-transcript mapping.	Whoa-whoa-whoa! You broke Joey’s chair?	Chandler	Chandler	present	char_tracker_stage05	chandler|rachel	present	1.0		high	
28	155	447.14	447.34	Yeah.	Rachel	high	community_transcript_match	1.0	dialogue	False	True	Rachel | Chandler	Chandler	Chandler	False		Speaker agrees with available community-transcript mapping.	Yeah.	Rachel	Rachel	present	char_tracker_stage05	chandler|rachel	present	1.0		high	
28	156	447.34	448.82	I thought I broke Joey's chair.	Chandler	high	community_transcript_match	1.0	dialogue	False	True	Rachel | Chandler	Rachel	Chandler	False		Speaker agrees with available community-transcript mapping.	I thought I broke Joey’s chair! That’s why I replaced it with mine!	Chandler	Chandler	present	char_tracker_stage05	chandler|rachel	present	1.0		high	
28	157	448.82	449.78	That's why I replaced it.	Chandler	high	community_transcript_match	1.0	dialogue	False	True	Rachel | Chandler	Chandler	Chandler	False		Speaker agrees with available community-transcript mapping.	That's why I replaced it with mine	Chandler	Chandler	present	char_tracker_stage05	chandler|rachel	present	1.0		high	
28	158	449.78	450.34	With mine.	Chandler	high	community_transcript_match	1.0	dialogue	False	True	Rachel | Chandler	Chandler	Rachel	False		Speaker agrees with available community-transcript mapping.	with mine	Chandler	Chandler	present	char_tracker_stage05	chandler	present	1.0		high	
28	159	450.58	453.78	Oh, that's how it got fixed.	Rachel	high	community_transcript_match	1.0	dialogue	False	True	Rachel | Chandler	Chandler	Chandler	False		Speaker agrees with available community-transcript mapping.	Ohhhhh. That’s how it got fixed!	Rachel	Rachel	present	char_tracker_stage05	rachel	present	0.5		high	
28	160	455.14	458.18	What did you think, that elves came in and fixed it?	Chandler	high	community_transcript_match	1.0	dialogue	False	True	Rachel | Chandler	Rachel	Rachel	False		Speaker agrees with available community-transcript mapping.	Well, what did you think, that-that elves came in and fixed it?	Chandler	Chandler	present	char_tracker_stage05	chandler	present	1.0		high	
28	161	458.26	460.74	No, angels.	Rachel	high	community_transcript_match	1.0	dialogue	False	True	Rachel | Chandler	Chandler	Chandler	False		Speaker agrees with available community-transcript mapping.	Noo! (Laughs) Angels.	Rachel	Rachel	present	char_tracker_stage05	rachel	present	1.0		high	
28	162	462.9	464.02	I'm getting my chair back.	Chandler	high	community_transcript_match	1.0	dialogue	False	True	Rachel | Chandler	Rachel	Rachel	False		Speaker agrees with available community-transcript mapping.	I’m gettin’ my chair back! (Heads for Joey and Rachel’s.)	Chandler	Chandler	present	char_tracker_stage05	chandler	present	0.6667		high	
28	163	464.5	464.98	Hey.	Rachel	high	community_transcript_match	1.0	dialogue	False	True	Rachel | Chandler	Chandler		True	speaker_no_face	Speaker agrees with available community-transcript mapping.	What? Wh-hey!	Rachel	Rachel	absent	char_tracker_stage05		absent	0.0		medium	speaker_no_face
29	164	467.86	470.26	Well, looks like it wasn't healed after all.	Joey	high	community_transcript_match	1.0	dialogue	False	True	Joey | Chandler | Rachel		Joey	True	speaker_no_face	Speaker agrees with available community-transcript mapping.	Well, it looks like it wasn’t healed after all! Yeah! So, I guess this chair is mine now! (Sits down in it and groans.)	Joey	Joey	partial	char_tracker_stage05		absent	0.0		medium	speaker_no_face
29	165	471.78	474.74	So I guess this chair's mine now.	Joey	high	community_transcript_match	1.0	dialogue	False	True	Joey | Chandler | Rachel	Joey	Chandler	False		Speaker agrees with available community-transcript mapping.	yeah so i guess this chair is mine now	Joey	Joey	present	char_tracker_stage05	joey	present	0.5		high	
29	166	478.38	479.74	Joey, you broke my chair.	Chandler	high	community_transcript_match	1.0	dialogue	False	True	Joey | Chandler | Rachel	Joey	Joey	False		Speaker agrees with available community-transcript mapping.	Joey you broke my chair!!	Chandler	Chandler	present	char_tracker_stage05	chandler	present	1.0		high	
29	167	480.14	480.86	Your chair?	Joey	high	community_transcript_match	1.0	dialogue	False	True	Joey | Chandler | Rachel	Chandler	Rachel	False		Speaker agrees with available community-transcript mapping.	Your chair?!	Joey	Joey	present	char_tracker_stage05	chandler|joey	present	1.0		high	
29	168	481.02	481.38	Yeah.	Rachel	high	community_transcript_match	1.0	dialogue	False	True	Joey | Chandler | Rachel	Joey	Rachel	False		Speaker agrees with available community-transcript mapping.	yeah	Rachel	Rachel	present	char_tracker_stage05	joey|rachel	present	1.0		high	
29	169	481.38	484.3	He thought he broke your chair, so he switched the chairs.	Rachel	high	community_transcript_match	1.0	dialogue	False	True	Joey | Chandler | Rachel	Rachel	Joey	False		Speaker agrees with available community-transcript mapping.	Yeah, he thought he broke your chair so he switched the chairs!	Rachel	Rachel	present	char_tracker_stage05	joey|rachel	present	1.0		high	
29	170	484.7	486.54	So there was no miracle?	Joey	high	community_transcript_match	1.0	dialogue	False	True	Joey | Chandler | Rachel	Rachel	Rachel	False		Speaker agrees with available community-transcript mapping.	So, there was no miracle?!	Joey	Joey	present	char_tracker_stage05	joey|rachel	present	1.0		high	
29	171	486.54	487.34	No, Joe.	Rachel	high	community_transcript_match	1.0	dialogue	False	True	Joey | Chandler | Rachel	Joey	Rachel	False		Speaker agrees with available community-transcript mapping.	no joe	Rachel	Rachel	present	char_tracker_stage05	joey|rachel	present	1.0		high	
29	172	487.34	488.06	No miracle.	Rachel	high	community_transcript_match	1.0	dialogue	False	True	Joey | Chandler | Rachel	Rachel	Joey	False		Speaker agrees with available community-transcript mapping.	No Joe, no miracle.	Rachel	Rachel	present	char_tracker_stage05	joey|rachel	present	1.0		high	
29	173	488.78	489.3	Oh, no.	Joey	high	community_transcript_match	1.0	dialogue	False	True	Joey | Chandler | Rachel	Rachel	Joey	False		Speaker agrees with available community-transcript mapping.	oh no	Joey	Joey	present	char_tracker_stage05	joey|rachel	present	1.0		high	
29	174	489.3	490.38	This is devastating.	Joey	high	community_transcript_match	1.0	dialogue	False	True	Joey | Chandler | Rachel	Joey	Joey	False		Speaker agrees with available community-transcript mapping.	Oh no this is devastating	Joey	Joey	present	char_tracker_stage05	joey|rachel	present	1.0		high	
29	175	492.38	493.46	My faith is shaking.	Joey	high	community_transcript_match	1.0	dialogue	False	True	Joey | Chandler | Rachel	Joey	Joey	False		Speaker agrees with available community-transcript mapping.	My faith is shaken	Joey	Joey	present	char_tracker_stage05	joey|rachel	present	1.0		high	
29	176	493.46	496.14	I'm so glad I have the new chair to get me through this difficult time of my life.	Joey	high	community_transcript_match	1.0	dialogue	False	True	Joey | Chandler | Rachel	Joey	Rachel	False		Speaker agrees with available community-transcript mapping.	(sarcastic) Oh no this is devastating! My faith is shaken. I’m so glad I have the new chair to get my through this difficult time in my life.	Joey	Joey	present	char_tracker_stage05	joey	present	1.0		high	
29	177	498.14	501.22	Uh, nice try, but you don't get that chair anymore.	Rachel	high	community_transcript_match	1.0	dialogue	False	True	Joey | Chandler | Rachel	Joey	Rachel	False		Speaker agrees with available community-transcript mapping.	Uh-huh! Nice try, but you don’t get that chair anymore! All right? That is my chair now! You can sit on my lap! (Joey starts to get up.) No I take that back!	Rachel	Rachel	present	char_tracker_stage05	rachel	present	0.5		high	
29	178	501.22	502.58	All right, that is my chair.	Rachel	high	community_transcript_match	1.0	dialogue	False	True	Joey | Chandler | Rachel	Rachel	Rachel	False		Speaker agrees with available community-transcript mapping.	All right	Rachel	Rachel	present	char_tracker_stage05	rachel	present	1.0		high	
29	179	502.58	504.56	Now you can sit on my lap.	Rachel	medium	visual_disambiguation	0.74	dialogue	True	False	Joey | Chandler | Rachel	Rachel	Rachel	False		Only one of the two text-context candidates was visually present in the window.				present	char_tracker_stage05	rachel	present			medium	
29	180	504.96	506.08	No, I take that back.	Rachel	medium	visual_disambiguation	0.74	dialogue	True	False	Joey | Chandler | Rachel	Rachel	Chandler	False		Only one of the two text-context candidates was visually present in the window.				present	char_tracker_stage05	rachel	present			medium	
29	181	507.92	509.36	I think I should get the chair.	Chandler	high	community_transcript_match	1.0	dialogue	False	True	Joey | Chandler | Rachel	Rachel		True	speaker_no_face	Speaker agrees with available community-transcript mapping.	I think I should get the chair!	Chandler	Chandler	absent	char_tracker_stage05		absent	0.0		medium	speaker_no_face
30	182	511.36	514.28	Wait, how do you figure it?	Joey	high	community_transcript_match	1.0	dialogue	False	True	Joey | Chandler | Rachel		Chandler	False		Speaker agrees with available community-transcript mapping.	How do you figure?	Joey	Joey	present	char_tracker_stage05	joey|rachel	present	0.75		high	
30	183	514.28	516.72	Because you broke a chair and you broke a chair.	Chandler	high	community_transcript_match	1.0	dialogue	False	True	Joey | Chandler | Rachel	Joey	Chandler	False		Speaker agrees with available community-transcript mapping.	Because you (Points to Joey) broke a chair and you (Points to Rachel) broke a chair! The only one around here that hasn’t broke a chair, is me!	Chandler	Chandler	present	char_tracker_stage05	chandler	present	1.0		high	
30	184	516.72	519.6	The only one here that hasn't broken a chair is me.	Chandler	high	community_transcript_match	1.0	dialogue	False	True	Joey | Chandler | Rachel	Chandler	Rachel	False		Speaker agrees with available community-transcript mapping.	The only one around here that hasn't broke a chair, is me	Chandler	Chandler	present	char_tracker_stage05	chandler	present	1.0		high	
30	185	520.16	521.0	No, no, no.	Rachel	high	community_transcript_match	1.0	dialogue	False	True	Joey | Chandler | Rachel	Chandler	Rachel	True	speaker_offscreen	Speaker agrees with available community-transcript mapping.	No-no-no	Rachel	Rachel	present	char_tracker_stage05	chandler	absent	0.0		low	speaker_offscreen
30	186	521.0	522.48	This chair's not going anywhere.	Rachel	high	community_transcript_match	1.0	dialogue	False	True	Joey | Chandler | Rachel	Rachel	Chandler	True	speaker_offscreen	Speaker agrees with available community-transcript mapping.	No-no-no! This chair’s not going anywhere.	Rachel	Rachel	present	char_tracker_stage05	chandler	absent	0.0		low	speaker_offscreen
30	187	522.64	524.0	Well, where's the logic in that?	Chandler	high	community_transcript_match	1.0	dialogue	False	True	Joey | Chandler | Rachel	Rachel	Rachel	False		Speaker agrees with available community-transcript mapping.	Well, where’s the logic in that?!	Chandler	Chandler	present	char_tracker_stage05	chandler	present	1.0		high	
30	188	524.24	531.28	The logic is that there are two of us and we are both strong enough to break a chair in half.	Rachel	high	community_transcript_match	1.0	dialogue	False	True	Joey | Chandler | Rachel	Chandler	Chandler	False		Speaker agrees with available community-transcript mapping.	The logic is, that there are two of us and we are both strong enough to break a chair in half!	Rachel	Rachel	present	char_tracker_stage05	joey|rachel	present	1.0		high	
30	189	533.07	536.03	So Joey breaks my chair and I get nothing?	Chandler	high	community_transcript_match	1.0	dialogue	False	True	Joey | Chandler | Rachel	Rachel		False		Speaker agrees with available community-transcript mapping.	So Joey breaks my chair and I get nothing!	Chandler	Chandler	present	char_tracker_stage05	chandler	present	1.0		high	
31	190	539.63	540.27	That's right.	Joey	high	community_transcript_match	1.0	dialogue	False	True	Joey | Chandler		Chandler	False		Speaker agrees with available community-transcript mapping.	That’s right!	Joey	Joey	present	char_tracker_stage05	joey|rachel	present	1.0		high	
31	191	542.99	544.99	What do you guys, like, a gang or something?	Chandler	high	community_transcript_match	1.0	dialogue	False	True	Joey | Chandler	Joey		False		Speaker agrees with available community-transcript mapping.	What are you guys? Like a gang or something?!	Chandler	Chandler	present	char_tracker_stage05	chandler	present	1.0		high	
32	192	548.19	549.15	Yeah, we are.	Joey	high	community_transcript_match	1.0	dialogue	False	True	Joey			False		Speaker agrees with available community-transcript mapping.	Yeah! We are!	Joey	Joey	present	char_tracker_stage05	joey|rachel	present	1.0		high	
33	193	552.19	553.23	We're the Cobras.	Rachel	high	community_transcript_match	1.0	dialogue	False	True	Rachel			False		Speaker agrees with available community-transcript mapping.	We’re the Cobras!	Rachel	Rachel	present	char_tracker_stage05	chandler|joey|rachel	present	1.0		high	
34	194	556.91	559.51	Excuse me, could you tell me where I could find Earl?	Phoebe	high	community_transcript_match	1.0	dialogue	False	True	Phoebe | Marge | Earl		Phoebe	True	speaker_no_face	Speaker agrees with available community-transcript mapping.	(to Marge) Excuse me! Can you tell me where I can find Earl? He’s the supply manager around here.	Phoebe	Phoebe	partial	char_tracker_stage05		absent	0.0		medium	speaker_no_face
34	195	559.51	561.15	He's the supply manager here.	Phoebe	high	community_transcript_match	1.0	dialogue	False	True	Phoebe | Marge | Earl	Phoebe	Marge	True	speaker_no_face	Speaker agrees with available community-transcript mapping.	He's the supply manager around here	Phoebe	Phoebe	absent	char_tracker_stage05		absent	0.0		medium	speaker_no_face
34	196	561.55	562.83	Sorry, I don't know any Earl.	Marge	high	community_transcript_match	1.0	dialogue	False	True	Phoebe | Marge | Earl	Phoebe	Earl	False		Speaker agrees with available community-transcript mapping.	Sorry, I don’t know any Earl.	Marge	Marge	absent	char_tracker_stage05		unobserved			high	
34	197	563.07	564.19	I'm right here.	Earl	high	community_transcript_match	1.0	dialogue	False	True	Phoebe | Marge | Earl	Marge	Phoebe	False		Speaker agrees with available community-transcript mapping.	(screaming) I’m right here!!!!	Earl	Earl	absent	char_tracker_stage05		unobserved			high	
34	198	568.59	569.15	Earl.	Phoebe	high	community_transcript_match	1.0	dialogue	False	True	Phoebe | Marge | Earl	Earl	Phoebe	True	speaker_no_face	Speaker agrees with available community-transcript mapping.	Earl	Phoebe	Phoebe	absent	char_tracker_stage05		absent	0.0		medium	speaker_no_face
34	199	572.03	572.91	I'm Phoebe.	Phoebe	high	community_transcript_match	1.0	dialogue	False	True	Phoebe | Marge | Earl	Phoebe	Earl	True	speaker_no_face	Speaker agrees with available community-transcript mapping.	(goes over to his desk) Earl! I’m Phoebe.	Phoebe	Phoebe	absent	char_tracker_stage05		absent	0.0		medium	speaker_no_face
34	200	573.23	573.87	Phoebe.	Earl	high	community_transcript_match	1.0	dialogue	False	True	Phoebe | Marge | Earl	Phoebe	Earl	False		Speaker agrees with available community-transcript mapping.	Phoebe	Earl	Earl	absent	char_tracker_stage05		unobserved			high	
34	201	574.99	576.43	The lady who sells toner?	Earl	high	community_transcript_match	1.0	dialogue	False	True	Phoebe | Marge | Earl	Earl	Phoebe	False		Speaker agrees with available community-transcript mapping.	Phoebe? The lady who sells toner?	Earl	Earl	absent	char_tracker_stage05		unobserved			high	
34	202	577.79	579.79	Look, you can't kill yourself.	Phoebe	high	community_transcript_match	1.0	dialogue	False	True	Phoebe | Marge | Earl	Earl	Earl	False		Speaker agrees with available community-transcript mapping.	Umm, look it, you-you can’t kill yourself.	Phoebe	Phoebe	present	char_tracker_stage05	phoebe	present	1.0		high	
34	203	580.91	583.55	Look, I really appreciate you coming down.	Earl	high	community_transcript_match	1.0	dialogue	False	True	Phoebe | Marge | Earl	Phoebe	Phoebe	False		Speaker agrees with available community-transcript mapping.	(exhales) Look, um I really appreciate your coming down…	Earl	Earl	present	char_tracker_stage05	phoebe	unobserved			high	
34	204	583.55	584.31	No, no, I can't.	Phoebe	high	community_transcript_match	1.0	dialogue	False	True	Phoebe | Marge | Earl	Earl	Phoebe	False		Speaker agrees with available community-transcript mapping.	No-no I can't	Phoebe	Phoebe	present	char_tracker_stage05	phoebe	present	1.0		high	
34	205	584.31	585.23	I can't let you do it.	Phoebe	high	community_transcript_match	1.0	dialogue	False	True	Phoebe | Marge | Earl	Phoebe	Earl	False		Speaker agrees with available community-transcript mapping.	No-no I can’t! I can’t let you do it!	Phoebe	Phoebe	present	char_tracker_stage05	phoebe	present	1.0		high	
34	206	585.79	586.19	Why?	Earl	high	community_transcript_match	1.0	dialogue	False	True	Phoebe | Marge | Earl	Phoebe	Phoebe	False		Speaker agrees with available community-transcript mapping.	Why?!	Earl	Earl	present	char_tracker_stage05	phoebe	unobserved			high	
34	207	587.08	589.72	Because it was fate that made me call you today.	Phoebe	high	community_transcript_match	1.0	dialogue	False	True	Phoebe | Marge | Earl	Earl	Earl	False		Speaker agrees with available community-transcript mapping.	Because it was fate that made me call you today!	Phoebe	Phoebe	present	char_tracker_stage05	phoebe	present	1.0		high	
34	208	589.96	591.16	I thought it was toner.	Earl	high	community_transcript_match	1.0	dialogue	False	True	Phoebe | Marge | Earl	Phoebe	Earl	False		Speaker agrees with available community-transcript mapping.	I thought it was toner.	Earl	Earl	partial	char_tracker_stage05		unobserved			high	
34	209	592.52	594.68	No, think about it, okay?	Earl	medium	scene_context_inference	0.66	dialogue	True	False	Phoebe | Marge | Earl	Earl	Earl	True	two_sided_context_ambiguous	No direct transcript match; longer line defaulted to previous speaker in same scene.				absent	char_tracker_stage05		unobserved			medium	
34	210	594.76	597.68	This isn't even my regular job, okay?	Earl	medium	scene_context_inference	0.66	dialogue	True	False	Phoebe | Marge | Earl	Earl	Phoebe	True	two_sided_context_ambiguous	No direct transcript match; longer line defaulted to previous speaker in same scene.				partial	char_tracker_stage05		unobserved			medium	
34	211	597.68	600.44	And my first day on the job, you're my first call.	Phoebe	medium	visual_disambiguation	0.74	dialogue	True	False	Phoebe | Marge | Earl	Earl	Phoebe	False		Only one of the two text-context candidates was visually present in the window.				present	char_tracker_stage05	phoebe	present			medium	
34	212	600.52	602.68	And somebody else might have hung up on you.	Phoebe	high	scene_context_bridge	0.88	dialogue	True	False	Phoebe | Marge | Earl	Phoebe	Phoebe	False		Same speaker appears on both sides within the same scene.				present	char_tracker_stage05	phoebe	present			high	
34	213	602.68	605.88	But I wouldn't do that because I know about this stuff.	Phoebe	high	community_transcript_match	1.0	dialogue	False	True	Phoebe | Marge | Earl	Phoebe	Phoebe	False		Speaker agrees with available community-transcript mapping.	No! Think about it okay? This isn’t even my regular job! Okay? And my first day on the job, you’re my first call! And-and somebody else might’ve hung up on you, but I wouldn’t do that because I know about this stuff. My mom killed herself.	Phoebe	Phoebe	present	char_tracker_stage05	phoebe	present	1.0		high	
34	214	606.44	607.8	My mom killed herself.	Phoebe	high	community_transcript_match	1.0	dialogue	False	True	Phoebe | Marge | Earl	Phoebe	Earl	False		Speaker agrees with available community-transcript mapping.	My mom killed herself	Phoebe	Phoebe	present	char_tracker_stage05	phoebe	present	1.0		high	
34	215	608.12	608.52	Really?	Earl	high	community_transcript_match	1.0	dialogue	False	True	Phoebe | Marge | Earl	Phoebe	Phoebe	False		Speaker agrees with available community-transcript mapping.	Really?!	Earl	Earl	present	char_tracker_stage05	phoebe	unobserved			high	
34	216	608.84	609.32	Yes.	Phoebe	high	community_transcript_match	1.0	dialogue	False	True	Phoebe | Marge | Earl	Earl	Earl	False		Speaker agrees with available community-transcript mapping.	Yes.	Phoebe	Phoebe	present	char_tracker_stage05	phoebe	present	1.0		high	
34	217	609.8	610.2	How?	Earl	high	community_transcript_match	1.0	dialogue	False	True	Phoebe | Marge | Earl	Phoebe	Phoebe	False		Speaker agrees with available community-transcript mapping.	How?	Earl	Earl	present	char_tracker_stage05	phoebe	unobserved			high	
34	218	610.36	611.88	I'm not gonna give you tips.	Phoebe	high	community_transcript_match	1.0	dialogue	False	True	Phoebe | Marge | Earl	Earl	Phoebe	False		Speaker agrees with available community-transcript mapping.	I'm not gonna give you tips	Phoebe	Phoebe	present	char_tracker_stage05	phoebe	present	1.0		high	
34	219	614.12	615.9	Look, don't you see that this, this.	Phoebe	high	community_transcript_match	1.0	dialogue	False	True	Phoebe | Marge | Earl	Phoebe	Phoebe	False		Speaker agrees with available community-transcript mapping.	Look don't you see that this-this	Phoebe	Phoebe	present	char_tracker_stage05	phoebe	present	1.0		high	
34	220	616.3	619.74	This all came together so that I could stop you from doing this?	Phoebe	high	community_transcript_match	1.0	dialogue	False	True	Phoebe | Marge | Earl	Phoebe	Earl	False		Speaker agrees with available community-transcript mapping.	I’m not gonna give you tips! Look don’t you see that this-this…this all came together so that I could stop you from doing this.	Phoebe	Phoebe	present	char_tracker_stage05	phoebe	present	1.0		high	
34	221	621.02	622.62	Couldn't it just be a coincidence?	Earl	high	community_transcript_match	1.0	dialogue	False	True	Phoebe | Marge | Earl	Phoebe	Phoebe	False		Speaker agrees with available community-transcript mapping.	Couldn’t it just be a coincidence?	Earl	Earl	present	char_tracker_stage05	phoebe	unobserved			high	
34	222	622.78	623.66	No, it's fate.	Phoebe	high	community_transcript_match	1.0	dialogue	False	True	Phoebe | Marge | Earl	Earl	Earl	False		Speaker agrees with available community-transcript mapping.	No, it’s fate!	Phoebe	Phoebe	present	char_tracker_stage05	phoebe	present	1.0		high	
34	223	625.5	628.22	That doesn't really seem like enough to be fate.	Earl	high	community_transcript_match	1.0	dialogue	False	True	Phoebe | Marge | Earl	Phoebe	Phoebe	False		Speaker agrees with available community-transcript mapping.	It doesn’t really seem like enough to be fate.	Earl	Earl	partial	char_tracker_stage05		unobserved			high	
34	224	628.78	632.06	Oh, well, okay, here's a weird thing.	Phoebe	high	community_transcript_match	1.0	dialogue	False	True	Phoebe | Marge | Earl	Earl	Phoebe	False		Speaker agrees with available community-transcript mapping.	Well umm, okay here's a weird thing	Phoebe	Phoebe	present	char_tracker_stage05	phoebe	present	1.0		high	
34	225	632.54	635.82	My mother was also a supply manager.	Phoebe	high	community_transcript_match	1.0	dialogue	False	True	Phoebe | Marge | Earl	Phoebe	Earl	False		Speaker agrees with available community-transcript mapping.	Oh. Well umm, okay here’s a weird thing. My mother was also a supply manager.	Phoebe	Phoebe	present	char_tracker_stage05	phoebe	present	1.0		high	
34	226	637.98	639.86	I'm actually the office manager.	Earl	high	community_transcript_match	1.0	dialogue	False	True	Phoebe | Marge | Earl	Phoebe	Phoebe	False		Speaker agrees with available community-transcript mapping.	I’m actually the office manager.	Earl	Earl	present	char_tracker_stage05	phoebe	unobserved			high	
34	227	639.86	640.58	Oh, my God.	Phoebe	high	community_transcript_match	1.0	dialogue	False	True	Phoebe | Marge | Earl	Earl	Phoebe	False		Speaker agrees with available community-transcript mapping.	Oh my God	Phoebe	Phoebe	present	char_tracker_stage05	phoebe	present	1.0		high	
34	228	640.58	641.26	So is she.	Phoebe	high	community_transcript_match	1.0	dialogue	False	True	Phoebe | Marge | Earl	Phoebe	Phoebe	False		Speaker agrees with available community-transcript mapping.	So was she	Phoebe	Phoebe	present	char_tracker_stage05	phoebe	present	1.0		high	
34	229	642.7	644.18	And get this.	Phoebe	high	community_transcript_match	1.0	dialogue	False	True	Phoebe | Marge | Earl	Phoebe	Phoebe	False		Speaker agrees with available community-transcript mapping.	And	Phoebe	Phoebe	present	char_tracker_stage05	phoebe	present	1.0		high	
34	230	644.18	644.7	Okay.	Phoebe	high	community_transcript_match	1.0	dialogue	False	True	Phoebe | Marge | Earl	Phoebe	Phoebe	False		Speaker agrees with available community-transcript mapping.	Get this, okay	Phoebe	Phoebe	present	char_tracker_stage05	phoebe	present	1.0		high	
34	231	645.26	646.86	Your name is Earl, right?	Phoebe	high	community_transcript_match	1.0	dialogue	False	True	Phoebe | Marge | Earl	Phoebe	Phoebe	False		Speaker agrees with available community-transcript mapping.	Oh my God! So was she! And! Get this, okay? Your-your name is Earl, right? Her name was Pearl, P-Earl.	Phoebe	Phoebe	present	char_tracker_stage05	phoebe	present	1.0		high	
34	232	646.94	648.74	Her name was Pearl.	Phoebe	high	community_transcript_match	1.0	dialogue	False	True	Phoebe | Marge | Earl	Phoebe	Phoebe	False		Speaker agrees with available community-transcript mapping.	Her name was Pearl, P-Earl	Phoebe	Phoebe	present	char_tracker_stage05	phoebe	present	1.0		high	
34	233	648.74	649.26	Puh.	Phoebe	medium	visual_disambiguation	0.74	dialogue	True	False	Phoebe | Marge | Earl	Phoebe	Phoebe	False		Only one of the two text-context candidates was visually present in the window.				present	char_tracker_stage05	phoebe	present			medium	
34	234	649.26	649.82	Earl.	Phoebe	medium	name_address_rule	0.74	dialogue	True	False	Phoebe | Marge | Earl	Phoebe	Earl	False		Utterance names the next speaker, so the previous speaker is more likely.				present	char_tracker_stage05	phoebe	present			medium	
34	235	652.38	653.5	Was there anything else?	Earl	high	community_transcript_match	1.0	dialogue	False	True	Phoebe | Marge | Earl	Phoebe	Phoebe	False		Speaker agrees with available community-transcript mapping.	Well, was there anything else?!	Earl	Earl	present	char_tracker_stage05	phoebe	unobserved			high	
34	236	654.06	654.46	Sure.	Phoebe	high	community_transcript_match	1.0	dialogue	False	True	Phoebe | Marge | Earl	Earl	Phoebe	False		Speaker agrees with available community-transcript mapping.	Sure	Phoebe	Phoebe	present	char_tracker_stage05	phoebe	present	1.0		high	
34	237	657.98	658.86	Where are you from?	Phoebe	high	community_transcript_match	1.0	dialogue	False	True	Phoebe | Marge | Earl	Phoebe	Earl	False		Speaker agrees with available community-transcript mapping.	Sure! (Thinks.) Umm, where are you from?	Phoebe	Phoebe	present	char_tracker_stage05	phoebe	present	1.0		high	
34	238	658.94	659.66	Philadelphia.	Earl	high	community_transcript_match	1.0	dialogue	False	True	Phoebe | Marge | Earl	Phoebe	Phoebe	False		Speaker agrees with available community-transcript mapping.	Philadelphia.	Earl	Earl	present	char_tracker_stage05	phoebe	unobserved			high	
34	239	659.66	660.34	Oh, my God.	Phoebe	high	community_transcript_match	1.0	dialogue	False	True	Phoebe | Marge | Earl	Earl	Phoebe	False		Speaker agrees with available community-transcript mapping.	Oh my God	Phoebe	Phoebe	present	char_tracker_stage05	phoebe	present	1.0		high	
34	240	660.34	661.1	So was she.	Phoebe	high	community_transcript_match	1.0	dialogue	False	True	Phoebe | Marge | Earl	Phoebe	Phoebe	False		Speaker agrees with available community-transcript mapping.	Oh my God! So was she! Oh, I’ve got-I’ve got goose bumps. (She holds out her arm.)	Phoebe	Phoebe	present	char_tracker_stage05	phoebe	present	1.0		high	
34	241	663.02	665.42	Oh, I've got goosebumps.	Phoebe	high	community_transcript_match	1.0	dialogue	False	True	Phoebe | Marge | Earl	Phoebe	Earl	False		Speaker agrees with available community-transcript mapping.	Oh, I've got-I've got goose bumps	Phoebe	Phoebe	present	char_tracker_stage05	phoebe	present	1.0		high	
34	242	666.06	666.46	Really?	Earl	high	community_transcript_match	1.0	dialogue	False	True	Phoebe | Marge | Earl	Phoebe	Phoebe	False		Speaker agrees with available community-transcript mapping.	(inspecting it) Really?	Earl	Earl	absent	char_tracker_stage05		unobserved			high	
34	243	666.62	668.62	Well, you know, I'm wearing layers and it's warm.	Phoebe	high	community_transcript_match	1.0	dialogue	False	True	Phoebe | Marge | Earl	Earl	Phoebe	True	speaker_no_face	Speaker agrees with available community-transcript mapping.	Well, y’know I’m wearing layers and it’s warm.	Phoebe	Phoebe	absent	char_tracker_stage05		absent	0.0		medium	speaker_no_face
34	244	669.74	674.84	But look, okay, these jerks might not care about you but the universe does.	Phoebe	high	community_transcript_match	1.0	dialogue	False	True	Phoebe | Marge | Earl	Phoebe	Phoebe	False		Speaker agrees with available community-transcript mapping.	But if—no look, okay. These jerks might not care about you, but the universe does! And that says a lot!	Phoebe	Phoebe	present	char_tracker_stage05	phoebe	present	0.8333		high	
34	245	675.08	676.6	And that says a lot.	Phoebe	high	community_transcript_match	1.0	dialogue	False	True	Phoebe | Marge | Earl	Phoebe	Earl	False		Speaker agrees with available community-transcript mapping.	And that says a lot	Phoebe	Phoebe	present	char_tracker_stage05	phoebe	present	1.0		high	
34	246	679.16	680.2	Did you hear that?	Earl	high	community_transcript_match	1.0	dialogue	False	True	Phoebe | Marge | Earl	Phoebe	Earl	False		Speaker agrees with available community-transcript mapping.	Did you hear that	Earl	Earl	absent	char_tracker_stage05		unobserved			high	
34	247	681.56	685.96	I don't need you guys to care about me because the universe cares.	Earl	high	community_transcript_match	1.0	dialogue	False	True	Phoebe | Marge | Earl	Earl	Earl	False		Speaker agrees with available community-transcript mapping.	(To All) Did you hear that?! I don’t need you guys to care about me! Because the universe cares! The whole universe! (Laughs as everyone ignores him.) (To Phoebe) I really wished they’d care just a little bit though.	Earl	Earl	absent	char_tracker_stage05		unobserved			high	
34	248	686.52	687.88	The whole universe.	Earl	high	community_transcript_match	1.0	dialogue	False	True	Phoebe | Marge | Earl	Earl	Earl	False		Speaker agrees with available community-transcript mapping.	Because the universe cares	Earl	Earl	absent	char_tracker_stage05		unobserved			high	
34	249	694.04	695.96	I really wish they'd care just a little bit.	Earl	medium	scene_context_inference	0.66	dialogue	True	False	Phoebe | Marge | Earl	Earl	Phoebe	True	two_sided_context_ambiguous	No direct transcript match; longer line defaulted to previous speaker in same scene.				absent	char_tracker_stage05		unobserved			medium	
34	250	698.04	699.56	You know, I don't think it's you.	Phoebe	high	community_transcript_match	1.0	dialogue	False	True	Phoebe | Marge | Earl	Earl	Phoebe	False		Speaker agrees with available community-transcript mapping.	Y'know, I don't-I don't think it's you	Phoebe	Phoebe	present	char_tracker_stage05	phoebe	present	1.0		high	
34	251	699.56	700.68	This is a freaky place.	Phoebe	high	community_transcript_match	1.0	dialogue	False	True	Phoebe | Marge | Earl	Phoebe	Phoebe	False		Speaker agrees with available community-transcript mapping.	Y’know, I don’t-I don’t think it’s you. This is a freaky place. (To All) Hey! Guys! (Everyone looks up.) (To Earl) Oh no, it’s you.	Phoebe	Phoebe	present	char_tracker_stage05	phoebe	present	1.0		high	
34	252	702.28	702.92	Hey, guys.	Phoebe	high	community_transcript_match	1.0	dialogue	False	True	Phoebe | Marge | Earl	Phoebe	Earl	True	speaker_no_face	Speaker agrees with available community-transcript mapping.	Hey	Phoebe	Phoebe	absent	char_tracker_stage05		absent	0.0		medium	speaker_no_face
34	253	704.28	704.8	Oh, no.	Earl	medium	short_turn_alternation	0.7	dialogue	True	False	Phoebe | Marge | Earl	Phoebe	Earl	True	short_utterance_between_two_speakers	Short utterance inferred from local turn alternation.				absent	char_tracker_stage05		unobserved			medium	
34	254	704.8	705.24	It's you.	Earl	high	scene_context_bridge	0.88	dialogue	True	False	Phoebe | Marge | Earl	Earl	Earl	False		Same speaker appears on both sides within the same scene.				present	char_tracker_stage05	phoebe	unobserved			high	
34	255	705.24	705.64	Yeah.	Earl	high	community_transcript_match	1.0	dialogue	False	True	Phoebe | Marge | Earl	Earl		False		Speaker agrees with available community-transcript mapping.	Yeah.	Earl	Earl	present	char_tracker_stage05	phoebe	unobserved			high	
35	256	709.16	710.28	This is terrible.	Monica	high	community_transcript_match	1.0	dialogue	False	True	Monica | Ross		Monica	False		Speaker agrees with available community-transcript mapping.	Oh, this terrible	Monica	Monica	present	char_tracker_stage05	monica|ross	present	1.0		high	
35	257	711.48	713.0	Everything is destroyed.	Monica	high	community_transcript_match	1.0	dialogue	False	True	Monica | Ross	Monica	Monica	False		Speaker agrees with available community-transcript mapping.	Everything is destroyed	Monica	Monica	present	char_tracker_stage05	monica|ross	present	0.5		high	
35	258	714.44	715.16	Look at this.	Monica	high	community_transcript_match	1.0	dialogue	False	True	Monica | Ross	Monica	Monica	True	speaker_offscreen	Speaker agrees with available community-transcript mapping.	Look at this	Monica	Monica	present	char_tracker_stage05	ross	absent	0.0		low	speaker_offscreen
35	259	715.8	717.76	It obviously meant enough for me to save it.	Monica	high	community_transcript_match	1.0	dialogue	False	True	Monica | Ross	Monica	Monica	True	speaker_offscreen	Speaker agrees with available community-transcript mapping.	Oh, this terrible! Everything is destroyed! Look at this. (She picks up some kind of furry thing.) It obviously meant enough for me to save it, and I don’t even know what it is! Ohh, it’s still soft. (She rubs it against her cheek.) What do you think this is?	Monica	Monica	present	char_tracker_stage05	ross	absent	0.3333		low	speaker_offscreen
35	260	717.76	719.08	And I don't even know what it is.	Monica	high	community_transcript_match	1.0	dialogue	False	True	Monica | Ross	Monica	Ross	False		Speaker agrees with available community-transcript mapping.	oh this terrible everything is destroyed look at this and i don't even know what it is ohh it's still soft what do you think this is	Monica	Monica	present	char_tracker_stage05	monica|ross	present	1.0		high	
35	261	721.32	722.44	It's still soft.	Ross	low	scene_context_inference	0.58	dialogue	True	False	Monica | Ross	Monica	Ross	True	two_sided_context_ambiguous | low_speaker_confidence	No direct transcript match; weak local context only.				present	char_tracker_stage05	monica|ross	present			low	low_speaker_confidence
35	262	726.04	727.08	What do you think this is?	Ross	high	scene_context_bridge	0.88	dialogue	True	False	Monica | Ross	Ross	Ross	False		Same speaker appears on both sides within the same scene.				present	char_tracker_stage05	monica|ross	present			high	
35	263	729.62	731.38	Well, I think it was a mouse.	Ross	high	community_transcript_match	1.0	dialogue	False	True	Monica | Ross	Ross	Ross	False		Speaker agrees with available community-transcript mapping.	All right. I think it was a mouse.	Ross	Ross	present	char_tracker_stage05	monica|ross	present	1.0		high	
35	264	734.1	734.98	Oh, my God.	Ross	medium	scene_context_inference	0.68	dialogue	True	False	Monica | Ross	Ross		True	medium_confidence_context_fill	Filled from previous same-scene context.				present	char_tracker_stage05	ross	present			medium	
36	265	739.78	740.82	How are you, honey?	Mr. Geller	high	community_transcript_match	1.0	dialogue	False	True	Mr. Geller | Monica		Monica	False		Speaker agrees with available community-transcript mapping.	(entering) How are you honey?	Mr. Geller	Mr. Geller	present	char_tracker_stage05	ross	unobserved			high	
36	266	741.14	742.34	How do you think I am?	Monica	high	community_transcript_match	1.0	dialogue	False	True	Mr. Geller | Monica	Mr. Geller	Monica	False		Speaker agrees with available community-transcript mapping.	how do you think i am	Monica	Monica	present	char_tracker_stage05	monica|ross	present	0.5		high	
36	267	742.5	744.5	You've wrecked all my childhood memories.	Monica	high	community_transcript_match	1.0	dialogue	False	True	Mr. Geller | Monica	Monica	Monica	False		Speaker agrees with available community-transcript mapping.	how do you think i am you've wrecked all my childhood memories	Monica	Monica	present	char_tracker_stage05	monica|ross	present	1.0		high	
36	268	745.3	749.38	You love Ross more than me and I just rubbed a dead mouse on my face.	Monica	high	community_transcript_match	1.0	dialogue	False	True	Mr. Geller | Monica	Monica		False		Speaker agrees with available community-transcript mapping.	How do you think I am?! You’ve wrecked all my childhood memories. You love Ross more than me. And I just rubbed a dead mouse on my face!	Monica	Monica	present	char_tracker_stage05	monica|ross	present	1.0		high	
37	269	752.5	756.23	Sweetheart, we love you just as much as Ross.	Mr. Geller	high	community_transcript_match	1.0	dialogue	False	True	Mr. Geller | Monica | Ross		Mr. Geller	False		Speaker agrees with available community-transcript mapping.	Sweetheart, we love you just as much as Ross	Mr. Geller	Mr. Geller	absent	char_tracker_stage05		unobserved			high	
37	270	756.79	761.51	Now, I'm sorry about everything that happened and I'll probably never be able to make it up to you.	Mr. Geller	high	community_transcript_match	1.0	dialogue	False	True	Mr. Geller | Monica | Ross	Mr. Geller	Mr. Geller	False		Speaker agrees with available community-transcript mapping.	Sweetheart, we love you just as much as Ross! Now, I’m sorry about everything that happened and I’d probably never be able to make it up to you, but here’s a start. (He hands her a small box.)	Mr. Geller	Mr. Geller	partial	char_tracker_stage05		unobserved			high	
37	271	761.51	763.67	But here's a start.	Mr. Geller	high	community_transcript_match	1.0	dialogue	False	True	Mr. Geller | Monica | Ross	Mr. Geller	Monica	False		Speaker agrees with available community-transcript mapping.	sweetheart we love you just as much as ross but here's a start	Mr. Geller	Mr. Geller	partial	char_tracker_stage05		unobserved			high	
37	272	767.43	768.15	What's this?	Monica	high	community_transcript_match	1.0	dialogue	False	True	Mr. Geller | Monica | Ross	Mr. Geller	Mr. Geller	False		Speaker agrees with available community-transcript mapping.	(opening it) What’s this?	Monica	Monica	present	char_tracker_stage05	monica	present	1.0		high	
37	273	768.47	770.07	It's the key to my Porsche.	Mr. Geller	high	community_transcript_match	1.0	dialogue	False	True	Mr. Geller | Monica | Ross	Monica	Mr. Geller	False		Speaker agrees with available community-transcript mapping.	It's the key to my Porsche	Mr. Geller	Mr. Geller	partial	char_tracker_stage05		unobserved			high	
37	274	770.87	772.87	Well, the key to your Porsche.	Mr. Geller	high	community_transcript_match	1.0	dialogue	False	True	Mr. Geller | Monica | Ross	Mr. Geller	Monica	False		Speaker agrees with available community-transcript mapping.	It’s the key to my Porsche. Well, the key to your Porsche.	Mr. Geller	Mr. Geller	absent	char_tracker_stage05		unobserved			high	
37	275	774.39	774.79	What?	Monica	high	community_transcript_match	1.0	dialogue	False	True	Mr. Geller | Monica | Ross	Mr. Geller	Ross	False		Speaker agrees with available community-transcript mapping.	(shocked) What?!	Monica	Monica	present	char_tracker_stage05	monica	present	1.0		high	
37	276	775.51	775.91	What?	Ross	high	community_transcript_match	1.0	dialogue	False	True	Mr. Geller | Monica | Ross	Monica	Mr. Geller	False		Speaker agrees with available community-transcript mapping.	(even more shocked) What?!!!	Ross	Ross	present	char_tracker_stage05	monica|ross	present	1.0		high	
37	277	778.23	779.79	I've been thinking of getting rid of it.	Mr. Geller	high	community_transcript_match	1.0	dialogue	False	True	Mr. Geller | Monica | Ross	Ross	Mr. Geller	False		Speaker agrees with available community-transcript mapping.	I've been thinking about getting rid of it	Mr. Geller	Mr. Geller	absent	char_tracker_stage05		unobserved			high	
37	278	779.79	783.35	And I was driving it the other day and I saw my reflection in a store window.	Mr. Geller	high	community_transcript_match	1.0	dialogue	False	True	Mr. Geller | Monica | Ross	Mr. Geller	Mr. Geller	False		Speaker agrees with available community-transcript mapping.	I’ve been thinking about getting rid of it. I was driving it the other day and saw my reflection in a store window. Your mother’s right, I do look like an ass.	Mr. Geller	Mr. Geller	partial	char_tracker_stage05		unobserved			high	
37	279	783.75	784.51	Your mother's right.	Mr. Geller	high	community_transcript_match	1.0	dialogue	False	True	Mr. Geller | Monica | Ross	Mr. Geller	Mr. Geller	False		Speaker agrees with available community-transcript mapping.	Your mother's right, I do look like an ass	Mr. Geller	Mr. Geller	present	char_tracker_stage05	monica	unobserved			high	
37	280	784.51	786.07	I do look like an ass.	Mr. Geller	high	community_transcript_match	1.0	dialogue	False	True	Mr. Geller | Monica | Ross	Mr. Geller	Monica	False		Speaker agrees with available community-transcript mapping.	i do look like an ass	Mr. Geller	Mr. Geller	partial	char_tracker_stage05		unobserved			high	
37	281	787.83	789.31	You're giving me your pores.	Monica	high	community_transcript_match	1.0	dialogue	False	True	Mr. Geller | Monica | Ross	Mr. Geller	Monica	False		Speaker agrees with available community-transcript mapping.	Wait, you’re giving me your Porsche, you’re kidding me right?!	Monica	Monica	present	char_tracker_stage05	monica	present	1.0		high	
37	282	789.31	790.31	You're getting me right.	Monica	high	community_transcript_match	1.0	dialogue	False	True	Mr. Geller | Monica | Ross	Monica	Ross	False		Speaker agrees with available community-transcript mapping.	wait porsche you're kidding me right	Monica	Monica	present	char_tracker_stage05	monica	present	1.0		high	
37	283	791.03	791.91	Well, wait, wait.	Ross	high	community_transcript_match	1.0	dialogue	False	True	Mr. Geller | Monica | Ross	Monica	Ross	True	speaker_no_face	Speaker agrees with available community-transcript mapping.	well w w w w wait w wait wait	Ross	Ross	absent	char_tracker_stage05		absent	0.0		medium	speaker_no_face
37	284	791.91	792.63	Wait a minute.	Ross	high	community_transcript_match	1.0	dialogue	False	True	Mr. Geller | Monica | Ross	Ross	Ross	True	speaker_no_face	Speaker agrees with available community-transcript mapping.	Well w-w-w-w-wait, w-wait, wait, wait a minute	Ross	Ross	absent	char_tracker_stage05		absent	0.0		medium	speaker_no_face
37	285	793.51	797.43	I mean, a couple of stupid boxes get wet and she gets a Porsche?	Ross	high	community_transcript_match	1.0	dialogue	False	True	Mr. Geller | Monica | Ross	Ross	Mr. Geller	False		Speaker agrees with available community-transcript mapping.	Well w-w-w-w-wait, w-wait, wait, wait a minute! I mean a couple of stupid boxes get wet and she gets a Porsche?!	Ross	Ross	present	char_tracker_stage05	ross	present	1.0		high	
37	286	799.35	800.75	Why don't we take it for a spin?	Mr. Geller	high	community_transcript_match	1.0	dialogue	False	True	Mr. Geller | Monica | Ross	Ross	Monica	False		Speaker agrees with available community-transcript mapping.	(To Monica) Why don’t we take it for a spin?	Mr. Geller	Mr. Geller	present	char_tracker_stage05	monica	unobserved			high	
37	287	800.75	801.19	All right.	Monica	high	community_transcript_match	1.0	dialogue	False	True	Mr. Geller | Monica | Ross	Mr. Geller	Ross	True	speaker_offscreen	Speaker agrees with available community-transcript mapping.	All right!	Monica	Monica	present	char_tracker_stage05	ross	absent	0.0		low	speaker_offscreen
37	288	801.35	802.79	Well, what about me?	Ross	high	community_transcript_match	1.0	dialogue	False	True	Mr. Geller | Monica | Ross	Monica	Ross	False		Speaker agrees with available community-transcript mapping.	Well, what about me	Ross	Ross	present	char_tracker_stage05	ross	present	1.0		high	
37	289	802.87	804.63	I'm a medical marvel.	Ross	high	community_transcript_match	1.0	dialogue	False	True	Mr. Geller | Monica | Ross	Ross		False		Speaker agrees with available community-transcript mapping.	Well, what about me?! I’m a medical marvel!!	Ross	Ross	present	char_tracker_stage05	ross	present	1.0		high	
39	290	812.3	813.1	Oh, yeah.	Joey	high	community_transcript_match	1.0	dialogue	False	True	Joey | Monica | Rachel		Monica	False		Speaker agrees with available community-transcript mapping.	Oh yeah.	Joey	Joey	present	char_tracker_stage05	joey|rachel	present	1.0		high	
39	291	820.7	825.02	Uh, hey, guys.	Monica	high	community_transcript_match	1.0	dialogue	False	True	Joey | Monica | Rachel	Joey	Joey	True	speaker_offscreen	Speaker agrees with available community-transcript mapping.	(entering) Hey guys!	Monica	Monica	present	char_tracker_stage05	joey|rachel	absent	0.3333		low	speaker_offscreen
39	292	825.02	825.5	Hey.	Joey	high	community_transcript_match	1.0	dialogue	False	True	Joey | Monica | Rachel	Monica	Monica	True	speaker_offscreen	Speaker agrees with available community-transcript mapping.	Hey!	Joey	Joey	present	char_tracker_stage05	monica	absent	0.0		low	speaker_offscreen
39	293	825.82	827.78	Do you know what happened to Chandler's Barca lounger?	Monica	high	community_transcript_match	1.0	dialogue	False	True	Joey | Monica | Rachel	Joey	Rachel	False		Speaker agrees with available community-transcript mapping.	Do you guys know what happened to Chandler’s barca lounger?	Monica	Monica	present	char_tracker_stage05	monica	present	1.0		high	
39	294	827.78	828.26	Oh, yeah.	Rachel	high	community_transcript_match	1.0	dialogue	False	True	Joey | Monica | Rachel	Monica	Rachel	False		Speaker agrees with available community-transcript mapping.	oh yeah	Rachel	Rachel	present	char_tracker_stage05	monica|rachel	present	1.0		high	
39	295	828.26	828.98	Joey broke it.	Rachel	high	community_transcript_match	1.0	dialogue	False	True	Joey | Monica | Rachel	Rachel	Rachel	False		Speaker agrees with available community-transcript mapping.	Oh yeah, Joey broke it	Rachel	Rachel	present	char_tracker_stage05	rachel	present	1.0		high	
39	296	828.98	829.9	Had to get rid of it.	Rachel	high	community_transcript_match	1.0	dialogue	False	True	Joey | Monica | Rachel	Rachel	Monica	False		Speaker agrees with available community-transcript mapping.	Oh yeah, Joey broke it. Had to get rid of it.	Rachel	Rachel	present	char_tracker_stage05	rachel	present	1.0		high	
39	297	830.06	831.18	Are you kidding?	Monica	high	community_transcript_match	1.0	dialogue	False	True	Joey | Monica | Rachel	Rachel	Monica	False		Speaker agrees with available community-transcript mapping.	Are you kidding	Monica	Monica	present	char_tracker_stage05	monica	present	1.0		high	
39	298	831.5	834.22	I get a Porsche and the Barca lounger's gone.	Monica	high	community_transcript_match	1.0	dialogue	False	True	Joey | Monica | Rachel	Monica	Monica	False		Speaker agrees with available community-transcript mapping.	Are you kidding?! I get a Porsche and the barca lounger’s gone?! This is the best day ever! (Runs out.)	Monica	Monica	present	char_tracker_stage05	monica	present	1.0		high	
39	299	835.42	836.86	This is the best day ever.	Monica	high	community_transcript_match	1.0	dialogue	False	True	Joey | Monica | Rachel	Monica		False		Speaker agrees with available community-transcript mapping.	This is the best day ever	Monica	Monica	present	char_tracker_stage05	monica	present	1.0		high	
