scene_id	sentence_id	start	end	utterance	speaker	speaker_confidence	speaker_method	alignment_score	row_type	filled_from_missing	matched_to_ct	scene_speaker_set	prev_speaker_scene	next_speaker_scene	review_flag	review_reason	notes	utterance_ct	speaker_ct	speaker_original	visual_presence	visual_presence_source	visual_presence_chars	speaker_visual_presence	speaker_visual_ratio	visual_presence_note	annotation_confidence	annotation_review_reason
1	1	2.32	7.28	All right, they got water, orange juice and what looks like cider.	Joey	high	community_transcript_match	1.0	dialogue	False	True	Joey | Chandler | Ross | Chandler and Joey | Rachel		Chandler	True	speaker_no_face	Speaker agrees with available community-transcript mapping.	All right they got water, orange juice, and what looks like cider. (takes a glass from the fridge.)	Joey	Joey	partial	char_tracker_stage05		absent	0.0		medium	speaker_no_face
1	2	8.0	8.64	Taste it.	Chandler	high	community_transcript_match	1.0	dialogue	False	True	Joey | Chandler | Ross | Chandler and Joey | Rachel	Joey	Joey	False		Speaker agrees with available community-transcript mapping.	Taste it.	Chandler	Chandler	present	char_tracker_stage05	chandler	present	1.0		high	
1	3	14.0	15.32	Yep, it's fat.	Joey	high	community_transcript_match	1.0	dialogue	False	True	Joey | Chandler | Ross | Chandler and Joey | Rachel	Chandler	Joey	False		Speaker agrees with available community-transcript mapping.	(drinks from the glass and puts it back in the fridge) Yep, it's fat. I drank fat!	Joey	Joey	present	char_tracker_stage05	joey	present	1.0		high	
1	4	15.32	16.16	I drank fat.	Joey	high	community_transcript_match	1.0	dialogue	False	True	Joey | Chandler | Ross | Chandler and Joey | Rachel	Joey	Chandler	False		Speaker agrees with available community-transcript mapping.	I drank fat	Joey	Joey	present	char_tracker_stage05	joey	present	1.0		high	
1	5	18.24	18.8	Yeah, I know.	Chandler	high	community_transcript_match	1.0	dialogue	False	True	Joey | Chandler | Ross | Chandler and Joey | Rachel	Joey	Chandler	False		Speaker agrees with available community-transcript mapping.	yeah i know	Chandler	Chandler	present	char_tracker_stage05	chandler	present	1.0		high	
1	6	18.8	19.92	I did that two minutes ago.	Chandler	high	community_transcript_match	1.0	dialogue	False	True	Joey | Chandler | Ross | Chandler and Joey | Rachel	Chandler	Chandler	False		Speaker agrees with available community-transcript mapping.	Yeah, I know, I did that two minutes ago.	Chandler	Chandler	present	char_tracker_stage05	chandler	present	1.0		high	
1	7	23.6	24.08	Thanks.	Chandler	high	scene_context_bridge	0.88	dialogue	True	False	Joey | Chandler | Ross | Chandler and Joey | Rachel	Chandler	Chandler	True	speaker_offscreen	Same speaker appears on both sides within the same scene.				present	char_tracker_stage05	ross	absent			low	speaker_offscreen
1	8	24.4	25.84	Hey, Mr. Tux.	Chandler	high	community_transcript_match	1.0	dialogue	False	True	Joey | Chandler | Ross | Chandler and Joey | Rachel	Chandler	Ross	True	speaker_no_face	Speaker agrees with available community-transcript mapping.	Hey, mister tux!	Chandler	Chandler	absent	char_tracker_stage05		absent	0.0		medium	speaker_no_face
1	9	26.36	27.52	Why aren't you guys dressed?	Ross	high	community_transcript_match	1.0	dialogue	False	True	Joey | Chandler | Ross | Chandler and Joey | Rachel	Chandler	Joey	True	speaker_offscreen	Speaker agrees with available community-transcript mapping.	Why aren't you guys dressed?	Ross	Ross	present	char_tracker_stage05	joey	absent	0.0		low	speaker_offscreen
1	10	27.52	28.52	We have a half hour.	Joey	high	community_transcript_match	1.0	dialogue	False	True	Joey | Chandler | Ross | Chandler and Joey | Rachel	Ross	Ross	False		Speaker agrees with available community-transcript mapping.	We have a half hour.	Joey	Joey	present	char_tracker_stage05	joey|ross	present	1.0		high	
1	11	28.6	30.4	No, four minutes ago you had a half hour.	Ross	high	community_transcript_match	1.0	dialogue	False	True	Joey | Chandler | Ross | Chandler and Joey | Rachel	Joey	Ross	False		Speaker agrees with available community-transcript mapping.	No, four minutes ago you had a half hour, we have to be out the door at twenty to eight.	Ross	Ross	present	char_tracker_stage05	ross	present	0.6667		high	
1	12	30.4	32.2	We have to be out the door at 20 to 8.	Ross	high	community_transcript_match	1.0	dialogue	False	True	Joey | Chandler | Ross | Chandler and Joey | Rachel	Ross	Joey	True	speaker_no_face	Speaker agrees with available community-transcript mapping.	we have to be out the door at twenty to eight	Ross	Ross	absent	char_tracker_stage05		absent	0.0		medium	speaker_no_face
1	13	32.28	33.24	Relax, Ross.	Joey	high	community_transcript_match	1.0	dialogue	False	True	Joey | Chandler | Ross | Chandler and Joey | Rachel	Ross	Joey	True	speaker_no_face	Speaker agrees with available community-transcript mapping.	relax ross	Joey	Joey	absent	char_tracker_stage05		absent	0.0		medium	speaker_no_face
1	14	33.24	33.96	We'll be ready.	Joey	high	community_transcript_match	1.0	dialogue	False	True	Joey | Chandler | Ross | Chandler and Joey | Rachel	Joey	Joey	True	speaker_no_face	Speaker agrees with available community-transcript mapping.	Relax Ross, we'll be ready	Joey	Joey	absent	char_tracker_stage05		absent	0.0		medium	speaker_no_face
1	15	33.96	35.8	It only takes us two minutes to get dressed.	Joey	high	community_transcript_match	1.0	dialogue	False	True	Joey | Chandler | Ross | Chandler and Joey | Rachel	Joey	Ross	True	speaker_no_face	Speaker agrees with available community-transcript mapping.	Relax Ross, we'll be ready. It only takes us two minutes to get dressed.	Joey	Joey	partial	char_tracker_stage05		absent	0.0		medium	speaker_no_face
1	16	35.8	38.44	But you know, I'd feel a whole lot better if you got dressed now.	Ross	high	community_transcript_match	1.0	dialogue	False	True	Joey | Chandler | Ross | Chandler and Joey | Rachel	Joey	Chandler and Joey	False		Speaker agrees with available community-transcript mapping.	Well, you know, I'd feel a whole lot better if you got dressed now.	Ross	Ross	present	char_tracker_stage05	ross	present	1.0		high	
1	17	38.6	39.16	Okay.	Chandler and Joey	high	community_transcript_match	1.0	dialogue	False	True	Joey | Chandler | Ross | Chandler and Joey | Rachel	Ross	Rachel	False		Speaker agrees with available community-transcript mapping.	Okay. (they don't move)	Chandler and Joey	Chandler and Joey	present	char_tracker_stage05	chandler|ross	unobserved			high	
1	18	42.52	42.88	Hey.	Rachel	high	community_transcript_match	1.0	dialogue	False	True	Joey | Chandler | Ross | Chandler and Joey | Rachel	Chandler and Joey	Rachel	True	speaker_offscreen	Speaker agrees with available community-transcript mapping.	hey	Rachel	Rachel	present	char_tracker_stage05	ross	absent	0.0		low	speaker_offscreen
1	19	42.88	43.32	Hey.	Rachel	high	community_transcript_match	1.0	dialogue	False	True	Joey | Chandler | Ross | Chandler and Joey | Rachel	Rachel	Rachel	True	speaker_offscreen	Speaker agrees with available community-transcript mapping.	Hey-hey	Rachel	Rachel	present	char_tracker_stage05	ross	absent	0.0		low	speaker_offscreen
1	20	43.88	44.96	Oh, look at you.	Rachel	high	community_transcript_match	1.0	dialogue	False	True	Joey | Chandler | Ross | Chandler and Joey | Rachel	Rachel	Rachel	True	speaker_no_face	Speaker agrees with available community-transcript mapping.	(entering from bathroom) Hey-hey! Oh, look at you, all sexy.	Rachel	Rachel	absent	char_tracker_stage05		absent	0.0		medium	speaker_no_face
1	21	44.96	46.12	All sexy.	Rachel	high	community_transcript_match	1.0	dialogue	False	True	Joey | Chandler | Ross | Chandler and Joey | Rachel	Rachel	Ross	True	speaker_no_face	Speaker agrees with available community-transcript mapping.	hey hey all sexy	Rachel	Rachel	absent	char_tracker_stage05		absent	0.0		medium	speaker_no_face
1	22	46.28	46.68	Really?	Ross	high	community_transcript_match	1.0	dialogue	False	True	Joey | Chandler | Ross | Chandler and Joey | Rachel	Rachel	Rachel	True	speaker_no_face	Speaker agrees with available community-transcript mapping.	Really.	Ross	Ross	absent	char_tracker_stage05		absent	0.0		medium	speaker_no_face
1	23	46.92	49.48	Oh, wow.	Rachel	high	community_transcript_match	1.0	dialogue	False	True	Joey | Chandler | Ross | Chandler and Joey | Rachel	Ross	Rachel	True	speaker_no_face	Speaker agrees with available community-transcript mapping.	Ooooh! Wow!! Oh, hi.	Rachel	Rachel	absent	char_tracker_stage05		absent	0.0		medium	speaker_no_face
1	24	51.0	51.48	Hi.	Rachel	high	community_transcript_match	1.0	dialogue	False	True	Joey | Chandler | Ross | Chandler and Joey | Rachel	Rachel	Ross	False		Speaker agrees with available community-transcript mapping.	Oh, hi	Rachel	Rachel	present	char_tracker_stage05	rachel|ross	present	1.0		high	
1	25	51.96	52.4	Hi.	Ross	high	community_transcript_match	1.0	dialogue	False	True	Joey | Chandler | Ross | Chandler and Joey | Rachel	Rachel	Rachel	False		Speaker agrees with available community-transcript mapping.	Hi.	Ross	Ross	present	char_tracker_stage05	rachel|ross	present	1.0		high	
1	26	52.4	54.12	How come you didn't come over earlier?	Rachel	high	community_transcript_match	1.0	dialogue	False	True	Joey | Chandler | Ross | Chandler and Joey | Rachel	Ross	Ross	False		Speaker agrees with available community-transcript mapping.	How come you didn't come over earlier?	Rachel	Rachel	present	char_tracker_stage05	rachel|ross	present	0.6667		high	
1	27	54.36	56.78	Cause I'm a stupid, stupid, stupid man.	Ross	high	community_transcript_match	1.0	dialogue	False	True	Joey | Chandler | Ross | Chandler and Joey | Rachel	Rachel	Joey	False		Speaker agrees with available community-transcript mapping.	'Cause, I'm a stupid, stupid man.	Ross	Ross	present	char_tracker_stage05	ross	present	1.0		high	
1	28	58.7	60.78	Hey, Ross, want some cider?	Joey	high	community_transcript_match	1.0	dialogue	False	True	Joey | Chandler | Ross | Chandler and Joey | Rachel	Ross	Ross	False		Speaker agrees with available community-transcript mapping.	Hey, Ross, want some cider?	Joey	Joey	present	char_tracker_stage05	joey|ross	present	0.6667		high	
1	29	60.86	61.26	No.	Ross	medium	short_turn_alternation	0.7	dialogue	True	False	Joey | Chandler | Ross | Chandler and Joey | Rachel	Joey	Ross	True	short_utterance_between_two_speakers	Short utterance inferred from local turn alternation.				present	char_tracker_stage05	joey|ross	present			medium	
1	30	63.34	64.18	So let's see.	Ross	high	community_transcript_match	1.0	dialogue	False	True	Joey | Chandler | Ross | Chandler and Joey | Rachel	Ross	Ross	False		Speaker agrees with available community-transcript mapping.	no so um let's see huh make up's on hair's done	Ross	Ross	present	char_tracker_stage05	joey|ross	present	1.0		high	
1	31	64.18	64.82	You're pretty close.	Ross	high	community_transcript_match	1.0	dialogue	False	True	Joey | Chandler | Ross | Chandler and Joey | Rachel	Ross	Ross	False		Speaker agrees with available community-transcript mapping.	No. (to Rachel) So, um, let's see you're pretty close, huh. Make-up's on, hair's done.	Ross	Ross	present	char_tracker_stage05	joey|ross	present	1.0		high	
1	32	64.82	65.18	Huh?	Ross	medium	visual_disambiguation	0.74	dialogue	True	False	Joey | Chandler | Ross | Chandler and Joey | Rachel	Ross	Ross	False		Only one of the two text-context candidates was visually present in the window.				present	char_tracker_stage05	joey|ross	present			medium	
1	33	65.18	65.58	Huh?	Ross	medium	visual_disambiguation	0.74	dialogue	True	False	Joey | Chandler | Ross | Chandler and Joey | Rachel	Ross	Ross	False		Only one of the two text-context candidates was visually present in the window.				present	char_tracker_stage05	joey|ross	present			medium	
1	34	65.58	67.18	Makeup's on, hair's done.	Ross	medium	visual_disambiguation	0.74	dialogue	True	False	Joey | Chandler | Ross | Chandler and Joey | Rachel	Ross	Rachel	False		Only one of the two text-context candidates was visually present in the window.				present	char_tracker_stage05	joey|ross	present			medium	
1	35	67.34	69.02	Yeah, I just have to get dressed.	Rachel	high	community_transcript_match	1.0	dialogue	False	True	Joey | Chandler | Ross | Chandler and Joey | Rachel	Ross	Ross	False		Speaker agrees with available community-transcript mapping.	Yeah, I just have to get dressed.	Rachel	Rachel	present	char_tracker_stage05	joey|rachel|ross	present	0.6667		high	
1	36	69.02	69.5	Yay.	Ross	high	community_transcript_match	1.0	dialogue	False	True	Joey | Chandler | Ross | Chandler and Joey | Rachel	Rachel	Ross	False		Speaker agrees with available community-transcript mapping.	yay	Ross	Ross	present	char_tracker_stage05	joey|ross	present	1.0		high	
1	37	69.74	71.74	And that takes what, just six or seven minutes?	Ross	high	community_transcript_match	1.0	dialogue	False	True	Joey | Chandler | Ross | Chandler and Joey | Rachel	Ross	Rachel	False		Speaker agrees with available community-transcript mapping.	Yay! And that takes what? Just six or seven minutes.	Ross	Ross	present	char_tracker_stage05	joey|ross	present	1.0		high	
1	38	71.9	73.9	Yeah, once I figure out what I'm wearing.	Rachel	high	community_transcript_match	1.0	dialogue	False	True	Joey | Chandler | Ross | Chandler and Joey | Rachel	Ross	Joey	False		Speaker agrees with available community-transcript mapping.	Yeah! Once, I figure out what I'm wearing.	Rachel	Rachel	present	char_tracker_stage05	rachel	present	1.0		high	
1	39	77.1	77.98	Glass of fat?	Joey	high	community_transcript_match	1.0	dialogue	False	True	Joey | Chandler | Ross | Chandler and Joey | Rachel	Rachel		False		Speaker agrees with available community-transcript mapping.	Glass of fat?	Joey	Joey	present	char_tracker_stage05	joey|ross	present	1.0		high	
3	40	90.23	91.19	What's the matter, Ross?	Joey	high	community_transcript_match	1.0	dialogue	False	True	Joey | Ross | Phoebe | Chandler | Monica | ALL | Rachel | Rachel's sister on the machine | Rachel (to Ross) | Joey (To Rachel) | RICHARD | Chandler and Joey | THE GUYS | Rachel (coming out with a top and a skirt in her hands)		Joey	True	speaker_offscreen	Speaker agrees with available community-transcript mapping.	What's a matter Ross	Joey	Joey	present	char_tracker_stage05	ross	absent	0.0		low	speaker_offscreen
3	41	91.43	92.95	Are you nervous about your speech?	Joey	high	community_transcript_match	1.0	dialogue	False	True	Joey | Ross | Phoebe | Chandler | Monica | ALL | Rachel | Rachel's sister on the machine | Rachel (to Ross) | Joey (To Rachel) | RICHARD | Chandler and Joey | THE GUYS | Rachel (coming out with a top and a skirt in her hands)	Joey	Ross	True	speaker_offscreen	Speaker agrees with available community-transcript mapping.	What's a matter Ross? What you're nervous about your speech?	Joey	Joey	present	char_tracker_stage05	ross	absent	0.0		low	speaker_offscreen
3	42	93.35	93.99	Nope.	Ross	high	community_transcript_match	1.0	dialogue	False	True	Joey | Ross | Phoebe | Chandler | Monica | ALL | Rachel | Rachel's sister on the machine | Rachel (to Ross) | Joey (To Rachel) | RICHARD | Chandler and Joey | THE GUYS | Rachel (coming out with a top and a skirt in her hands)	Joey	Ross	False		Speaker agrees with available community-transcript mapping.	No	Ross	Ross	present	char_tracker_stage05	ross	present	1.0		high	
3	43	96.07	97.03	You want to hear it?	Ross	high	community_transcript_match	1.0	dialogue	False	True	Joey | Ross | Phoebe | Chandler | Monica | ALL | Rachel | Rachel's sister on the machine | Rachel (to Ross) | Joey (To Rachel) | RICHARD | Chandler and Joey | THE GUYS | Rachel (coming out with a top and a skirt in her hands)	Ross	Joey	False		Speaker agrees with available community-transcript mapping.	No! Do you wanna hear it?	Ross	Ross	present	char_tracker_stage05	joey|ross	present	1.0		high	
3	44	97.59	98.39	Am I in it?	Joey	high	community_transcript_match	1.0	dialogue	False	True	Joey | Ross | Phoebe | Chandler | Monica | ALL | Rachel | Rachel's sister on the machine | Rachel (to Ross) | Joey (To Rachel) | RICHARD | Chandler and Joey | THE GUYS | Rachel (coming out with a top and a skirt in her hands)	Ross	Ross	False		Speaker agrees with available community-transcript mapping.	Am I in it?	Joey	Joey	present	char_tracker_stage05	joey|ross	present	1.0		high	
3	45	100.15	100.95	Uh huh.	Ross	high	community_transcript_match	1.0	dialogue	False	True	Joey | Ross | Phoebe | Chandler | Monica | ALL | Rachel | Rachel's sister on the machine | Rachel (to Ross) | Joey (To Rachel) | RICHARD | Chandler and Joey | THE GUYS | Rachel (coming out with a top and a skirt in her hands)	Joey	Ross	False		Speaker agrees with available community-transcript mapping.	uh huh	Ross	Ross	present	char_tracker_stage05	ross	present	1.0		high	
3	46	103.11	103.47	Yeah.	Ross	high	community_transcript_match	1.0	dialogue	False	True	Joey | Ross | Phoebe | Chandler | Monica | ALL | Rachel | Rachel's sister on the machine | Rachel (to Ross) | Joey (To Rachel) | RICHARD | Chandler and Joey | THE GUYS | Rachel (coming out with a top and a skirt in her hands)	Ross	Ross	False		Speaker agrees with available community-transcript mapping.	uh huh yeah	Ross	Ross	present	char_tracker_stage05	ross	present	1.0		high	
3	47	103.47	108.55	Right after I thank everyone for giving money to the museum I sing a song about the wonder that is Joey.	Ross	high	community_transcript_match	1.0	dialogue	False	True	Joey | Ross | Phoebe | Chandler | Monica | ALL | Rachel | Rachel's sister on the machine | Rachel (to Ross) | Joey (To Rachel) | RICHARD | Chandler and Joey | THE GUYS | Rachel (coming out with a top and a skirt in her hands)	Ross	Phoebe	False		Speaker agrees with available community-transcript mapping.	Uh, huh. Yeah, right after I thank everyone for giving money to the museum, I sing a song about the wonder that is Joey.	Ross	Ross	present	char_tracker_stage05	ross	present	1.0		high	
3	48	111.03	111.59	Hello.	Phoebe	high	community_transcript_match	1.0	dialogue	False	True	Joey | Ross | Phoebe | Chandler | Monica | ALL | Rachel | Rachel's sister on the machine | Rachel (to Ross) | Joey (To Rachel) | RICHARD | Chandler and Joey | THE GUYS | Rachel (coming out with a top and a skirt in her hands)	Ross	Ross	False		Speaker agrees with available community-transcript mapping.	(entering) Hello.	Phoebe	Phoebe	present	char_tracker_stage05	phoebe	present	1.0		high	
3	49	111.67	112.15	Hey.	Ross	high	community_transcript_match	1.0	dialogue	False	True	Joey | Ross | Phoebe | Chandler | Monica | ALL | Rachel | Rachel's sister on the machine | Rachel (to Ross) | Joey (To Rachel) | RICHARD | Chandler and Joey | THE GUYS | Rachel (coming out with a top and a skirt in her hands)	Phoebe	Joey	True	speaker_offscreen	Speaker agrees with available community-transcript mapping.	Hey!	Ross	Ross	present	char_tracker_stage05	phoebe	absent	0.0		low	speaker_offscreen
3	50	112.15	112.71	Whoa.	Joey	high	community_transcript_match	1.0	dialogue	False	True	Joey | Ross | Phoebe | Chandler | Monica | ALL | Rachel | Rachel's sister on the machine | Rachel (to Ross) | Joey (To Rachel) | RICHARD | Chandler and Joey | THE GUYS | Rachel (coming out with a top and a skirt in her hands)	Ross	Ross	True	speaker_offscreen	Speaker agrees with available community-transcript mapping.	Whoa!	Joey	Joey	present	char_tracker_stage05	phoebe	absent	0.0		low	speaker_offscreen
3	51	113.33	113.53	Wow.	Ross	high	community_transcript_match	1.0	dialogue	False	True	Joey | Ross | Phoebe | Chandler | Monica | ALL | Rachel | Rachel's sister on the machine | Rachel (to Ross) | Joey (To Rachel) | RICHARD | Chandler and Joey | THE GUYS | Rachel (coming out with a top and a skirt in her hands)	Joey	Ross	True	speaker_offscreen	Speaker agrees with available community-transcript mapping.	wow	Ross	Ross	present	char_tracker_stage05	phoebe	absent	0.0		low	speaker_offscreen
3	52	113.53	113.93	Hello.	Ross	high	community_transcript_match	1.0	dialogue	False	True	Joey | Ross | Phoebe | Chandler | Monica | ALL | Rachel | Rachel's sister on the machine | Rachel (to Ross) | Joey (To Rachel) | RICHARD | Chandler and Joey | THE GUYS | Rachel (coming out with a top and a skirt in her hands)	Ross	Ross	True	speaker_offscreen	Speaker agrees with available community-transcript mapping.	Wow, hello	Ross	Ross	present	char_tracker_stage05	phoebe	absent	0.0		low	speaker_offscreen
3	53	113.93	114.69	You look great.	Ross	high	community_transcript_match	1.0	dialogue	False	True	Joey | Ross | Phoebe | Chandler | Monica | ALL | Rachel | Rachel's sister on the machine | Rachel (to Ross) | Joey (To Rachel) | RICHARD | Chandler and Joey | THE GUYS | Rachel (coming out with a top and a skirt in her hands)	Ross	Phoebe	True	speaker_offscreen	Speaker agrees with available community-transcript mapping.	Wow, hello! You look great!	Ross	Ross	present	char_tracker_stage05	phoebe	absent	0.0		low	speaker_offscreen
3	54	115.09	115.73	Thank you.	Phoebe	high	community_transcript_match	1.0	dialogue	False	True	Joey | Ross | Phoebe | Chandler | Monica | ALL | Rachel | Rachel's sister on the machine | Rachel (to Ross) | Joey (To Rachel) | RICHARD | Chandler and Joey | THE GUYS | Rachel (coming out with a top and a skirt in her hands)	Ross	Phoebe	False		Speaker agrees with available community-transcript mapping.	Thank you	Phoebe	Phoebe	present	char_tracker_stage05	phoebe	present	1.0		high	
3	55	115.81	116.69	I know, though.	Phoebe	high	community_transcript_match	1.0	dialogue	False	True	Joey | Ross | Phoebe | Chandler | Monica | ALL | Rachel | Rachel's sister on the machine | Rachel (to Ross) | Joey (To Rachel) | RICHARD | Chandler and Joey | THE GUYS | Rachel (coming out with a top and a skirt in her hands)	Phoebe	Ross	False		Speaker agrees with available community-transcript mapping.	Thank you! I know, though.	Phoebe	Phoebe	present	char_tracker_stage05	phoebe	present	1.0		high	
3	56	118.69	119.49	You see this?	Ross	high	community_transcript_match	1.0	dialogue	False	True	Joey | Ross | Phoebe | Chandler | Monica | ALL | Rachel | Rachel's sister on the machine | Rachel (to Ross) | Joey (To Rachel) | RICHARD | Chandler and Joey | THE GUYS | Rachel (coming out with a top and a skirt in her hands)	Phoebe	Ross	False		Speaker agrees with available community-transcript mapping.	you see this phoebe you oh you are my star	Ross	Ross	present	char_tracker_stage05	phoebe|ross	present	1.0		high	
3	57	119.73	122.45	This is a person who is ready to go.	Ross	high	community_transcript_match	1.0	dialogue	False	True	Joey | Ross | Phoebe | Chandler | Monica | ALL | Rachel | Rachel's sister on the machine | Rachel (to Ross) | Joey (To Rachel) | RICHARD | Chandler and Joey | THE GUYS | Rachel (coming out with a top and a skirt in her hands)	Ross	Ross	False		Speaker agrees with available community-transcript mapping.	You see this, this is a person who is ready to go. Phoebe you, oh, you are my star.	Ross	Ross	present	char_tracker_stage05	phoebe|ross	present	1.0		high	
3	58	122.53	123.41	Phoebe, you.	Ross	high	community_transcript_match	1.0	dialogue	False	True	Joey | Ross | Phoebe | Chandler | Monica | ALL | Rachel | Rachel's sister on the machine | Rachel (to Ross) | Joey (To Rachel) | RICHARD | Chandler and Joey | THE GUYS | Rachel (coming out with a top and a skirt in her hands)	Ross	Ross	False		Speaker agrees with available community-transcript mapping.	Phoebe you, oh, you are my star	Ross	Ross	present	char_tracker_stage05	phoebe|ross	present	1.0		high	
3	59	124.37	125.41	You are my star.	Ross	high	community_transcript_match	1.0	dialogue	False	True	Joey | Ross | Phoebe | Chandler | Monica | ALL | Rachel | Rachel's sister on the machine | Rachel (to Ross) | Joey (To Rachel) | RICHARD | Chandler and Joey | THE GUYS | Rachel (coming out with a top and a skirt in her hands)	Ross	Phoebe	False		Speaker agrees with available community-transcript mapping.	oh you are my star	Ross	Ross	present	char_tracker_stage05	phoebe|ross	present	1.0		high	
3	60	126.29	128.93	Oh, well, you're my lucky penny.	Phoebe	high	community_transcript_match	1.0	dialogue	False	True	Joey | Ross | Phoebe | Chandler | Monica | ALL | Rachel | Rachel's sister on the machine | Rachel (to Ross) | Joey (To Rachel) | RICHARD | Chandler and Joey | THE GUYS | Rachel (coming out with a top and a skirt in her hands)	Ross	Chandler	False		Speaker agrees with available community-transcript mapping.	Ohh, well, you're my lucky penny.	Phoebe	Phoebe	present	char_tracker_stage05	phoebe	present	1.0		high	
3	61	131.97	133.73	All right, I took the quiz.	Chandler	high	community_transcript_match	1.0	dialogue	False	True	Joey | Ross | Phoebe | Chandler | Monica | ALL | Rachel | Rachel's sister on the machine | Rachel (to Ross) | Joey (To Rachel) | RICHARD | Chandler and Joey | THE GUYS | Rachel (coming out with a top and a skirt in her hands)	Phoebe	Chandler	False		Speaker agrees with available community-transcript mapping.	all right i took the quiz get up	Chandler	Chandler	present	char_tracker_stage05	chandler	present	1.0		high	
3	62	133.73	136.21	And it turns out I do put career before men.	Chandler	high	community_transcript_match	1.0	dialogue	False	True	Joey | Ross | Phoebe | Chandler | Monica | ALL | Rachel | Rachel's sister on the machine | Rachel (to Ross) | Joey (To Rachel) | RICHARD | Chandler and Joey | THE GUYS | Rachel (coming out with a top and a skirt in her hands)	Chandler	Chandler	False		Speaker agrees with available community-transcript mapping.	(entering from bathroom, with an issue of Cosmo) All right, I took the quiz, and it turns out, I do put career before men. (to Joey) Get up.	Chandler	Chandler	present	char_tracker_stage05	chandler	present	1.0		high	
3	63	139.89	140.45	Get up.	Chandler	high	community_transcript_match	1.0	dialogue	False	True	Joey | Ross | Phoebe | Chandler | Monica | ALL | Rachel | Rachel's sister on the machine | Rachel (to Ross) | Joey (To Rachel) | RICHARD | Chandler and Joey | THE GUYS | Rachel (coming out with a top and a skirt in her hands)	Chandler	Joey	False		Speaker agrees with available community-transcript mapping.	Get up	Chandler	Chandler	present	char_tracker_stage05	chandler|joey	present	1.0		high	
3	64	141.46	141.7	What?	Joey	high	community_transcript_match	1.0	dialogue	False	True	Joey | Ross | Phoebe | Chandler | Monica | ALL | Rachel | Rachel's sister on the machine | Rachel (to Ross) | Joey (To Rachel) | RICHARD | Chandler and Joey | THE GUYS | Rachel (coming out with a top and a skirt in her hands)	Chandler	Chandler	False		Speaker agrees with available community-transcript mapping.	What?	Joey	Joey	present	char_tracker_stage05	chandler|joey	present	1.0		high	
3	65	142.66	143.54	You're in my seat.	Chandler	high	community_transcript_match	1.0	dialogue	False	True	Joey | Ross | Phoebe | Chandler | Monica | ALL | Rachel | Rachel's sister on the machine | Rachel (to Ross) | Joey (To Rachel) | RICHARD | Chandler and Joey | THE GUYS | Rachel (coming out with a top and a skirt in her hands)	Joey	Joey	False		Speaker agrees with available community-transcript mapping.	You're in my seat.	Chandler	Chandler	present	char_tracker_stage05	chandler|joey	present	1.0		high	
3	66	144.02	145.38	How is this your seat?	Joey	high	community_transcript_match	1.0	dialogue	False	True	Joey | Ross | Phoebe | Chandler | Monica | ALL | Rachel | Rachel's sister on the machine | Rachel (to Ross) | Joey (To Rachel) | RICHARD | Chandler and Joey | THE GUYS | Rachel (coming out with a top and a skirt in her hands)	Chandler	Chandler	False		Speaker agrees with available community-transcript mapping.	How is this your seat?	Joey	Joey	present	char_tracker_stage05	joey	present	1.0		high	
3	67	148.82	149.94	Cause I was sitting there.	Chandler	high	community_transcript_match	1.0	dialogue	False	True	Joey | Ross | Phoebe | Chandler | Monica | ALL | Rachel | Rachel's sister on the machine | Rachel (to Ross) | Joey (To Rachel) | RICHARD | Chandler and Joey | THE GUYS | Rachel (coming out with a top and a skirt in her hands)	Joey	Joey	True	speaker_no_face	Speaker agrees with available community-transcript mapping.	'Cause I was sitting there.	Chandler	Chandler	absent	char_tracker_stage05		absent	0.0		medium	speaker_no_face
3	68	150.1	150.98	But then you left.	Joey	high	community_transcript_match	1.0	dialogue	False	True	Joey | Ross | Phoebe | Chandler | Monica | ALL | Rachel | Rachel's sister on the machine | Rachel (to Ross) | Joey (To Rachel) | RICHARD | Chandler and Joey | THE GUYS | Rachel (coming out with a top and a skirt in her hands)	Chandler	Chandler	False		Speaker agrees with available community-transcript mapping.	But then you left.	Joey	Joey	present	char_tracker_stage05	joey	present	1.0		high	
3	69	152.18	153.86	Well, it's not like I went to Spain.	Chandler	high	community_transcript_match	1.0	dialogue	False	True	Joey | Ross | Phoebe | Chandler | Monica | ALL | Rachel | Rachel's sister on the machine | Rachel (to Ross) | Joey (To Rachel) | RICHARD | Chandler and Joey | THE GUYS | Rachel (coming out with a top and a skirt in her hands)	Joey	Chandler	False		Speaker agrees with available community-transcript mapping.	Well, it's not like I went to Spain. I went to the bathroom, you knew I was coming back.	Chandler	Chandler	present	char_tracker_stage05	chandler	present	1.0		high	
3	70	155.54	156.819	I went to the bathroom.	Chandler	high	community_transcript_match	1.0	dialogue	False	True	Joey | Ross | Phoebe | Chandler | Monica | ALL | Rachel | Rachel's sister on the machine | Rachel (to Ross) | Joey (To Rachel) | RICHARD | Chandler and Joey | THE GUYS | Rachel (coming out with a top and a skirt in her hands)	Chandler	Chandler	False		Speaker agrees with available community-transcript mapping.	I went to the bathroom, you knew I was coming back	Chandler	Chandler	present	char_tracker_stage05	chandler	present	1.0		high	
3	71	156.819	158.02	You knew I was coming back.	Chandler	high	community_transcript_match	1.0	dialogue	False	True	Joey | Ross | Phoebe | Chandler | Monica | ALL | Rachel | Rachel's sister on the machine | Rachel (to Ross) | Joey (To Rachel) | RICHARD | Chandler and Joey | THE GUYS | Rachel (coming out with a top and a skirt in her hands)	Chandler	Joey	False		Speaker agrees with available community-transcript mapping.	you knew i was coming back	Chandler	Chandler	present	char_tracker_stage05	chandler	present	1.0		high	
3	72	158.02	159.06	What's the big deal?	Joey	high	community_transcript_match	1.0	dialogue	False	True	Joey | Ross | Phoebe | Chandler | Monica | ALL | Rachel | Rachel's sister on the machine | Rachel (to Ross) | Joey (To Rachel) | RICHARD | Chandler and Joey | THE GUYS | Rachel (coming out with a top and a skirt in her hands)	Chandler	Joey	False		Speaker agrees with available community-transcript mapping.	What's the big deal, sit somewhere else.	Joey	Joey	present	char_tracker_stage05	chandler|joey	present	1.0		high	
3	73	159.06	160.18	Sit somewhere else.	Joey	high	community_transcript_match	1.0	dialogue	False	True	Joey | Ross | Phoebe | Chandler | Monica | ALL | Rachel | Rachel's sister on the machine | Rachel (to Ross) | Joey (To Rachel) | RICHARD | Chandler and Joey | THE GUYS | Rachel (coming out with a top and a skirt in her hands)	Joey	Chandler	False		Speaker agrees with available community-transcript mapping.	sit somewhere else	Joey	Joey	present	char_tracker_stage05	joey	present	1.0		high	
3	74	160.18	164.9	The big deal is I was sitting there last, so it's my seat.	Chandler	high	community_transcript_match	1.0	dialogue	False	True	Joey | Ross | Phoebe | Chandler | Monica | ALL | Rachel | Rachel's sister on the machine | Rachel (to Ross) | Joey (To Rachel) | RICHARD | Chandler and Joey | THE GUYS | Rachel (coming out with a top and a skirt in her hands)	Joey	Joey	True	speaker_offscreen	Speaker agrees with available community-transcript mapping.	The big deal is I was sitting there last, so, that's my seat.	Chandler	Chandler	present	char_tracker_stage05	joey	absent	0.0		low	speaker_offscreen
3	75	166.34	169.22	Actually, the last place you were sitting was in there, so.	Joey	high	community_transcript_match	1.0	dialogue	False	True	Joey | Ross | Phoebe | Chandler | Monica | ALL | Rachel | Rachel's sister on the machine | Rachel (to Ross) | Joey (To Rachel) | RICHARD | Chandler and Joey | THE GUYS | Rachel (coming out with a top and a skirt in her hands)	Chandler	Ross	False		Speaker agrees with available community-transcript mapping.	Well, actually the last place you were sitting was in there (points to the bathroom). Soo...	Joey	Joey	present	char_tracker_stage05	joey	present	1.0		high	
3	76	170.5	171.1	You guys.	Ross	high	community_transcript_match	1.0	dialogue	False	True	Joey | Ross | Phoebe | Chandler | Monica | ALL | Rachel | Rachel's sister on the machine | Rachel (to Ross) | Joey (To Rachel) | RICHARD | Chandler and Joey | THE GUYS | Rachel (coming out with a top and a skirt in her hands)	Joey	Ross	True	speaker_offscreen	Speaker agrees with available community-transcript mapping.	you guys so	Ross	Ross	present	char_tracker_stage05	joey	absent	0.0		low	speaker_offscreen
3	77	171.1	171.54	You know what?	Ross	high	community_transcript_match	1.0	dialogue	False	True	Joey | Ross | Phoebe | Chandler | Monica | ALL | Rachel | Rachel's sister on the machine | Rachel (to Ross) | Joey (To Rachel) | RICHARD | Chandler and Joey | THE GUYS | Rachel (coming out with a top and a skirt in her hands)	Ross	Ross	True	speaker_offscreen	Speaker agrees with available community-transcript mapping.	you guys you know what so	Ross	Ross	present	char_tracker_stage05	joey	absent	0.0		low	speaker_offscreen
3	78	171.54	172.18	You know what?	Ross	high	community_transcript_match	1.0	dialogue	False	True	Joey | Ross | Phoebe | Chandler | Monica | ALL | Rachel | Rachel's sister on the machine | Rachel (to Ross) | Joey (To Rachel) | RICHARD | Chandler and Joey | THE GUYS | Rachel (coming out with a top and a skirt in her hands)	Ross	Ross	True	speaker_offscreen	Speaker agrees with available community-transcript mapping.	you guys you know what you know what so	Ross	Ross	present	char_tracker_stage05	joey	absent	0.0		low	speaker_offscreen
3	79	172.49	177.21	It doesn't matter because you both have to go get dressed before the big vein in my head pops.	Ross	high	community_transcript_match	1.0	dialogue	False	True	Joey | Ross | Phoebe | Chandler | Monica | ALL | Rachel | Rachel's sister on the machine | Rachel (to Ross) | Joey (To Rachel) | RICHARD | Chandler and Joey | THE GUYS | Rachel (coming out with a top and a skirt in her hands)	Ross	Ross	False		Speaker agrees with available community-transcript mapping.	You guys, you know what, you know what, it doesn't matter, because you both have to go get dressed before the big vain in my head pops. So..	Ross	Ross	present	char_tracker_stage05	joey|ross	present	0.5		high	
3	80	177.37	177.77	So.	Ross	high	community_transcript_match	1.0	dialogue	False	True	Joey | Ross | Phoebe | Chandler | Monica | ALL | Rachel | Rachel's sister on the machine | Rachel (to Ross) | Joey (To Rachel) | RICHARD | Chandler and Joey | THE GUYS | Rachel (coming out with a top and a skirt in her hands)	Ross	Chandler	False		Speaker agrees with available community-transcript mapping.	So	Ross	Ross	present	char_tracker_stage05	ross	present	1.0		high	
3	81	178.17	180.41	All right, Ross, I just have to do one thing really quickly.	Chandler	high	community_transcript_match	1.0	dialogue	False	True	Joey | Ross | Phoebe | Chandler | Monica | ALL | Rachel | Rachel's sister on the machine | Rachel (to Ross) | Joey (To Rachel) | RICHARD | Chandler and Joey | THE GUYS | Rachel (coming out with a top and a skirt in her hands)	Ross	Chandler	True	speaker_no_face	Speaker agrees with available community-transcript mapping.	All right, Ross, I just have to do one thing, really quickly, it's not a big deal. (yells at Joey) GET UP!!	Chandler	Chandler	absent	char_tracker_stage05		absent	0.0		medium	speaker_no_face
3	82	180.41	181.21	It's not a big deal.	Chandler	high	community_transcript_match	1.0	dialogue	False	True	Joey | Ross | Phoebe | Chandler | Monica | ALL | Rachel | Rachel's sister on the machine | Rachel (to Ross) | Joey (To Rachel) | RICHARD | Chandler and Joey | THE GUYS | Rachel (coming out with a top and a skirt in her hands)	Chandler	Chandler	False		Speaker agrees with available community-transcript mapping.	it's not a big deal get up	Chandler	Chandler	present	char_tracker_stage05	chandler|ross	present	0.5		high	
3	83	181.21	181.85	Get up.	Chandler	high	community_transcript_match	1.0	dialogue	False	True	Joey | Ross | Phoebe | Chandler | Monica | ALL | Rachel | Rachel's sister on the machine | Rachel (to Ross) | Joey (To Rachel) | RICHARD | Chandler and Joey | THE GUYS | Rachel (coming out with a top and a skirt in her hands)	Chandler	Monica	False		Speaker agrees with available community-transcript mapping.	get up	Chandler	Chandler	present	char_tracker_stage05	chandler|ross	present	1.0		high	
3	84	184.01	184.49	Hi.	Monica	high	community_transcript_match	1.0	dialogue	False	True	Joey | Ross | Phoebe | Chandler | Monica | ALL | Rachel | Rachel's sister on the machine | Rachel (to Ross) | Joey (To Rachel) | RICHARD | Chandler and Joey | THE GUYS | Rachel (coming out with a top and a skirt in her hands)	Chandler	ALL	False		Speaker agrees with available community-transcript mapping.	(entering) Hi.	Monica	Monica	present	char_tracker_stage05	monica	present	1.0		high	
3	85	184.73	185.21	Hey.	ALL	high	community_transcript_match	1.0	dialogue	False	True	Joey | Ross | Phoebe | Chandler | Monica | ALL | Rachel | Rachel's sister on the machine | Rachel (to Ross) | Joey (To Rachel) | RICHARD | Chandler and Joey | THE GUYS | Rachel (coming out with a top and a skirt in her hands)	Monica	Monica	False		Speaker agrees with available community-transcript mapping.	Hey.	ALL	ALL	present	char_tracker_stage05	monica	unobserved			high	
3	86	185.37	187.77	Ooh, Phoebe, you look great.	Monica	high	community_transcript_match	1.0	dialogue	False	True	Joey | Ross | Phoebe | Chandler | Monica | ALL | Rachel | Rachel's sister on the machine | Rachel (to Ross) | Joey (To Rachel) | RICHARD | Chandler and Joey | THE GUYS | Rachel (coming out with a top and a skirt in her hands)	ALL	Phoebe	False		Speaker agrees with available community-transcript mapping.	Ooh, Phoebe, you look great!	Monica	Monica	present	char_tracker_stage05	monica	present	1.0		high	
3	87	188.249	189.21	All right already.	Phoebe	high	community_transcript_match	1.0	dialogue	False	True	Joey | Ross | Phoebe | Chandler | Monica | ALL | Rachel | Rachel's sister on the machine | Rachel (to Ross) | Joey (To Rachel) | RICHARD | Chandler and Joey | THE GUYS | Rachel (coming out with a top and a skirt in her hands)	Monica	Monica	False		Speaker agrees with available community-transcript mapping.	All right all ready.	Phoebe	Phoebe	present	char_tracker_stage05	phoebe	present	1.0		high	
3	88	191.05	191.61	Ooh.	Monica	high	community_transcript_match	1.0	reaction	False	True	Joey | Ross | Phoebe | Chandler | Monica | ALL | Rachel | Rachel's sister on the machine | Rachel (to Ross) | Joey (To Rachel) | RICHARD | Chandler and Joey | THE GUYS | Rachel (coming out with a top and a skirt in her hands)	Phoebe	Monica	False		Speaker agrees with available community-transcript mapping.	ooh	Monica	Monica	present	char_tracker_stage05	monica	present	1.0		high	
3	89	191.69	192.97	Are you gonna do magic?	Monica	high	community_transcript_match	1.0	dialogue	False	True	Joey | Ross | Phoebe | Chandler | Monica | ALL | Rachel | Rachel's sister on the machine | Rachel (to Ross) | Joey (To Rachel) | RICHARD | Chandler and Joey | THE GUYS | Rachel (coming out with a top and a skirt in her hands)	Monica	Ross	False		Speaker agrees with available community-transcript mapping.	(to Ross) Ooh, are you gonna do magic?	Monica	Monica	present	char_tracker_stage05	monica	present	1.0		high	
3	90	195.77	196.65	That's funny.	Ross	high	community_transcript_match	1.0	dialogue	False	True	Joey | Ross | Phoebe | Chandler | Monica | ALL | Rachel | Rachel's sister on the machine | Rachel (to Ross) | Joey (To Rachel) | RICHARD | Chandler and Joey | THE GUYS | Rachel (coming out with a top and a skirt in her hands)	Monica	Ross	False		Speaker agrees with available community-transcript mapping.	That's, that's funny. Change!	Ross	Ross	present	char_tracker_stage05	ross	present	1.0		high	
3	91	196.65	197.05	Change.	Ross	high	community_transcript_match	1.0	dialogue	False	True	Joey | Ross | Phoebe | Chandler | Monica | ALL | Rachel | Rachel's sister on the machine | Rachel (to Ross) | Joey (To Rachel) | RICHARD | Chandler and Joey | THE GUYS | Rachel (coming out with a top and a skirt in her hands)	Ross	Monica	False		Speaker agrees with available community-transcript mapping.	Change	Ross	Ross	present	char_tracker_stage05	ross	present	1.0		high	
3	92	197.45	198.33	Hang on a second.	Monica	high	community_transcript_match	1.0	dialogue	False	True	Joey | Ross | Phoebe | Chandler | Monica | ALL | Rachel | Rachel's sister on the machine | Rachel (to Ross) | Joey (To Rachel) | RICHARD | Chandler and Joey | THE GUYS | Rachel (coming out with a top and a skirt in her hands)	Ross	Monica	True	speaker_offscreen	Speaker agrees with available community-transcript mapping.	Hang on a second I just got in.	Monica	Monica	present	char_tracker_stage05	ross	absent	0.0		low	speaker_offscreen
3	93	198.33	198.93	I just got in.	Monica	high	community_transcript_match	1.0	dialogue	False	True	Joey | Ross | Phoebe | Chandler | Monica | ALL | Rachel | Rachel's sister on the machine | Rachel (to Ross) | Joey (To Rachel) | RICHARD | Chandler and Joey | THE GUYS | Rachel (coming out with a top and a skirt in her hands)	Monica	Ross	True	speaker_no_face	Speaker agrees with available community-transcript mapping.	i just got in	Monica	Monica	absent	char_tracker_stage05		absent	0.0		medium	speaker_no_face
3	94	198.93	199.69	Look, I don't care.	Ross	high	community_transcript_match	1.0	dialogue	False	True	Joey | Ross | Phoebe | Chandler | Monica | ALL | Rachel | Rachel's sister on the machine | Rachel (to Ross) | Joey (To Rachel) | RICHARD | Chandler and Joey | THE GUYS | Rachel (coming out with a top and a skirt in her hands)	Monica	Phoebe	True	speaker_no_face	Speaker agrees with available community-transcript mapping.	Look, I don't care it starts at eight, we can't be late.	Ross	Ross	absent	char_tracker_stage05		absent	0.0		medium	speaker_no_face
3	95	199.69	200.69	It starts at 8.	Phoebe	low	scene_context_inference	0.58	dialogue	True	False	Joey | Ross | Phoebe | Chandler | Monica | ALL | Rachel | Rachel's sister on the machine | Rachel (to Ross) | Joey (To Rachel) | RICHARD | Chandler and Joey | THE GUYS | Rachel (coming out with a top and a skirt in her hands)	Ross	Phoebe	True	two_sided_context_ambiguous | speaker_no_face	No direct transcript match; weak local context only.				absent	char_tracker_stage05		absent			low	speaker_no_face
3	96	200.69	201.61	We can't be late.	Phoebe	high	scene_context_bridge	0.88	dialogue	True	False	Joey | Ross | Phoebe | Chandler | Monica | ALL | Rachel | Rachel's sister on the machine | Rachel (to Ross) | Joey (To Rachel) | RICHARD | Chandler and Joey | THE GUYS | Rachel (coming out with a top and a skirt in her hands)	Phoebe	Phoebe	False		Same speaker appears on both sides within the same scene.				present	char_tracker_stage05	phoebe	present			high	
3	97	201.81	203.57	And he could not, would not want to wait.	Phoebe	high	community_transcript_match	1.0	dialogue	False	True	Joey | Ross | Phoebe | Chandler | Monica | ALL | Rachel | Rachel's sister on the machine | Rachel (to Ross) | Joey (To Rachel) | RICHARD | Chandler and Joey | THE GUYS | Rachel (coming out with a top and a skirt in her hands)	Phoebe	Ross	False		Speaker agrees with available community-transcript mapping.	We could not, would not want to wait.	Phoebe	Phoebe	present	char_tracker_stage05	phoebe	present	1.0		high	
3	98	205.25	207.13	Look, our table is down in front, okay?	Ross	high	community_transcript_match	1.0	dialogue	False	True	Joey | Ross | Phoebe | Chandler | Monica | ALL | Rachel | Rachel's sister on the machine | Rachel (to Ross) | Joey (To Rachel) | RICHARD | Chandler and Joey | THE GUYS | Rachel (coming out with a top and a skirt in her hands)	Phoebe	Ross	True	speaker_no_face	Speaker agrees with available community-transcript mapping.	look our table is down in front okay	Ross	Ross	absent	char_tracker_stage05		absent	0.0		medium	speaker_no_face
3	99	207.13	208.37	My boss is gonna be there.	Ross	high	community_transcript_match	1.0	dialogue	False	True	Joey | Ross | Phoebe | Chandler | Monica | ALL | Rachel | Rachel's sister on the machine | Rachel (to Ross) | Joey (To Rachel) | RICHARD | Chandler and Joey | THE GUYS | Rachel (coming out with a top and a skirt in her hands)	Ross	Ross	True	speaker_no_face	Speaker agrees with available community-transcript mapping.	look our table is down in front okay my boss is gonna be there	Ross	Ross	absent	char_tracker_stage05		absent	0.0		medium	speaker_no_face
3	100	208.37	210.61	Everyone will see if we arrive after it starts.	Ross	high	community_transcript_match	1.0	dialogue	False	True	Joey | Ross | Phoebe | Chandler | Monica | ALL | Rachel | Rachel's sister on the machine | Rachel (to Ross) | Joey (To Rachel) | RICHARD | Chandler and Joey | THE GUYS | Rachel (coming out with a top and a skirt in her hands)	Ross	Monica	True	speaker_no_face	Speaker agrees with available community-transcript mapping.	Look, our table is down in front, okay, my boss is gonna be there, everyone will see if we arrive after it starts.	Ross	Ross	absent	char_tracker_stage05		absent	0.0		medium	speaker_no_face
3	101	210.77	212.53	Has somebody been drinking my fat?	Monica	high	community_transcript_match	1.0	dialogue	False	True	Joey | Ross | Phoebe | Chandler | Monica | ALL | Rachel | Rachel's sister on the machine | Rachel (to Ross) | Joey (To Rachel) | RICHARD | Chandler and Joey | THE GUYS | Rachel (coming out with a top and a skirt in her hands)	Ross	Rachel	False		Speaker agrees with available community-transcript mapping.	Has somebody been drinking my fat? (Joey and Chandler look at each other)	Monica	Monica	present	char_tracker_stage05	monica	present	0.6667		high	
3	102	214.53	218.33	You guys, does this look like something the girlfriend of a paleontologist would wear?	Rachel	high	community_transcript_match	1.0	dialogue	False	True	Joey | Ross | Phoebe | Chandler | Monica | ALL | Rachel | Rachel's sister on the machine | Rachel (to Ross) | Joey (To Rachel) | RICHARD | Chandler and Joey | THE GUYS | Rachel (coming out with a top and a skirt in her hands)	Monica	Phoebe	False		Speaker agrees with available community-transcript mapping.	(entering from her bedroom) You guys, (holds up an outfit) does this look like something the girlfriend of a paleontologist would wear?	Rachel	Rachel	present	char_tracker_stage05	rachel	present	0.8		high	
3	103	218.33	218.89	I don't know.	Phoebe	high	community_transcript_match	1.0	dialogue	False	True	Joey | Ross | Phoebe | Chandler | Monica | ALL | Rachel | Rachel's sister on the machine | Rachel (to Ross) | Joey (To Rachel) | RICHARD | Chandler and Joey | THE GUYS | Rachel (coming out with a top and a skirt in her hands)	Rachel	Phoebe	False		Speaker agrees with available community-transcript mapping.	i don't know	Phoebe	Phoebe	present	char_tracker_stage05	phoebe|rachel|ross	present	1.0		high	
3	104	218.89	220.05	You might be the first one.	Phoebe	high	community_transcript_match	1.0	dialogue	False	True	Joey | Ross | Phoebe | Chandler | Monica | ALL | Rachel | Rachel's sister on the machine | Rachel (to Ross) | Joey (To Rachel) | RICHARD | Chandler and Joey | THE GUYS | Rachel (coming out with a top and a skirt in her hands)	Phoebe	Monica	False		Speaker agrees with available community-transcript mapping.	I don't know, you might be the first one.	Phoebe	Phoebe	present	char_tracker_stage05	phoebe|ross	present	1.0		high	
3	105	222.29	223.81	Rach, did you check the machine?	Monica	high	community_transcript_match	1.0	dialogue	False	True	Joey | Ross | Phoebe | Chandler | Monica | ALL | Rachel | Rachel's sister on the machine | Rachel (to Ross) | Joey (To Rachel) | RICHARD | Chandler and Joey | THE GUYS | Rachel (coming out with a top and a skirt in her hands)	Phoebe	Rachel	False		Speaker agrees with available community-transcript mapping.	Rach, did you check the Machine?	Monica	Monica	present	char_tracker_stage05	monica|ross	present	1.0		high	
3	106	223.81	224.53	Uh, no.	Rachel	high	community_transcript_match	1.0	dialogue	False	True	Joey | Ross | Phoebe | Chandler | Monica | ALL | Rachel | Rachel's sister on the machine | Rachel (to Ross) | Joey (To Rachel) | RICHARD | Chandler and Joey | THE GUYS | Rachel (coming out with a top and a skirt in her hands)	Monica	Rachel	False		Speaker agrees with available community-transcript mapping.	uh no nevermind	Rachel	Rachel	present	char_tracker_stage05	monica|rachel	present	0.5		high	
3	107	224.85	225.73	Wait, you know what?	Rachel	high	community_transcript_match	1.0	dialogue	False	True	Joey | Ross | Phoebe | Chandler | Monica | ALL | Rachel | Rachel's sister on the machine | Rachel (to Ross) | Joey (To Rachel) | RICHARD | Chandler and Joey | THE GUYS | Rachel (coming out with a top and a skirt in her hands)	Rachel	Rachel	False		Speaker agrees with available community-transcript mapping.	uh no wait you know what nevermind	Rachel	Rachel	present	char_tracker_stage05	monica|rachel	present	1.0		high	
3	108	225.73	227.81	This is the outfit that makes my calves look fat.	Rachel	high	community_transcript_match	1.0	dialogue	False	True	Joey | Ross | Phoebe | Chandler | Monica | ALL | Rachel | Rachel's sister on the machine | Rachel (to Ross) | Joey (To Rachel) | RICHARD | Chandler and Joey | THE GUYS | Rachel (coming out with a top and a skirt in her hands)	Rachel	Rachel	False		Speaker agrees with available community-transcript mapping.	Uh, no. Wait, you know what, this is the outfit that makes my calves look fat. Nevermind.	Rachel	Rachel	present	char_tracker_stage05	rachel	present	1.0		high	
3	109	227.81	228.37	Never mind.	Rachel	high	community_transcript_match	1.0	dialogue	False	True	Joey | Ross | Phoebe | Chandler | Monica | ALL | Rachel | Rachel's sister on the machine | Rachel (to Ross) | Joey (To Rachel) | RICHARD | Chandler and Joey | THE GUYS | Rachel (coming out with a top and a skirt in her hands)	Rachel	Chandler	False		Speaker agrees with available community-transcript mapping.	Nevermind	Rachel	Rachel	present	char_tracker_stage05	rachel	present	1.0		high	
3	110	232.89	235.05	Well, Joey, I wrote a little song today.	Chandler	high	community_transcript_match	1.0	dialogue	False	True	Joey | Ross | Phoebe | Chandler | Monica | ALL | Rachel | Rachel's sister on the machine | Rachel (to Ross) | Joey (To Rachel) | RICHARD | Chandler and Joey | THE GUYS | Rachel (coming out with a top and a skirt in her hands)	Rachel	Chandler	False		Speaker agrees with available community-transcript mapping.	Well, Joey, I wrote a little song today. It's called Get Up.	Chandler	Chandler	present	char_tracker_stage05	chandler	present	0.75		high	
3	111	235.93	237.13	It's called Get Up.	Chandler	high	community_transcript_match	1.0	dialogue	False	True	Joey | Ross | Phoebe | Chandler | Monica | ALL | Rachel | Rachel's sister on the machine | Rachel (to Ross) | Joey (To Rachel) | RICHARD | Chandler and Joey | THE GUYS | Rachel (coming out with a top and a skirt in her hands)	Chandler	Joey	False		Speaker agrees with available community-transcript mapping.	It's called Get Up	Chandler	Chandler	present	char_tracker_stage05	chandler	present	1.0		high	
3	112	238.97	240.25	Gee, you know, I just.	Joey	high	community_transcript_match	1.0	dialogue	False	True	Joey | Ross | Phoebe | Chandler | Monica | ALL | Rachel | Rachel's sister on the machine | Rachel (to Ross) | Joey (To Rachel) | RICHARD | Chandler and Joey | THE GUYS | Rachel (coming out with a top and a skirt in her hands)	Chandler	Joey	False		Speaker agrees with available community-transcript mapping.	gee you know	Joey	Joey	present	char_tracker_stage05	joey	present	1.0		high	
3	113	240.25	242.21	I wish there was something I could do to help you.	Joey	high	community_transcript_match	1.0	dialogue	False	True	Joey | Ross | Phoebe | Chandler | Monica | ALL | Rachel | Rachel's sister on the machine | Rachel (to Ross) | Joey (To Rachel) | RICHARD | Chandler and Joey | THE GUYS | Rachel (coming out with a top and a skirt in her hands)	Joey	Chandler	False		Speaker agrees with available community-transcript mapping.	Gee... you know I wish there was something I could do to help you.	Joey	Joey	present	char_tracker_stage05	joey	present	1.0		high	
3	114	242.21	242.69	Get up.	Chandler	medium	short_turn_alternation	0.7	dialogue	True	False	Joey | Ross | Phoebe | Chandler | Monica | ALL | Rachel | Rachel's sister on the machine | Rachel (to Ross) | Joey (To Rachel) | RICHARD | Chandler and Joey | THE GUYS | Rachel (coming out with a top and a skirt in her hands)	Joey	Chandler	True	short_utterance_between_two_speakers	Short utterance inferred from local turn alternation.				present	char_tracker_stage05	chandler|joey	present			medium	
3	115	242.69	243.13	Get up.	Chandler	high	scene_context_bridge	0.88	dialogue	True	False	Joey | Ross | Phoebe | Chandler | Monica | ALL | Rachel | Rachel's sister on the machine | Rachel (to Ross) | Joey (To Rachel) | RICHARD | Chandler and Joey | THE GUYS | Rachel (coming out with a top and a skirt in her hands)	Chandler	Chandler	False		Same speaker appears on both sides within the same scene.				present	char_tracker_stage05	chandler|joey	present			high	
3	116	243.13	243.53	Get up.	Chandler	high	scene_context_bridge	0.88	dialogue	True	False	Joey | Ross | Phoebe | Chandler | Monica | ALL | Rachel | Rachel's sister on the machine | Rachel (to Ross) | Joey (To Rachel) | RICHARD | Chandler and Joey | THE GUYS | Rachel (coming out with a top and a skirt in her hands)	Chandler	Chandler	False		Same speaker appears on both sides within the same scene.				present	char_tracker_stage05	chandler	present			high	
3	117	243.53	245.69	Get up, get up, get up, get up, get up.	Chandler	high	community_transcript_match	1.0	dialogue	False	True	Joey | Ross | Phoebe | Chandler | Monica | ALL | Rachel | Rachel's sister on the machine | Rachel (to Ross) | Joey (To Rachel) | RICHARD | Chandler and Joey | THE GUYS | Rachel (coming out with a top and a skirt in her hands)	Chandler	Chandler	False		Speaker agrees with available community-transcript mapping.	Get up! Get up! Get up! Get up! Get up! Get up! Get up! Get up! Get up! Get up! (jumping up and down in front of Joey's face)	Chandler	Chandler	present	char_tracker_stage05	chandler	present	0.6667		high	
3	118	245.69	246.37	Get up, get up.	Chandler	high	community_transcript_match	1.0	dialogue	False	True	Joey | Ross | Phoebe | Chandler | Monica | ALL | Rachel | Rachel's sister on the machine | Rachel (to Ross) | Joey (To Rachel) | RICHARD | Chandler and Joey | THE GUYS | Rachel (coming out with a top and a skirt in her hands)	Chandler	Joey	True	speaker_offscreen	Speaker agrees with available community-transcript mapping.	get up get up get up get up get up	Chandler	Chandler	present	char_tracker_stage05	joey	absent	0.0		low	speaker_offscreen
3	119	246.37	248.17	All right, all right, you can have the chair.	Joey	high	community_transcript_match	1.0	dialogue	False	True	Joey | Ross | Phoebe | Chandler | Monica | ALL | Rachel | Rachel's sister on the machine | Rachel (to Ross) | Joey (To Rachel) | RICHARD | Chandler and Joey | THE GUYS | Rachel (coming out with a top and a skirt in her hands)	Chandler	Chandler	False		Speaker agrees with available community-transcript mapping.	All right! You can have the chair.	Joey	Joey	present	char_tracker_stage05	joey	present	1.0		high	
3	120	249.21	249.61	Really?	Chandler	high	community_transcript_match	1.0	dialogue	False	True	Joey | Ross | Phoebe | Chandler | Monica | ALL | Rachel | Rachel's sister on the machine | Rachel (to Ross) | Joey (To Rachel) | RICHARD | Chandler and Joey | THE GUYS | Rachel (coming out with a top and a skirt in her hands)	Joey	Joey	False		Speaker agrees with available community-transcript mapping.	Really!	Chandler	Chandler	present	char_tracker_stage05	chandler|joey	present	1.0		high	
3	121	250.17	250.89	Oh, my.	Joey	high	community_transcript_match	1.0	dialogue	False	True	Joey | Ross | Phoebe | Chandler | Monica | ALL | Rachel | Rachel's sister on the machine | Rachel (to Ross) | Joey (To Rachel) | RICHARD | Chandler and Joey | THE GUYS | Rachel (coming out with a top and a skirt in her hands)	Chandler	Joey	False		Speaker agrees with available community-transcript mapping.	oh my	Joey	Joey	present	char_tracker_stage05	joey	present	1.0		high	
3	122	250.89	252.17	Would you look at that?	Joey	high	community_transcript_match	1.0	dialogue	False	True	Joey | Ross | Phoebe | Chandler | Monica | ALL | Rachel | Rachel's sister on the machine | Rachel (to Ross) | Joey (To Rachel) | RICHARD | Chandler and Joey | THE GUYS | Rachel (coming out with a top and a skirt in her hands)	Joey	Phoebe	False		Speaker agrees with available community-transcript mapping.	Oh my, would you look at that! (holds up cRossed fingers)	Joey	Joey	present	char_tracker_stage05	joey	present	0.6667		high	
3	123	256.57	257.33	Hi, it's me.	Phoebe	high	community_transcript_match	1.0	dialogue	False	True	Joey | Ross | Phoebe | Chandler | Monica | ALL | Rachel | Rachel's sister on the machine | Rachel (to Ross) | Joey (To Rachel) | RICHARD | Chandler and Joey | THE GUYS | Rachel (coming out with a top and a skirt in her hands)	Joey	Phoebe	True	speaker_no_face	Speaker agrees with available community-transcript mapping.	hi it's me	Phoebe	Phoebe	absent	char_tracker_stage05		absent	0.0		medium	speaker_no_face
3	124	257.33	258.33	I'm coming over now.	Phoebe	high	community_transcript_match	1.0	dialogue	False	True	Joey | Ross | Phoebe | Chandler | Monica | ALL | Rachel | Rachel's sister on the machine | Rachel (to Ross) | Joey (To Rachel) | RICHARD | Chandler and Joey | THE GUYS | Rachel (coming out with a top and a skirt in her hands)	Phoebe	Phoebe	True	speaker_no_face	Speaker agrees with available community-transcript mapping.	"""Hi, it's me, I'm coming over now"	Phoebe	Phoebe	absent	char_tracker_stage05		absent	0.0		medium	speaker_no_face
3	125	258.53	261.09	Hey, what if I'm already there when you're playing this message?	Phoebe	high	community_transcript_match	1.0	dialogue	False	True	Joey | Ross | Phoebe | Chandler | Monica | ALL | Rachel | Rachel's sister on the machine | Rachel (to Ross) | Joey (To Rachel) | RICHARD | Chandler and Joey | THE GUYS | Rachel (coming out with a top and a skirt in her hands)	Phoebe	Phoebe	False		Speaker agrees with available community-transcript mapping.	"(on Machine) ""Hi, it's me, I'm coming over now. Hey, what if I'm already there when you're playing this message?"" (to the guys) Is that too spooky?"	Phoebe	Phoebe	present	char_tracker_stage05	phoebe	present	0.75		high	
3	126	261.17	262.53	Is that too spooky?	Phoebe	high	community_transcript_match	1.0	dialogue	False	True	Joey | Ross | Phoebe | Chandler | Monica | ALL | Rachel | Rachel's sister on the machine | Rachel (to Ross) | Joey (To Rachel) | RICHARD | Chandler and Joey | THE GUYS | Rachel (coming out with a top and a skirt in her hands)	Phoebe	Ross	False		Speaker agrees with available community-transcript mapping.	""" Is that too spooky"	Phoebe	Phoebe	present	char_tracker_stage05	phoebe	present	1.0		high	
3	127	265.01	266.09	Hi, Rach, are you there?	Ross	high	community_transcript_match	1.0	dialogue	False	True	Joey | Ross | Phoebe | Chandler | Monica | ALL | Rachel | Rachel's sister on the machine | Rachel (to Ross) | Joey (To Rachel) | RICHARD | Chandler and Joey | THE GUYS | Rachel (coming out with a top and a skirt in her hands)	Phoebe	Ross	True	speaker_no_face	Speaker agrees with available community-transcript mapping.	"(on Machine) ""Hi Rach, are you there? It's me, pick up. Rachel. Rach!"""	Ross	Ross	absent	char_tracker_stage05		absent	0.0		medium	speaker_no_face
3	128	266.09	266.69	It's me.	Ross	high	community_transcript_match	1.0	dialogue	False	True	Joey | Ross | Phoebe | Chandler | Monica | ALL | Rachel | Rachel's sister on the machine | Rachel (to Ross) | Joey (To Rachel) | RICHARD | Chandler and Joey | THE GUYS | Rachel (coming out with a top and a skirt in her hands)	Ross	Ross	True	speaker_no_face	Speaker agrees with available community-transcript mapping.	It's me, pick up	Ross	Ross	absent	char_tracker_stage05		absent	0.0		medium	speaker_no_face
3	129	266.69	268.69	Pick up, Rachel.	Ross	high	community_transcript_match	1.0	dialogue	False	True	Joey | Ross | Phoebe | Chandler | Monica | ALL | Rachel | Rachel's sister on the machine | Rachel (to Ross) | Joey (To Rachel) | RICHARD | Chandler and Joey | THE GUYS | Rachel (coming out with a top and a skirt in her hands)	Ross	Ross	True	speaker_no_face	Speaker agrees with available community-transcript mapping.	Rachel	Ross	Ross	absent	char_tracker_stage05		absent	0.0		medium	speaker_no_face
3	130	269.57	270.13	Rach.	Ross	high	community_transcript_match	1.0	dialogue	False	True	Joey | Ross | Phoebe | Chandler | Monica | ALL | Rachel | Rachel's sister on the machine | Rachel (to Ross) | Joey (To Rachel) | RICHARD | Chandler and Joey | THE GUYS | Rachel (coming out with a top and a skirt in her hands)	Ross	Rachel	True	speaker_no_face	Speaker agrees with available community-transcript mapping.	Rach	Ross	Ross	absent	char_tracker_stage05		absent	0.0		medium	speaker_no_face
3	131	270.45	270.85	What?	Rachel	high	community_transcript_match	1.0	dialogue	False	True	Joey | Ross | Phoebe | Chandler | Monica | ALL | Rachel | Rachel's sister on the machine | Rachel (to Ross) | Joey (To Rachel) | RICHARD | Chandler and Joey | THE GUYS | Rachel (coming out with a top and a skirt in her hands)	Ross	Ross	True	speaker_no_face	Speaker agrees with available community-transcript mapping.	(entering from her bedroom) What?!	Rachel	Rachel	absent	char_tracker_stage05		absent	0.0		medium	speaker_no_face
3	132	273.25	273.89	Never mind.	Ross	high	community_transcript_match	1.0	dialogue	False	True	Joey | Ross | Phoebe | Chandler | Monica | ALL | Rachel | Rachel's sister on the machine | Rachel (to Ross) | Joey (To Rachel) | RICHARD | Chandler and Joey | THE GUYS | Rachel (coming out with a top and a skirt in her hands)	Rachel	Rachel's sister on the machine	False		Speaker agrees with available community-transcript mapping.	Nevermind.	Ross	Ross	present	char_tracker_stage05	ross	present	1.0		high	
3	133	275.65	277.09	Hi, Rach, it's your sister.	Rachel's sister on the machine	high	community_transcript_match	1.0	dialogue	False	True	Joey | Ross | Phoebe | Chandler | Monica | ALL | Rachel | Rachel's sister on the machine | Rachel (to Ross) | Joey (To Rachel) | RICHARD | Chandler and Joey | THE GUYS | Rachel (coming out with a top and a skirt in her hands)	Ross	Rachel's sister on the machine	False		Speaker agrees with available community-transcript mapping.	Hi, Rachel it's your sister	Rachel's sister on the machine	Rachel's sister on the machine	present	char_tracker_stage05	rachel|ross	unobserved			high	
3	134	277.33	279.45	Did you ever sleep with Donny Mazzio?	Rachel's sister on the machine	high	community_transcript_match	1.0	dialogue	False	True	Joey | Ross | Phoebe | Chandler | Monica | ALL | Rachel | Rachel's sister on the machine | Rachel (to Ross) | Joey (To Rachel) | RICHARD | Chandler and Joey | THE GUYS | Rachel (coming out with a top and a skirt in her hands)	Rachel's sister on the machine	Rachel's sister on the machine	False		Speaker agrees with available community-transcript mapping.	Did you ever sleep with Donnie Mazio	Rachel's sister on the machine	Rachel's sister on the machine	present	char_tracker_stage05	rachel|ross	unobserved			high	
3	135	279.45	282.21	Cause last night he kept shouting, two for two.	Rachel's sister on the machine	high	community_transcript_match	1.0	dialogue	False	True	Joey | Ross | Phoebe | Chandler | Monica | ALL | Rachel | Rachel's sister on the machine | Rachel (to Ross) | Joey (To Rachel) | RICHARD | Chandler and Joey | THE GUYS | Rachel (coming out with a top and a skirt in her hands)	Rachel's sister on the machine	Rachel (to Ross)	False		Speaker agrees with available community-transcript mapping.	Hi, Rachel it's your sister. Did you ever sleep with Donnie Mazio? Cause last night he kept on shouting 'Two for two'.	Rachel's sister on the machine	Rachel's sister on the machine	present	char_tracker_stage05	rachel|ross	unobserved			high	
3	136	284.85	289.17	All right, do you want me to get dressed, or do you want to hear a really long story about the Senior Hayride?	Rachel (to Ross)	high	community_transcript_match	1.0	dialogue	False	True	Joey | Ross | Phoebe | Chandler | Monica | ALL | Rachel | Rachel's sister on the machine | Rachel (to Ross) | Joey (To Rachel) | RICHARD | Chandler and Joey | THE GUYS | Rachel (coming out with a top and a skirt in her hands)	Rachel's sister on the machine	Joey (To Rachel)	False		Speaker agrees with available community-transcript mapping.	All right do you want me to get dressed or do you wanna hear a really long story about the Senior Hey Ride?	Rachel (to Ross)	Rachel (to Ross)	present	char_tracker_stage05	rachel	unobserved			high	
3	137	289.26	290.14	Are you only asking him?	Joey (To Rachel)	high	community_transcript_match	1.0	dialogue	False	True	Joey | Ross | Phoebe | Chandler | Monica | ALL | Rachel | Rachel's sister on the machine | Rachel (to Ross) | Joey (To Rachel) | RICHARD | Chandler and Joey | THE GUYS | Rachel (coming out with a top and a skirt in her hands)	Rachel (to Ross)	Joey (To Rachel)	False		Speaker agrees with available community-transcript mapping.	Are you only asking him? Cause I...	Joey (To Rachel)	Joey (To Rachel)	present	char_tracker_stage05	chandler|joey|rachel	unobserved			high	
3	138	290.14	298.06	Cause I. Monica, it's Richard.	Joey (To Rachel)	high	community_transcript_match	1.0	dialogue	False	True	Joey | Ross | Phoebe | Chandler | Monica | ALL | Rachel | Rachel's sister on the machine | Rachel (to Ross) | Joey (To Rachel) | RICHARD | Chandler and Joey | THE GUYS | Rachel (coming out with a top and a skirt in her hands)	Joey (To Rachel)	RICHARD	False		Speaker agrees with available community-transcript mapping.	Cause I	Joey (To Rachel)	Joey (To Rachel)	partial	char_tracker_stage05		unobserved			high	
3	139	298.3	298.94	Call me.	RICHARD	high	community_transcript_match	1.0	dialogue	False	True	Joey | Ross | Phoebe | Chandler | Monica | ALL | Rachel | Rachel's sister on the machine | Rachel (to Ross) | Joey (To Rachel) | RICHARD | Chandler and Joey | THE GUYS | Rachel (coming out with a top and a skirt in her hands)	Joey (To Rachel)	Monica	False		Speaker agrees with available community-transcript mapping.	"(on Machine) ""Monica, it's Richard. Call me."""	RICHARD	RICHARD	absent	char_tracker_stage05		unobserved			high	
3	140	303.02	303.34	Is.	Monica	medium	visual_disambiguation	0.74	dialogue	True	False	Joey | Ross | Phoebe | Chandler | Monica | ALL | Rachel | Rachel's sister on the machine | Rachel (to Ross) | Joey (To Rachel) | RICHARD | Chandler and Joey | THE GUYS | Rachel (coming out with a top and a skirt in her hands)	RICHARD	Monica	False		Only one of the two text-context candidates was visually present in the window.				present	char_tracker_stage05	monica	present			medium	
3	141	303.34	304.78	Is that message old or new?	Monica	high	community_transcript_match	1.0	dialogue	False	True	Joey | Ross | Phoebe | Chandler | Monica | ALL | Rachel | Rachel's sister on the machine | Rachel (to Ross) | Joey (To Rachel) | RICHARD | Chandler and Joey | THE GUYS | Rachel (coming out with a top and a skirt in her hands)	Monica	Monica	False		Speaker agrees with available community-transcript mapping.	Is-is-is that message old or new? (yelling) Old or new?! Old or new?!	Monica	Monica	present	char_tracker_stage05	monica	present	1.0		high	
3	142	305.82	306.62	Old or new?	Monica	high	community_transcript_match	1.0	dialogue	False	True	Joey | Ross | Phoebe | Chandler | Monica | ALL | Rachel | Rachel's sister on the machine | Rachel (to Ross) | Joey (To Rachel) | RICHARD | Chandler and Joey | THE GUYS | Rachel (coming out with a top and a skirt in her hands)	Monica	Monica	False		Speaker agrees with available community-transcript mapping.	Old or new	Monica	Monica	present	char_tracker_stage05	monica	present	1.0		high	
3	143	306.62	307.34	Old or new?	Monica	high	community_transcript_match	1.0	dialogue	False	True	Joey | Ross | Phoebe | Chandler | Monica | ALL | Rachel | Rachel's sister on the machine | Rachel (to Ross) | Joey (To Rachel) | RICHARD | Chandler and Joey | THE GUYS | Rachel (coming out with a top and a skirt in her hands)	Monica	Ross	False		Speaker agrees with available community-transcript mapping.	Old or new	Monica	Monica	present	char_tracker_stage05	monica	present	0.5		high	
3	144	307.9	308.54	It's old.	Ross	high	community_transcript_match	1.0	dialogue	False	True	Joey | Ross | Phoebe | Chandler | Monica | ALL | Rachel | Rachel's sister on the machine | Rachel (to Ross) | Joey (To Rachel) | RICHARD | Chandler and Joey | THE GUYS | Rachel (coming out with a top and a skirt in her hands)	Monica	Ross	True	speaker_no_face	Speaker agrees with available community-transcript mapping.	it's old	Ross	Ross	absent	char_tracker_stage05		absent	0.0		medium	speaker_no_face
3	145	308.54	309.5	It's definitely old.	Ross	high	community_transcript_match	1.0	dialogue	False	True	Joey | Ross | Phoebe | Chandler | Monica | ALL | Rachel | Rachel's sister on the machine | Rachel (to Ross) | Joey (To Rachel) | RICHARD | Chandler and Joey | THE GUYS | Rachel (coming out with a top and a skirt in her hands)	Ross	Ross	True	speaker_no_face	Speaker agrees with available community-transcript mapping.	It's old, it's definitely old	Ross	Ross	absent	char_tracker_stage05		absent	0.0		medium	speaker_no_face
3	146	309.5	310.86	Didn't you hear the double beep?	Ross	high	community_transcript_match	1.0	dialogue	False	True	Joey | Ross | Phoebe | Chandler | Monica | ALL | Rachel | Rachel's sister on the machine | Rachel (to Ross) | Joey (To Rachel) | RICHARD | Chandler and Joey | THE GUYS | Rachel (coming out with a top and a skirt in her hands)	Ross	Monica	True	speaker_offscreen	Speaker agrees with available community-transcript mapping.	It's old, it's definitely old. Didn't you hear the, the double beep?	Ross	Ross	present	char_tracker_stage05	monica	absent	0.0		low	speaker_offscreen
3	147	310.86	311.82	Well, what if it's new?	Monica	high	community_transcript_match	1.0	dialogue	False	True	Joey | Ross | Phoebe | Chandler | Monica | ALL | Rachel | Rachel's sister on the machine | Rachel (to Ross) | Joey (To Rachel) | RICHARD | Chandler and Joey | THE GUYS | Rachel (coming out with a top and a skirt in her hands)	Ross	Monica	False		Speaker agrees with available community-transcript mapping.	What if it's new	Monica	Monica	present	char_tracker_stage05	monica	present	1.0		high	
3	148	312.14	313.5	I mean, we agreed not to talk.	Monica	high	community_transcript_match	1.0	dialogue	False	True	Joey | Ross | Phoebe | Chandler | Monica | ALL | Rachel | Rachel's sister on the machine | Rachel (to Ross) | Joey (To Rachel) | RICHARD | Chandler and Joey | THE GUYS | Rachel (coming out with a top and a skirt in her hands)	Monica	Monica	False		Speaker agrees with available community-transcript mapping.	What if it's new? I mean, we agreed not to talk again, unless we had something really important to say. Shouldn't I call him back?	Monica	Monica	present	char_tracker_stage05	monica	present	1.0		high	
3	149	313.5	315.18	He could have something really important to say.	Monica	medium	visual_disambiguation	0.74	dialogue	True	False	Joey | Ross | Phoebe | Chandler | Monica | ALL | Rachel | Rachel's sister on the machine | Rachel (to Ross) | Joey (To Rachel) | RICHARD | Chandler and Joey | THE GUYS | Rachel (coming out with a top and a skirt in her hands)	Monica	Monica	False		Only one of the two text-context candidates was visually present in the window.				present	char_tracker_stage05	monica	present			medium	
3	150	315.34	316.38	Shouldn't I call him back?	Monica	medium	visual_disambiguation	0.74	dialogue	True	False	Joey | Ross | Phoebe | Chandler | Monica | ALL | Rachel | Rachel's sister on the machine | Rachel (to Ross) | Joey (To Rachel) | RICHARD | Chandler and Joey | THE GUYS | Rachel (coming out with a top and a skirt in her hands)	Monica	Chandler	False		Only one of the two text-context candidates was visually present in the window.				present	char_tracker_stage05	monica	present			medium	
3	151	316.38	317.66	Honey, you did call him back.	Chandler	high	community_transcript_match	1.0	dialogue	False	True	Joey | Ross | Phoebe | Chandler | Monica | ALL | Rachel | Rachel's sister on the machine | Rachel (to Ross) | Joey (To Rachel) | RICHARD | Chandler and Joey | THE GUYS | Rachel (coming out with a top and a skirt in her hands)	Monica	Chandler	True	speaker_offscreen	Speaker agrees with available community-transcript mapping.	Honey, you did call him back. 'Cause, it's, it's really old.	Chandler	Chandler	present	char_tracker_stage05	monica	absent	0.0		low	speaker_offscreen
3	152	317.66	318.14	Cause it's.	Chandler	high	community_transcript_match	1.0	dialogue	False	True	Joey | Ross | Phoebe | Chandler | Monica | ALL | Rachel | Rachel's sister on the machine | Rachel (to Ross) | Joey (To Rachel) | RICHARD | Chandler and Joey | THE GUYS | Rachel (coming out with a top and a skirt in her hands)	Chandler	Chandler	True	speaker_no_face	Speaker agrees with available community-transcript mapping.	'Cause, it's, it's really old	Chandler	Chandler	absent	char_tracker_stage05		absent	0.0		medium	speaker_no_face
3	153	318.14	318.86	It's really old.	Chandler	high	community_transcript_match	1.0	dialogue	False	True	Joey | Ross | Phoebe | Chandler | Monica | ALL | Rachel | Rachel's sister on the machine | Rachel (to Ross) | Joey (To Rachel) | RICHARD | Chandler and Joey | THE GUYS | Rachel (coming out with a top and a skirt in her hands)	Chandler	Ross	True	speaker_no_face	Speaker agrees with available community-transcript mapping.	'cause really old	Chandler	Chandler	absent	char_tracker_stage05		absent	0.0		medium	speaker_no_face
3	154	319.24	319.72	Yeah, see?	Ross	medium	short_turn_alternation	0.7	dialogue	True	False	Joey | Ross | Phoebe | Chandler | Monica | ALL | Rachel | Rachel's sister on the machine | Rachel (to Ross) | Joey (To Rachel) | RICHARD | Chandler and Joey | THE GUYS | Rachel (coming out with a top and a skirt in her hands)	Chandler	Ross	True	short_utterance_between_two_speakers | speaker_offscreen	Short utterance inferred from local turn alternation.				present	char_tracker_stage05	monica	absent			low	speaker_offscreen
3	155	319.72	320.12	Come on.	Ross	high	scene_context_bridge	0.88	dialogue	True	False	Joey | Ross | Phoebe | Chandler | Monica | ALL | Rachel | Rachel's sister on the machine | Rachel (to Ross) | Joey (To Rachel) | RICHARD | Chandler and Joey | THE GUYS | Rachel (coming out with a top and a skirt in her hands)	Ross	Ross	True	speaker_offscreen	Same speaker appears on both sides within the same scene.				present	char_tracker_stage05	monica	absent			low	speaker_offscreen
3	156	320.12	321.16	Listen, listen.	Ross	high	community_transcript_match	1.0	dialogue	False	True	Joey | Ross | Phoebe | Chandler | Monica | ALL | Rachel | Rachel's sister on the machine | Rachel (to Ross) | Joey (To Rachel) | RICHARD | Chandler and Joey | THE GUYS | Rachel (coming out with a top and a skirt in her hands)	Ross	Ross	True	speaker_offscreen	Speaker agrees with available community-transcript mapping.	Yeah, see Mon, listen, listen	Ross	Ross	present	char_tracker_stage05	monica	absent	0.0		low	speaker_offscreen
3	157	321.64	325.28	When Carol and I broke up, I went through the same thing.	Ross	high	community_transcript_match	1.0	dialogue	False	True	Joey | Ross | Phoebe | Chandler | Monica | ALL | Rachel | Rachel's sister on the machine | Rachel (to Ross) | Joey (To Rachel) | RICHARD | Chandler and Joey | THE GUYS | Rachel (coming out with a top and a skirt in her hands)	Ross	Ross	True	speaker_offscreen	Speaker agrees with available community-transcript mapping.	Yeah, see Mon, listen, listen. When Carol and I broke up, I went through the same thing. And you know what I did?	Ross	Ross	present	char_tracker_stage05	monica	absent	0.2		low	speaker_offscreen
3	158	325.28	326.52	And you know what I did.	Ross	high	community_transcript_match	1.0	dialogue	False	True	Joey | Ross | Phoebe | Chandler | Monica | ALL | Rachel | Rachel's sister on the machine | Rachel (to Ross) | Joey (To Rachel) | RICHARD | Chandler and Joey | THE GUYS | Rachel (coming out with a top and a skirt in her hands)	Ross	Ross	False		Speaker agrees with available community-transcript mapping.	And you know what I did	Ross	Ross	present	char_tracker_stage05	monica|ross	present	1.0		high	
3	159	327.16	333.36	I got dressed really, really quickly.	Ross	high	community_transcript_match	1.0	dialogue	False	True	Joey | Ross | Phoebe | Chandler | Monica | ALL | Rachel | Rachel's sister on the machine | Rachel (to Ross) | Joey (To Rachel) | RICHARD | Chandler and Joey | THE GUYS | Rachel (coming out with a top and a skirt in her hands)	Ross	Ross	False		Speaker agrees with available community-transcript mapping.	I.....got.....dressed. Really, really quickly. Okay, okay. (Rachel starts to follow Monica into her room, but Ross stops her and sends her back to her room.) There we go, there we go.	Ross	Ross	present	char_tracker_stage05	monica|ross	present	0.7143		high	
3	160	333.36	333.96	Okay.	Ross	high	community_transcript_match	1.0	dialogue	False	True	Joey | Ross | Phoebe | Chandler | Monica | ALL | Rachel | Rachel's sister on the machine | Rachel (to Ross) | Joey (To Rachel) | RICHARD | Chandler and Joey | THE GUYS | Rachel (coming out with a top and a skirt in her hands)	Ross	Ross	True	speaker_no_face	Speaker agrees with available community-transcript mapping.	Okay, okay	Ross	Ross	absent	char_tracker_stage05		absent	0.0		medium	speaker_no_face
3	161	334.04	334.68	Okay.	Ross	high	community_transcript_match	1.0	dialogue	False	True	Joey | Ross | Phoebe | Chandler | Monica | ALL | Rachel | Rachel's sister on the machine | Rachel (to Ross) | Joey (To Rachel) | RICHARD | Chandler and Joey | THE GUYS | Rachel (coming out with a top and a skirt in her hands)	Ross	Chandler	True	speaker_no_face	Speaker agrees with available community-transcript mapping.	okay	Ross	Ross	absent	char_tracker_stage05		absent	0.0		medium	speaker_no_face
3	162	334.919	335.6	There we go.	Chandler	low	scene_context_inference	0.58	dialogue	True	False	Joey | Ross | Phoebe | Chandler | Monica | ALL | Rachel | Rachel's sister on the machine | Rachel (to Ross) | Joey (To Rachel) | RICHARD | Chandler and Joey | THE GUYS | Rachel (coming out with a top and a skirt in her hands)	Ross	Chandler	True	two_sided_context_ambiguous | speaker_no_face	No direct transcript match; weak local context only.				absent	char_tracker_stage05		absent			low	speaker_no_face
3	163	335.6	336.28	There we go.	Chandler	high	scene_context_bridge	0.88	dialogue	True	False	Joey | Ross | Phoebe | Chandler | Monica | ALL | Rachel | Rachel's sister on the machine | Rachel (to Ross) | Joey (To Rachel) | RICHARD | Chandler and Joey | THE GUYS | Rachel (coming out with a top and a skirt in her hands)	Chandler	Chandler	True	speaker_no_face	Same speaker appears on both sides within the same scene.				absent	char_tracker_stage05		absent			medium	speaker_no_face
3	164	337.48	338.04	You know what?	Chandler	high	scene_context_bridge	0.88	dialogue	True	False	Joey | Ross | Phoebe | Chandler | Monica | ALL | Rachel | Rachel's sister on the machine | Rachel (to Ross) | Joey (To Rachel) | RICHARD | Chandler and Joey | THE GUYS | Rachel (coming out with a top and a skirt in her hands)	Chandler	Chandler	True	speaker_no_face	Same speaker appears on both sides within the same scene.				absent	char_tracker_stage05		absent			medium	speaker_no_face
3	165	338.04	338.84	Okay, fine.	Chandler	high	scene_context_bridge	0.88	dialogue	True	False	Joey | Ross | Phoebe | Chandler | Monica | ALL | Rachel | Rachel's sister on the machine | Rachel (to Ross) | Joey (To Rachel) | RICHARD | Chandler and Joey | THE GUYS | Rachel (coming out with a top and a skirt in her hands)	Chandler	Chandler	True	speaker_no_face	Same speaker appears on both sides within the same scene.				absent	char_tracker_stage05		absent			medium	speaker_no_face
3	166	338.84	339.4	Don't get up.	Chandler	high	community_transcript_match	1.0	dialogue	False	True	Joey | Ross | Phoebe | Chandler | Monica | ALL | Rachel | Rachel's sister on the machine | Rachel (to Ross) | Joey (To Rachel) | RICHARD | Chandler and Joey | THE GUYS | Rachel (coming out with a top and a skirt in her hands)	Chandler	Chandler	True	speaker_offscreen	Speaker agrees with available community-transcript mapping.	don't get up	Chandler	Chandler	present	char_tracker_stage05	joey	absent	0.0		low	speaker_offscreen
3	167	339.4	340.32	You just sit right there.	Chandler	high	community_transcript_match	1.0	dialogue	False	True	Joey | Ross | Phoebe | Chandler | Monica | ALL | Rachel | Rachel's sister on the machine | Rachel (to Ross) | Joey (To Rachel) | RICHARD | Chandler and Joey | THE GUYS | Rachel (coming out with a top and a skirt in her hands)	Chandler	Chandler	True	speaker_offscreen	Speaker agrees with available community-transcript mapping.	Don't get up, you just sit right there	Chandler	Chandler	present	char_tracker_stage05	joey	absent	0.0		low	speaker_offscreen
3	168	340.32	343.08	I just hope you don't mind, you know, my hand right here.	Chandler	high	community_transcript_match	1.0	dialogue	False	True	Joey | Ross | Phoebe | Chandler | Monica | ALL | Rachel | Rachel's sister on the machine | Rachel (to Ross) | Joey (To Rachel) | RICHARD | Chandler and Joey | THE GUYS | Rachel (coming out with a top and a skirt in her hands)	Chandler	Chandler	True	speaker_offscreen	Speaker agrees with available community-transcript mapping.	You know what, okay, fine. Don't get up, you just sit right there. I just hope, you don't mind, you know, my hand right here. (holds his hand a couple of inches in front of Joey's face) Op, not touching, can't get mad! Not touching can't get mad! Not touching can't get mad! (Joey flings some dip onto Phoebe's dress)	Chandler	Chandler	present	char_tracker_stage05	joey	absent	0.25		low	speaker_offscreen
3	169	344.6	345.72	Oh, not touching.	Chandler	high	community_transcript_match	1.0	dialogue	False	True	Joey | Ross | Phoebe | Chandler | Monica | ALL | Rachel | Rachel's sister on the machine | Rachel (to Ross) | Joey (To Rachel) | RICHARD | Chandler and Joey | THE GUYS | Rachel (coming out with a top and a skirt in her hands)	Chandler	Chandler	False		Speaker agrees with available community-transcript mapping.	Op, not touching, can't get mad	Chandler	Chandler	present	char_tracker_stage05	chandler	present	1.0		high	
3	170	345.72	346.6	Can't get mad.	Chandler	high	community_transcript_match	1.0	dialogue	False	True	Joey | Ross | Phoebe | Chandler | Monica | ALL | Rachel | Rachel's sister on the machine | Rachel (to Ross) | Joey (To Rachel) | RICHARD | Chandler and Joey | THE GUYS | Rachel (coming out with a top and a skirt in her hands)	Chandler	Chandler	False		Speaker agrees with available community-transcript mapping.	Not touching can't get mad	Chandler	Chandler	present	char_tracker_stage05	chandler	present	1.0		high	
3	171	346.68	347.36	Not touching.	Chandler	high	community_transcript_match	1.0	dialogue	False	True	Joey | Ross | Phoebe | Chandler | Monica | ALL | Rachel | Rachel's sister on the machine | Rachel (to Ross) | Joey (To Rachel) | RICHARD | Chandler and Joey | THE GUYS | Rachel (coming out with a top and a skirt in her hands)	Chandler	Chandler	False		Speaker agrees with available community-transcript mapping.	Not touching can't get mad	Chandler	Chandler	present	char_tracker_stage05	chandler	present	1.0		high	
3	172	347.36	348.28	Can't get mad.	Chandler	high	community_transcript_match	1.0	dialogue	False	True	Joey | Ross | Phoebe | Chandler | Monica | ALL | Rachel | Rachel's sister on the machine | Rachel (to Ross) | Joey (To Rachel) | RICHARD | Chandler and Joey | THE GUYS | Rachel (coming out with a top and a skirt in her hands)	Chandler	Phoebe	False		Speaker agrees with available community-transcript mapping.	can't get mad	Chandler	Chandler	present	char_tracker_stage05	chandler	present	0.5		high	
3	173	348.36	349.08	Not touching.	Phoebe	medium	short_turn_alternation	0.7	dialogue	True	False	Joey | Ross | Phoebe | Chandler | Monica | ALL | Rachel | Rachel's sister on the machine | Rachel (to Ross) | Joey (To Rachel) | RICHARD | Chandler and Joey | THE GUYS | Rachel (coming out with a top and a skirt in her hands)	Chandler	Phoebe	True	short_utterance_between_two_speakers | speaker_no_face	Short utterance inferred from local turn alternation.				absent	char_tracker_stage05		absent			medium	speaker_no_face
3	174	349.16	350.04	Can't get mad.	Phoebe	high	scene_context_bridge	0.88	dialogue	True	False	Joey | Ross | Phoebe | Chandler | Monica | ALL | Rachel | Rachel's sister on the machine | Rachel (to Ross) | Joey (To Rachel) | RICHARD | Chandler and Joey | THE GUYS | Rachel (coming out with a top and a skirt in her hands)	Phoebe	Phoebe	True	speaker_offscreen	Same speaker appears on both sides within the same scene.				present	char_tracker_stage05	joey	absent			low	speaker_offscreen
3	175	350.78	351.1	Oh.	Phoebe	high	scene_context_bridge	0.88	reaction	True	False	Joey | Ross | Phoebe | Chandler | Monica | ALL | Rachel | Rachel's sister on the machine | Rachel (to Ross) | Joey (To Rachel) | RICHARD | Chandler and Joey | THE GUYS | Rachel (coming out with a top and a skirt in her hands)	Phoebe	Phoebe	True	speaker_offscreen	Same speaker appears on both sides within the same scene.				present	char_tracker_stage05	joey	absent			low	speaker_offscreen
3	176	351.58	352.78	Oh, my God.	Phoebe	high	community_transcript_match	1.0	dialogue	False	True	Joey | Ross | Phoebe | Chandler | Monica | ALL | Rachel | Rachel's sister on the machine | Rachel (to Ross) | Joey (To Rachel) | RICHARD | Chandler and Joey | THE GUYS | Rachel (coming out with a top and a skirt in her hands)	Phoebe	Phoebe	True	speaker_offscreen	Speaker agrees with available community-transcript mapping.	Oh my God	Phoebe	Phoebe	present	char_tracker_stage05	joey	absent	0.0		low	speaker_offscreen
3	177	352.78	354.62	You rotten boys.	Phoebe	high	community_transcript_match	1.0	dialogue	False	True	Joey | Ross | Phoebe | Chandler | Monica | ALL | Rachel | Rachel's sister on the machine | Rachel (to Ross) | Joey (To Rachel) | RICHARD | Chandler and Joey | THE GUYS | Rachel (coming out with a top and a skirt in her hands)	Phoebe	Chandler and Joey	False		Speaker agrees with available community-transcript mapping.	Ah! Oh my God! You r-r-rotten boys!	Phoebe	Phoebe	present	char_tracker_stage05	phoebe	present	0.6667		high	
3	178	356.06	356.86	Sorry, Petey.	Chandler and Joey	medium	short_turn_alternation	0.7	dialogue	True	False	Joey | Ross | Phoebe | Chandler | Monica | ALL | Rachel | Rachel's sister on the machine | Rachel (to Ross) | Joey (To Rachel) | RICHARD | Chandler and Joey | THE GUYS | Rachel (coming out with a top and a skirt in her hands)	Phoebe	Chandler and Joey	True	short_utterance_between_two_speakers	Short utterance inferred from local turn alternation.				present	char_tracker_stage05	joey	unobserved			medium	
3	179	356.86	357.34	Sorry, Petey.	Chandler and Joey	high	community_transcript_match	1.0	dialogue	False	True	Joey | Ross | Phoebe | Chandler | Monica | ALL | Rachel | Rachel's sister on the machine | Rachel (to Ross) | Joey (To Rachel) | RICHARD | Chandler and Joey | THE GUYS | Rachel (coming out with a top and a skirt in her hands)	Chandler and Joey	Joey	False		Speaker agrees with available community-transcript mapping.	Sorry Phoebe.	Chandler and Joey	Chandler and Joey	present	char_tracker_stage05	joey	unobserved			high	
3	180	357.34	357.58	Sorry.	Joey	high	community_transcript_match	1.0	dialogue	False	True	Joey | Ross | Phoebe | Chandler | Monica | ALL | Rachel | Rachel's sister on the machine | Rachel (to Ross) | Joey (To Rachel) | RICHARD | Chandler and Joey | THE GUYS | Rachel (coming out with a top and a skirt in her hands)	Chandler and Joey	Phoebe	False		Speaker agrees with available community-transcript mapping.	I'm so sorry.	Joey	Joey	present	char_tracker_stage05	joey	present	1.0		high	
3	181	357.58	358.3	What am I gonna do?	Phoebe	high	community_transcript_match	1.0	dialogue	False	True	Joey | Ross | Phoebe | Chandler | Monica | ALL | Rachel | Rachel's sister on the machine | Rachel (to Ross) | Joey (To Rachel) | RICHARD | Chandler and Joey | THE GUYS | Rachel (coming out with a top and a skirt in her hands)	Joey	Ross	True	speaker_offscreen	Speaker agrees with available community-transcript mapping.	What am I gonna do?	Phoebe	Phoebe	present	char_tracker_stage05	joey	absent	0.0		low	speaker_offscreen
3	182	358.3	358.94	No, no, don't.	Ross	low	scene_context_inference	0.58	dialogue	True	False	Joey | Ross | Phoebe | Chandler | Monica | ALL | Rachel | Rachel's sister on the machine | Rachel (to Ross) | Joey (To Rachel) | RICHARD | Chandler and Joey | THE GUYS | Rachel (coming out with a top and a skirt in her hands)	Phoebe	Ross	True	two_sided_context_ambiguous | speaker_offscreen	No direct transcript match; weak local context only.				present	char_tracker_stage05	joey	absent			low	speaker_offscreen
3	183	358.94	359.42	Don't rub it.	Ross	high	scene_context_bridge	0.88	dialogue	True	False	Joey | Ross | Phoebe | Chandler | Monica | ALL | Rachel | Rachel's sister on the machine | Rachel (to Ross) | Joey (To Rachel) | RICHARD | Chandler and Joey | THE GUYS | Rachel (coming out with a top and a skirt in her hands)	Ross	Ross	True	speaker_offscreen	Same speaker appears on both sides within the same scene.				present	char_tracker_stage05	joey	absent			low	speaker_offscreen
3	184	359.42	359.7	Don't.	Ross	high	scene_context_bridge	0.88	dialogue	True	False	Joey | Ross | Phoebe | Chandler | Monica | ALL | Rachel | Rachel's sister on the machine | Rachel (to Ross) | Joey (To Rachel) | RICHARD | Chandler and Joey | THE GUYS | Rachel (coming out with a top and a skirt in her hands)	Ross	Ross	True	speaker_no_face	Same speaker appears on both sides within the same scene.				absent	char_tracker_stage05		absent			medium	speaker_no_face
3	185	359.7	360.82	What gets out hummus?	Ross	high	community_transcript_match	1.0	dialogue	False	True	Joey | Ross | Phoebe | Chandler | Monica | ALL | Rachel | Rachel's sister on the machine | Rachel (to Ross) | Joey (To Rachel) | RICHARD | Chandler and Joey | THE GUYS | Rachel (coming out with a top and a skirt in her hands)	Ross	Ross	True	speaker_no_face	Speaker agrees with available community-transcript mapping.	no no don't don't rub it don't what gets out hummus	Ross	Ross	absent	char_tracker_stage05		absent	0.0		medium	speaker_no_face
3	186	360.82	361.98	What gets out hummus?	Ross	high	community_transcript_match	1.0	dialogue	False	True	Joey | Ross | Phoebe | Chandler | Monica | ALL | Rachel | Rachel's sister on the machine | Rachel (to Ross) | Joey (To Rachel) | RICHARD | Chandler and Joey | THE GUYS | Rachel (coming out with a top and a skirt in her hands)	Ross	Phoebe	True	speaker_no_face	Speaker agrees with available community-transcript mapping.	No, no, don't, don't, rub it! Don't! (clapping) What gets out hummus?! What gets out hummus?!	Ross	Ross	absent	char_tracker_stage05		absent	0.0		medium	speaker_no_face
3	187	362.78	363.34	Monica?	Phoebe	high	community_transcript_match	1.0	dialogue	False	True	Joey | Ross | Phoebe | Chandler | Monica | ALL | Rachel | Rachel's sister on the machine | Rachel (to Ross) | Joey (To Rachel) | RICHARD | Chandler and Joey | THE GUYS | Rachel (coming out with a top and a skirt in her hands)	Ross	Phoebe	True	speaker_no_face	Speaker agrees with available community-transcript mapping.	monica	Phoebe	Phoebe	absent	char_tracker_stage05		absent	0.0		medium	speaker_no_face
3	188	363.34	363.74	Monica.	Phoebe	high	community_transcript_match	1.0	dialogue	False	True	Joey | Ross | Phoebe | Chandler | Monica | ALL | Rachel | Rachel's sister on the machine | Rachel (to Ross) | Joey (To Rachel) | RICHARD | Chandler and Joey | THE GUYS | Rachel (coming out with a top and a skirt in her hands)	Phoebe	Phoebe	True	speaker_no_face	Speaker agrees with available community-transcript mapping.	monica monica	Phoebe	Phoebe	absent	char_tracker_stage05		absent	0.0		medium	speaker_no_face
3	189	363.74	365.1	You know what gets out hummus?	Phoebe	high	community_transcript_match	1.0	dialogue	False	True	Joey | Ross | Phoebe | Chandler | Monica | ALL | Rachel | Rachel's sister on the machine | Rachel (to Ross) | Joey (To Rachel) | RICHARD | Chandler and Joey | THE GUYS | Rachel (coming out with a top and a skirt in her hands)	Phoebe	Monica	True	speaker_offscreen	Speaker agrees with available community-transcript mapping.	Monica, Monica, you know what gets out hummus.	Phoebe	Phoebe	present	char_tracker_stage05	monica|ross	absent	0.0		low	speaker_offscreen
3	190	365.82	368.38	If it is a new message, what is he calling to say?	Monica	high	community_transcript_match	1.0	dialogue	False	True	Joey | Ross | Phoebe | Chandler | Monica | ALL | Rachel | Rachel's sister on the machine | Rachel (to Ross) | Joey (To Rachel) | RICHARD | Chandler and Joey | THE GUYS | Rachel (coming out with a top and a skirt in her hands)	Phoebe	Phoebe	False		Speaker agrees with available community-transcript mapping.	If it is a new message, what is he calling to say?	Monica	Monica	present	char_tracker_stage05	monica|ross	present	1.0		high	
3	191	370.22	371.06	Okay, thanks.	Phoebe	high	community_transcript_match	1.0	dialogue	False	True	Joey | Ross | Phoebe | Chandler | Monica | ALL | Rachel | Rachel's sister on the machine | Rachel (to Ross) | Joey (To Rachel) | RICHARD | Chandler and Joey | THE GUYS | Rachel (coming out with a top and a skirt in her hands)	Monica	Phoebe	False		Speaker agrees with available community-transcript mapping.	Okay, thanks	Phoebe	Phoebe	present	char_tracker_stage05	phoebe	present	1.0		high	
3	192	371.06	371.9	Yeah, I'll try that.	Phoebe	high	community_transcript_match	1.0	dialogue	False	True	Joey | Ross | Phoebe | Chandler | Monica | ALL | Rachel | Rachel's sister on the machine | Rachel (to Ross) | Joey (To Rachel) | RICHARD | Chandler and Joey | THE GUYS | Rachel (coming out with a top and a skirt in her hands)	Phoebe	Chandler	False		Speaker agrees with available community-transcript mapping.	Okay, thanks. Yeah, I'll try that.	Phoebe	Phoebe	present	char_tracker_stage05	phoebe	present	1.0		high	
3	193	373.9	376.14	Maybe he's calling to say you're obsessive and crazy.	Chandler	high	community_transcript_match	1.0	dialogue	False	True	Joey | Ross | Phoebe | Chandler | Monica | ALL | Rachel | Rachel's sister on the machine | Rachel (to Ross) | Joey (To Rachel) | RICHARD | Chandler and Joey | THE GUYS | Rachel (coming out with a top and a skirt in her hands)	Phoebe	Monica	True	speaker_offscreen	Speaker agrees with available community-transcript mapping.	Maybe he's calling to say you're obsessive and crazy.	Chandler	Chandler	present	char_tracker_stage05	joey	absent	0.0		low	speaker_offscreen
3	194	376.43	377.55	So should I call him back?	Monica	high	community_transcript_match	1.0	dialogue	False	True	Joey | Ross | Phoebe | Chandler | Monica | ALL | Rachel | Rachel's sister on the machine | Rachel (to Ross) | Joey (To Rachel) | RICHARD | Chandler and Joey | THE GUYS | Rachel (coming out with a top and a skirt in her hands)	Chandler	THE GUYS	False		Speaker agrees with available community-transcript mapping.	So, should I call him back?	Monica	Monica	present	char_tracker_stage05	joey|monica|ross	present	1.0		high	
3	195	378.03	378.43	No.	THE GUYS	high	community_transcript_match	1.0	dialogue	False	True	Joey | Ross | Phoebe | Chandler | Monica | ALL | Rachel | Rachel's sister on the machine | Rachel (to Ross) | Joey (To Rachel) | RICHARD | Chandler and Joey | THE GUYS | Rachel (coming out with a top and a skirt in her hands)	Monica	THE GUYS	False		Speaker agrees with available community-transcript mapping.	Noo	THE GUYS	THE GUYS	absent	char_tracker_stage05		unobserved			high	
3	196	380.19	380.59	No.	THE GUYS	high	community_transcript_match	1.0	dialogue	False	True	Joey | Ross | Phoebe | Chandler | Monica | ALL | Rachel | Rachel's sister on the machine | Rachel (to Ross) | Joey (To Rachel) | RICHARD | Chandler and Joey | THE GUYS | Rachel (coming out with a top and a skirt in her hands)	THE GUYS	Rachel (coming out with a top and a skirt in her hands)	False		Speaker agrees with available community-transcript mapping.	Noo! (Monica starts to go back into her room and stops) NO!	THE GUYS	THE GUYS	absent	char_tracker_stage05		unobserved			high	
3	197	382.75	383.39	Okay.	Rachel (coming out with a top and a skirt in her hands)	medium	short_turn_alternation	0.7	dialogue	True	False	Joey | Ross | Phoebe | Chandler | Monica | ALL | Rachel | Rachel's sister on the machine | Rachel (to Ross) | Joey (To Rachel) | RICHARD | Chandler and Joey | THE GUYS | Rachel (coming out with a top and a skirt in her hands)	THE GUYS	Rachel (coming out with a top and a skirt in her hands)	True	short_utterance_between_two_speakers	Short utterance inferred from local turn alternation.				present	char_tracker_stage05	rachel	unobserved			medium	
3	198	383.87	384.67	Do these match?	Rachel (coming out with a top and a skirt in her hands)	high	community_transcript_match	1.0	dialogue	False	True	Joey | Ross | Phoebe | Chandler | Monica | ALL | Rachel | Rachel's sister on the machine | Rachel (to Ross) | Joey (To Rachel) | RICHARD | Chandler and Joey | THE GUYS | Rachel (coming out with a top and a skirt in her hands)	Rachel (coming out with a top and a skirt in her hands)	Ross	False		Speaker agrees with available community-transcript mapping.	Ok, do these match?	Rachel (coming out with a top and a skirt in her hands)	Rachel (coming out with a top and a skirt in her hands)	present	char_tracker_stage05	rachel	unobserved			high	
3	199	384.75	385.95	Yes, they definitely match.	Ross	high	community_transcript_match	1.0	dialogue	False	True	Joey | Ross | Phoebe | Chandler | Monica | ALL | Rachel | Rachel's sister on the machine | Rachel (to Ross) | Joey (To Rachel) | RICHARD | Chandler and Joey | THE GUYS | Rachel (coming out with a top and a skirt in her hands)	Rachel (coming out with a top and a skirt in her hands)	Joey	True	speaker_offscreen	Speaker agrees with available community-transcript mapping.	Yes they definately match.	Ross	Ross	present	char_tracker_stage05	rachel	absent	0.0		low	speaker_offscreen
3	200	386.03	386.91	They don't match.	Joey	high	community_transcript_match	1.0	dialogue	False	True	Joey | Ross | Phoebe | Chandler | Monica | ALL | Rachel | Rachel's sister on the machine | Rachel (to Ross) | Joey (To Rachel) | RICHARD | Chandler and Joey | THE GUYS | Rachel (coming out with a top and a skirt in her hands)	Ross		True	speaker_no_face	Speaker agrees with available community-transcript mapping.	They don't match.	Joey	Joey	absent	char_tracker_stage05		absent	0.0		medium	speaker_no_face
4	201	392.11	392.429	What?	Joey (to Ross)	high	community_transcript_match	1.0	dialogue	False	True	Joey (to Ross) | Chandler | Joey | Ross | Rachel | Phoebe | Monica		Joey (to Ross)	False		Speaker agrees with available community-transcript mapping.	What	Joey (to Ross)	Joey (to Ross)	absent	char_tracker_stage05		unobserved			high	
4	202	392.429	393.15	They didn't match.	Joey (to Ross)	high	community_transcript_match	1.0	dialogue	False	True	Joey (to Ross) | Chandler | Joey | Ross | Rachel | Phoebe | Monica	Joey (to Ross)	Chandler	False		Speaker agrees with available community-transcript mapping.	What? They didn't match!	Joey (to Ross)	Joey (to Ross)	absent	char_tracker_stage05		unobserved			high	
4	203	394.35	394.75	All right.	Chandler	medium	short_turn_alternation	0.7	dialogue	True	False	Joey (to Ross) | Chandler | Joey | Ross | Rachel | Phoebe | Monica	Joey (to Ross)	Chandler	True	short_utterance_between_two_speakers | speaker_no_face	Short utterance inferred from local turn alternation.				absent	char_tracker_stage05		absent			medium	speaker_no_face
4	204	394.75	395.03	Fine.	Chandler	high	scene_context_bridge	0.88	dialogue	True	False	Joey (to Ross) | Chandler | Joey | Ross | Rachel | Phoebe | Monica	Chandler	Chandler	True	speaker_no_face	Same speaker appears on both sides within the same scene.				absent	char_tracker_stage05		absent			medium	speaker_no_face
4	205	395.03	395.39	You know what?	Chandler	high	community_transcript_match	1.0	dialogue	False	True	Joey (to Ross) | Chandler | Joey | Ross | Rachel | Phoebe | Monica	Chandler	Chandler	True	speaker_no_face	Speaker agrees with available community-transcript mapping.	all right fine you know what i'm soooo comfortable	Chandler	Chandler	absent	char_tracker_stage05		absent	0.0		medium	speaker_no_face
4	206	395.39	396.39	We'll both sit in the chair.	Chandler	high	community_transcript_match	1.0	dialogue	False	True	Joey (to Ross) | Chandler | Joey | Ross | Rachel | Phoebe | Monica	Chandler	Chandler	True	speaker_no_face	Speaker agrees with available community-transcript mapping.	All right, fine, you know what, we'll both sit in the chair. (sits on Joey's lap) I'm soooo, comfortable.	Chandler	Chandler	absent	char_tracker_stage05		absent	0.0		medium	speaker_no_face
4	207	396.39	397.07	Fine with me.	Chandler	medium	visual_disambiguation	0.74	dialogue	True	False	Joey (to Ross) | Chandler | Joey | Ross | Rachel | Phoebe | Monica	Chandler	Chandler	False		Only one of the two text-context candidates was visually present in the window.				present	char_tracker_stage05	chandler	present			medium	
4	208	401.23	403.17	I'm so comfortable.	Chandler	medium	visual_disambiguation	0.74	dialogue	True	False	Joey (to Ross) | Chandler | Joey | Ross | Rachel | Phoebe | Monica	Chandler	Joey	False		Only one of the two text-context candidates was visually present in the window.				present	char_tracker_stage05	chandler	present			medium	
4	209	404.93	405.49	Me too.	Joey	high	community_transcript_match	1.0	dialogue	False	True	Joey (to Ross) | Chandler | Joey | Ross | Rachel | Phoebe | Monica	Chandler	Joey	True	speaker_offscreen	Speaker agrees with available community-transcript mapping.	Me too	Joey	Joey	present	char_tracker_stage05	chandler	absent	0.0		low	speaker_offscreen
4	210	406.29	410.09	In fact, I think I might be a little too comfortable.	Joey	high	community_transcript_match	1.0	dialogue	False	True	Joey (to Ross) | Chandler | Joey | Ross | Rachel | Phoebe | Monica	Joey	Chandler	True	speaker_offscreen	Speaker agrees with available community-transcript mapping.	Me too. In fact, I think I might be a little too comfortable.	Joey	Joey	present	char_tracker_stage05	chandler	absent	0.0		low	speaker_offscreen
4	211	410.09	415.85	All right, okay, look, we have 19 minutes, okay?	Chandler	high	community_transcript_match	1.0	dialogue	False	True	Joey (to Ross) | Chandler | Joey | Ross | Rachel | Phoebe | Monica	Joey	Ross	False		Speaker agrees with available community-transcript mapping.	All right! (jumps up)	Chandler	Chandler	present	char_tracker_stage05	chandler	present	0.8333		high	
4	212	415.85	417.89	Chandler, I want you to go and change, okay?	Ross	high	community_transcript_match	1.0	dialogue	False	True	Joey (to Ross) | Chandler | Joey | Ross | Rachel | Phoebe | Monica	Chandler	Ross	False		Speaker agrees with available community-transcript mapping.	okay look we have nineteen minutes okay chandler i want you to go and change okay okay okay	Ross	Ross	present	char_tracker_stage05	ross	present	1.0		high	
4	213	417.89	421.61	And then when you come back, Joey will go change and he'll have vacated the chair.	Ross	high	community_transcript_match	1.0	dialogue	False	True	Joey (to Ross) | Chandler | Joey | Ross | Rachel | Phoebe | Monica	Ross	Ross	False		Speaker agrees with available community-transcript mapping.	Okay, look, we have nineteen minutes. Okay, Chandler, I want you to go and change! Okay. And then, when you come back, Joey will go change, and he'll have vacated the chair. Okay. Okay.	Ross	Ross	present	char_tracker_stage05	ross	present	1.0		high	
4	214	421.61	422.21	Okay?	Ross	high	community_transcript_match	1.0	dialogue	False	True	Joey (to Ross) | Chandler | Joey | Ross | Rachel | Phoebe | Monica	Ross	Ross	False		Speaker agrees with available community-transcript mapping.	Okay	Ross	Ross	present	char_tracker_stage05	ross	present	0.5		high	
4	215	422.37	423.01	Okay.	Ross	high	community_transcript_match	1.0	dialogue	False	True	Joey (to Ross) | Chandler | Joey | Ross | Rachel | Phoebe | Monica	Ross	Chandler	True	speaker_no_face	Speaker agrees with available community-transcript mapping.	Okay	Ross	Ross	absent	char_tracker_stage05		absent	0.0		medium	speaker_no_face
4	216	423.01	424.45	All right, fine.	Chandler	high	community_transcript_match	1.0	dialogue	False	True	Joey (to Ross) | Chandler | Joey | Ross | Rachel | Phoebe | Monica	Ross	Chandler	True	speaker_no_face	Speaker agrees with available community-transcript mapping.	Fine	Chandler	Chandler	absent	char_tracker_stage05		absent	0.0		medium	speaker_no_face
4	217	424.45	425.09	I'm going.	Chandler	high	community_transcript_match	1.0	dialogue	False	True	Joey (to Ross) | Chandler | Joey | Ross | Rachel | Phoebe | Monica	Chandler	Chandler	True	speaker_no_face	Speaker agrees with available community-transcript mapping.	I'm going	Chandler	Chandler	absent	char_tracker_stage05		absent	0.0		medium	speaker_no_face
4	218	425.33	430.54	When I get back, it's Chair City and I'm the guy who's sitting in a chair.	Chandler	high	community_transcript_match	1.0	dialogue	False	True	Joey (to Ross) | Chandler | Joey | Ross | Rachel | Phoebe | Monica	Chandler	Rachel	False		Speaker agrees with available community-transcript mapping.	All right! Fine! I'm going. But when I get back it's chair sitting, and I'm the guy who's....sitting in a chair! (leaves)	Chandler	Chandler	present	char_tracker_stage05	chandler	present	0.5		high	
4	219	433.1	434.14	Is this a little too.	Rachel	high	community_transcript_match	1.0	dialogue	False	True	Joey (to Ross) | Chandler | Joey | Ross | Rachel | Phoebe | Monica	Chandler	Rachel	True	speaker_offscreen	Speaker agrees with available community-transcript mapping.	(entering from her room) Is this a little too... (sees Phoebe) Pheebs, what happened?	Rachel	Rachel	present	char_tracker_stage05	phoebe	absent	0.0		low	speaker_offscreen
4	220	434.94	435.66	Pheebs?	Rachel	high	community_transcript_match	1.0	dialogue	False	True	Joey (to Ross) | Chandler | Joey | Ross | Rachel | Phoebe | Monica	Rachel	Rachel	False		Speaker agrees with available community-transcript mapping.	Pheebs, what happened	Rachel	Rachel	present	char_tracker_stage05	rachel	present	0.5		high	
4	221	435.82	436.7	What happened?	Rachel	high	community_transcript_match	1.0	dialogue	False	True	Joey (to Ross) | Chandler | Joey | Ross | Rachel | Phoebe | Monica	Rachel	Phoebe	False		Speaker agrees with available community-transcript mapping.	what happened	Rachel	Rachel	present	char_tracker_stage05	phoebe|rachel	present	1.0		high	
4	222	436.86	437.42	Hummus.	Phoebe	high	community_transcript_match	1.0	dialogue	False	True	Joey (to Ross) | Chandler | Joey | Ross | Rachel | Phoebe | Monica	Rachel	Phoebe	False		Speaker agrees with available community-transcript mapping.	Hummus	Phoebe	Phoebe	present	char_tracker_stage05	phoebe|rachel	present	1.0		high	
4	223	437.42	438.38	I got the hummus.	Phoebe	high	community_transcript_match	1.0	dialogue	False	True	Joey (to Ross) | Chandler | Joey | Ross | Rachel | Phoebe | Monica	Phoebe	Rachel	False		Speaker agrees with available community-transcript mapping.	Hummus. I got the hummus.	Phoebe	Phoebe	present	char_tracker_stage05	phoebe	present	1.0		high	
4	224	438.46	440.14	Oh, honey.	Rachel	medium	short_turn_alternation	0.7	dialogue	True	False	Joey (to Ross) | Chandler | Joey | Ross | Rachel | Phoebe | Monica	Phoebe	Rachel	True	short_utterance_between_two_speakers | speaker_no_face	Short utterance inferred from local turn alternation.				partial	char_tracker_stage05		absent			medium	speaker_no_face
4	225	440.14	441.18	Well, we'll find you something.	Rachel	high	community_transcript_match	1.0	dialogue	False	True	Joey (to Ross) | Chandler | Joey | Ross | Rachel | Phoebe | Monica	Rachel	Rachel	False		Speaker agrees with available community-transcript mapping.	Ooooh! Honey, well we'll find you something. Do you wanna wear my black jacket?	Rachel	Rachel	present	char_tracker_stage05	rachel|ross	present	1.0		high	
4	226	441.18	442.54	Do you want to wear my black jacket?	Rachel	high	community_transcript_match	1.0	dialogue	False	True	Joey (to Ross) | Chandler | Joey | Ross | Rachel | Phoebe | Monica	Rachel	Phoebe	False		Speaker agrees with available community-transcript mapping.	Do you wanna wear my black jacket	Rachel	Rachel	present	char_tracker_stage05	rachel|ross	present	1.0		high	
4	227	442.62	444.26	That won't go with this dress, though.	Phoebe	high	community_transcript_match	1.0	dialogue	False	True	Joey (to Ross) | Chandler | Joey | Ross | Rachel | Phoebe | Monica	Rachel	Rachel	True	speaker_offscreen	Speaker agrees with available community-transcript mapping.	That won't go with this dress though.	Phoebe	Phoebe	present	char_tracker_stage05	rachel|ross	absent	0.0		low	speaker_offscreen
4	228	444.26	445.14	No, you're right.	Rachel	high	community_transcript_match	1.0	dialogue	False	True	Joey (to Ross) | Chandler | Joey | Ross | Rachel | Phoebe | Monica	Phoebe	Rachel	False		Speaker agrees with available community-transcript mapping.	No, you're right	Rachel	Rachel	present	char_tracker_stage05	rachel|ross	present	1.0		high	
4	229	445.14	445.98	Well, we'll find you something.	Rachel	high	community_transcript_match	1.0	dialogue	False	True	Joey (to Ross) | Chandler | Joey | Ross | Rachel | Phoebe | Monica	Rachel	Rachel	False		Speaker agrees with available community-transcript mapping.	Well, we'll find something	Rachel	Rachel	present	char_tracker_stage05	rachel|ross	present	1.0		high	
4	230	445.98	447.02	Let's just get you out of that.	Rachel	high	community_transcript_match	1.0	dialogue	False	True	Joey (to Ross) | Chandler | Joey | Ross | Rachel | Phoebe | Monica	Rachel	Rachel	False		Speaker agrees with available community-transcript mapping.	No, you're right. Well, we'll find something. Let's just get you out of that. Come on.	Rachel	Rachel	present	char_tracker_stage05	rachel|ross	present	1.0		high	
4	231	447.02	448.34	No, no, no, no, no, no.	Rachel	high	community_transcript_match	1.0	dialogue	False	True	Joey (to Ross) | Chandler | Joey | Ross | Rachel | Phoebe | Monica	Rachel	Ross	False		Speaker agrees with available community-transcript mapping.	no you're right well we'll find something come on	Rachel	Rachel	present	char_tracker_stage05	rachel|ross	present	1.0		high	
4	232	448.34	449.38	Not out of that.	Ross	high	community_transcript_match	1.0	dialogue	False	True	Joey (to Ross) | Chandler | Joey | Ross | Rachel | Phoebe | Monica	Rachel	Ross	False		Speaker agrees with available community-transcript mapping.	no no no no no no not out of that	Ross	Ross	present	char_tracker_stage05	rachel|ross	present	1.0		high	
4	233	449.38	450.78	Not out of clothes.	Ross	high	community_transcript_match	1.0	dialogue	False	True	Joey (to Ross) | Chandler | Joey | Ross | Rachel | Phoebe | Monica	Ross	Rachel	False		Speaker agrees with available community-transcript mapping.	No, no, no, no, no, no, not out of that, not out of clothes.	Ross	Ross	present	char_tracker_stage05	rachel|ross	present	0.5		high	
4	234	451.5	453.38	Monica, can Phoebe borrow your green dress?	Rachel	high	community_transcript_match	1.0	dialogue	False	True	Joey (to Ross) | Chandler | Joey | Ross | Rachel | Phoebe | Monica	Ross	Monica	True	speaker_no_face	Speaker agrees with available community-transcript mapping.	Monica, can Phoebe borrow your green dress?	Rachel	Rachel	partial	char_tracker_stage05		absent	0.3333		medium	speaker_no_face
4	235	453.38	454.06	I called him.	Monica	high	community_transcript_match	1.0	dialogue	False	True	Joey (to Ross) | Chandler | Joey | Ross | Rachel | Phoebe | Monica	Rachel	Monica	False		Speaker agrees with available community-transcript mapping.	I called him.	Monica	Monica	present	char_tracker_stage05	monica|phoebe|rachel|ross	present	0.5		high	
4	236	455.46	458.34	Yes, well, I got his machine and I left a message.	Monica	high	scene_context_bridge	0.88	dialogue	True	False	Joey (to Ross) | Chandler | Joey | Ross | Rachel | Phoebe | Monica	Monica	Monica	False		Same speaker appears on both sides within the same scene.				present	char_tracker_stage05	monica|phoebe|rachel|ross	present			high	
4	237	458.58	459.54	But it's okay.	Monica	high	scene_context_bridge	0.88	dialogue	True	False	Joey (to Ross) | Chandler | Joey | Ross | Rachel | Phoebe | Monica	Monica	Monica	False		Same speaker appears on both sides within the same scene.				present	char_tracker_stage05	monica	present			high	
4	238	459.62	460.14	It's okay.	Monica	high	scene_context_bridge	0.88	dialogue	True	False	Joey (to Ross) | Chandler | Joey | Ross | Rachel | Phoebe | Monica	Monica	Monica	False		Same speaker appears on both sides within the same scene.				present	char_tracker_stage05	monica	present			high	
4	239	460.14	460.54	It's okay.	Monica	high	scene_context_bridge	0.88	dialogue	True	False	Joey (to Ross) | Chandler | Joey | Ross | Rachel | Phoebe | Monica	Monica	Monica	False		Same speaker appears on both sides within the same scene.				present	char_tracker_stage05	monica	present			high	
4	240	460.54	463.54	Because, you know, it was like a casual, breezy message.	Monica	high	scene_context_bridge	0.88	dialogue	True	False	Joey (to Ross) | Chandler | Joey | Ross | Rachel | Phoebe | Monica	Monica	Monica	False		Same speaker appears on both sides within the same scene.				present	char_tracker_stage05	monica	present			high	
4	241	463.7	464.66	It was breezy.	Monica	high	scene_context_bridge	0.88	dialogue	True	False	Joey (to Ross) | Chandler | Joey | Ross | Rachel | Phoebe | Monica	Monica	Monica	False		Same speaker appears on both sides within the same scene.				present	char_tracker_stage05	monica	present			high	
4	242	465.7	466.22	Oh, God.	Monica	high	scene_context_bridge	0.88	dialogue	True	False	Joey (to Ross) | Chandler | Joey | Ross | Rachel | Phoebe | Monica	Monica	Monica	False		Same speaker appears on both sides within the same scene.				present	char_tracker_stage05	monica	present			high	
4	243	466.22	467.3	What if it wasn't breezy?	Monica	high	community_transcript_match	1.0	dialogue	False	True	Joey (to Ross) | Chandler | Joey | Ross | Rachel | Phoebe | Monica	Monica	Phoebe	False		Speaker agrees with available community-transcript mapping.	Yes. Well I got his Machine and I left a message. But it's okay, it's okay, it's okay, because you know it was like a casual, breezy message. It was breezy! Oh God, what if it wasn't breezy?	Monica	Monica	present	char_tracker_stage05	monica|phoebe|ross	present	1.0		high	
4	244	467.94	469.46	Well, how could it not be breezy?	Phoebe	high	community_transcript_match	1.0	dialogue	False	True	Joey (to Ross) | Chandler | Joey | Ross | Rachel | Phoebe | Monica	Monica	Phoebe	False		Speaker agrees with available community-transcript mapping.	Well, how could it not be breezy, no, 'cause, you're, you're in such a breezy place.	Phoebe	Phoebe	present	char_tracker_stage05	phoebe|ross	present	1.0		high	
4	245	469.46	469.7	No.	Phoebe	medium	visual_disambiguation	0.74	dialogue	True	False	Joey (to Ross) | Chandler | Joey | Ross | Rachel | Phoebe | Monica	Phoebe	Phoebe	False		Only one of the two text-context candidates was visually present in the window.				present	char_tracker_stage05	phoebe|ross	present			medium	
4	246	469.7	471.78	Cause you're in such a breezy place.	Phoebe	medium	visual_disambiguation	0.74	dialogue	True	False	Joey (to Ross) | Chandler | Joey | Ross | Rachel | Phoebe | Monica	Phoebe	Monica	False		Only one of the two text-context candidates was visually present in the window.				present	char_tracker_stage05	phoebe|ross	present			medium	
4	247	473.14	473.78	I got it.	Monica	high	community_transcript_match	1.0	dialogue	False	True	Joey (to Ross) | Chandler | Joey | Ross | Rachel | Phoebe | Monica	Phoebe	Monica	False		Speaker agrees with available community-transcript mapping.	Here, I got it	Monica	Monica	present	char_tracker_stage05	monica	present	1.0		high	
4	248	474.02	477.14	I will play my message for you guys and you can tell me if it's breezy enough.	Monica	high	community_transcript_match	1.0	dialogue	False	True	Joey (to Ross) | Chandler | Joey | Ross | Rachel | Phoebe | Monica	Monica	Joey	False		Speaker agrees with available community-transcript mapping.	Here, I got it. I'll will play my message for you guys, and you can tell me if it's breezy enough.	Monica	Monica	present	char_tracker_stage05	monica	present	1.0		high	
4	249	477.46	479.46	But, Monica, how are you gonna do that?	Joey	high	community_transcript_match	1.0	dialogue	False	True	Joey (to Ross) | Chandler | Joey | Ross | Rachel | Phoebe | Monica	Monica	Monica	True	speaker_offscreen	Speaker agrees with available community-transcript mapping.	Monica, how are you gonna do that?	Joey	Joey	present	char_tracker_stage05	monica	absent	0.0		low	speaker_offscreen
4	250	480.19	481.79	I know the code to his answering machine.	Monica	high	community_transcript_match	1.0	dialogue	False	True	Joey (to Ross) | Chandler | Joey | Ross | Rachel | Phoebe | Monica	Joey	Ross	False		Speaker agrees with available community-transcript mapping.	I know the code to his answering Machine.	Monica	Monica	present	char_tracker_stage05	monica	present	1.0		high	
4	251	482.91	485.55	Okay, Mom, I really don't think this is the.	Ross	high	community_transcript_match	1.0	dialogue	False	True	Joey (to Ross) | Chandler | Joey | Ross | Rachel | Phoebe | Monica	Monica	Ross	True	speaker_no_face	Speaker agrees with available community-transcript mapping.	Okay, Mon, I really don't think this is the... Okay, you're dialing, you are dialing.	Ross	Ross	absent	char_tracker_stage05		absent	0.0		medium	speaker_no_face
4	252	485.79	486.91	Okay, you're dialing.	Ross	high	community_transcript_match	1.0	dialogue	False	True	Joey (to Ross) | Chandler | Joey | Ross | Rachel | Phoebe | Monica	Ross	Ross	True	speaker_no_face	Speaker agrees with available community-transcript mapping.	Okay, you're dialing, you are dialing	Ross	Ross	absent	char_tracker_stage05		absent	0.0		medium	speaker_no_face
4	253	486.91	487.79	You are dialing.	Ross	high	community_transcript_match	1.0	dialogue	False	True	Joey (to Ross) | Chandler | Joey | Ross | Rachel | Phoebe | Monica	Ross		True	speaker_no_face	Speaker agrees with available community-transcript mapping.	you are dialing	Ross	Ross	absent	char_tracker_stage05		absent	0.0		medium	speaker_no_face
5	254	499.55	500.35	What's going on?	Chandler	high	community_transcript_match	1.0	dialogue	False	True	Chandler | Phoebe | Richard | Machine | Joey | Monica | Woman's Voice		Phoebe	False		Speaker agrees with available community-transcript mapping.	What's going on?	Chandler	Chandler	present	char_tracker_stage05	chandler|monica|phoebe	present	1.0		high	
5	255	500.51	502.51	Monica's beeping into Richard's machine.	Phoebe	high	community_transcript_match	1.0	dialogue	False	True	Chandler | Phoebe | Richard | Machine | Joey | Monica | Woman's Voice	Chandler	Chandler	False		Speaker agrees with available community-transcript mapping.	Monica's beeping into Richard's machine.	Phoebe	Phoebe	present	char_tracker_stage05	chandler|monica|phoebe	present	1.0		high	
5	256	502.51	503.55	Is she crazy?	Chandler	high	community_transcript_match	1.0	dialogue	False	True	Chandler | Phoebe | Richard | Machine | Joey | Monica | Woman's Voice	Phoebe	Phoebe	False		Speaker agrees with available community-transcript mapping.	Is she crazy?	Chandler	Chandler	present	char_tracker_stage05	chandler|monica|phoebe|rachel	present	1.0		high	
5	257	504.51	505.47	Like a straw.	Phoebe	high	community_transcript_match	1.0	dialogue	False	True	Chandler | Phoebe | Richard | Machine | Joey | Monica | Woman's Voice	Chandler	Phoebe	False		Speaker agrees with available community-transcript mapping.	like a straw	Phoebe	Phoebe	present	char_tracker_stage05	chandler|monica|phoebe|rachel	present	1.0		high	
5	258	507.18	507.5	Remember?	Phoebe	high	community_transcript_match	1.0	dialogue	False	True	Chandler | Phoebe | Richard | Machine | Joey | Monica | Woman's Voice	Phoebe	Phoebe	False		Speaker agrees with available community-transcript mapping.	like a straw remember	Phoebe	Phoebe	present	char_tracker_stage05	chandler|monica|phoebe|rachel	present	1.0		high	
5	259	507.5	508.62	Crazy straws.	Phoebe	high	community_transcript_match	1.0	dialogue	False	True	Chandler | Phoebe | Richard | Machine | Joey | Monica | Woman's Voice	Phoebe	Richard	False		Speaker agrees with available community-transcript mapping.	Like a straw? (Rachel and Chandler look confused) Remember crazy straws? (demonstrates them in the air with her hands)	Phoebe	Phoebe	present	char_tracker_stage05	chandler|monica|phoebe|rachel	present	1.0		high	
5	260	509.74	510.86	Hi, this is Richard.	Richard	high	community_transcript_match	1.0	dialogue	False	True	Chandler | Phoebe | Richard | Machine | Joey | Monica | Woman's Voice	Phoebe	Richard	False		Speaker agrees with available community-transcript mapping.	"""Hi, this is Richard"	Richard	Richard	present	char_tracker_stage05	chandler|monica|phoebe|rachel	unobserved			high	
5	261	510.86	512.54	Please leave a message at the tone.	Richard	high	community_transcript_match	1.0	dialogue	False	True	Chandler | Phoebe | Richard | Machine | Joey | Monica | Woman's Voice	Richard	Machine	False		Speaker agrees with available community-transcript mapping.	"(on Machine) ""Hi, this is Richard. Please, leave a message at the tone."""	Richard	Richard	present	char_tracker_stage05	monica|phoebe	unobserved			high	
5	262	514.78	516.54	You have two new messages.	Machine	high	community_transcript_match	1.0	dialogue	False	True	Chandler | Phoebe | Richard | Machine | Joey | Monica | Woman's Voice	Richard	Joey	False		Speaker agrees with available community-transcript mapping.	"""You have two new messages."""	Machine	Machine	present	char_tracker_stage05	monica|phoebe	unobserved			high	
5	263	516.94	518.06	Wow, what a cool job.	Joey	high	community_transcript_match	1.0	dialogue	False	True	Chandler | Phoebe | Richard | Machine | Joey | Monica | Woman's Voice	Machine	Joey	False		Speaker agrees with available community-transcript mapping.	Wow, what a cool job. (in a Machine voice) 'You have two new messages.' 'Please, pass the pie.'	Joey	Joey	present	char_tracker_stage05	joey	present	1.0		high	
5	264	518.62	520.54	You have two new messages.	Joey	high	community_transcript_match	1.0	dialogue	False	True	Chandler | Phoebe | Richard | Machine | Joey | Monica | Woman's Voice	Joey	Joey	False		Speaker agrees with available community-transcript mapping.	'You have two new messages	Joey	Joey	present	char_tracker_stage05	joey	present	1.0		high	
5	265	522.62	524.22	Please pass the pie.	Joey	high	community_transcript_match	1.0	dialogue	False	True	Chandler | Phoebe | Richard | Machine | Joey | Monica | Woman's Voice	Joey	Joey	False		Speaker agrees with available community-transcript mapping.	' 'Please, pass the pie	Joey	Joey	present	char_tracker_stage05	joey	present	1.0		high	
5	266	527.18	528.62	Hi, it's Monica.	Joey	medium	name_address_rule	0.74	dialogue	True	False	Chandler | Phoebe | Richard | Machine | Joey | Monica | Woman's Voice	Joey	Joey	True	speaker_offscreen	Utterance names the next speaker, so the previous speaker is more likely.				present	char_tracker_stage05	monica|phoebe	absent			low	speaker_offscreen
5	267	528.94	530.02	I'm just checking in.	Joey	medium	scene_context_inference	0.66	dialogue	True	False	Chandler | Phoebe | Richard | Machine | Joey | Monica | Woman's Voice	Joey	Monica	True	two_sided_context_ambiguous | speaker_no_face	No direct transcript match; longer line defaulted to previous speaker in same scene.				partial	char_tracker_stage05		absent			medium	speaker_no_face
5	268	530.02	532.78	Cause I got this message from you and I didn't know if it was old or.	Monica	high	community_transcript_match	1.0	dialogue	False	True	Chandler | Phoebe | Richard | Machine | Joey | Monica | Woman's Voice	Joey	Joey	True	speaker_no_face	Speaker agrees with available community-transcript mapping.	"(on Machine) ""Hi, it's Monica. I'm just checking in 'cause I got this message from you and I didn't know if it was old or new or what. So, I'm just checkin'. So let me know, or don't, whatever. I'm breezy."""	Monica	Monica	absent	char_tracker_stage05		absent	0.0		medium	speaker_no_face
5	269	533.19	533.59	Or what.	Joey	medium	short_turn_alternation	0.7	dialogue	True	False	Chandler | Phoebe | Richard | Machine | Joey | Monica | Woman's Voice	Monica	Joey	True	short_utterance_between_two_speakers | speaker_offscreen	Short utterance inferred from local turn alternation.				present	char_tracker_stage05	chandler|rachel	absent			low	speaker_offscreen
5	270	533.59	535.27	So I'm just checking.	Joey	high	scene_context_bridge	0.88	dialogue	True	False	Chandler | Phoebe | Richard | Machine | Joey | Monica | Woman's Voice	Joey	Joey	True	speaker_offscreen	Same speaker appears on both sides within the same scene.				present	char_tracker_stage05	chandler|rachel	absent			low	speaker_offscreen
5	271	535.83	536.95	So let me know.	Joey	high	scene_context_bridge	0.88	dialogue	True	False	Chandler | Phoebe | Richard | Machine | Joey | Monica | Woman's Voice	Joey	Joey	True	speaker_offscreen	Same speaker appears on both sides within the same scene.				present	char_tracker_stage05	chandler|monica|rachel	absent			low	speaker_offscreen
5	272	537.43	537.99	Or don't.	Joey	high	scene_context_bridge	0.88	dialogue	True	False	Chandler | Phoebe | Richard | Machine | Joey | Monica | Woman's Voice	Joey	Joey	True	speaker_offscreen	Same speaker appears on both sides within the same scene.				present	char_tracker_stage05	monica	absent			low	speaker_offscreen
5	273	537.99	538.47	Whatever.	Joey	high	scene_context_bridge	0.88	dialogue	True	False	Chandler | Phoebe | Richard | Machine | Joey | Monica | Woman's Voice	Joey	Joey	True	speaker_offscreen	Same speaker appears on both sides within the same scene.				present	char_tracker_stage05	monica	absent			low	speaker_offscreen
5	274	539.19	540.23	I'm breezy.	Joey	high	scene_context_bridge	0.88	dialogue	True	False	Chandler | Phoebe | Richard | Machine | Joey | Monica | Woman's Voice	Joey	Joey	True	speaker_offscreen	Same speaker appears on both sides within the same scene.				present	char_tracker_stage05	chandler|monica|rachel	absent			low	speaker_offscreen
5	275	542.31	543.95	Hey, you can't say you're breezy.	Joey	high	community_transcript_match	1.0	dialogue	False	True	Chandler | Phoebe | Richard | Machine | Joey | Monica | Woman's Voice	Joey	Joey	False		Speaker agrees with available community-transcript mapping.	hey you can't say you're breezy that	Joey	Joey	present	char_tracker_stage05	chandler|joey|rachel	present	1.0		high	
5	276	543.95	545.67	That totally negates the breezy.	Joey	high	community_transcript_match	1.0	dialogue	False	True	Chandler | Phoebe | Richard | Machine | Joey | Monica | Woman's Voice	Joey	Woman's Voice	False		Speaker agrees with available community-transcript mapping.	Hey, you can't say you're breezy, that, that totally negates the breezy.	Joey	Joey	present	char_tracker_stage05	joey	present	1.0		high	
5	277	547.91	548.63	Hola.	Woman's Voice	high	community_transcript_match	1.0	dialogue	False	True	Chandler | Phoebe | Richard | Machine | Joey | Monica | Woman's Voice	Joey	Woman's Voice	False		Speaker agrees with available community-transcript mapping.	hola	Woman's Voice	Woman's Voice	absent	char_tracker_stage05		unobserved			high	
5	278	548.87	549.51	It's me.	Woman's Voice	high	community_transcript_match	1.0	dialogue	False	True	Chandler | Phoebe | Richard | Machine | Joey | Monica | Woman's Voice	Woman's Voice	Woman's Voice	False		Speaker agrees with available community-transcript mapping.	hola it's me	Woman's Voice	Woman's Voice	absent	char_tracker_stage05		unobserved			high	
5	279	549.75	551.35	Yesterday was really fun.	Woman's Voice	high	community_transcript_match	1.0	dialogue	False	True	Chandler | Phoebe | Richard | Machine | Joey | Monica | Woman's Voice	Woman's Voice	Woman's Voice	False		Speaker agrees with available community-transcript mapping.	Hola, it's me, yesterday was really fun	Woman's Voice	Woman's Voice	partial	char_tracker_stage05		unobserved			high	
5	280	551.59	553.27	Call me about this weekend, okay?	Woman's Voice	high	community_transcript_match	1.0	dialogue	False	True	Chandler | Phoebe | Richard | Machine | Joey | Monica | Woman's Voice	Woman's Voice	Joey	False		Speaker agrees with available community-transcript mapping.	(on Machine) Hola, it's me, yesterday was really fun. Call me about this weekend, okay.	Woman's Voice	Woman's Voice	present	char_tracker_stage05	monica	unobserved			high	
5	281	556.95	558.41	Now she sounded breezy.	Joey	high	community_transcript_match	1.0	dialogue	False	True	Chandler | Phoebe | Richard | Machine | Joey | Monica | Woman's Voice	Woman's Voice		False		Speaker agrees with available community-transcript mapping.	Now she sounded breezy.	Joey	Joey	present	char_tracker_stage05	chandler|joey|monica|rachel	present	0.6667		high	
6	282	567.2	568.24	He's seeing someone.	Monica	high	community_transcript_match	1.0	dialogue	False	True	Monica | Phoebe | Chandler | Rachel | Ross | Joey		Monica	False		Speaker agrees with available community-transcript mapping.	He's seeing someone	Monica	Monica	present	char_tracker_stage05	monica	present	0.5		high	
6	283	568.88	570.56	I can't believe he's seeing someone.	Monica	high	community_transcript_match	1.0	dialogue	False	True	Monica | Phoebe | Chandler | Rachel | Ross | Joey	Monica	Phoebe	False		Speaker agrees with available community-transcript mapping.	He's seeing someone. I can't believe he's seeing someone.	Monica	Monica	present	char_tracker_stage05	monica	present	1.0		high	
6	284	570.56	571.92	Monica, you don't know that.	Phoebe	high	community_transcript_match	1.0	dialogue	False	True	Monica | Phoebe | Chandler | Rachel | Ross | Joey	Monica	Monica	True	speaker_offscreen	Speaker agrees with available community-transcript mapping.	Monica, you don't know that.	Phoebe	Phoebe	present	char_tracker_stage05	monica	absent	0.0		low	speaker_offscreen
6	285	572.08	573.36	Well, whose voice was that?	Monica	high	community_transcript_match	1.0	dialogue	False	True	Monica | Phoebe | Chandler | Rachel | Ross | Joey	Phoebe	Chandler	True	speaker_no_face	Speaker agrees with available community-transcript mapping.	Well, who's voice was that?	Monica	Monica	absent	char_tracker_stage05		absent	0.0		medium	speaker_no_face
6	286	573.44	574.719	Maybe it was his sister's.	Chandler	high	community_transcript_match	1.0	dialogue	False	True	Monica | Phoebe | Chandler | Rachel | Ross | Joey	Monica	Chandler	True	speaker_no_face	Speaker agrees with available community-transcript mapping.	Maybe it was his sister's	Chandler	Chandler	absent	char_tracker_stage05		absent	0.0		medium	speaker_no_face
6	287	574.719	576.16	You know, maybe it was his daughter's.	Chandler	high	community_transcript_match	1.0	dialogue	False	True	Monica | Phoebe | Chandler | Rachel | Ross | Joey	Chandler	Monica	True	speaker_no_face	Speaker agrees with available community-transcript mapping.	Maybe it was his sister's. You know, maybe it was his daughter's.	Chandler	Chandler	partial	char_tracker_stage05		absent	0.0		medium	speaker_no_face
6	288	577.84	578.64	Michelle.	Monica	medium	visual_disambiguation	0.74	dialogue	True	False	Monica | Phoebe | Chandler | Rachel | Ross | Joey	Chandler	Monica	False		Only one of the two text-context candidates was visually present in the window.				present	char_tracker_stage05	monica|ross	present			medium	
6	289	579.2	580.32	Of course it was.	Monica	high	community_transcript_match	1.0	dialogue	False	True	Monica | Phoebe | Chandler | Rachel | Ross | Joey	Monica	Monica	False		Speaker agrees with available community-transcript mapping.	of course it was	Monica	Monica	present	char_tracker_stage05	monica|ross	present	1.0		high	
6	290	580.32	580.92	Michelle?	Monica	high	community_transcript_match	1.0	dialogue	False	True	Monica | Phoebe | Chandler | Rachel | Ross | Joey	Monica	Monica	False		Speaker agrees with available community-transcript mapping.	Of course, it was Michelle	Monica	Monica	present	char_tracker_stage05	monica|ross	present	1.0		high	
6	291	580.92	582.24	Did it sound like Michelle?	Monica	high	community_transcript_match	1.0	dialogue	False	True	Monica | Phoebe | Chandler | Rachel | Ross | Joey	Monica	Rachel	False		Speaker agrees with available community-transcript mapping.	Michelle! Of course, it was Michelle! Did it sound like Michelle?	Monica	Monica	present	char_tracker_stage05	monica|rachel|ross	present	0.6667		high	
6	292	583.12	585.04	I cannot remember her.	Rachel	high	community_transcript_match	1.0	dialogue	False	True	Monica | Phoebe | Chandler | Rachel | Ross | Joey	Monica	Ross	False		Speaker agrees with available community-transcript mapping.	I-I cannot remember her.	Rachel	Rachel	present	char_tracker_stage05	phoebe|rachel	present	1.0		high	
6	293	587.14	587.98	Great, Great.	Ross	high	community_transcript_match	1.0	dialogue	False	True	Monica | Phoebe | Chandler | Rachel | Ross | Joey	Rachel	Ross	False		Speaker agrees with available community-transcript mapping.	Oh, great	Ross	Ross	present	char_tracker_stage05	monica|ross	present	1.0		high	
6	294	587.98	588.94	It's starting to rain.	Ross	high	community_transcript_match	1.0	dialogue	False	True	Monica | Phoebe | Chandler | Rachel | Ross | Joey	Ross	Ross	False		Speaker agrees with available community-transcript mapping.	Oh, great. It's starting to rain, that will make it easy to get a cab.	Ross	Ross	present	char_tracker_stage05	monica|ross	present	1.0		high	
6	295	588.94	590.42	That'll make it easier to get a cab.	Ross	high	community_transcript_match	1.0	dialogue	False	True	Monica | Phoebe | Chandler | Rachel | Ross | Joey	Ross	Monica	False		Speaker agrees with available community-transcript mapping.	oh great that will make it easy to get a cab	Ross	Ross	present	char_tracker_stage05	ross	present	1.0		high	
6	296	592.18	593.22	It was Michelle.	Monica	high	community_transcript_match	1.0	dialogue	False	True	Monica | Phoebe | Chandler | Rachel | Ross | Joey	Ross	Monica	True	speaker_no_face	Speaker agrees with available community-transcript mapping.	It was Michelle	Monica	Monica	absent	char_tracker_stage05		absent	0.0		medium	speaker_no_face
6	297	593.22	595.3	Yeah, it was definitely Michelle.	Monica	high	community_transcript_match	1.0	dialogue	False	True	Monica | Phoebe | Chandler | Rachel | Ross | Joey	Monica	Rachel	True	speaker_no_face	Speaker agrees with available community-transcript mapping.	It was Michelle. It was definitely Michelle.	Monica	Monica	absent	char_tracker_stage05		absent	0.0		medium	speaker_no_face
6	298	595.46	597.46	Okay, Pheebs, you go with Monica.	Rachel	high	community_transcript_match	1.0	dialogue	False	True	Monica | Phoebe | Chandler | Rachel | Ross | Joey	Monica	Rachel	True	speaker_no_face	Speaker agrees with available community-transcript mapping.	pheebs you go with monica and	Rachel	Rachel	absent	char_tracker_stage05		absent	0.0		medium	speaker_no_face
6	299	597.46	598.22	Try on her green dress.	Rachel	high	community_transcript_match	1.0	dialogue	False	True	Monica | Phoebe | Chandler | Rachel | Ross | Joey	Rachel	Rachel	True	speaker_no_face	Speaker agrees with available community-transcript mapping.	Pheebs, you go with Monica and try on her green dress	Rachel	Rachel	absent	char_tracker_stage05		absent	0.0		medium	speaker_no_face
6	300	598.22	599.9	If that doesn't work, you can wear my gray silk one.	Rachel	high	community_transcript_match	1.0	dialogue	False	True	Monica | Phoebe | Chandler | Rachel | Ross | Joey	Rachel	Rachel	True	speaker_no_face	Speaker agrees with available community-transcript mapping.	Pheebs, you go with Monica and try on her green dress. If that doesn't work, you can wear my gray silk one. Oh, gosh, what am I wearing?!	Rachel	Rachel	absent	char_tracker_stage05		absent	0.0		medium	speaker_no_face
6	301	599.9	600.3	Oh, God.	Rachel	high	community_transcript_match	1.0	dialogue	False	True	Monica | Phoebe | Chandler | Rachel | Ross | Joey	Rachel	Ross	True	speaker_no_face	Speaker agrees with available community-transcript mapping.	Oh, gosh, what am I wearing	Rachel	Rachel	absent	char_tracker_stage05		absent	0.0		medium	speaker_no_face
6	302	600.3	601.06	Unless I wear it.	Ross	medium	visual_disambiguation	0.74	dialogue	True	False	Monica | Phoebe | Chandler | Rachel | Ross | Joey	Rachel	Ross	False		Only one of the two text-context candidates was visually present in the window.				present	char_tracker_stage05	ross	present			medium	
6	303	601.299	601.66	You don't.	Ross	high	community_transcript_match	1.0	dialogue	False	True	Monica | Phoebe | Chandler | Rachel | Ross | Joey	Ross	Ross	False		Speaker agrees with available community-transcript mapping.	you don't	Ross	Ross	present	char_tracker_stage05	ross	present	1.0		high	
6	304	601.66	602.74	You don't know what you're wearing.	Ross	high	community_transcript_match	1.0	dialogue	False	True	Monica | Phoebe | Chandler | Rachel | Ross | Joey	Ross	Rachel	False		Speaker agrees with available community-transcript mapping.	You don't, you don't know what you're wearing?	Ross	Ross	present	char_tracker_stage05	rachel|ross	present	1.0		high	
6	305	602.74	605.54	Well, honey, I'm just trying to look nice for your big night.	Rachel	high	community_transcript_match	1.0	dialogue	False	True	Monica | Phoebe | Chandler | Rachel | Ross | Joey	Ross	Ross	False		Speaker agrees with available community-transcript mapping.	Well, hon-ey. I'm just trying to look nice for your big night.	Rachel	Rachel	present	char_tracker_stage05	rachel|ross	present	1.0		high	
6	306	605.62	606.18	Yeah, which.	Ross	high	community_transcript_match	1.0	dialogue	False	True	Monica | Phoebe | Chandler | Rachel | Ross | Joey	Rachel	Ross	False		Speaker agrees with available community-transcript mapping.	yeah which twelve minutes	Ross	Ross	present	char_tracker_stage05	rachel|ross	present	1.0		high	
6	307	606.18	608.62	Which we have to leave for in exactly 12 minutes.	Ross	high	community_transcript_match	1.0	dialogue	False	True	Monica | Phoebe | Chandler | Rachel | Ross | Joey	Ross	Ross	False		Speaker agrees with available community-transcript mapping.	Yeah, which, which we have to leave for in exactly twelve minutes	Ross	Ross	present	char_tracker_stage05	ross	present	0.6667		high	
6	308	608.62	610.66	All right, come on, I'll just pick something out for you.	Ross	high	community_transcript_match	1.0	dialogue	False	True	Monica | Phoebe | Chandler | Rachel | Ross | Joey	Ross	Ross	True	speaker_no_face	Speaker agrees with available community-transcript mapping.	Yeah, which, which we have to leave for in exactly twelve minutes. All right, come on, I'll just pick something out for you. (Goes into her room and points to something for her to wear) Look there-there that looks good.	Ross	Ross	absent	char_tracker_stage05		absent	0.0		medium	speaker_no_face
6	309	611.29	611.45	Look.	Ross	high	community_transcript_match	1.0	dialogue	False	True	Monica | Phoebe | Chandler | Rachel | Ross | Joey	Ross	Rachel	True	speaker_no_face	Speaker agrees with available community-transcript mapping.	Look there-there that looks good	Ross	Ross	absent	char_tracker_stage05		absent	0.0		medium	speaker_no_face
6	310	611.45	611.69	There.	Rachel	medium	short_turn_alternation	0.7	dialogue	True	False	Monica | Phoebe | Chandler | Rachel | Ross | Joey	Ross	Rachel	True	short_utterance_between_two_speakers | speaker_no_face	Short utterance inferred from local turn alternation.				absent	char_tracker_stage05		absent			medium	speaker_no_face
6	311	611.69	611.97	There.	Rachel	high	scene_context_bridge	0.88	dialogue	True	False	Monica | Phoebe | Chandler | Rachel | Ross | Joey	Rachel	Rachel	True	speaker_no_face	Same speaker appears on both sides within the same scene.				absent	char_tracker_stage05		absent			medium	speaker_no_face
6	312	611.97	612.73	That looks good.	Rachel	high	scene_context_bridge	0.88	dialogue	True	False	Monica | Phoebe | Chandler | Rachel | Ross | Joey	Rachel	Rachel	True	speaker_no_face	Same speaker appears on both sides within the same scene.				absent	char_tracker_stage05		absent			medium	speaker_no_face
6	313	612.89	614.33	Ross, that's a towel.	Rachel	high	community_transcript_match	1.0	dialogue	False	True	Monica | Phoebe | Chandler | Rachel | Ross | Joey	Rachel	Chandler	True	speaker_no_face	Speaker agrees with available community-transcript mapping.	Ross, that's a towel!	Rachel	Rachel	partial	char_tracker_stage05		absent	0.0		medium	speaker_no_face
6	314	616.25	616.85	Okay.	Chandler	medium	visual_disambiguation	0.74	dialogue	True	False	Monica | Phoebe | Chandler | Rachel | Ross | Joey	Rachel	Chandler	False		Only one of the two text-context candidates was visually present in the window.				present	char_tracker_stage05	chandler	present			medium	
6	315	616.85	619.37	You will notice that I am fully dressed.	Chandler	high	community_transcript_match	1.0	dialogue	False	True	Monica | Phoebe | Chandler | Rachel | Ross | Joey	Chandler	Chandler	False		Speaker agrees with available community-transcript mapping.	All right, you will notice that I am fully dressed	Chandler	Chandler	present	char_tracker_stage05	chandler	present	1.0		high	
6	316	619.37	621.93	I, in turn, have noticed that you are not.	Chandler	high	community_transcript_match	1.0	dialogue	False	True	Monica | Phoebe | Chandler | Rachel | Ross | Joey	Chandler	Chandler	True	speaker_no_face	Speaker agrees with available community-transcript mapping.	I, in turn, have noticed that you are not	Chandler	Chandler	partial	char_tracker_stage05		absent	0.3333		medium	speaker_no_face
6	317	622.97	626.09	So in the words of A.A. milne, get out of my chair.	Chandler	high	community_transcript_match	1.0	dialogue	False	True	Monica | Phoebe | Chandler | Rachel | Ross | Joey	Chandler	Chandler	False		Speaker agrees with available community-transcript mapping.	"All right, you will notice that I am fully dressed. I, in turn, have noticed that you are not. So in the words of A. A. Milne, ""Get out of my chair, dillhole!"""	Chandler	Chandler	present	char_tracker_stage05	chandler	present	0.6		high	
6	318	626.25	627.13	Deal Hole.	Chandler	medium	visual_disambiguation	0.74	dialogue	True	False	Monica | Phoebe | Chandler | Rachel | Ross | Joey	Chandler	Joey	False		Only one of the two text-context candidates was visually present in the window.				present	char_tracker_stage05	chandler	present			medium	
6	319	630.01	630.65	Okay.	Joey	high	community_transcript_match	1.0	dialogue	False	True	Monica | Phoebe | Chandler | Rachel | Ross | Joey	Chandler	Chandler	True	speaker_no_face	Speaker agrees with available community-transcript mapping.	Okay. (he gets up and takes the cushions with him, as he starts to leave)	Joey	Joey	absent	char_tracker_stage05		absent	0.0		medium	speaker_no_face
6	320	639.05	639.85	What are you doing?	Chandler	high	community_transcript_match	1.0	dialogue	False	True	Monica | Phoebe | Chandler | Rachel | Ross | Joey	Joey	Joey	True	speaker_no_face	Speaker agrees with available community-transcript mapping.	What are you doing?	Chandler	Chandler	absent	char_tracker_stage05		absent	0.0		medium	speaker_no_face
6	321	640.19	641.39	Well, you said I had to give you the chair.	Joey	high	community_transcript_match	1.0	dialogue	False	True	Monica | Phoebe | Chandler | Rachel | Ross | Joey	Chandler	Joey	True	speaker_no_face	Speaker agrees with available community-transcript mapping.	you said i had to give you the chair	Joey	Joey	absent	char_tracker_stage05		absent	0.0		medium	speaker_no_face
6	322	641.39	642.83	You didn't see anything about the cushions.	Joey	high	community_transcript_match	1.0	dialogue	False	True	Monica | Phoebe | Chandler | Rachel | Ross | Joey	Joey	Chandler	True	speaker_no_face	Speaker agrees with available community-transcript mapping.	You said I had to give you the chair, you didn't say anything about the cushions.	Joey	Joey	absent	char_tracker_stage05		absent	0.0		medium	speaker_no_face
6	323	644.11	646.03	The cushions are the essence of the chair.	Chandler	high	community_transcript_match	1.0	dialogue	False	True	Monica | Phoebe | Chandler | Rachel | Ross | Joey	Joey	Joey	False		Speaker agrees with available community-transcript mapping.	The cushions are the essence of the chair!	Chandler	Chandler	present	char_tracker_stage05	chandler	present	1.0		high	
6	324	646.19	646.83	That's right.	Joey	high	community_transcript_match	1.0	dialogue	False	True	Monica | Phoebe | Chandler | Rachel | Ross | Joey	Chandler	Joey	False		Speaker agrees with available community-transcript mapping.	That's right	Joey	Joey	present	char_tracker_stage05	chandler|joey	present	1.0		high	
6	325	646.91	648.03	I'm taking the essence.	Joey	high	community_transcript_match	1.0	dialogue	False	True	Monica | Phoebe | Chandler | Rachel | Ross | Joey	Joey	Chandler	False		Speaker agrees with available community-transcript mapping.	That's right! I'm taking the essence.	Joey	Joey	present	char_tracker_stage05	joey	present	1.0		high	
6	326	649.87	651.23	Oh, he'll be back.	Chandler	high	community_transcript_match	1.0	dialogue	False	True	Monica | Phoebe | Chandler | Rachel | Ross | Joey	Joey	Chandler	True	speaker_no_face	Speaker agrees with available community-transcript mapping.	it'll be back	Chandler	Chandler	partial	char_tracker_stage05		absent	0.3333		medium	speaker_no_face
6	327	651.87	652.51	Ho, ho.	Chandler	high	community_transcript_match	1.0	dialogue	False	True	Monica | Phoebe | Chandler | Rachel | Ross | Joey	Chandler	Chandler	False		Speaker agrees with available community-transcript mapping.	Oh-ho, it'll be back	Chandler	Chandler	present	char_tracker_stage05	chandler	present	1.0		high	
6	328	652.51	653.71	There's nobody in the room.	Chandler	high	community_transcript_match	1.0	dialogue	False	True	Monica | Phoebe | Chandler | Rachel | Ross | Joey	Chandler	Ross	False		Speaker agrees with available community-transcript mapping.	Oh-ho, it'll be back. Oh-ho, there's nobody in the room.	Chandler	Chandler	present	char_tracker_stage05	chandler	present	1.0		high	
6	329	655.15	655.75	I'm sorry.	Ross	high	community_transcript_match	1.0	dialogue	False	True	Monica | Phoebe | Chandler | Rachel | Ross | Joey	Chandler	Ross	True	speaker_no_face	Speaker agrees with available community-transcript mapping.	look i'm sorry	Ross	Ross	absent	char_tracker_stage05		absent	0.0		medium	speaker_no_face
6	330	655.75	656.91	I thought it looked pretty.	Ross	high	community_transcript_match	1.0	dialogue	False	True	Monica | Phoebe | Chandler | Rachel | Ross | Joey	Ross	Rachel	True	speaker_no_face	Speaker agrees with available community-transcript mapping.	Look, I'm sorry, I thought it looked pretty.	Ross	Ross	absent	char_tracker_stage05		absent	0.0		medium	speaker_no_face
6	331	657.07	658.99	Ross, that was a Halloween costume.	Rachel	high	community_transcript_match	1.0	dialogue	False	True	Monica | Phoebe | Chandler | Rachel | Ross | Joey	Ross	Rachel	True	speaker_no_face	Speaker agrees with available community-transcript mapping.	ross that was a halloween costume	Rachel	Rachel	absent	char_tracker_stage05		absent	0.0		medium	speaker_no_face
6	332	658.99	662.03	Unless you would like me to go to this thing as Little Bo Peep.	Rachel	high	community_transcript_match	1.0	dialogue	False	True	Monica | Phoebe | Chandler | Rachel | Ross | Joey	Rachel	Ross	True	speaker_no_face	Speaker agrees with available community-transcript mapping.	Ross, that was a Halloween costume, unless you would like me to go to this thing as Little Bo Peep.	Rachel	Rachel	partial	char_tracker_stage05		absent	0.0		medium	speaker_no_face
6	333	662.67	665.47	Look, I didn't recognize it without that inflatable sheep.	Ross	high	community_transcript_match	1.0	dialogue	False	True	Monica | Phoebe | Chandler | Rachel | Ross | Joey	Rachel	Rachel	False		Speaker agrees with available community-transcript mapping.	Look, I didn't recognize it without that inflatable sheep.	Ross	Ross	present	char_tracker_stage05	ross	present	1.0		high	
6	334	665.72	668.44	Yeah, which, by the way, Chandler, I would like back one of these days.	Rachel	high	community_transcript_match	1.0	dialogue	False	True	Monica | Phoebe | Chandler | Rachel | Ross | Joey	Ross	Phoebe	False		Speaker agrees with available community-transcript mapping.	Yeah, which, by the way Chandler, I would like back one of these days.	Rachel	Rachel	present	char_tracker_stage05	rachel|ross	present	1.0		high	
6	335	672.04	673.28	Oh, Rach, good.	Phoebe	high	community_transcript_match	1.0	dialogue	False	True	Monica | Phoebe | Chandler | Rachel | Ross | Joey	Rachel	Phoebe	True	speaker_offscreen	Speaker agrees with available community-transcript mapping.	oh rach good	Phoebe	Phoebe	present	char_tracker_stage05	chandler	absent	0.0		low	speaker_offscreen
6	336	673.28	674.92	Listen, isn't this perfect for me?	Phoebe	high	community_transcript_match	1.0	dialogue	False	True	Monica | Phoebe | Chandler | Rachel | Ross | Joey	Phoebe	Rachel	True	speaker_no_face	Speaker agrees with available community-transcript mapping.	Oh Rach, good, listen isn't this perfect for me! (she's wearing another dress on a hanger around her neck)	Phoebe	Phoebe	absent	char_tracker_stage05		absent	0.0		medium	speaker_no_face
6	337	675.0	676.52	Oh, it's perfect.	Rachel	high	community_transcript_match	1.0	dialogue	False	True	Monica | Phoebe | Chandler | Rachel | Ross | Joey	Phoebe	Rachel	False		Speaker agrees with available community-transcript mapping.	Oh, it's perfect	Rachel	Rachel	present	char_tracker_stage05	rachel	present	0.5		high	
6	338	676.6	677.56	But not for tonight.	Rachel	high	community_transcript_match	1.0	dialogue	False	True	Monica | Phoebe | Chandler | Rachel | Ross | Joey	Rachel	Phoebe	False		Speaker agrees with available community-transcript mapping.	Oh, it's perfect! But not for tonight.	Rachel	Rachel	present	char_tracker_stage05	phoebe|rachel	present	1.0		high	
6	339	677.56	678.72	Well, of course not for tonight.	Phoebe	high	community_transcript_match	1.0	dialogue	False	True	Monica | Phoebe | Chandler | Rachel | Ross | Joey	Rachel	Phoebe	False		Speaker agrees with available community-transcript mapping.	Well, of course not for tonight. Yeah, hi!	Phoebe	Phoebe	present	char_tracker_stage05	phoebe|rachel	present	1.0		high	
6	340	678.72	679.32	Yeah, hi.	Phoebe	high	community_transcript_match	1.0	dialogue	False	True	Monica | Phoebe | Chandler | Rachel | Ross | Joey	Phoebe	Ross	False		Speaker agrees with available community-transcript mapping.	Yeah, hi	Phoebe	Phoebe	present	char_tracker_stage05	phoebe	present	1.0		high	
6	341	679.32	682.2	I'm not for tonight.	Ross	high	community_transcript_match	1.0	dialogue	False	True	Monica | Phoebe | Chandler | Rachel | Ross | Joey	Phoebe	Ross	False		Speaker agrees with available community-transcript mapping.	Not for tonight	Ross	Ross	present	char_tracker_stage05	phoebe|rachel|ross	present	0.75		high	
6	342	682.68	683.4	What are you doing?	Ross	high	community_transcript_match	1.0	dialogue	False	True	Monica | Phoebe | Chandler | Rachel | Ross | Joey	Ross	Rachel	False		Speaker agrees with available community-transcript mapping.	Not for tonight. Not for tonight! Wh-what, what, what, are you doing?	Ross	Ross	present	char_tracker_stage05	phoebe|rachel|ross	present	1.0		high	
6	343	683.4	684.08	No, I'm sorry.	Rachel	low	scene_context_inference	0.58	dialogue	True	False	Monica | Phoebe | Chandler | Rachel | Ross | Joey	Ross	Rachel	True	two_sided_context_ambiguous | low_speaker_confidence	No direct transcript match; weak local context only.				present	char_tracker_stage05	phoebe|rachel|ross	present			low	low_speaker_confidence
6	344	684.08	684.6	Wait a minute.	Rachel	high	scene_context_bridge	0.88	dialogue	True	False	Monica | Phoebe | Chandler | Rachel | Ross | Joey	Rachel	Rachel	False		Same speaker appears on both sides within the same scene.				present	char_tracker_stage05	phoebe|rachel	present			high	
6	345	684.76	685.24	I love you.	Rachel	high	scene_context_bridge	0.88	dialogue	True	False	Monica | Phoebe | Chandler | Rachel | Ross | Joey	Rachel	Rachel	False		Same speaker appears on both sides within the same scene.				present	char_tracker_stage05	phoebe|rachel	present			high	
6	346	685.24	685.6	I love you.	Rachel	high	community_transcript_match	1.0	dialogue	False	True	Monica | Phoebe | Chandler | Rachel | Ross | Joey	Rachel	Rachel	False		Speaker agrees with available community-transcript mapping.	No honey, we're sorry, we didn't mean it. I love you. I love you.	Rachel	Rachel	present	char_tracker_stage05	phoebe|rachel	present	1.0		high	
6	347	685.6	686.2	Breathe.	Rachel	medium	visual_disambiguation	0.74	dialogue	True	False	Monica | Phoebe | Chandler | Rachel | Ross | Joey	Rachel	Chandler	False		Only one of the two text-context candidates was visually present in the window.				present	char_tracker_stage05	phoebe|rachel	present			medium	
6	348	688.2	690.44	We used them as pillows when we went camping.	Chandler	high	community_transcript_match	1.0	dialogue	False	True	Monica | Phoebe | Chandler | Rachel | Ross | Joey	Rachel	Ross	False		Speaker agrees with available community-transcript mapping.	We used them as pillows when we went camping.	Chandler	Chandler	present	char_tracker_stage05	chandler	present	1.0		high	
6	349	691.64	691.88	What?	Ross	high	community_transcript_match	1.0	dialogue	False	True	Monica | Phoebe | Chandler | Rachel | Ross | Joey	Chandler	Chandler	False		Speaker agrees with available community-transcript mapping.	What?	Ross	Ross	present	char_tracker_stage05	chandler|ross	present	1.0		high	
6	350	693.32	694.12	The sheep?	Chandler	high	community_transcript_match	1.0	dialogue	False	True	Monica | Phoebe | Chandler | Rachel | Ross | Joey	Ross	Ross	False		Speaker agrees with available community-transcript mapping.	(shyly) The sheep.	Chandler	Chandler	present	char_tracker_stage05	chandler|ross	present	1.0		high	
6	351	696.36	698.2	What you do on your own time.	Ross	high	community_transcript_match	1.0	dialogue	False	True	Monica | Phoebe | Chandler | Rachel | Ross | Joey	Chandler		False		Speaker agrees with available community-transcript mapping.	Hey, what you do on your own time...	Ross	Ross	present	char_tracker_stage05	ross	present	1.0		high	
