scene_id	sentence_id	start	end	utterance	speaker	speaker_confidence	speaker_method	alignment_score	row_type	filled_from_missing	matched_to_ct	scene_speaker_set	prev_speaker_scene	next_speaker_scene	review_flag	review_reason	notes	utterance_ct	speaker_ct	speaker_original	visual_presence	visual_presence_source	visual_presence_chars	speaker_visual_presence	speaker_visual_ratio	visual_presence_note	annotation_confidence	annotation_review_reason
1	1	3.28	6.0	Hey, wouldn't it be cool if our duck and our chick had a little baby?	Joey	high	community_transcript_match	1.0	dialogue	False	True	Joey | Chandler | Ross | Chandler and Joey		Joey	False		Speaker agrees with available community-transcript mapping.	Hey, wouldn't be cool if our duck and chick had a little baby? We could call it Chuck.	Joey	Joey	present	char_tracker_stage05	joey	present	1.0		high	
1	2	6.56	7.68	We could call it Chuck.	Joey	high	community_transcript_match	1.0	dialogue	False	True	Joey | Chandler | Ross | Chandler and Joey	Joey	Chandler	False		Speaker agrees with available community-transcript mapping.	We could call it Chuck	Joey	Joey	present	char_tracker_stage05	joey	present	1.0		high	
1	3	10.24	11.36	Or Dick.	Chandler	high	community_transcript_match	1.0	dialogue	False	True	Joey | Chandler | Ross | Chandler and Joey	Joey	Ross	False		Speaker agrees with available community-transcript mapping.	Or... Dick.	Chandler	Chandler	present	char_tracker_stage05	chandler|joey	present	1.0		high	
1	4	13.76	14.24	Hey.	Ross	high	community_transcript_match	1.0	dialogue	False	True	Joey | Chandler | Ross | Chandler and Joey	Chandler	Chandler and Joey	True	speaker_offscreen	Speaker agrees with available community-transcript mapping.	(entering) Hey.	Ross	Ross	present	char_tracker_stage05	chandler	absent	0.0		low	speaker_offscreen
1	5	14.48	14.92	Hey.	Chandler and Joey	medium	short_turn_alternation	0.7	dialogue	True	False	Joey | Chandler | Ross | Chandler and Joey	Ross	Chandler and Joey	True	short_utterance_between_two_speakers	Short utterance inferred from local turn alternation.				absent	char_tracker_stage05		unobserved			medium	
1	6	14.92	15.36	Hey.	Chandler and Joey	high	community_transcript_match	1.0	dialogue	False	True	Joey | Chandler | Ross | Chandler and Joey	Chandler and Joey	Ross	False		Speaker agrees with available community-transcript mapping.	Hey.	Chandler and Joey	Chandler and Joey	absent	char_tracker_stage05		unobserved			high	
1	7	15.76	17.68	Listen, I need a favor.	Ross	high	community_transcript_match	1.0	dialogue	False	True	Joey | Chandler | Ross | Chandler and Joey	Chandler and Joey	Ross	True	speaker_no_face	Speaker agrees with available community-transcript mapping.	Listen, I-I need a favor	Ross	Ross	absent	char_tracker_stage05		absent	0.0		medium	speaker_no_face
1	8	19.2	25.28	I was in the shower and as I was cleansing myself, well, I felt something.	Ross	high	community_transcript_match	1.0	dialogue	False	True	Joey | Chandler | Ross | Chandler and Joey	Ross	Chandler	False		Speaker agrees with available community-transcript mapping.	Listen, I-I need a favor. Umm, I was in the shower, and as I was cleansing myself, I ah, I-I, well I felt something.	Ross	Ross	present	char_tracker_stage05	ross	present	0.8571		high	
1	9	26.04	27.88	Was it like a sneeze, only better?	Chandler	high	community_transcript_match	1.0	dialogue	False	True	Joey | Chandler | Ross | Chandler and Joey	Ross	Ross	False		Speaker agrees with available community-transcript mapping.	Was it like a sneeze only better?	Chandler	Chandler	present	char_tracker_stage05	chandler|joey	present	1.0		high	
1	10	29.88	30.68	No, no.	Ross	high	community_transcript_match	1.0	dialogue	False	True	Joey | Chandler | Ross | Chandler and Joey	Chandler	Ross	False		Speaker agrees with available community-transcript mapping.	no no	Ross	Ross	present	char_tracker_stage05	chandler|joey|ross	present	1.0		high	
1	11	30.68	31.24	I mean.	Ross	high	community_transcript_match	1.0	dialogue	False	True	Joey | Chandler | Ross | Chandler and Joey	Ross	Ross	False		Speaker agrees with available community-transcript mapping.	no no i mean	Ross	Ross	present	char_tracker_stage05	ross	present	1.0		high	
1	12	31.24	33.16	I mean, like a thing on my body.	Ross	high	community_transcript_match	1.0	dialogue	False	True	Joey | Chandler | Ross | Chandler and Joey	Ross	Joey	False		Speaker agrees with available community-transcript mapping.	No, no, I mean, I mean a thing on my body.	Ross	Ross	present	char_tracker_stage05	ross	present	1.0		high	
1	13	34.04	34.84	What was it?	Joey	high	community_transcript_match	1.0	dialogue	False	True	Joey | Chandler | Ross | Chandler and Joey	Ross	Joey	False		Speaker agrees with available community-transcript mapping.	(with a disgusted look) What was it?	Joey	Joey	present	char_tracker_stage05	chandler|joey|ross	present	1.0		high	
1	14	34.84	36.04	Well, I. I don't know.	Joey	medium	scene_context_inference	0.7100000000000001	dialogue	True	False	Joey | Chandler | Ross | Chandler and Joey	Joey	Ross	True	medium_confidence_context_fill	Continuation-style opener favors previous speaker within the same scene.				present	char_tracker_stage05	chandler|joey|ross	present			medium	
1	15	36.04	36.36	It's.	Ross	medium	visual_disambiguation	0.74	dialogue	True	False	Joey | Chandler | Ross | Chandler and Joey	Joey	Ross	False		Only one of the two text-context candidates was visually present in the window.				present	char_tracker_stage05	ross	present			medium	
1	16	36.36	38.04	It's kind of in a place that's not.	Ross	high	scene_context_bridge	0.88	dialogue	True	False	Joey | Chandler | Ross | Chandler and Joey	Ross	Ross	False		Same speaker appears on both sides within the same scene.				present	char_tracker_stage05	ross	present			high	
1	17	39.08	41.32	It's not visually accessible to me.	Ross	high	community_transcript_match	1.0	dialogue	False	True	Joey | Chandler | Ross | Chandler and Joey	Ross	Ross	False		Speaker agrees with available community-transcript mapping.	well i don't know it's it's kinda in a place that's not it's not visually accessible to me could help me out	Ross	Ross	present	char_tracker_stage05	ross	present	1.0		high	
1	18	41.32	43.8	And I was hoping maybe you guys could.	Ross	high	community_transcript_match	1.0	dialogue	False	True	Joey | Chandler | Ross | Chandler and Joey	Ross	Ross	False		Speaker agrees with available community-transcript mapping.	Well, I don't know, it's-it's kinda in a place that's not... It's not visually accessible to me, and I was hoping maybe you guys could-could help me out. (starts to take off his pants)	Ross	Ross	present	char_tracker_stage05	ross	present	1.0		high	
1	19	43.8	45.4	Could help me out way.	Ross	medium	scene_context_inference	0.66	dialogue	True	False	Joey | Chandler | Ross | Chandler and Joey	Ross	Chandler	True	two_sided_context_ambiguous	No direct transcript match; longer line defaulted to previous speaker in same scene.				present	char_tracker_stage05	chandler|joey|ross	present			medium	
1	20	45.88	46.28	No.	Chandler	high	community_transcript_match	1.0	dialogue	False	True	Joey | Chandler | Ross | Chandler and Joey	Ross	Ross	False		Speaker agrees with available community-transcript mapping.	No!!	Chandler	Chandler	present	char_tracker_stage05	chandler|joey	present	1.0		high	
1	21	47.4	48.28	Come on, you guys.	Ross	high	community_transcript_match	1.0	dialogue	False	True	Joey | Chandler | Ross | Chandler and Joey	Chandler	Ross	True	speaker_no_face	Speaker agrees with available community-transcript mapping.	come on you guys	Ross	Ross	absent	char_tracker_stage05		absent	0.0		medium	speaker_no_face
1	22	48.28	48.96	It's no big deal.	Ross	high	community_transcript_match	1.0	dialogue	False	True	Joey | Chandler | Ross | Chandler and Joey	Ross	Chandler	True	speaker_no_face	Speaker agrees with available community-transcript mapping.	Come on you guys, it's no big deal! (He turns around and shows him his thing.)	Ross	Ross	absent	char_tracker_stage05		absent	0.0		medium	speaker_no_face
1	23	48.96	49.32	Just.	Chandler	medium	short_turn_alternation	0.7	dialogue	True	False	Joey | Chandler | Ross | Chandler and Joey	Ross	Chandler	True	short_utterance_between_two_speakers | speaker_no_face	Short utterance inferred from local turn alternation.				absent	char_tracker_stage05		absent			medium	speaker_no_face
1	24	52.45	52.77	Huh.	Chandler	high	community_transcript_match	1.0	dialogue	False	True	Joey | Chandler | Ross | Chandler and Joey	Chandler	Ross	False		Speaker agrees with available community-transcript mapping.	Whoa-heeeiiiiii-iiiii-ah!! (sees it) Huh.	Chandler	Chandler	present	char_tracker_stage05	chandler|joey	present	1.0		high	
1	25	53.89	54.65	Well, what is it?	Ross	high	community_transcript_match	1.0	dialogue	False	True	Joey | Chandler | Ross | Chandler and Joey	Chandler	Ross	False		Speaker agrees with available community-transcript mapping.	Well what is it? Is it a mole? (He moves closer to them, and they jump back.)	Ross	Ross	present	char_tracker_stage05	chandler|joey|ross	present	1.0		high	
1	26	54.65	55.33	Is it a mole?	Ross	high	community_transcript_match	1.0	dialogue	False	True	Joey | Chandler | Ross | Chandler and Joey	Ross	Joey	False		Speaker agrees with available community-transcript mapping.	Is it a mole	Ross	Ross	present	char_tracker_stage05	ross	present	1.0		high	
1	27	58.37	60.29	No, it's too wrinkly to be a mole.	Joey	high	community_transcript_match	1.0	dialogue	False	True	Joey | Chandler | Ross | Chandler and Joey	Ross	Ross	True	speaker_offscreen	Speaker agrees with available community-transcript mapping.	No, it's too wrinkly to be a mole.	Joey	Joey	present	char_tracker_stage05	ross	absent	0.0		low	speaker_offscreen
1	28	60.93	61.33	Ew.	Ross	medium	visual_disambiguation	0.74	dialogue	True	False	Joey | Chandler | Ross | Chandler and Joey	Joey	Ross	False		Only one of the two text-context candidates was visually present in the window.				present	char_tracker_stage05	ross	present			medium	
1	29	61.33	61.61	Is it.	Ross	high	scene_context_bridge	0.88	dialogue	True	False	Joey | Chandler | Ross | Chandler and Joey	Ross	Ross	False		Same speaker appears on both sides within the same scene.				present	char_tracker_stage05	ross	present			high	
1	30	61.61	62.53	What, a pimple?	Ross	high	community_transcript_match	1.0	dialogue	False	True	Joey | Chandler | Ross | Chandler and Joey	Ross	Chandler	False		Speaker agrees with available community-transcript mapping.	Well, eww. What? Is it a pimple?	Ross	Ross	present	char_tracker_stage05	ross	present	1.0		high	
1	31	66.53	69.89	No, it's fancier than a pimple.	Chandler	high	community_transcript_match	1.0	dialogue	False	True	Joey | Chandler | Ross | Chandler and Joey	Ross	Chandler	False		Speaker agrees with available community-transcript mapping.	No, it's... fancier than a pimple. Look Ross, why don't you just go see a…	Chandler	Chandler	present	char_tracker_stage05	chandler|joey|ross	present	1.0		high	
1	32	70.85	72.85	Look, Ross, why don't you just go see a.	Chandler	high	community_transcript_match	1.0	dialogue	False	True	Joey | Chandler | Ross | Chandler and Joey	Chandler	Chandler	False		Speaker agrees with available community-transcript mapping.	Look Ross, why don't you just go see a	Chandler	Chandler	present	char_tracker_stage05	chandler|joey|rachel|ross	present	1.0		high	
1	33	78.62	78.94	Okay.	Chandler	high	scene_context_bridge	0.88	dialogue	True	False	Joey | Chandler | Ross | Chandler and Joey	Chandler	Chandler	False		Same speaker appears on both sides within the same scene.				present	char_tracker_stage05	chandler|joey|ross	present			high	
1	34	78.94	79.9	Well, it's definite.	Chandler	high	community_transcript_match	1.0	dialogue	False	True	Joey | Chandler | Ross | Chandler and Joey	Chandler	Chandler	False		Speaker agrees with available community-transcript mapping.	Okay, well, it's definite, two more weeks of winter.	Chandler	Chandler	present	char_tracker_stage05	chandler|joey|ross	present	1.0		high	
1	35	79.9	81.82	Two more weeks of winter, right?	Chandler	high	community_transcript_match	1.0	dialogue	False	True	Joey | Chandler | Ross | Chandler and Joey	Chandler		True	speaker_offscreen	Speaker agrees with available community-transcript mapping.	okay two more weeks of winter	Chandler	Chandler	present	char_tracker_stage05	joey|ross	absent	0.3333		low	speaker_offscreen
4	36	93.899	95.98	Okay, and then this is the coffee house.	Phoebe	high	community_transcript_match	1.0	dialogue	False	True	Phoebe | Vince | Rachel | Chandler | Joey | Ross		Phoebe	True	speaker_no_face	Speaker agrees with available community-transcript mapping.	(to her date) Okay, and then this is the coffee house. This is where I play my music. (points to the stage)	Phoebe	Phoebe	absent	char_tracker_stage05		absent	0.0		medium	speaker_no_face
4	37	96.22	97.5	This is where I play my music.	Phoebe	high	community_transcript_match	1.0	dialogue	False	True	Phoebe | Vince | Rachel | Chandler | Joey | Ross	Phoebe	Vince	True	speaker_no_face	Speaker agrees with available community-transcript mapping.	This is where I play my music	Phoebe	Phoebe	absent	char_tracker_stage05		absent	0.0		medium	speaker_no_face
4	38	97.82	98.46	Good deal.	Vince	high	community_transcript_match	1.0	dialogue	False	True	Phoebe | Vince | Rachel | Chandler | Joey | Ross	Phoebe	Phoebe	False		Speaker agrees with available community-transcript mapping.	Good deal.	Vince	Vince	absent	char_tracker_stage05		unobserved			high	
4	39	98.46	98.82	Yeah.	Phoebe	medium	short_turn_alternation	0.7	dialogue	True	False	Phoebe | Vince | Rachel | Chandler | Joey | Ross	Vince	Phoebe	True	short_utterance_between_two_speakers | speaker_no_face	Short utterance inferred from local turn alternation.				absent	char_tracker_stage05		absent			medium	speaker_no_face
4	40	98.82	99.9	And these are my friends.	Phoebe	high	community_transcript_match	1.0	dialogue	False	True	Phoebe | Vince | Rachel | Chandler | Joey | Ross	Phoebe	Phoebe	True	speaker_no_face	Speaker agrees with available community-transcript mapping.	Yeah, and these are my friends. People. This is Vince, Vince the people.	Phoebe	Phoebe	absent	char_tracker_stage05		absent	0.0		medium	speaker_no_face
4	41	100.14	101.74	People, this is Vince.	Phoebe	high	community_transcript_match	1.0	dialogue	False	True	Phoebe | Vince | Rachel | Chandler | Joey | Ross	Phoebe	Phoebe	False		Speaker agrees with available community-transcript mapping.	People	Phoebe	Phoebe	present	char_tracker_stage05	phoebe	present	1.0		high	
4	42	101.74	102.54	Vince, the people.	Phoebe	high	community_transcript_match	1.0	dialogue	False	True	Phoebe | Vince | Rachel | Chandler | Joey | Ross	Phoebe	Rachel	False		Speaker agrees with available community-transcript mapping.	This is Vince, Vince the people	Phoebe	Phoebe	present	char_tracker_stage05	phoebe	present	1.0		high	
4	43	102.62	103.1	Hi.	Rachel	high	community_transcript_match	1.0	dialogue	False	True	Phoebe | Vince | Rachel | Chandler | Joey | Ross	Phoebe	Chandler	True	speaker_offscreen	Speaker agrees with available community-transcript mapping.	Hi!	Rachel	Rachel	present	char_tracker_stage05	phoebe	absent	0.0		low	speaker_offscreen
4	44	104.22	104.7	Hey.	Chandler	high	community_transcript_match	1.0	dialogue	False	True	Phoebe | Vince | Rachel | Chandler | Joey | Ross	Rachel	Phoebe	True	speaker_no_face	Speaker agrees with available community-transcript mapping.	Hey!	Chandler	Chandler	absent	char_tracker_stage05		absent	0.0		medium	speaker_no_face
4	45	105.44	106.4	Vince is a fireman.	Phoebe	high	community_transcript_match	1.0	dialogue	False	True	Phoebe | Vince | Rachel | Chandler | Joey | Ross	Chandler	Rachel	False		Speaker agrees with available community-transcript mapping.	Vince is a fireman.	Phoebe	Phoebe	present	char_tracker_stage05	phoebe	present	0.5		high	
4	46	106.96	107.44	Wow.	Rachel	high	community_transcript_match	1.0	dialogue	False	True	Phoebe | Vince | Rachel | Chandler | Joey | Ross	Phoebe	Rachel	False		Speaker agrees with available community-transcript mapping.	Wow	Rachel	Rachel	present	char_tracker_stage05	phoebe|rachel	present	0.5		high	
4	47	107.76	110.4	Have you ever rescued anyone from a burning building before?	Rachel	high	community_transcript_match	1.0	dialogue	False	True	Phoebe | Vince | Rachel | Chandler | Joey | Ross	Rachel	Vince	False		Speaker agrees with available community-transcript mapping.	Wow! Have you ever rescued anyone from a burning building before?	Rachel	Rachel	present	char_tracker_stage05	phoebe|rachel	present	1.0		high	
4	48	110.64	111.84	98 hot saves.	Vince	high	community_transcript_match	1.0	dialogue	False	True	Phoebe | Vince | Rachel | Chandler | Joey | Ross	Rachel	Vince	False		Speaker agrees with available community-transcript mapping.	98 hot saves, highest in the force.	Vince	Vince	present	char_tracker_stage05	phoebe|rachel	unobserved			high	
4	49	111.92	112.96	Highest on the force.	Vince	high	community_transcript_match	1.0	dialogue	False	True	Phoebe | Vince | Rachel | Chandler | Joey | Ross	Vince	Chandler	False		Speaker agrees with available community-transcript mapping.	highest in the force	Vince	Vince	present	char_tracker_stage05	phoebe	unobserved			high	
4	50	113.2	116.32	Well, you know, if Joey and I play with matches, we could get you up to an even hundred.	Chandler	high	community_transcript_match	1.0	dialogue	False	True	Phoebe | Vince | Rachel | Chandler | Joey | Ross	Vince	Vince	False		Speaker agrees with available community-transcript mapping.	Well, y'know if Joey and I played with matches we could get you up to an even hundred.	Chandler	Chandler	present	char_tracker_stage05	chandler|joey	present	1.0		high	
4	51	119.28	121.12	Fire safety is not a joke, son.	Vince	high	community_transcript_match	1.0	dialogue	False	True	Phoebe | Vince | Rachel | Chandler | Joey | Ross	Chandler	Chandler	False		Speaker agrees with available community-transcript mapping.	(dead serious) Fire safety is not a joke, son.	Vince	Vince	present	char_tracker_stage05	phoebe	unobserved			high	
4	52	124.0	124.6	You're right.	Chandler	high	community_transcript_match	1.0	dialogue	False	True	Phoebe | Vince | Rachel | Chandler | Joey | Ross	Vince	Chandler	False		Speaker agrees with available community-transcript mapping.	You're right, I know.	Chandler	Chandler	present	char_tracker_stage05	chandler	present	1.0		high	
4	53	124.6	125.12	I know.	Chandler	high	community_transcript_match	1.0	dialogue	False	True	Phoebe | Vince | Rachel | Chandler | Joey | Ross	Chandler	Vince	False		Speaker agrees with available community-transcript mapping.	i know	Chandler	Chandler	present	char_tracker_stage05	chandler	present	1.0		high	
4	54	126.72	127.48	Look, I gotta go.	Vince	high	community_transcript_match	1.0	dialogue	False	True	Phoebe | Vince | Rachel | Chandler | Joey | Ross	Chandler	Vince	False		Speaker agrees with available community-transcript mapping.	Look, I gotta go	Vince	Vince	present	char_tracker_stage05	chandler|phoebe	unobserved			high	
4	55	127.48	128.48	I'm on call tonight.	Vince	high	community_transcript_match	1.0	dialogue	False	True	Phoebe | Vince | Rachel | Chandler | Joey | Ross	Vince	Vince	False		Speaker agrees with available community-transcript mapping.	(to Phoebe) Look, I gotta go. I'm on call tonight. (kisses her) See you Saturday. (leaves)	Vince	Vince	present	char_tracker_stage05	phoebe	unobserved			high	
4	56	129.12	129.76	See you Saturday.	Vince	high	community_transcript_match	1.0	dialogue	False	True	Phoebe | Vince | Rachel | Chandler | Joey | Ross	Vince	Phoebe	False		Speaker agrees with available community-transcript mapping.	See you Saturday	Vince	Vince	absent	char_tracker_stage05		unobserved			high	
4	57	129.84	130.4	Okay.	Phoebe	high	community_transcript_match	1.0	dialogue	False	True	Phoebe | Vince | Rachel | Chandler | Joey | Ross	Vince	Rachel	True	speaker_no_face	Speaker agrees with available community-transcript mapping.	Okay. (watches him leave)	Phoebe	Phoebe	absent	char_tracker_stage05		absent	0.0		medium	speaker_no_face
4	58	133.769	135.249	Wow, he's cute, Pheebs.	Rachel	high	community_transcript_match	1.0	dialogue	False	True	Phoebe | Vince | Rachel | Chandler | Joey | Ross	Phoebe	Rachel	False		Speaker agrees with available community-transcript mapping.	Wow, he's cute, Pheebs	Rachel	Rachel	present	char_tracker_stage05	rachel	present	1.0		high	
4	59	135.249	137.489	But I thought you just started dating the kindergarten teacher.	Rachel	high	community_transcript_match	1.0	dialogue	False	True	Phoebe | Vince | Rachel | Chandler | Joey | Ross	Rachel	Phoebe	False		Speaker agrees with available community-transcript mapping.	Wow, he's cute, Pheebs! But I thought you just started dating that Kindergarten teacher.	Rachel	Rachel	present	char_tracker_stage05	rachel	present	1.0		high	
4	60	137.489	138.169	Oh, Jason.	Phoebe	high	community_transcript_match	1.0	dialogue	False	True	Phoebe | Vince | Rachel | Chandler | Joey | Ross	Rachel	Phoebe	False		Speaker agrees with available community-transcript mapping.	Oh, Jason	Phoebe	Phoebe	present	char_tracker_stage05	phoebe|rachel	present	1.0		high	
4	61	138.489	140.329	Yeah, we're seeing each other tonight.	Phoebe	high	community_transcript_match	1.0	dialogue	False	True	Phoebe | Vince | Rachel | Chandler | Joey | Ross	Phoebe	Rachel	False		Speaker agrees with available community-transcript mapping.	Oh, Jason? Yeah, uh-huh, we're seeing each other tonight.	Phoebe	Phoebe	present	char_tracker_stage05	phoebe	present	0.6667		high	
4	62	140.809	141.209	What?	Rachel	high	community_transcript_match	1.0	dialogue	False	True	Phoebe | Vince | Rachel | Chandler | Joey | Ross	Phoebe	Rachel	False		Speaker agrees with available community-transcript mapping.	What-Pheebs	Rachel	Rachel	present	char_tracker_stage05	rachel	present	0.5		high	
4	63	141.209	144.329	Pheebs, two dates in one day?	Rachel	high	community_transcript_match	1.0	dialogue	False	True	Phoebe | Vince | Rachel | Chandler | Joey | Ross	Rachel	Rachel	False		Speaker agrees with available community-transcript mapping.	What-Pheebs?! Two dates in one day? That's so unlike you.	Rachel	Rachel	present	char_tracker_stage05	chandler|rachel	present	1.0		high	
4	64	144.329	145.689	That's so unlike you.	Rachel	high	community_transcript_match	1.0	dialogue	False	True	Phoebe | Vince | Rachel | Chandler | Joey | Ross	Rachel	Phoebe	False		Speaker agrees with available community-transcript mapping.	That's so unlike you	Rachel	Rachel	present	char_tracker_stage05	chandler|phoebe|rachel	present	1.0		high	
4	65	145.689	146.808	I know, I know.	Phoebe	low	scene_context_inference	0.58	dialogue	True	False	Phoebe | Vince | Rachel | Chandler | Joey | Ross	Rachel	Phoebe	True	two_sided_context_ambiguous | low_speaker_confidence	No direct transcript match; weak local context only.				present	char_tracker_stage05	chandler|phoebe|rachel	present			low	low_speaker_confidence
4	66	146.808	148.089	I'm, like, playing the field.	Phoebe	high	community_transcript_match	1.0	dialogue	False	True	Phoebe | Vince | Rachel | Chandler | Joey | Ross	Phoebe	Phoebe	False		Speaker agrees with available community-transcript mapping.	i know i know i'm like playing the field y'know y'know y'know this kind've like y'know oat sowin' field playin' juggler	Phoebe	Phoebe	present	char_tracker_stage05	phoebe	present	1.0		high	
4	67	148.249	151.849	You know, like juggling two guys and sowing my wild oats.	Phoebe	high	community_transcript_match	1.0	dialogue	False	True	Phoebe | Vince | Rachel | Chandler | Joey | Ross	Phoebe	Phoebe	False		Speaker agrees with available community-transcript mapping.	I know, I know! I'm like playing the field. Y'know? Like, juggling two guys, I'm sowing my wild oats. Y'know? Y'know, this kind've like y'know oat-sowin', field-playin' juggler.	Phoebe	Phoebe	present	char_tracker_stage05	phoebe	present	1.0		high	
4	68	153.369	155.889	You know, this kind of like, you know, oat sewing field.	Phoebe	medium	visual_disambiguation	0.74	dialogue	True	False	Phoebe | Vince | Rachel | Chandler | Joey | Ross	Phoebe	Phoebe	False		Only one of the two text-context candidates was visually present in the window.				present	char_tracker_stage05	phoebe	present			medium	
4	69	155.889	156.809	Playing juggler.	Phoebe	medium	visual_disambiguation	0.74	dialogue	True	False	Phoebe | Vince | Rachel | Chandler | Joey | Ross	Phoebe	Joey	False		Only one of the two text-context candidates was visually present in the window.				present	char_tracker_stage05	phoebe	present			medium	
4	70	157.929	159.689	So, Phoebe, do they know about each other?	Joey	high	community_transcript_match	1.0	dialogue	False	True	Phoebe | Vince | Rachel | Chandler | Joey | Ross	Phoebe	Phoebe	False		Speaker agrees with available community-transcript mapping.	So Pheebs, do they know about each other?	Joey	Joey	present	char_tracker_stage05	joey|phoebe	present	1.0		high	
4	71	160.45	162.29	Does a dog's lips move when he reads?	Phoebe	high	community_transcript_match	1.0	dialogue	False	True	Phoebe | Vince | Rachel | Chandler | Joey | Ross	Joey	Phoebe	False		Speaker agrees with available community-transcript mapping.	Does a dog's lips move when he reads? (Joey makes an `I don't know' face, and looks to Chandler and Rachel, who're also stumped) Okay, no they don't.	Phoebe	Phoebe	present	char_tracker_stage05	phoebe	present	1.0		high	
4	72	167.09	167.73	Okay, no.	Phoebe	high	community_transcript_match	1.0	dialogue	False	True	Phoebe | Vince | Rachel | Chandler | Joey | Ross	Phoebe	Phoebe	False		Speaker agrees with available community-transcript mapping.	Okay, no they don't	Phoebe	Phoebe	present	char_tracker_stage05	phoebe	present	1.0		high	
4	73	167.73	168.61	They don't know me.	Phoebe	high	community_transcript_match	1.0	dialogue	False	True	Phoebe | Vince | Rachel | Chandler | Joey | Ross	Phoebe	Ross	False		Speaker agrees with available community-transcript mapping.	they don't	Phoebe	Phoebe	present	char_tracker_stage05	phoebe	present	0.5		high	
4	74	171.09	171.89	Hey, guys.	Ross	high	community_transcript_match	1.0	dialogue	False	True	Phoebe | Vince | Rachel | Chandler | Joey | Ross	Phoebe	Joey	True	speaker_no_face	Speaker agrees with available community-transcript mapping.	(entering) Hey guys!	Ross	Ross	absent	char_tracker_stage05		absent	0.0		medium	speaker_no_face
4	75	171.89	172.29	Hey.	Joey	high	community_transcript_match	1.0	dialogue	False	True	Phoebe | Vince | Rachel | Chandler | Joey | Ross	Ross	Joey	True	speaker_offscreen	Speaker agrees with available community-transcript mapping.	Hey.	Joey	Joey	present	char_tracker_stage05	ross	absent	0.0		low	speaker_offscreen
4	76	172.29	172.69	Hey.	Joey	medium	scene_context_inference	0.68	dialogue	True	False	Phoebe | Vince | Rachel | Chandler | Joey | Ross	Joey		True	scene_end_short_utterance | speaker_offscreen	Filled from previous same-scene context.				present	char_tracker_stage05	ross	absent			low	speaker_offscreen
5	77	175.729	176.65	Well, okay.	Joey	high	community_transcript_match	1.0	dialogue	False	True	Joey | Chandler | Ross		Chandler	True	speaker_offscreen	Speaker agrees with available community-transcript mapping.	(going over to him) Well?!	Joey	Joey	present	char_tracker_stage05	ross	absent	0.0		low	speaker_offscreen
5	78	176.65	177.81	How'd it go with the doctors?	Chandler	high	community_transcript_match	1.0	dialogue	False	True	Joey | Chandler | Ross	Joey	Ross	False		Speaker agrees with available community-transcript mapping.	(joining them) Okay, how'd it go at the doctor's?	Chandler	Chandler	present	char_tracker_stage05	chandler|ross	present	0.5		high	
5	79	177.81	180.29	Well, he said there's definitely nothing to worry about.	Ross	high	community_transcript_match	1.0	dialogue	False	True	Joey | Chandler | Ross	Chandler	Ross	False		Speaker agrees with available community-transcript mapping.	Well, he said there's definitely nothing to worry about, it's totally benign.	Ross	Ross	present	char_tracker_stage05	chandler|joey|ross	present	1.0		high	
5	80	180.29	181.73	It's totally benign.	Ross	high	community_transcript_match	1.0	dialogue	False	True	Joey | Chandler | Ross	Ross	Joey	False		Speaker agrees with available community-transcript mapping.	it's totally benign	Ross	Ross	present	char_tracker_stage05	chandler|joey|ross	present	1.0		high	
5	81	182.05	182.93	Well, what is it?	Joey	high	community_transcript_match	1.0	dialogue	False	True	Joey | Chandler | Ross	Ross	Ross	False		Speaker agrees with available community-transcript mapping.	Well what is it?!	Joey	Joey	present	char_tracker_stage05	joey|ross	present	1.0		high	
5	82	182.93	184.29	They couldn't even tell me.	Ross	high	community_transcript_match	1.0	dialogue	False	True	Joey | Chandler | Ross	Joey	Ross	False		Speaker agrees with available community-transcript mapping.	He couldn't even tell me	Ross	Ross	present	char_tracker_stage05	joey|ross	present	1.0		high	
5	83	184.29	189.05	He said it was just some sort of skin abnormality.	Ross	high	community_transcript_match	1.0	dialogue	False	True	Joey | Chandler | Ross	Ross	Joey	False		Speaker agrees with available community-transcript mapping.	He couldn't even tell me! He said it was just some sort of skin... abnormality.	Ross	Ross	present	char_tracker_stage05	joey|ross	present	1.0		high	
5	84	190.25	190.57	So.	Joey	medium	short_turn_alternation	0.7	dialogue	True	False	Joey | Chandler | Ross	Ross	Joey	True	short_utterance_between_two_speakers	Short utterance inferred from local turn alternation.				present	char_tracker_stage05	joey|ross	present			medium	
5	85	190.57	191.49	So it's just skin?	Joey	high	community_transcript_match	1.0	dialogue	False	True	Joey | Chandler | Ross	Joey	Ross	False		Speaker agrees with available community-transcript mapping.	So it's just skin?	Joey	Joey	present	char_tracker_stage05	joey|ross	present	1.0		high	
5	86	191.49	193.25	Well, no, he said it's skin.	Ross	high	community_transcript_match	1.0	dialogue	False	True	Joey | Chandler | Ross	Joey	Chandler	False		Speaker agrees with available community-transcript mapping.	Well, no. He said it's skin-like.	Ross	Ross	present	char_tracker_stage05	joey|ross	present	1.0		high	
5	87	193.25	196.49	Like, okay, so it's not skin.	Chandler	high	community_transcript_match	1.0	dialogue	False	True	Joey | Chandler | Ross	Ross	Ross	False		Speaker agrees with available community-transcript mapping.	Okay. So it's not skin.	Chandler	Chandler	present	char_tracker_stage05	chandler|joey|ross	present	0.75		high	
5	88	196.57	198.17	Well, it's in the skin family.	Ross	high	community_transcript_match	1.0	dialogue	False	True	Joey | Chandler | Ross	Chandler	Ross	False		Speaker agrees with available community-transcript mapping.	well it's in the skin family he he said	Ross	Ross	present	char_tracker_stage05	chandler|joey|ross	present	1.0		high	
5	89	199.45	201.25	And the worst thing is, he said.	Ross	high	community_transcript_match	1.0	dialogue	False	True	Joey | Chandler | Ross	Ross	Ross	False		Speaker agrees with available community-transcript mapping.	well it's in the skin family and the worst thing is he he he said	Ross	Ross	present	char_tracker_stage05	joey|ross	present	1.0		high	
5	90	201.25	204.65	He said without being able to identify it he was reluctant to remove it.	Ross	high	community_transcript_match	1.0	dialogue	False	True	Joey | Chandler | Ross	Ross	Ross	False		Speaker agrees with available community-transcript mapping.	Well it's in the skin family. And the worst thing is he-he-he said, he said, without being able to identify it, he was reluctant to remove it.	Ross	Ross	present	char_tracker_stage05	joey|ross	present	1.0		high	
5	91	204.97	205.65	Well, you know what?	Ross	medium	scene_context_inference	0.7100000000000001	dialogue	True	False	Joey | Chandler | Ross	Ross	Chandler	True	medium_confidence_context_fill	Continuation-style opener favors previous speaker within the same scene.				present	char_tracker_stage05	chandler|joey|ross	present			medium	
5	92	205.65	206.69	You should go to my guy.	Chandler	high	community_transcript_match	1.0	dialogue	False	True	Joey | Chandler | Ross	Ross	Chandler	False		Speaker agrees with available community-transcript mapping.	You should go to my guy, because when I went in there with my third nipple	Chandler	Chandler	present	char_tracker_stage05	chandler|joey	present	1.0		high	
5	93	206.69	211.77	Cause when I went in there with my third nipple, he just lopped it right off.	Chandler	high	community_transcript_match	1.0	dialogue	False	True	Joey | Chandler | Ross	Chandler	Chandler	False		Speaker agrees with available community-transcript mapping.	Y'know what? You should go to my guy, because when I went in there with my third nipple. He just lopped it right off. Y'know? So I guess I'm lucky. I mean not as lucky as people who were born with two nipples.	Chandler	Chandler	present	char_tracker_stage05	chandler|joey	present	1.0		high	
5	94	212.01	212.57	You know?	Chandler	high	community_transcript_match	1.0	dialogue	False	True	Joey | Chandler | Ross	Chandler	Chandler	False		Speaker agrees with available community-transcript mapping.	Y'know	Chandler	Chandler	present	char_tracker_stage05	chandler|joey	present	1.0		high	
5	95	212.89	214.01	So I guess I'm lucky.	Chandler	high	community_transcript_match	1.0	dialogue	False	True	Joey | Chandler | Ross	Chandler	Chandler	False		Speaker agrees with available community-transcript mapping.	So I guess I'm lucky	Chandler	Chandler	present	char_tracker_stage05	chandler|joey	present	1.0		high	
5	96	214.88	218.0	I mean, not as lucky as people who are born with two nipples.	Chandler	high	community_transcript_match	1.0	dialogue	False	True	Joey | Chandler | Ross	Chandler	Ross	False		Speaker agrees with available community-transcript mapping.	I mean not as lucky as people who were born with two nipples	Chandler	Chandler	present	char_tracker_stage05	chandler|joey|ross	present	1.0		high	
5	97	219.6	221.24	At least they knew what yours was.	Ross	high	community_transcript_match	1.0	dialogue	False	True	Joey | Chandler | Ross	Chandler	Ross	False		Speaker agrees with available community-transcript mapping.	At least they knew what yours was. Y'know, yours had a name.	Ross	Ross	present	char_tracker_stage05	joey|ross	present	1.0		high	
5	98	221.24	222.64	You know, yours had a name.	Ross	high	community_transcript_match	1.0	dialogue	False	True	Joey | Chandler | Ross	Ross	Joey	False		Speaker agrees with available community-transcript mapping.	Y'know, yours had a name	Ross	Ross	present	char_tracker_stage05	joey|ross	present	1.0		high	
5	99	223.44	223.92	Oh.	Joey	high	community_transcript_match	1.0	reaction	False	True	Joey | Chandler | Ross	Ross	Joey	False		Speaker agrees with available community-transcript mapping.	Oh	Joey	Joey	present	char_tracker_stage05	joey|ross	present	1.0		high	
5	100	224.32	226.0	Maybe they'll name yours after you.	Joey	high	community_transcript_match	1.0	dialogue	False	True	Joey | Chandler | Ross	Joey	Joey	False		Speaker agrees with available community-transcript mapping.	Maybe they'll name yours after you	Joey	Joey	present	char_tracker_stage05	joey|ross	present	1.0		high	
5	101	227.52	229.36	You know, they'd call it the Ross.	Joey	high	community_transcript_match	1.0	dialogue	False	True	Joey | Chandler | Ross	Joey	Joey	False		Speaker agrees with available community-transcript mapping.	Y'know, they'll call it, The Ross	Joey	Joey	present	char_tracker_stage05	joey|ross	present	1.0		high	
5	102	230.32	233.04	And then people would be like, oh, he's got a Ross.	Joey	high	community_transcript_match	1.0	dialogue	False	True	Joey | Chandler | Ross	Joey	Ross	False		Speaker agrees with available community-transcript mapping.	"Oh! Maybe they'll name yours after you! Y'know, they'll call it, The Ross. And then people would be like, ""Awww, he's got a Ross."""	Joey	Joey	present	char_tracker_stage05	joey|ross	present	1.0		high	
5	103	235.68	236.96	Yeah, that'd be cool.	Ross	high	community_transcript_match	1.0	dialogue	False	True	Joey | Chandler | Ross	Joey		False		Speaker agrees with available community-transcript mapping.	(sarcastic) Yeah, that'd be cool!	Ross	Ross	present	char_tracker_stage05	chandler|ross	present	1.0		high	
6	104	239.52	240.96	Pete's breaking up with me.	Monica	high	community_transcript_match	1.0	dialogue	False	True	Monica | All | Rachel | Joey | Jason		All	True	speaker_offscreen	Speaker agrees with available community-transcript mapping.	Pete's breaking up with me.	Monica	Monica	present	char_tracker_stage05	chandler|ross	absent	0.0		low	speaker_offscreen
6	105	241.67	241.91	What?	All	high	community_transcript_match	1.0	dialogue	False	True	Monica | All | Rachel | Joey | Jason	Monica	Monica	False		Speaker agrees with available community-transcript mapping.	What?!	All	All	absent	char_tracker_stage05		unobserved			high	
6	106	243.11	248.15	I just checked my messages and he said that when he gets back from Atlanta, we need to talk.	Monica	high	community_transcript_match	1.0	dialogue	False	True	Monica | All | Rachel | Joey | Jason	All	Rachel	False		Speaker agrees with available community-transcript mapping.	I just checked my messages, and he said that when he gets back from Atlanta, we need to talk.	Monica	Monica	present	char_tracker_stage05	monica	present	0.8333		high	
6	107	248.87	249.27	And?	Rachel	high	community_transcript_match	1.0	dialogue	False	True	Monica | All | Rachel | Joey | Jason	Monica	Monica	True	speaker_offscreen	Speaker agrees with available community-transcript mapping.	And?	Rachel	Rachel	present	char_tracker_stage05	monica	absent	0.0		low	speaker_offscreen
6	108	249.59	250.39	Well, that's it.	Monica	high	community_transcript_match	1.0	dialogue	False	True	Monica | All | Rachel | Joey | Jason	Rachel	Monica	False		Speaker agrees with available community-transcript mapping.	Well that's it	Monica	Monica	present	char_tracker_stage05	monica	present	1.0		high	
6	109	250.63	253.67	People never say, we need to talk unless it's something bad.	Monica	high	community_transcript_match	1.0	dialogue	False	True	Monica | All | Rachel | Joey | Jason	Monica	Joey	False		Speaker agrees with available community-transcript mapping.	Well that's it. People never say `We need to talk' unless it's something bad.	Monica	Monica	present	char_tracker_stage05	monica	present	1.0		high	
6	110	253.91	254.31	Whoa.	Joey	high	community_transcript_match	1.0	dialogue	False	True	Monica | All | Rachel | Joey | Jason	Monica	Joey	True	speaker_offscreen	Speaker agrees with available community-transcript mapping.	whoa	Joey	Joey	present	char_tracker_stage05	monica	absent	0.0		low	speaker_offscreen
6	111	254.31	256.79	That doesn't necessarily mean he's breaking up with you.	Joey	high	community_transcript_match	1.0	dialogue	False	True	Monica | All | Rachel | Joey | Jason	Joey	Monica	True	speaker_no_face	Speaker agrees with available community-transcript mapping.	Whoa, that doesn't necessarily mean that he's breaking up with you.	Joey	Joey	absent	char_tracker_stage05		absent	0.0		medium	speaker_no_face
6	112	257.99	258.39	Really?	Monica	high	community_transcript_match	1.0	dialogue	False	True	Monica | All | Rachel | Joey | Jason	Joey	Joey	False		Speaker agrees with available community-transcript mapping.	Really?!	Monica	Monica	present	char_tracker_stage05	joey|monica|ross	present	1.0		high	
6	113	258.63	259.07	Yeah.	Joey	high	community_transcript_match	1.0	dialogue	False	True	Monica | All | Rachel | Joey | Jason	Monica	Joey	False		Speaker agrees with available community-transcript mapping.	yeah	Joey	Joey	present	char_tracker_stage05	joey|monica|ross	present	1.0		high	
6	114	259.07	260.55	Maybe he just cheated on you.	Joey	high	community_transcript_match	1.0	dialogue	False	True	Monica | All | Rachel | Joey | Jason	Joey	Jason	False		Speaker agrees with available community-transcript mapping.	Yeah, maybe he just cheated on you.	Joey	Joey	present	char_tracker_stage05	joey|ross	present	1.0		high	
6	115	266.15	268.31	And I know I'll never get rich doing it.	Jason	high	community_transcript_match	1.0	dialogue	False	True	Monica | All | Rachel | Joey | Jason	Joey		False		Speaker agrees with available community-transcript mapping.	and i know i'll never miss doing it	Jason	Jason	partial	char_tracker_stage05		unobserved			high	
7	116	268.49	272.33	But I gotta tell you, it's pretty cool knowing that you're making a difference in a kid's life.	Jason	high	community_transcript_match	1.0	dialogue	False	True	Jason | Phoebe | Ross		Phoebe	False		Speaker agrees with available community-transcript mapping.	...and I know I'll never miss doing it, but I gotta tell you, it's pretty cool knowing that you're making a difference in a kid's life.	Jason	Jason	present	char_tracker_stage05	phoebe	unobserved			high	
7	117	272.81	273.93	That is so great.	Phoebe	high	community_transcript_match	1.0	dialogue	False	True	Jason | Phoebe | Ross	Jason	Phoebe	False		Speaker agrees with available community-transcript mapping.	That is so great! Oh, I... (sees that a parked car near them has caught on fire) Oh my God!	Phoebe	Phoebe	present	char_tracker_stage05	phoebe	present	1.0		high	
7	118	276.25	277.05	Oh, my God.	Phoebe	high	community_transcript_match	1.0	dialogue	False	True	Jason | Phoebe | Ross	Phoebe	Phoebe	True	speaker_no_face	Speaker agrees with available community-transcript mapping.	Oh, I	Phoebe	Phoebe	absent	char_tracker_stage05		absent	0.0		medium	speaker_no_face
7	119	277.45	277.93	Oh.	Phoebe	high	community_transcript_match	1.0	reaction	False	True	Jason | Phoebe | Ross	Phoebe	Phoebe	True	speaker_no_face	Speaker agrees with available community-transcript mapping.	Oh my God	Phoebe	Phoebe	absent	char_tracker_stage05		absent	0.0		medium	speaker_no_face
7	120	278.09	278.97	Oh, my God.	Phoebe	high	community_transcript_match	1.0	dialogue	False	True	Jason | Phoebe | Ross	Phoebe	Jason	True	speaker_no_face	Speaker agrees with available community-transcript mapping.	(the fire has worsened) Oh my God!!!	Phoebe	Phoebe	absent	char_tracker_stage05		absent	0.0		medium	speaker_no_face
7	121	279.53	280.57	We better call the fire department.	Jason	high	community_transcript_match	1.0	dialogue	False	True	Jason | Phoebe | Ross	Phoebe	Phoebe	False		Speaker agrees with available community-transcript mapping.	Ahh-ahh, we'd better call the fire department!	Jason	Jason	absent	char_tracker_stage05		unobserved			high	
7	122	280.73	282.49	No, no, no, no.	Phoebe	high	community_transcript_match	1.0	dialogue	False	True	Jason | Phoebe | Ross	Jason	Phoebe	False		Speaker agrees with available community-transcript mapping.	(stopping him) No! No!	Phoebe	Phoebe	present	char_tracker_stage05	phoebe	present	0.6667		high	
7	123	282.65	283.45	Look, we don't.	Phoebe	high	scene_context_bridge	0.88	dialogue	True	False	Jason | Phoebe | Ross	Phoebe	Phoebe	False		Same speaker appears on both sides within the same scene.				present	char_tracker_stage05	phoebe	present			high	
7	124	283.69	284.97	We don't need a fireman.	Phoebe	high	community_transcript_match	1.0	dialogue	False	True	Jason | Phoebe | Ross	Phoebe	Phoebe	False		Speaker agrees with available community-transcript mapping.	well we don't n n n n need a fireman we'd we'd	Phoebe	Phoebe	present	char_tracker_stage05	phoebe	present	1.0		high	
7	125	284.97	287.21	We need, like, a good mechanic.	Phoebe	high	community_transcript_match	1.0	dialogue	False	True	Jason | Phoebe | Ross	Phoebe	Jason	False		Speaker agrees with available community-transcript mapping.	Well, we don't n-n-n-n-need a fireman, we'd, we'd like a good mechanic.	Phoebe	Phoebe	present	char_tracker_stage05	phoebe	present	1.0		high	
7	126	288.57	288.97	What?	Jason	high	community_transcript_match	1.0	dialogue	False	True	Jason | Phoebe | Ross	Phoebe	Phoebe	False		Speaker agrees with available community-transcript mapping.	Wh-What?!	Jason	Jason	present	char_tracker_stage05	phoebe	unobserved			high	
7	127	289.45	291.93	Well, it's probably just really low on coolant.	Phoebe	high	community_transcript_match	1.0	dialogue	False	True	Jason | Phoebe | Ross	Jason	Phoebe	False		Speaker agrees with available community-transcript mapping.	Well, it's pro-probably just really low on coolant. (hears the sound of approaching sirens) Oh my God, here they come! Well, we gotta get out of here!	Phoebe	Phoebe	present	char_tracker_stage05	phoebe	present	1.0		high	
7	128	293.37	294.97	Oh, my God, here they come.	Phoebe	high	community_transcript_match	1.0	dialogue	False	True	Jason | Phoebe | Ross	Phoebe	Phoebe	True	speaker_no_face	Speaker agrees with available community-transcript mapping.	Oh my God, here they come	Phoebe	Phoebe	absent	char_tracker_stage05		absent	0.0		medium	speaker_no_face
7	129	295.13	296.17	We gotta get out of here.	Phoebe	high	community_transcript_match	1.0	dialogue	False	True	Jason | Phoebe | Ross	Phoebe	Jason	True	speaker_no_face	Speaker agrees with available community-transcript mapping.	Well, we gotta get out of here	Phoebe	Phoebe	absent	char_tracker_stage05		absent	0.0		medium	speaker_no_face
7	130	296.41	297.01	Wait, wait.	Jason	high	community_transcript_match	1.0	dialogue	False	True	Jason | Phoebe | Ross	Phoebe	Jason	False		Speaker agrees with available community-transcript mapping.	W-w-w-wait! Why?!	Jason	Jason	present	char_tracker_stage05	phoebe	unobserved			high	
7	131	297.01	297.37	Why?	Jason	high	community_transcript_match	1.0	dialogue	False	True	Jason | Phoebe | Ross	Jason	Phoebe	False		Speaker agrees with available community-transcript mapping.	Why	Jason	Jason	present	char_tracker_stage05	phoebe	unobserved			high	
7	132	297.45	299.77	Look, if I wanted to see a fireman, I would date one.	Phoebe	high	community_transcript_match	1.0	dialogue	False	True	Jason | Phoebe | Ross	Jason	Ross	False		Speaker agrees with available community-transcript mapping.	Well look, if I wanted to see a fireman, I would date one. Okay? (she drags him away)	Phoebe	Phoebe	present	char_tracker_stage05	phoebe	present	1.0		high	
7	133	303.43	304.99	That's all it is, a third nipple.	Ross	high	community_transcript_match	1.0	dialogue	False	True	Jason | Phoebe | Ross	Phoebe		False		Speaker agrees with available community-transcript mapping.	th th that's all it is a third nipple y'know y'know you can take it off just slice that baby right off	Ross	Ross	present	char_tracker_stage05	ross	present	1.0		high	
8	134	304.99	307.91	You know, just your run of the mill third nipple.	Ross	high	community_transcript_match	1.0	dialogue	False	True	Ross | Dr. Rhodes | Dr. Johnson		Ross	False		Speaker agrees with available community-transcript mapping.	Th-th-that's all it is, a third nipple. Y'know? Just your run-of-the-mill third nipple. Y'know? You can take it off. Just slice that baby right off!	Ross	Ross	present	char_tracker_stage05	ross	present	1.0		high	
8	135	308.79	309.87	You can take it off.	Ross	medium	visual_disambiguation	0.74	dialogue	True	False	Ross | Dr. Rhodes | Dr. Johnson	Ross	Ross	False		Only one of the two text-context candidates was visually present in the window.				present	char_tracker_stage05	ross	present			medium	
8	136	309.87	311.67	Just slice that baby right off.	Ross	medium	visual_disambiguation	0.74	dialogue	True	False	Ross | Dr. Rhodes | Dr. Johnson	Ross	Dr. Rhodes	False		Only one of the two text-context candidates was visually present in the window.				present	char_tracker_stage05	ross	present			medium	
8	137	312.55	314.95	Take your shirt off and let's see what we're dealing with here.	Dr. Rhodes	high	community_transcript_match	1.0	dialogue	False	True	Ross | Dr. Rhodes | Dr. Johnson	Ross	Dr. Rhodes	False		Speaker agrees with available community-transcript mapping.	Take your shirt off, and let's see what we're dealing with here. (Ross starts to take off his pants) What are you doing?	Dr. Rhodes	Dr. Rhodes	present	char_tracker_stage05	ross	unobserved			high	
8	138	318.39	319.27	What are you doing?	Dr. Rhodes	high	community_transcript_match	1.0	dialogue	False	True	Ross | Dr. Rhodes | Dr. Johnson	Dr. Rhodes	Ross	False		Speaker agrees with available community-transcript mapping.	What are you doing	Dr. Rhodes	Dr. Rhodes	present	char_tracker_stage05	ross	unobserved			high	
8	139	321.03	322.99	Just showing you my run of the mill.	Ross	high	community_transcript_match	1.0	dialogue	False	True	Ross | Dr. Rhodes | Dr. Johnson	Dr. Rhodes	Ross	False		Speaker agrees with available community-transcript mapping.	Just showing you my run-of-the-mill-slice-it-right-off third nipple.	Ross	Ross	present	char_tracker_stage05	ross	present	1.0		high	
8	140	322.99	323.95	Slice it right off.	Ross	high	community_transcript_match	1.0	dialogue	False	True	Ross | Dr. Rhodes | Dr. Johnson	Ross	Ross	False		Speaker agrees with available community-transcript mapping.	slice it right off third nipple	Ross	Ross	present	char_tracker_stage05	ross	present	1.0		high	
8	141	323.95	324.79	Third nipple.	Ross	high	community_transcript_match	1.0	dialogue	False	True	Ross | Dr. Rhodes | Dr. Johnson	Ross	Dr. Rhodes	False		Speaker agrees with available community-transcript mapping.	third nipple	Ross	Ross	present	char_tracker_stage05	ross	present	1.0		high	
8	142	325.75	327.11	Well, that's not a thief.	Dr. Rhodes	high	community_transcript_match	1.0	dialogue	False	True	Ross | Dr. Rhodes | Dr. Johnson	Ross	Dr. Rhodes	False		Speaker agrees with available community-transcript mapping.	Well that's not a third nipple.	Dr. Rhodes	Dr. Rhodes	present	char_tracker_stage05	ross	unobserved			high	
8	143	328.78	329.98	First of all, it's on your ass.	Dr. Rhodes	high	community_transcript_match	1.0	dialogue	False	True	Ross | Dr. Rhodes | Dr. Johnson	Dr. Rhodes	Ross	False		Speaker agrees with available community-transcript mapping.	First of all, it's on your ass.	Dr. Rhodes	Dr. Rhodes	present	char_tracker_stage05	ross	unobserved			high	
8	144	331.9	333.18	Well, then what is it?	Ross	high	community_transcript_match	1.0	dialogue	False	True	Ross | Dr. Rhodes | Dr. Johnson	Dr. Rhodes	Dr. Rhodes	False		Speaker agrees with available community-transcript mapping.	Well then, what is it?!	Ross	Ross	present	char_tracker_stage05	ross	present	1.0		high	
8	145	333.82	334.42	Wait a minute.	Dr. Rhodes	high	community_transcript_match	1.0	dialogue	False	True	Ross | Dr. Rhodes | Dr. Johnson	Ross	Dr. Rhodes	False		Speaker agrees with available community-transcript mapping.	wait a minute johnson	Dr. Rhodes	Dr. Rhodes	present	char_tracker_stage05	ross	unobserved			high	
8	146	334.42	334.94	Hold it.	Dr. Rhodes	high	community_transcript_match	1.0	dialogue	False	True	Ross | Dr. Rhodes | Dr. Johnson	Dr. Rhodes	Dr. Rhodes	False		Speaker agrees with available community-transcript mapping.	wait a minute hold it johnson	Dr. Rhodes	Dr. Rhodes	present	char_tracker_stage05	ross	unobserved			high	
8	147	337.9	339.58	Jansen, will you come in here a moment?	Dr. Rhodes	high	community_transcript_match	1.0	dialogue	False	True	Ross | Dr. Rhodes | Dr. Johnson	Dr. Rhodes	Dr. Johnson	False		Speaker agrees with available community-transcript mapping.	Wait a minute, hold it. (He goes to the door and opens it.) Johnson! Will you come in here a moment?	Dr. Rhodes	Dr. Rhodes	absent	char_tracker_stage05		unobserved			high	
8	148	339.66	340.78	I'm with Hamilton.	Dr. Johnson	high	community_transcript_match	1.0	dialogue	False	True	Ross | Dr. Rhodes | Dr. Johnson	Dr. Rhodes	Dr. Rhodes	False		Speaker agrees with available community-transcript mapping.	I'm with Hamilton!	Dr. Johnson	Dr. Johnson	absent	char_tracker_stage05		unobserved			high	
8	149	340.94	342.14	He's good with weird things.	Dr. Rhodes	high	community_transcript_match	1.0	dialogue	False	True	Ross | Dr. Rhodes | Dr. Johnson	Dr. Johnson	Dr. Rhodes	False		Speaker agrees with available community-transcript mapping.	he's good with rear things	Dr. Rhodes	Dr. Rhodes	absent	char_tracker_stage05		unobserved			high	
8	150	342.14	342.94	Bring him in too.	Dr. Rhodes	high	community_transcript_match	1.0	dialogue	False	True	Ross | Dr. Rhodes | Dr. Johnson	Dr. Rhodes		False		Speaker agrees with available community-transcript mapping.	He's good with rear things, bring him in too.	Dr. Rhodes	Dr. Rhodes	absent	char_tracker_stage05		unobserved			high	
9	151	347.26	350.86	Hey, you know, you don't see a lot of topless tap dancing.	Joey	high	community_transcript_match	1.0	dialogue	False	True	Joey | Monica | Chandler | Phoebe | Rachel | Dr. Rhodes		Joey	False		Speaker agrees with available community-transcript mapping.	Hey, you know what you don't see a lot of? Topless tap dancing.	Joey	Joey	present	char_tracker_stage05	joey	present	0.5		high	
9	152	354.46	356.78	I really enjoy these little talks we have.	Joey	medium	scene_context_inference	0.66	dialogue	True	False	Joey | Monica | Chandler | Phoebe | Rachel | Dr. Rhodes	Joey	Joey	True	two_sided_context_ambiguous	No direct transcript match; longer line defaulted to previous speaker in same scene.				present	char_tracker_stage05	joey|monica	present			medium	
9	153	359.0	360.2	I better go water Pete's plants.	Joey	medium	scene_context_inference	0.66	dialogue	True	False	Joey | Monica | Chandler | Phoebe | Rachel | Dr. Rhodes	Joey	Monica	True	two_sided_context_ambiguous	No direct transcript match; longer line defaulted to previous speaker in same scene.				present	char_tracker_stage05	joey|monica	present			medium	
9	154	361.0	361.72	You know what?	Monica	low	scene_context_inference	0.58	dialogue	True	False	Joey | Monica | Chandler | Phoebe | Rachel | Dr. Rhodes	Joey	Monica	True	two_sided_context_ambiguous | low_speaker_confidence	No direct transcript match; weak local context only.				present	char_tracker_stage05	joey|monica	present			low	low_speaker_confidence
9	155	361.96	364.76	If he's gonna break up with me, maybe I won't water his plants.	Monica	high	community_transcript_match	1.0	dialogue	False	True	Joey | Monica | Chandler | Phoebe | Rachel | Dr. Rhodes	Monica	Chandler	False		Speaker agrees with available community-transcript mapping.	(sarcastically) I really enjoy these little talks we have. (starting to get up) I gotta go water Pete's plants. (stops) Y'know what, if he's gonna break up with me, maybe I won't water his plants.	Monica	Monica	present	char_tracker_stage05	joey|monica	present	1.0		high	
9	156	365.32	373.4	Well, if he's gonna break up with you, maybe Joey and I should water his plants, if you know what I mean.	Chandler	high	community_transcript_match	1.0	dialogue	False	True	Joey | Monica | Chandler | Phoebe | Rachel | Dr. Rhodes	Monica	Joey	False		Speaker agrees with available community-transcript mapping.	Well, if he's gonna break up with you, maybe Joey and I should water his plants. If y'know what I mean.	Chandler	Chandler	present	char_tracker_stage05	chandler	present	1.0		high	
9	157	374.919	378.2	Or we could go over there and pee on him.	Joey	high	community_transcript_match	1.0	dialogue	False	True	Joey | Monica | Chandler | Phoebe | Rachel | Dr. Rhodes	Chandler	Joey	False		Speaker agrees with available community-transcript mapping.	Or ha-ha, we could go over there and pee on them.	Joey	Joey	present	char_tracker_stage05	joey|monica	present	1.0		high	
9	158	381.48	383.08	And I. I can't take it.	Joey	medium	visual_disambiguation	0.74	dialogue	True	False	Joey | Monica | Chandler | Phoebe | Rachel | Dr. Rhodes	Joey	Joey	False		Only one of the two text-context candidates was visually present in the window.				present	char_tracker_stage05	joey|monica	present			medium	
9	159	383.08	383.88	You know, I'm just.	Joey	medium	visual_disambiguation	0.74	dialogue	True	False	Joey | Monica | Chandler | Phoebe | Rachel | Dr. Rhodes	Joey	Phoebe	False		Only one of the two text-context candidates was visually present in the window.				present	char_tracker_stage05	joey|monica	present			medium	
9	160	383.88	386.48	I'm always afraid one of them's gonna catch me with the other one.	Phoebe	high	community_transcript_match	1.0	dialogue	False	True	Joey | Monica | Chandler | Phoebe | Rachel | Dr. Rhodes	Joey	Phoebe	True	speaker_offscreen	Speaker agrees with available community-transcript mapping.	(entering with Rachel) …and I-I can't take it! Y'know? I'm just, always afraid one of them is gonna catch me with the other one. It's making me crazy.	Phoebe	Phoebe	present	char_tracker_stage05	monica	absent	0.0		low	speaker_offscreen
9	161	386.48	388.15	It's making Me Crazy.	Phoebe	high	community_transcript_match	1.0	dialogue	False	True	Joey | Monica | Chandler | Phoebe | Rachel | Dr. Rhodes	Phoebe	Rachel	True	speaker_no_face	Speaker agrees with available community-transcript mapping.	It's making me crazy	Phoebe	Phoebe	absent	char_tracker_stage05		absent	0.0		medium	speaker_no_face
9	162	388.15	390.55	Well, hey, then why don't you break up with one of them?	Rachel	high	community_transcript_match	1.0	dialogue	False	True	Joey | Monica | Chandler | Phoebe | Rachel | Dr. Rhodes	Phoebe	Joey	True	speaker_no_face	Speaker agrees with available community-transcript mapping.	Well honey, then why don't you break up with one of them?	Rachel	Rachel	partial	char_tracker_stage05		absent	0.0		medium	speaker_no_face
9	163	390.87	391.83	Whoa, whoa, whoa.	Joey	medium	visual_disambiguation	0.74	dialogue	True	False	Joey | Monica | Chandler | Phoebe | Rachel | Dr. Rhodes	Rachel	Joey	False		Only one of the two text-context candidates was visually present in the window.				present	char_tracker_stage05	joey|phoebe	present			medium	
9	164	391.83	392.15	What?	Joey	high	scene_context_bridge	0.88	dialogue	True	False	Joey | Monica | Chandler | Phoebe | Rachel | Dr. Rhodes	Joey	Joey	False		Same speaker appears on both sides within the same scene.				present	char_tracker_stage05	joey|phoebe	present			high	
9	165	392.79	394.23	What happened to playing the field?	Joey	high	community_transcript_match	1.0	dialogue	False	True	Joey | Monica | Chandler | Phoebe | Rachel | Dr. Rhodes	Joey	Joey	False		Speaker agrees with available community-transcript mapping.	Whoa-whoa-whoa. What ah, what happened to playing the field?	Joey	Joey	present	char_tracker_stage05	joey|phoebe	present	1.0		high	
9	166	395.19	395.91	Well, it just.	Joey	medium	scene_context_inference	0.7100000000000001	dialogue	True	False	Joey | Monica | Chandler | Phoebe | Rachel | Dr. Rhodes	Joey	Phoebe	True	medium_confidence_context_fill	Continuation-style opener favors previous speaker within the same scene.				present	char_tracker_stage05	joey|phoebe	present			medium	
9	167	395.91	397.47	It doesn't feel like playing anymore.	Phoebe	high	community_transcript_match	1.0	dialogue	False	True	Joey | Monica | Chandler | Phoebe | Rachel | Dr. Rhodes	Joey	Phoebe	False		Speaker agrees with available community-transcript mapping.	Well, it just, it doesn't feel like playing anymore, it feels like work. It's like I'm working in the field.	Phoebe	Phoebe	present	char_tracker_stage05	joey|phoebe	present	1.0		high	
9	168	397.47	398.39	It feels like work.	Phoebe	high	community_transcript_match	1.0	dialogue	False	True	Joey | Monica | Chandler | Phoebe | Rachel | Dr. Rhodes	Phoebe	Phoebe	False		Speaker agrees with available community-transcript mapping.	well it just it feels like work it's like i'm working in the field	Phoebe	Phoebe	present	char_tracker_stage05	joey|phoebe	present	1.0		high	
9	169	398.39	399.83	It's like I'm working in the field.	Phoebe	high	community_transcript_match	1.0	dialogue	False	True	Joey | Monica | Chandler | Phoebe | Rachel | Dr. Rhodes	Phoebe	Rachel	False		Speaker agrees with available community-transcript mapping.	well it just it's like i'm working in the field	Phoebe	Phoebe	present	char_tracker_stage05	phoebe	present	1.0		high	
9	170	401.75	403.35	So, Phoebe, pick one of them.	Rachel	high	community_transcript_match	1.0	dialogue	False	True	Joey | Monica | Chandler | Phoebe | Rachel | Dr. Rhodes	Phoebe	Monica	False		Speaker agrees with available community-transcript mapping.	So Pheebs, pick one of them.	Rachel	Rachel	present	char_tracker_stage05	rachel	present	1.0		high	
9	171	403.35	404.63	Yeah, which one do you like more?	Monica	high	community_transcript_match	1.0	dialogue	False	True	Joey | Monica | Chandler | Phoebe | Rachel | Dr. Rhodes	Rachel	Phoebe	False		Speaker agrees with available community-transcript mapping.	Yeah. Which one do you like more?	Monica	Monica	present	char_tracker_stage05	monica|phoebe|rachel	present	1.0		high	
9	172	405.03	408.11	Well, Vince is great, you know, because he's, like.	Phoebe	medium	visual_disambiguation	0.74	dialogue	True	False	Joey | Monica | Chandler | Phoebe | Rachel | Dr. Rhodes	Monica	Phoebe	False		Only one of the two text-context candidates was visually present in the window.				present	char_tracker_stage05	phoebe	present			medium	
9	173	408.11	409.47	He's a guy guy, you know?	Phoebe	high	scene_context_bridge	0.88	dialogue	True	False	Joey | Monica | Chandler | Phoebe | Rachel | Dr. Rhodes	Phoebe	Phoebe	False		Same speaker appears on both sides within the same scene.				present	char_tracker_stage05	phoebe	present			high	
9	174	409.47	410.63	He's just so burly.	Phoebe	high	scene_context_bridge	0.88	dialogue	True	False	Joey | Monica | Chandler | Phoebe | Rachel | Dr. Rhodes	Phoebe	Phoebe	False		Same speaker appears on both sides within the same scene.				present	char_tracker_stage05	phoebe	present			high	
9	175	411.03	413.19	So very burly.	Phoebe	high	community_transcript_match	1.0	dialogue	False	True	Joey | Monica | Chandler | Phoebe | Rachel | Dr. Rhodes	Phoebe	Joey	False		Speaker agrees with available community-transcript mapping.	Well, Vince is great, y'know `cause, he's like a guy, guy. Y'know? He's so burly, he's sooo very burly. (giggles)	Phoebe	Phoebe	present	char_tracker_stage05	phoebe	present	1.0		high	
9	176	415.36	416.08	Okay, good.	Joey	high	community_transcript_match	1.0	dialogue	False	True	Joey | Monica | Chandler | Phoebe | Rachel | Dr. Rhodes	Phoebe	Joey	False		Speaker agrees with available community-transcript mapping.	okay good go with vince	Joey	Joey	present	char_tracker_stage05	joey	present	1.0		high	
9	177	416.08	416.88	So there you go.	Joey	high	community_transcript_match	1.0	dialogue	False	True	Joey | Monica | Chandler | Phoebe | Rachel | Dr. Rhodes	Joey	Joey	False		Speaker agrees with available community-transcript mapping.	Okay, good, so there you go. Go with Vince.	Joey	Joey	present	char_tracker_stage05	joey	present	1.0		high	
9	178	416.88	417.76	Go with Vince.	Joey	high	community_transcript_match	1.0	dialogue	False	True	Joey | Monica | Chandler | Phoebe | Rachel | Dr. Rhodes	Joey	Phoebe	False		Speaker agrees with available community-transcript mapping.	Go with Vince	Joey	Joey	present	char_tracker_stage05	joey	present	1.0		high	
9	179	418.16	419.92	Yeah, but Jason's really sensitive.	Phoebe	high	community_transcript_match	1.0	dialogue	False	True	Joey | Monica | Chandler | Phoebe | Rachel | Dr. Rhodes	Joey	Chandler	False		Speaker agrees with available community-transcript mapping.	Yeah, but Jason's really sensitive.	Phoebe	Phoebe	present	char_tracker_stage05	joey|phoebe	present	1.0		high	
9	180	420.08	421.28	Well, sensitive is important.	Chandler	high	community_transcript_match	1.0	dialogue	False	True	Joey | Monica | Chandler | Phoebe | Rachel | Dr. Rhodes	Phoebe	Chandler	False		Speaker agrees with available community-transcript mapping.	Well sensitive is important, pick him.	Chandler	Chandler	present	char_tracker_stage05	chandler|joey|phoebe	present	1.0		high	
9	181	421.44	422.08	Pick him.	Chandler	high	community_transcript_match	1.0	dialogue	False	True	Joey | Monica | Chandler | Phoebe | Rachel | Dr. Rhodes	Chandler	Phoebe	False		Speaker agrees with available community-transcript mapping.	pick him	Chandler	Chandler	present	char_tracker_stage05	chandler|phoebe	present	1.0		high	
9	182	422.72	423.2	Yeah.	Phoebe	high	community_transcript_match	1.0	dialogue	False	True	Joey | Monica | Chandler | Phoebe | Rachel | Dr. Rhodes	Chandler	Joey	False		Speaker agrees with available community-transcript mapping.	Yeah.	Phoebe	Phoebe	present	char_tracker_stage05	chandler|joey|phoebe	present	1.0		high	
9	183	423.68	424.4	Oh, sure.	Joey	high	community_transcript_match	1.0	dialogue	False	True	Joey | Monica | Chandler | Phoebe | Rachel | Dr. Rhodes	Phoebe	Joey	False		Speaker agrees with available community-transcript mapping.	oh sure	Joey	Joey	present	char_tracker_stage05	joey|phoebe	present	1.0		high	
9	184	424.4	425.52	Go with the sissy.	Joey	high	community_transcript_match	1.0	dialogue	False	True	Joey | Monica | Chandler | Phoebe | Rachel | Dr. Rhodes	Joey	Phoebe	False		Speaker agrees with available community-transcript mapping.	Oh sure, go with the sissy.	Joey	Joey	present	char_tracker_stage05	joey|phoebe	present	1.0		high	
9	185	427.68	429.28	Jason is not a sissy.	Phoebe	high	community_transcript_match	1.0	dialogue	False	True	Joey | Monica | Chandler | Phoebe | Rachel | Dr. Rhodes	Joey	Joey	False		Speaker agrees with available community-transcript mapping.	Jason is not a sissy!	Phoebe	Phoebe	present	char_tracker_stage05	joey|phoebe	present	1.0		high	
9	186	429.76	430.64	Oh, no, no, no, no.	Joey	high	community_transcript_match	1.0	dialogue	False	True	Joey | Monica | Chandler | Phoebe | Rachel | Dr. Rhodes	Phoebe	Joey	False		Speaker agrees with available community-transcript mapping.	oh no no no no	Joey	Joey	present	char_tracker_stage05	joey|phoebe	present	1.0		high	
9	187	430.64	431.36	I meant Chandler.	Joey	high	community_transcript_match	1.0	dialogue	False	True	Joey | Monica | Chandler | Phoebe | Rachel | Dr. Rhodes	Joey	Dr. Rhodes	False		Speaker agrees with available community-transcript mapping.	Oh no-no-no-no, I meant Chandler.	Joey	Joey	present	char_tracker_stage05	joey|phoebe	present	1.0		high	
9	188	443.04	450.54	You know, I have d. Thank you so much for coming on such a short notice.	Dr. Rhodes	high	community_transcript_match	1.0	dialogue	False	True	Joey | Monica | Chandler | Phoebe | Rachel | Dr. Rhodes	Joey	Dr. Rhodes	False		Speaker agrees with available community-transcript mapping.	thank you soo much for coming on such a short notice i've	Dr. Rhodes	Dr. Rhodes	present	char_tracker_stage05	ross	unobserved			high	
9	189	450.78	452.06	Ladies and gentlemen, I've.	Dr. Rhodes	high	community_transcript_match	1.0	dialogue	False	True	Joey | Monica | Chandler | Phoebe | Rachel | Dr. Rhodes	Dr. Rhodes		False		Speaker agrees with available community-transcript mapping.	thank you soo much for coming on such a short notice ladies and gentlemen i've i've	Dr. Rhodes	Dr. Rhodes	absent	char_tracker_stage05		unobserved			high	
10	190	452.06	456.94	I've been practicing medicine for 23 years and I'm stumped.	Dr. Rhodes	high	community_transcript_match	1.0	dialogue	False	True	Dr. Rhodes		Dr. Rhodes	False		Speaker agrees with available community-transcript mapping.	Thank you soo much for coming on such a short notice. Ladies and gentlemen, I've-I've-I've been practicing medicine for twenty-three years, and I'm stumped.	Dr. Rhodes	Dr. Rhodes	absent	char_tracker_stage05		unobserved			high	
10	191	469.66	471.34	Hey, this is the dentist.	Dr. Rhodes	medium	scene_context_inference	0.68	dialogue	True	False	Dr. Rhodes	Dr. Rhodes	Dr. Rhodes	True	medium_confidence_context_fill	Filled from previous same-scene context.				absent	char_tracker_stage05		unobserved			medium	
10	192	471.49	472.29	All right, check this out.	Dr. Rhodes	medium	scene_context_inference	0.68	dialogue	True	False	Dr. Rhodes	Dr. Rhodes	Dr. Rhodes	True	medium_confidence_context_fill	Filled from previous same-scene context.				absent	char_tracker_stage05		unobserved			medium	
10	193	472.69	473.33	Lights.	Dr. Rhodes	medium	scene_context_inference	0.68	dialogue	True	False	Dr. Rhodes	Dr. Rhodes		True	scene_end_short_utterance	Filled from previous same-scene context.				absent	char_tracker_stage05		unobserved			medium	
11	194	473.97	474.45	Whoa.	All	high	community_transcript_match	1.0	dialogue	False	True	All		All	False		Speaker agrees with available community-transcript mapping.	Whoa. (they all lean in to get a closer look, Ross isn't pleased)	All	All	absent	char_tracker_stage05		unobserved			high	
11	195	474.61	475.73	All right, less lights.	All	medium	scene_context_inference	0.68	dialogue	True	False	All	All	All	True	medium_confidence_context_fill	Filled from previous same-scene context.				absent	char_tracker_stage05		unobserved			medium	
11	196	476.37	477.33	Bad lights.	All	medium	scene_context_inference	0.68	dialogue	True	False	All	All	All	True	scene_end_short_utterance	Filled from previous same-scene context.				present	char_tracker_stage05	joey	unobserved			medium	
11	197	477.73	478.61	Lights, go away.	All	medium	scene_context_inference	0.68	dialogue	True	False	All	All	All	True	medium_confidence_context_fill	Filled from previous same-scene context.				present	char_tracker_stage05	joey	unobserved			medium	
11	198	481.25	481.73	Oh.	All	medium	scene_context_inference	0.68	reaction	True	False	All	All		True	scene_end_short_utterance	Filled from previous same-scene context.				present	char_tracker_stage05	joey	unobserved			medium	
12	199	481.73	483.65	See, you just need to find the right command.	Monica	high	community_transcript_match	1.0	dialogue	False	True	Monica | Ross | Joey | Chandler | Rachel | Phoebe | Pete | All		Ross	True	speaker_offscreen	Speaker agrees with available community-transcript mapping.	Okay, this is the den. All right, check this out. Lights! (the lights turn on automatically, but are very bright) Whoa! All right. Less lights! Bad lights! Lights go away! (they dim) Oh, see you just need to find the right command.	Monica	Monica	present	char_tracker_stage05	joey	absent	0.0		low	speaker_offscreen
12	200	483.81	484.25	Yes.	Ross	high	community_transcript_match	1.0	dialogue	False	True	Monica | Ross | Joey | Chandler | Rachel | Phoebe | Pete | All	Monica	Ross	True	speaker_offscreen	Speaker agrees with available community-transcript mapping.	yes	Ross	Ross	present	char_tracker_stage05	joey	absent	0.0		low	speaker_offscreen
12	201	484.25	485.65	And the dimmer switch.	Ross	high	community_transcript_match	1.0	dialogue	False	True	Monica | Ross | Joey | Chandler | Rachel | Phoebe | Pete | All	Ross	Joey	True	speaker_no_face	Speaker agrees with available community-transcript mapping.	Yes, and the dimmer switch.	Ross	Ross	absent	char_tracker_stage05		absent	0.0		medium	speaker_no_face
12	202	486.45	486.93	Whoa.	Joey	high	community_transcript_match	1.0	dialogue	False	True	Monica | Ross | Joey | Chandler | Rachel | Phoebe | Pete | All	Ross	Joey	True	speaker_no_face	Speaker agrees with available community-transcript mapping.	Whoa	Joey	Joey	absent	char_tracker_stage05		absent	0.0		medium	speaker_no_face
12	203	487.65	489.89	For a rich guy, that's a pretty small tv.	Joey	high	community_transcript_match	1.0	dialogue	False	True	Monica | Ross | Joey | Chandler | Rachel | Phoebe | Pete | All	Joey	Monica	True	speaker_no_face	Speaker agrees with available community-transcript mapping.	Whoa! For a rich guy he's got, that's a pretty small TV.	Joey	Joey	absent	char_tracker_stage05		absent	0.0		medium	speaker_no_face
12	204	489.97	491.65	No, no, no, that's the video phone.	Monica	high	community_transcript_match	1.0	dialogue	False	True	Monica | Ross | Joey | Chandler | Rachel | Phoebe | Pete | All	Joey	Monica	True	speaker_no_face	Speaker agrees with available community-transcript mapping.	No-no-no, that's a video-phone	Monica	Monica	absent	char_tracker_stage05		absent	0.0		medium	speaker_no_face
12	205	491.81	493.21	But, hey, guys, you're not supposed to be here.	Monica	high	community_transcript_match	1.0	dialogue	False	True	Monica | Ross | Joey | Chandler | Rachel | Phoebe | Pete | All	Monica	Monica	True	speaker_no_face	Speaker agrees with available community-transcript mapping.	No-no-no, that's a video-phone. But hey guys you're not supposed to be here, so please, do not touch anything.	Monica	Monica	absent	char_tracker_stage05		absent	0.0		medium	speaker_no_face
12	206	493.21	494.85	So please do not touch anything.	Monica	high	community_transcript_match	1.0	dialogue	False	True	Monica | Ross | Joey | Chandler | Rachel | Phoebe | Pete | All	Monica	Chandler	True	speaker_no_face	Speaker agrees with available community-transcript mapping.	no no no that's a video phone so please do not touch anything	Monica	Monica	absent	char_tracker_stage05		absent	0.0		medium	speaker_no_face
12	207	496.05	497.25	Ikea.	Chandler	high	community_transcript_match	1.0	dialogue	False	True	Monica | Ross | Joey | Chandler | Rachel | Phoebe | Pete | All	Monica	Chandler	False		Speaker agrees with available community-transcript mapping.	I-kea	Chandler	Chandler	present	char_tracker_stage05	chandler	present	1.0		high	
12	208	497.25	500.85	This is comfortable, this place.	Chandler	high	community_transcript_match	1.0	dialogue	False	True	Monica | Ross | Joey | Chandler | Rachel | Phoebe | Pete | All	Chandler	Rachel	False		Speaker agrees with available community-transcript mapping.	(sitting down on the couch) I-kea! This is comfortable.	Chandler	Chandler	present	char_tracker_stage05	chandler	present	0.75		high	
12	209	501.14	502.42	That is amazing.	Rachel	high	community_transcript_match	1.0	dialogue	False	True	Monica | Ross | Joey | Chandler | Rachel | Phoebe | Pete | All	Chandler	Phoebe	False		Speaker agrees with available community-transcript mapping.	(entering with Phoebe) This place is amazing.	Rachel	Rachel	present	char_tracker_stage05	rachel	present	1.0		high	
12	210	502.5	505.38	Oh, God, that is the nicest kitchen I know.	Phoebe	high	community_transcript_match	1.0	dialogue	False	True	Monica | Ross | Joey | Chandler | Rachel | Phoebe | Pete | All	Rachel	Phoebe	True	speaker_offscreen	Speaker agrees with available community-transcript mapping.	God, that is the nicest kitchen.	Phoebe	Phoebe	present	char_tracker_stage05	rachel|ross	absent	0.25		low	speaker_offscreen
12	211	505.38	507.06	No, no, but it's the nicest kitchen.	Phoebe	high	community_transcript_match	1.0	dialogue	False	True	Monica | Ross | Joey | Chandler | Rachel | Phoebe | Pete | All	Phoebe	Phoebe	False		Speaker agrees with available community-transcript mapping.	no but it's the nicest kitchen	Phoebe	Phoebe	present	char_tracker_stage05	phoebe	present	1.0		high	
12	212	507.06	508.82	The refrigerator told me to have a great day.	Phoebe	high	community_transcript_match	1.0	dialogue	False	True	Monica | Ross | Joey | Chandler | Rachel | Phoebe | Pete | All	Phoebe	Joey	False		Speaker agrees with available community-transcript mapping.	No! But it's the nicest kitchen, the refrigerator told me to have a great day.	Phoebe	Phoebe	present	char_tracker_stage05	phoebe	present	1.0		high	
12	213	511.14	513.22	Look at this, a millionaire's checkbook.	Joey	high	community_transcript_match	1.0	dialogue	False	True	Monica | Ross | Joey | Chandler | Rachel | Phoebe | Pete | All	Phoebe	Monica	False		Speaker agrees with available community-transcript mapping.	Look at this! A millionaire's checkbook.	Joey	Joey	present	char_tracker_stage05	chandler|joey	present	1.0		high	
12	214	513.3	514.42	Joey, put that down.	Monica	medium	name_address_rule	0.74	dialogue	True	False	Monica | Ross | Joey | Chandler | Rachel | Phoebe | Pete | All	Joey	Monica	False		Utterance names the previous speaker, so the next speaker is more likely.				present	char_tracker_stage05	joey|monica	present			medium	
12	215	516.18	517.34	Oh, my God, that's Pete.	Monica	high	scene_context_bridge	0.88	dialogue	True	False	Monica | Ross | Joey | Chandler | Rachel | Phoebe | Pete | All	Monica	Monica	True	speaker_no_face	Same speaker appears on both sides within the same scene.				absent	char_tracker_stage05		absent			medium	speaker_no_face
12	216	517.34	518.18	Okay, get out.	Monica	high	community_transcript_match	1.0	dialogue	False	True	Monica | Ross | Joey | Chandler | Rachel | Phoebe | Pete | All	Monica	Monica	True	speaker_no_face	Speaker agrees with available community-transcript mapping.	Okay, get out	Monica	Monica	absent	char_tracker_stage05		absent	0.0		medium	speaker_no_face
12	217	518.42	520.34	How the hell do you answer a video phone?	Monica	high	community_transcript_match	1.0	dialogue	False	True	Monica | Ross | Joey | Chandler | Rachel | Phoebe | Pete | All	Monica	Pete	True	speaker_no_face	Speaker agrees with available community-transcript mapping.	Joey, put that down! (the phone rings) Oh my God! It's Pete. Okay, get out!! How the hell do you answer a video-phone! (steps in front of it, and automatically answers it)	Monica	Monica	absent	char_tracker_stage05		absent	0.0		medium	speaker_no_face
12	218	520.98	521.78	Monica.	Pete	high	community_transcript_match	1.0	dialogue	False	True	Monica | Ross | Joey | Chandler | Rachel | Phoebe | Pete | All	Monica	Monica	False		Speaker agrees with available community-transcript mapping.	Monica? (the gang ducks and hides)	Pete	Pete	absent	char_tracker_stage05		unobserved			high	
12	219	524.5	525.54	I guess that's how.	Monica	high	community_transcript_match	1.0	dialogue	False	True	Monica | Ross | Joey | Chandler | Rachel | Phoebe | Pete | All	Pete	Pete	False		Speaker agrees with available community-transcript mapping.	I guess that's how.	Monica	Monica	present	char_tracker_stage05	monica	present	1.0		high	
12	220	526.18	526.98	Hey, Monica.	Pete	high	community_transcript_match	1.0	dialogue	False	True	Monica | Ross | Joey | Chandler | Rachel | Phoebe | Pete | All	Monica	Pete	False		Speaker agrees with available community-transcript mapping.	hey monica	Pete	Pete	present	char_tracker_stage05	monica	unobserved			high	
12	221	526.98	527.46	How's it going?	Pete	high	community_transcript_match	1.0	dialogue	False	True	Monica | Ross | Joey | Chandler | Rachel | Phoebe | Pete | All	Pete	Monica	False		Speaker agrees with available community-transcript mapping.	Hey Monica, how's it going.	Pete	Pete	present	char_tracker_stage05	monica	unobserved			high	
12	222	527.9	528.94	Oh, it's good.	Monica	low	scene_context_inference	0.58	dialogue	True	False	Monica | Ross | Joey | Chandler | Rachel | Phoebe | Pete | All	Pete	Monica	True	two_sided_context_ambiguous | speaker_no_face	No direct transcript match; weak local context only.				absent	char_tracker_stage05		absent			low	speaker_no_face
12	223	530.14	530.78	It's good.	Monica	high	community_transcript_match	1.0	dialogue	False	True	Monica | Ross | Joey | Chandler | Rachel | Phoebe | Pete | All	Monica	Monica	False		Speaker agrees with available community-transcript mapping.	Oh it's umm, good	Monica	Monica	present	char_tracker_stage05	monica	present	1.0		high	
12	224	530.86	532.46	Just here watering the plants.	Monica	high	community_transcript_match	1.0	dialogue	False	True	Monica | Ross | Joey | Chandler | Rachel | Phoebe | Pete | All	Monica	Pete	False		Speaker agrees with available community-transcript mapping.	Oh it’s umm, good! It's umm, it’s good, just here watering the plants.	Monica	Monica	present	char_tracker_stage05	monica	present	1.0		high	
12	225	532.7	534.86	Well, don't forget that ficus over there by Rachel.	Pete	high	community_transcript_match	1.0	dialogue	False	True	Monica | Ross | Joey | Chandler | Rachel | Phoebe | Pete | All	Monica	Rachel	False		Speaker agrees with available community-transcript mapping.	Well don't forget that fiches over there by Rachel.	Pete	Pete	partial	char_tracker_stage05		unobserved			high	
12	226	537.9	539.18	Chandler's on the couch.	Rachel	high	community_transcript_match	1.0	dialogue	False	True	Monica | Ross | Joey | Chandler | Rachel | Phoebe | Pete | All	Pete	Pete	True	speaker_no_face	Speaker agrees with available community-transcript mapping.	(standing up) Ahh... Chandler's on the couch!!	Rachel	Rachel	partial	char_tracker_stage05		absent	0.0		medium	speaker_no_face
12	227	541.02	541.82	Yeah, I see him.	Pete	high	community_transcript_match	1.0	dialogue	False	True	Monica | Ross | Joey | Chandler | Rachel | Phoebe | Pete | All	Rachel	Pete	False		Speaker agrees with available community-transcript mapping.	i see him	Pete	Pete	present	char_tracker_stage05	monica	unobserved			high	
12	228	541.82	543.66	You guys are just the worst hiders ever.	Pete	high	community_transcript_match	1.0	dialogue	False	True	Monica | Ross | Joey | Chandler | Rachel | Phoebe | Pete | All	Pete	All	False		Speaker agrees with available community-transcript mapping.	I see him, you guys are just the worst hiders ever.	Pete	Pete	present	char_tracker_stage05	monica	unobserved			high	
12	229	543.82	544.46	Hey, Pete.	All	medium	name_address_rule	0.74	dialogue	True	False	Monica | Ross | Joey | Chandler | Rachel | Phoebe | Pete | All	Pete	All	False		Utterance names the previous speaker, so the next speaker is more likely.				present	char_tracker_stage05	chandler|monica|ross	unobserved			medium	
12	230	544.46	545.18	Hey, Pete.	All	high	community_transcript_match	1.0	dialogue	False	True	Monica | Ross | Joey | Chandler | Rachel | Phoebe | Pete | All	All	Joey	False		Speaker agrees with available community-transcript mapping.	(standing up) Hey Pete.	All	All	present	char_tracker_stage05	chandler|ross	unobserved			high	
12	231	545.26	546.06	How you doing?	Joey	high	community_transcript_match	1.0	dialogue	False	True	Monica | Ross | Joey | Chandler | Rachel | Phoebe | Pete | All	All	Monica	True	speaker_offscreen	Speaker agrees with available community-transcript mapping.	Hi, how ya doing?	Joey	Joey	present	char_tracker_stage05	chandler|ross	absent	0.0		low	speaker_offscreen
12	232	547.42	553.9	Pete, the other day when you said you needed to talk just so I know, is it good news or bad news?	Monica	high	community_transcript_match	1.0	dialogue	False	True	Monica | Ross | Joey | Chandler | Rachel | Phoebe | Pete | All	Joey	Pete	False		Speaker agrees with available community-transcript mapping.	Ahh, Pete, the other day when you said you needed to talk, umm, just so I know, is it good news or bad news.	Monica	Monica	present	char_tracker_stage05	monica	present	0.5714		high	
12	233	554.92	555.84	Oh, it's good news.	Pete	high	community_transcript_match	1.0	dialogue	False	True	Monica | Ross | Joey | Chandler | Rachel | Phoebe | Pete | All	Monica	Pete	False		Speaker agrees with available community-transcript mapping.	Oh, it's good news	Pete	Pete	absent	char_tracker_stage05		unobserved			high	
12	234	555.84	557.16	No, it's definitely good news.	Pete	high	community_transcript_match	1.0	dialogue	False	True	Monica | Ross | Joey | Chandler | Rachel | Phoebe | Pete | All	Pete	Pete	False		Speaker agrees with available community-transcript mapping.	No, it's definitely good news	Pete	Pete	absent	char_tracker_stage05		unobserved			high	
12	235	557.64	559.08	Hold on a second, I have another call.	Pete	high	community_transcript_match	1.0	dialogue	False	True	Monica | Ross | Joey | Chandler | Rachel | Phoebe | Pete | All	Pete	Pete	False		Speaker agrees with available community-transcript mapping.	Oh, it's good news. No, it's definitely good news. Hold on a second, I have another call. (clicks his remote) (to his other call) Hey, how's it going?	Pete	Pete	partial	char_tracker_stage05		unobserved			high	
12	236	560.04	561.0	Hey, how's it going?	Pete	high	community_transcript_match	1.0	dialogue	False	True	Monica | Ross | Joey | Chandler | Rachel | Phoebe | Pete | All	Pete	Monica	False		Speaker agrees with available community-transcript mapping.	Hey, how's it going	Pete	Pete	present	char_tracker_stage05	monica	unobserved			high	
12	237	561.64	563.56	Oh, no, it's still me.	Monica	high	community_transcript_match	1.0	dialogue	False	True	Monica | Ross | Joey | Chandler | Rachel | Phoebe | Pete | All	Pete	Monica	False		Speaker agrees with available community-transcript mapping.	Oh no-no-no, it's still me.	Monica	Monica	present	char_tracker_stage05	monica	present	1.0		high	
12	238	563.96	564.48	No, it's not.	Monica	medium	visual_disambiguation	0.74	dialogue	True	False	Monica | Ross | Joey | Chandler | Rachel | Phoebe | Pete | All	Monica	Monica	False		Only one of the two text-context candidates was visually present in the window.				present	char_tracker_stage05	monica	present			medium	
12	239	564.48	565.88	I've got picture in picture here.	Monica	medium	scene_context_inference	0.66	dialogue	True	False	Monica | Ross | Joey | Chandler | Rachel | Phoebe | Pete | All	Monica	Pete	True	two_sided_context_ambiguous | speaker_no_face	No direct transcript match; longer line defaulted to previous speaker in same scene.				absent	char_tracker_stage05		absent			medium	speaker_no_face
12	240	566.68	567.16	Yeah.	Pete	medium	short_turn_alternation	0.7	dialogue	True	False	Monica | Ross | Joey | Chandler | Rachel | Phoebe | Pete | All	Monica	Pete	True	short_utterance_between_two_speakers	Short utterance inferred from local turn alternation.				absent	char_tracker_stage05		unobserved			medium	
12	241	568.04	568.68	Yeah, okay.	Pete	high	scene_context_bridge	0.88	dialogue	True	False	Monica | Ross | Joey | Chandler | Rachel | Phoebe | Pete | All	Pete	Pete	False		Same speaker appears on both sides within the same scene.				absent	char_tracker_stage05		unobserved			high	
12	242	568.68	570.04	I'm gonna have to call you back later.	Pete	high	community_transcript_match	1.0	dialogue	False	True	Monica | Ross | Joey | Chandler | Rachel | Phoebe | Pete | All	Pete	Pete	False		Speaker agrees with available community-transcript mapping.	Ah, no it's not. I've got picture-in-picture here. (to other caller) Yeah. (listens) Yeah, okay. I'm gonna have to call you back later. (pause) Monica? You. I'm gonna have to call you back.	Pete	Pete	absent	char_tracker_stage05		unobserved			high	
12	243	571.72	572.48	Monica, you.	Pete	medium	name_address_rule	0.74	dialogue	True	False	Monica | Ross | Joey | Chandler | Rachel | Phoebe | Pete | All	Pete	Monica	False		Utterance names the next speaker, so the previous speaker is more likely.				absent	char_tracker_stage05		unobserved			medium	
12	244	572.48	573.56	I'm have to call you back.	Monica	medium	visual_disambiguation	0.74	dialogue	True	False	Monica | Ross | Joey | Chandler | Rachel | Phoebe | Pete | All	Pete	Monica	False		Only one of the two text-context candidates was visually present in the window.				present	char_tracker_stage05	monica	present			medium	
12	245	573.64	574.04	Oh.	Monica	high	community_transcript_match	1.0	reaction	False	True	Monica | Ross | Joey | Chandler | Rachel | Phoebe | Pete | All	Monica	Monica	False		Speaker agrees with available community-transcript mapping.	oh umm	Monica	Monica	present	char_tracker_stage05	monica	present	1.0		high	
12	246	574.04	575.0	Oh, okay.	Monica	high	community_transcript_match	1.0	dialogue	False	True	Monica | Ross | Joey | Chandler | Rachel | Phoebe | Pete | All	Monica	Monica	False		Speaker agrees with available community-transcript mapping.	oh oh okay umm	Monica	Monica	present	char_tracker_stage05	monica	present	1.0		high	
12	247	575.64	576.76	So I'll see you soon.	Monica	high	community_transcript_match	1.0	dialogue	False	True	Monica | Ross | Joey | Chandler | Rachel | Phoebe | Pete | All	Monica	Pete	False		Speaker agrees with available community-transcript mapping.	Oh, oh, okay umm, so I'll see you soon.	Monica	Monica	present	char_tracker_stage05	monica	present	1.0		high	
12	248	576.92	577.36	Okay.	Pete	high	community_transcript_match	1.0	dialogue	False	True	Monica | Ross | Joey | Chandler | Rachel | Phoebe | Pete | All	Monica	Pete	False		Speaker agrees with available community-transcript mapping.	okay	Pete	Pete	present	char_tracker_stage05	monica	unobserved			high	
12	249	577.36	577.88	I love you.	Pete	high	community_transcript_match	1.0	dialogue	False	True	Monica | Ross | Joey | Chandler | Rachel | Phoebe | Pete | All	Pete	Monica	False		Speaker agrees with available community-transcript mapping.	Okay, I love you.	Pete	Pete	present	char_tracker_stage05	monica	unobserved			high	
12	250	577.96	578.76	I love you.	Monica	high	community_transcript_match	1.0	dialogue	False	True	Monica | Ross | Joey | Chandler | Rachel | Phoebe | Pete | All	Pete	All	False		Speaker agrees with available community-transcript mapping.	I love you.	Monica	Monica	present	char_tracker_stage05	monica	present	1.0		high	
12	251	578.84	580.84	Love you, love you, love you.	All	high	community_transcript_match	1.0	dialogue	False	True	Monica | Ross | Joey | Chandler | Rachel | Phoebe | Pete | All	Monica	Monica	False		Speaker agrees with available community-transcript mapping.	I love you, love you.	All	All	partial	char_tracker_stage05		unobserved			high	
12	252	582.76	584.62	Okay, well, it's good news.	Monica	high	community_transcript_match	1.0	dialogue	False	True	Monica | Ross | Joey | Chandler | Rachel | Phoebe | Pete | All	All	Monica	False		Speaker agrees with available community-transcript mapping.	Okay. Well, it's good news. It's good news.	Monica	Monica	present	char_tracker_stage05	monica	present	0.6667		high	
12	253	584.86	585.9	It's good news.	Monica	high	community_transcript_match	1.0	dialogue	False	True	Monica | Ross | Joey | Chandler | Rachel | Phoebe | Pete | All	Monica	Chandler	False		Speaker agrees with available community-transcript mapping.	It's good news	Monica	Monica	present	char_tracker_stage05	monica	present	1.0		high	
12	254	585.98	587.34	So, what do you think the good news is?	Chandler	high	community_transcript_match	1.0	dialogue	False	True	Monica | Ross | Joey | Chandler | Rachel | Phoebe | Pete | All	Monica	Joey	True	speaker_offscreen	Speaker agrees with available community-transcript mapping.	So, what do you thing the good news is?	Chandler	Chandler	present	char_tracker_stage05	monica	absent	0.0		low	speaker_offscreen
12	255	587.9	588.94	Wow, look at this.	Joey	high	community_transcript_match	1.0	dialogue	False	True	Monica | Ross | Joey | Chandler | Rachel | Phoebe | Pete | All	Chandler	Joey	True	speaker_no_face	Speaker agrees with available community-transcript mapping.	Look at this	Joey	Joey	absent	char_tracker_stage05		absent	0.0		medium	speaker_no_face
12	256	589.5	593.98	He wrote a check for $50,000 to Hugo Lindgren's Ring Design.	Joey	high	community_transcript_match	1.0	dialogue	False	True	Monica | Ross | Joey | Chandler | Rachel | Phoebe | Pete | All	Joey	Joey	False		Speaker agrees with available community-transcript mapping.	(looking at the checkbook) Wow! Look at this! He wrote a check for 50,000 dollars to Hugo Ligrens Ring Design. (Monica is stunned) Oh, sorry, what do you think the good news is?	Joey	Joey	present	char_tracker_stage05	joey	present	0.8		high	
12	257	596.14	596.94	Oh, sorry.	Joey	high	community_transcript_match	1.0	dialogue	False	True	Monica | Ross | Joey | Chandler | Rachel | Phoebe | Pete | All	Joey	Joey	False		Speaker agrees with available community-transcript mapping.	Oh, sorry, what do you think the good news is	Joey	Joey	present	char_tracker_stage05	joey	present	1.0		high	
12	258	597.18	598.38	What do you think the good news is?	Joey	high	community_transcript_match	1.0	dialogue	False	True	Monica | Ross | Joey | Chandler | Rachel | Phoebe | Pete | All	Joey		False		Speaker agrees with available community-transcript mapping.	what do you think the good news is	Joey	Joey	present	char_tracker_stage05	joey	present	1.0		high	
13	259	601.1	601.74	Oh, my.	Monica	high	community_transcript_match	1.0	dialogue	False	True	Monica | Rachel | Ross		Rachel	False		Speaker agrees with available community-transcript mapping.	Oh my.	Monica	Monica	present	char_tracker_stage05	monica	present	1.0		high	
13	260	602.14	603.9	Monica's gonna marry a millionaire.	Rachel	high	community_transcript_match	1.0	dialogue	False	True	Monica | Rachel | Ross	Monica	Ross	False		Speaker agrees with available community-transcript mapping.	Monica's gonna marry a millionaire!!!	Rachel	Rachel	present	char_tracker_stage05	monica|phoebe|rachel	present	1.0		high	
13	261	605.02	606.7	You gotta get mom on the phone.	Ross	high	community_transcript_match	1.0	dialogue	False	True	Monica | Rachel | Ross	Rachel	Ross	False		Speaker agrees with available community-transcript mapping.	Hey, you gotta get Mom on the phone. Call Mom! Call Mom!	Ross	Ross	present	char_tracker_stage05	ross	present	1.0		high	
13	262	606.7	607.26	Call Mom.	Ross	high	community_transcript_match	1.0	dialogue	False	True	Monica | Rachel | Ross	Ross	Ross	False		Speaker agrees with available community-transcript mapping.	Call Mom	Ross	Ross	present	char_tracker_stage05	ross	present	1.0		high	
13	263	607.26	607.98	Call Mom.	Ross	high	community_transcript_match	1.0	dialogue	False	True	Monica | Rachel | Ross	Ross		False		Speaker agrees with available community-transcript mapping.	Call Mom	Ross	Ross	present	char_tracker_stage05	ross	present	1.0		high	
14	264	608.62	609.18	Hello?	Pete's Mom	high	community_transcript_match	1.0	dialogue	False	True	Pete's Mom | Monica | Rachel		Monica	False		Speaker agrees with available community-transcript mapping.	Hello.	Pete's Mom	Pete's Mom	present	char_tracker_stage05	monica|ross	unobserved			high	
14	265	611.18	612.46	And that's Beats Mom.	Monica	high	community_transcript_match	1.0	dialogue	False	True	Pete's Mom | Monica | Rachel	Pete's Mom	Monica	False		Speaker agrees with available community-transcript mapping.	And that's Pete's Mom.	Monica	Monica	present	char_tracker_stage05	monica	present	1.0		high	
14	266	621.34	623.06	You definitely have to make it a theme wedding.	Monica	medium	scene_context_inference	0.66	dialogue	True	False	Pete's Mom | Monica | Rachel	Monica	Monica	True	two_sided_context_ambiguous | speaker_no_face	No direct transcript match; longer line defaulted to previous speaker in same scene.				absent	char_tracker_stage05		absent			medium	speaker_no_face
14	267	623.06	623.98	And the theme could be.	Monica	medium	scene_context_inference	0.7100000000000001	dialogue	True	False	Pete's Mom | Monica | Rachel	Monica	Rachel	True	medium_confidence_context_fill | speaker_no_face	Continuation-style opener favors previous speaker within the same scene.				absent	char_tracker_stage05		absent			medium	speaker_no_face
14	268	624.62	626.22	Look how much money we've got.	Rachel	medium	visual_disambiguation	0.74	dialogue	True	False	Pete's Mom | Monica | Rachel	Monica	Rachel	False		Only one of the two text-context candidates was visually present in the window.				present	char_tracker_stage05	rachel	present			medium	
14	269	628.3	629.42	You know, I mean, you could put.	Rachel	high	community_transcript_match	1.0	dialogue	False	True	Pete's Mom | Monica | Rachel	Rachel		False		Speaker agrees with available community-transcript mapping.	y'know i mean you could put	Rachel	Rachel	present	char_tracker_stage05	monica|rachel	present	1.0		high	
16	270	629.42	631.26	You could put money in the invitations.	Rachel	high	community_transcript_match	1.0	dialogue	False	True	Rachel | Monica | Chandler | Ross		Rachel	False		Speaker agrees with available community-transcript mapping.	""" Y'know, I mean you could put, you could put money in-in the invitations"	Rachel	Rachel	present	char_tracker_stage05	monica|rachel	present	1.0		high	
16	271	631.66	633.98	You could have, like, little money place settings.	Rachel	high	community_transcript_match	1.0	dialogue	False	True	Rachel | Monica | Chandler | Ross	Rachel	Rachel	False		Speaker agrees with available community-transcript mapping.	Mon you definitely have to make it a theme wedding, and the theme could be, “Look how much money we’ve got!” Y'know, I mean you could put, you could put money in-in the invitations! You-you could have like little money place settings. And ah, you could start with a money salad! I mean it’ll be dry, but people will like it.	Rachel	Rachel	present	char_tracker_stage05	chandler|monica|rachel	present	1.0		high	
16	272	634.22	636.62	And you could start with a money salad.	Rachel	high	community_transcript_match	1.0	dialogue	False	True	Rachel | Monica | Chandler | Ross	Rachel	Rachel	False		Speaker agrees with available community-transcript mapping.	And ah, you could start with a money salad	Rachel	Rachel	present	char_tracker_stage05	rachel	present	1.0		high	
16	273	636.85	640.05	I mean, it'll be dry, but people will like it.	Rachel	high	community_transcript_match	1.0	dialogue	False	True	Rachel | Monica | Chandler | Ross	Rachel	Monica	False		Speaker agrees with available community-transcript mapping.	I mean it'll be dry, but people will like it	Rachel	Rachel	present	char_tracker_stage05	rachel	present	1.0		high	
16	274	640.77	641.65	Would you stop?	Monica	high	community_transcript_match	1.0	dialogue	False	True	Rachel | Monica | Chandler | Ross	Rachel	Monica	False		Speaker agrees with available community-transcript mapping.	would you stop	Monica	Monica	present	char_tracker_stage05	monica|rachel	present	1.0		high	
16	275	642.05	643.65	We've only been going on a couple of weeks.	Monica	high	community_transcript_match	1.0	dialogue	False	True	Rachel | Monica | Chandler | Ross	Monica	Monica	False		Speaker agrees with available community-transcript mapping.	would you stop we've only been going out a couple of weeks	Monica	Monica	present	char_tracker_stage05	monica	present	1.0		high	
16	276	643.65	645.41	I mean, we don't even know if he's gonna propose.	Monica	high	community_transcript_match	1.0	dialogue	False	True	Rachel | Monica | Chandler | Ross	Monica	Monica	False		Speaker agrees with available community-transcript mapping.	Would you stop? We’ve only been going out a couple of weeks, I mean we don’t even know if he’s gonna propose.	Monica	Monica	present	char_tracker_stage05	monica	present	1.0		high	
16	277	645.81	647.21	Yes, but this is Pete, okay?	Monica	medium	visual_disambiguation	0.74	dialogue	True	False	Rachel | Monica | Chandler | Ross	Monica	Chandler	False		Only one of the two text-context candidates was visually present in the window.				present	char_tracker_stage05	monica|rachel	present			medium	
16	278	647.21	648.37	He's not like other people.	Chandler	high	community_transcript_match	1.0	dialogue	False	True	Rachel | Monica | Chandler | Ross	Monica	Chandler	True	speaker_offscreen	Speaker agrees with available community-transcript mapping.	he's not like other people	Chandler	Chandler	present	char_tracker_stage05	monica|rachel	absent	0.0		low	speaker_offscreen
16	279	648.37	650.29	On your first date, he took you to Rome.	Chandler	high	community_transcript_match	1.0	dialogue	False	True	Rachel | Monica | Chandler | Ross	Chandler	Chandler	False		Speaker agrees with available community-transcript mapping.	He's not like other people, on your first date he took you to Rome	Chandler	Chandler	present	char_tracker_stage05	chandler|monica	present	0.6667		high	
16	280	650.37	654.13	For most guys, that's like a third or fourth date kind of thing.	Chandler	high	community_transcript_match	1.0	dialogue	False	True	Rachel | Monica | Chandler | Ross	Chandler	Monica	False		Speaker agrees with available community-transcript mapping.	Yes, but this is Pete. Okay? He’s not like other people, on your first date he took you to Rome. For most guys that’s like a third or fourth date kinda thing.	Chandler	Chandler	present	char_tracker_stage05	chandler	present	1.0		high	
16	281	655.57	657.65	Well, if that's what it is, then it's.	Monica	high	community_transcript_match	1.0	dialogue	False	True	Rachel | Monica | Chandler | Ross	Chandler	Monica	False		Speaker agrees with available community-transcript mapping.	Well if-if that’s what it is, then it’s-it’s crazy.	Monica	Monica	present	char_tracker_stage05	monica	present	1.0		high	
16	282	657.65	658.45	It's crazy.	Monica	high	community_transcript_match	1.0	dialogue	False	True	Rachel | Monica | Chandler | Ross	Monica	Ross	False		Speaker agrees with available community-transcript mapping.	it's crazy	Monica	Monica	present	char_tracker_stage05	chandler|monica|ross	present	1.0		high	
16	283	658.85	659.61	Monica's right.	Ross	high	community_transcript_match	1.0	dialogue	False	True	Rachel | Monica | Chandler | Ross	Monica	Ross	False		Speaker agrees with available community-transcript mapping.	Monica's right	Ross	Ross	present	char_tracker_stage05	chandler|monica|ross	present	1.0		high	
16	284	659.61	661.89	We're talking about getting married here, okay?	Ross	high	community_transcript_match	1.0	dialogue	False	True	Rachel | Monica | Chandler | Ross	Ross	Ross	False		Speaker agrees with available community-transcript mapping.	Monica’s right. We’re talking about getting married here. Okay? She-she can’t just rush into this.	Ross	Ross	present	char_tracker_stage05	chandler|ross	present	1.0		high	
16	285	662.13	663.73	She can't just rush into this.	Ross	high	community_transcript_match	1.0	dialogue	False	True	Rachel | Monica | Chandler | Ross	Ross	Rachel	False		Speaker agrees with available community-transcript mapping.	monica's right she she can't just rush into this	Ross	Ross	present	char_tracker_stage05	chandler|ross	present	1.0		high	
16	286	663.94	665.14	Oh, what do you know?	Rachel	high	community_transcript_match	1.0	dialogue	False	True	Rachel | Monica | Chandler | Ross	Ross	Rachel	True	speaker_offscreen	Speaker agrees with available community-transcript mapping.	Oh please, what do you know	Rachel	Rachel	present	char_tracker_stage05	chandler|ross	absent	0.0		low	speaker_offscreen
16	287	665.14	666.42	You married a lesbian.	Rachel	high	community_transcript_match	1.0	dialogue	False	True	Rachel | Monica | Chandler | Ross	Rachel		True	speaker_offscreen	Speaker agrees with available community-transcript mapping.	Oh please, what do you know! You married a lesbian!	Rachel	Rachel	present	char_tracker_stage05	chandler|ross	absent	0.0		low	speaker_offscreen
17	288	673.38	674.42	Yeah, you could do worse.	Joey	high	community_transcript_match	1.0	dialogue	False	True	Joey | Phoebe | Rachel		Joey	False		Speaker agrees with available community-transcript mapping.	Hey you could do worse Monica	Joey	Joey	present	char_tracker_stage05	joey	present	1.0		high	
17	289	674.42	675.94	Monica, he's a really good guy.	Joey	high	community_transcript_match	1.0	dialogue	False	True	Joey | Phoebe | Rachel	Joey	Phoebe	False		Speaker agrees with available community-transcript mapping.	Hey you could do worse Monica. He's a really good guy.	Joey	Joey	present	char_tracker_stage05	joey	present	1.0		high	
17	290	676.34	677.46	You know what you should do?	Phoebe	high	community_transcript_match	1.0	dialogue	False	True	Joey | Phoebe | Rachel	Joey	Phoebe	False		Speaker agrees with available community-transcript mapping.	You know what you should do	Phoebe	Phoebe	present	char_tracker_stage05	joey|monica|phoebe	present	1.0		high	
17	291	677.46	679.34	Okay, don't decide now, okay?	Phoebe	high	community_transcript_match	1.0	dialogue	False	True	Joey | Phoebe | Rachel	Phoebe	Phoebe	False		Speaker agrees with available community-transcript mapping.	Don't decide now	Phoebe	Phoebe	present	char_tracker_stage05	monica|phoebe	present	1.0		high	
17	292	679.34	682.58	Just wait till you're in the moment and whatever you're feeling, that will be your answer.	Phoebe	high	community_transcript_match	1.0	dialogue	False	True	Joey | Phoebe | Rachel	Phoebe	Rachel	False		Speaker agrees with available community-transcript mapping.	You know what you should do? Don't decide now. Ok, just wait until you're in the moment and whatever you're feeling that will be your answer.	Phoebe	Phoebe	present	char_tracker_stage05	monica|phoebe	present	1.0		high	
17	293	682.82	687.62	Yeah, and when Pete gets down on his knee and pulls out that pumpkin sized diamond ring.	Rachel	high	community_transcript_match	1.0	dialogue	False	True	Joey | Phoebe | Rachel	Phoebe	Phoebe	False		Speaker agrees with available community-transcript mapping.	Yeah, Pete gets down on his knee and pulls out that pumpkin-sized diamond ring......	Rachel	Rachel	present	char_tracker_stage05	rachel	present	1.0		high	
17	294	689.54	690.54	All right, I gotta go.	Phoebe	high	community_transcript_match	1.0	dialogue	False	True	Joey | Phoebe | Rachel	Rachel	Phoebe	False		Speaker agrees with available community-transcript mapping.	All right. I gotta go. I have break up with Vince.	Phoebe	Phoebe	present	char_tracker_stage05	monica|phoebe	present	1.0		high	
17	295	690.54	691.62	I have to break up with Vince.	Phoebe	high	community_transcript_match	1.0	dialogue	False	True	Joey | Phoebe | Rachel	Phoebe	Phoebe	False		Speaker agrees with available community-transcript mapping.	i have break up with vince	Phoebe	Phoebe	present	char_tracker_stage05	monica|phoebe	present	1.0		high	
17	296	692.13	693.33	Oh, so you got.	Phoebe	medium	scene_context_inference	0.68	dialogue	True	False	Joey | Phoebe | Rachel	Phoebe		True	medium_confidence_context_fill	Filled from previous same-scene context.				present	char_tracker_stage05	phoebe	present			medium	
