scene_id	sentence_id	start	end	utterance	speaker	speaker_confidence	speaker_method	alignment_score	row_type	filled_from_missing	matched_to_ct	scene_speaker_set	prev_speaker_scene	next_speaker_scene	review_flag	review_reason	notes	utterance_ct	speaker_ct	speaker_original	visual_presence	visual_presence_source	visual_presence_chars	speaker_visual_presence	speaker_visual_ratio	visual_presence_note	annotation_confidence	annotation_review_reason
18	1	2.32	5.68	Oh, Chandler, at least let me smoke it to the good part.	Chandler	high	qa_review_resolved_ct_support	1.0	dialogue	False	True	Chandler			True	speaker_no_face	Speaker agrees with available community-transcript mapping. | QA resolved prior review with community-transcript support.	At least let me smoke it to the good part.	Chandler	Chandler	partial	char_tracker_stage05		absent	0.25		medium	speaker_no_face
19	2	8.08	8.72	Okay.	Phoebe	high	qa_review_resolved_ct_support	1.0	dialogue	False	True	Phoebe | Rachel		Phoebe	True	speaker_no_face	Speaker agrees with available community-transcript mapping. | QA resolved prior review with community-transcript support.	Okay	Phoebe	Phoebe	absent	char_tracker_stage05		absent	0.0		medium	speaker_no_face
19	3	15.68	16.8	Oh, no.	Phoebe	high	community_transcript_match	1.0	dialogue	False	True	Phoebe | Rachel	Phoebe	Rachel	False		Speaker agrees with available community-transcript mapping.	Okay. (The car moves a few feet and sputters to a stop.) Oh, no!	Phoebe	Phoebe	present	char_tracker_stage05	joey|monica|phoebe|rachel	present	1.0		high	
19	4	19.36	19.76	What?	Rachel	high	community_transcript_match	1.0	dialogue	False	True	Phoebe | Rachel	Phoebe	Rachel	False		Speaker agrees with available community-transcript mapping.	what what's it	Rachel	Rachel	present	char_tracker_stage05	joey|monica|phoebe|rachel	present	1.0		high	
19	5	20.48	21.28	What's going on?	Rachel	high	qa_review_resolved_ct_support	1.0	dialogue	False	True	Phoebe | Rachel	Rachel	Phoebe	True	speaker_offscreen	Speaker agrees with available community-transcript mapping. | QA resolved prior review with community-transcript support.	What, what’s it, what’s going on?	Rachel	Rachel	present	char_tracker_stage05	joey|monica|phoebe	absent	0.0		low	speaker_offscreen
19	6	21.36	22.88	Yeah, this has happened before.	Phoebe	high	community_transcript_match	1.0	dialogue	False	True	Phoebe | Rachel	Rachel	Rachel	False		Speaker agrees with available community-transcript mapping.	Yeah, this has happened before.	Phoebe	Phoebe	present	char_tracker_stage05	joey|monica|phoebe	present	1.0		high	
19	7	24.08	25.36	So you know how to fix it?	Rachel	high	qa_review_resolved_ct_support	1.0	dialogue	False	True	Phoebe | Rachel	Phoebe	Phoebe	True	speaker_offscreen	Speaker agrees with available community-transcript mapping. | QA resolved prior review with community-transcript support.	So you know how to fix it?	Rachel	Rachel	present	char_tracker_stage05	joey|monica|phoebe	absent	0.0		low	speaker_offscreen
19	8	25.6	26.08	Yep.	Phoebe	high	community_transcript_match	1.0	dialogue	False	True	Phoebe | Rachel	Rachel	Phoebe	False		Speaker agrees with available community-transcript mapping.	Yep	Phoebe	Phoebe	present	char_tracker_stage05	joey|monica|phoebe	present	1.0		high	
19	9	26.08	26.8	Put more gas.	Phoebe	high	community_transcript_match	1.0	dialogue	False	True	Phoebe | Rachel	Phoebe		False		Speaker agrees with available community-transcript mapping.	Yep. Put more gas in.	Phoebe	Phoebe	present	char_tracker_stage05	joey|monica|phoebe	present	1.0		high	
20	10	36.86	37.18	Hi.	Carol	high	community_transcript_match	1.0	dialogue	False	True	Carol | Ross		Carol	False		Speaker agrees with available community-transcript mapping.	(answering the door) Hi!	Carol	Carol	absent	char_tracker_stage05		unobserved			high	
20	11	37.18	38.3	What are you doing here?	Carol	high	community_transcript_match	1.0	dialogue	False	True	Carol | Ross	Carol	Ross	False		Speaker agrees with available community-transcript mapping.	Hey, what are you doing here?	Carol	Carol	present	char_tracker_stage05	ross	unobserved			high	
20	12	38.7	39.42	Oh, just.	Ross	high	community_transcript_match	1.0	dialogue	False	True	Carol | Ross	Carol	Ross	False		Speaker agrees with available community-transcript mapping.	well oh just ah	Ross	Ross	present	char_tracker_stage05	ross	present	1.0		high	
20	13	39.42	40.62	I was just wondering when.	Ross	high	community_transcript_match	1.0	dialogue	False	True	Carol | Ross	Ross	Ross	False		Speaker agrees with available community-transcript mapping.	well oh just ah i was just wondering	Ross	Ross	present	char_tracker_stage05	ross	present	1.0		high	
20	14	40.62	41.74	When you and I split up.	Ross	high	community_transcript_match	1.0	dialogue	False	True	Carol | Ross	Ross	Ross	False		Speaker agrees with available community-transcript mapping.	well oh just ah i was just wondering when you and i split up	Ross	Ross	present	char_tracker_stage05	ross	present	1.0		high	
20	15	41.74	47.74	Did you get the tape that was half the last episode of MASH and half the hostages coming home?	Ross	high	community_transcript_match	1.0	dialogue	False	True	Carol | Ross	Ross	Carol	False		Speaker agrees with available community-transcript mapping.	Well, oh just ah, I was just wondering, when you and I split up, did you get the tape that was half the last episode of M*A*S*H and half the hostages coming home?	Ross	Ross	present	char_tracker_stage05	ross	present	1.0		high	
20	16	48.94	53.1	Yeah, but now it's Susan and me in Mexico and the hostage is coming home.	Carol	high	community_transcript_match	1.0	dialogue	False	True	Carol | Ross	Ross	Ross	False		Speaker agrees with available community-transcript mapping.	Ah yeah, but now it’s Susan and me in Mexico and the hostages coming home.	Carol	Carol	partial	char_tracker_stage05		unobserved			high	
20	17	53.98	54.86	Where's Matt?	Ross	high	community_transcript_match	1.0	dialogue	False	True	Carol | Ross	Carol	Carol	False		Speaker agrees with available community-transcript mapping.	Where’s Ben?	Ross	Ross	present	char_tracker_stage05	ross	present	1.0		high	
20	18	54.86	55.74	He's sleeping.	Carol	high	community_transcript_match	1.0	dialogue	False	True	Carol | Ross	Ross	Ross	False		Speaker agrees with available community-transcript mapping.	He’s sleeping.	Carol	Carol	present	char_tracker_stage05	ross	unobserved			high	
20	19	58.55	60.15	So, say, is this a bad time?	Ross	high	qa_review_resolved_ct_support	1.0	dialogue	False	True	Carol | Ross	Carol	Carol	True	speaker_no_face	Speaker agrees with available community-transcript mapping. | QA resolved prior review with community-transcript support.	Ahh. (notices the table) Ooh, is this a ah, is this a bad time?	Ross	Ross	absent	char_tracker_stage05		absent	0.0		medium	speaker_no_face
20	20	60.47	62.91	Yeah, actually, Susan's gonna be here any minute.	Carol	high	community_transcript_match	1.0	dialogue	False	True	Carol | Ross	Ross	Carol	False		Speaker agrees with available community-transcript mapping.	Umm, yeah, actually, Susan’s gonna be home any minute, it’s kinda an anniversary.	Carol	Carol	present	char_tracker_stage05	ross	unobserved			high	
20	21	62.91	64.79	It's kind of an anniversary.	Carol	high	community_transcript_match	1.0	dialogue	False	True	Carol | Ross	Carol	Ross	False		Speaker agrees with available community-transcript mapping.	umm it's kinda an anniversary	Carol	Carol	partial	char_tracker_stage05		unobserved			high	
20	22	64.95	67.83	Oh, I thought you guys got married in January.	Ross	high	community_transcript_match	1.0	dialogue	False	True	Carol | Ross	Carol	Carol	False		Speaker agrees with available community-transcript mapping.	Oh! I thought you guys got married in uh, January?	Ross	Ross	present	char_tracker_stage05	ross	present	0.75		high	
20	23	68.79	70.31	Different kind of anniversary.	Carol	high	community_transcript_match	1.0	dialogue	False	True	Carol | Ross	Ross	Ross	False		Speaker agrees with available community-transcript mapping.	It’s not that kind of anniversary.	Carol	Carol	present	char_tracker_stage05	ross	unobserved			high	
20	24	70.47	70.95	Oh.	Ross	medium	visual_disambiguation	0.74	reaction	True	False	Carol | Ross	Carol	Ross	False		Only one of the two text-context candidates was visually present in the window.				present	char_tracker_stage05	ross	present			medium	
20	25	72.71	73.27	Oh.	Ross	high	community_transcript_match	1.0	reaction	False	True	Carol | Ross	Ross	Carol	False		Speaker agrees with available community-transcript mapping.	Ah! (realizes) Oh.	Ross	Ross	present	char_tracker_stage05	ross	present	1.0		high	
20	26	75.19	78.63	So anyway, candles, champagne.	Carol	high	community_transcript_match	1.0	dialogue	False	True	Carol | Ross	Ross	Ross	False		Speaker agrees with available community-transcript mapping.	Sooo!! Anyway...	Carol	Carol	absent	char_tracker_stage05		unobserved			high	
20	27	79.27	80.87	Yeah, anniversaries are great.	Ross	high	community_transcript_match	1.0	dialogue	False	True	Carol | Ross	Carol	Ross	False		Speaker agrees with available community-transcript mapping.	Umm, candles, champagne, yeah anniversaries are great	Ross	Ross	present	char_tracker_stage05	ross	present	1.0		high	
20	28	82.31	87.59	Cause, you know, love lasts forever, you know, Nothing like it in this lifetime.	Ross	high	community_transcript_match	1.0	dialogue	False	True	Carol | Ross	Ross	Ross	False		Speaker agrees with available community-transcript mapping.	Umm, candles, champagne, yeah anniversaries are great. ‘Cause you know love lasts forever, y'know. Nothing like it in this lifetime, money in the bank, so Rachel and I broke up.	Ross	Ross	present	char_tracker_stage05	ross	present	1.0		high	
20	29	87.59	88.51	Money in the bank.	Ross	medium	visual_disambiguation	0.74	dialogue	True	False	Carol | Ross	Ross	Ross	False		Only one of the two text-context candidates was visually present in the window.				present	char_tracker_stage05	ross	present			medium	
20	30	88.83	90.27	So Rachel and I broke up.	Ross	medium	visual_disambiguation	0.74	dialogue	True	False	Carol | Ross	Ross	Carol	False		Only one of the two text-context candidates was visually present in the window.				present	char_tracker_stage05	ross	present			medium	
20	31	92.35	94.59	God, Ross, I am so sorry.	Carol	high	community_transcript_match	1.0	dialogue	False	True	Carol | Ross	Ross	Ross	False		Speaker agrees with available community-transcript mapping.	Oh God, Ross I am so sorry.	Carol	Carol	present	char_tracker_stage05	ross	unobserved			high	
20	32	94.59	95.07	Yeah.	Ross	high	community_transcript_match	1.0	dialogue	False	True	Carol | Ross	Carol	Ross	False		Speaker agrees with available community-transcript mapping.	Yeah, well.	Ross	Ross	present	char_tracker_stage05	ross	present	1.0		high	
20	33	96.35	97.07	You know what?	Ross	medium	visual_disambiguation	0.74	dialogue	True	False	Carol | Ross	Ross	Carol	False		Only one of the two text-context candidates was visually present in the window.				present	char_tracker_stage05	ross	present			medium	
20	34	97.63	99.59	I want to talk to you about this so much.	Carol	high	community_transcript_match	1.0	dialogue	False	True	Carol | Ross	Ross	Carol	False		Speaker agrees with available community-transcript mapping.	y'know what i want to talk to you about this so much are you free for dinner tomorrow night	Carol	Carol	partial	char_tracker_stage05		unobserved			high	
20	35	99.59	102.03	But we should probably do it when we can really get into it.	Carol	high	community_transcript_match	1.0	dialogue	False	True	Carol | Ross	Carol	Carol	False		Speaker agrees with available community-transcript mapping.	Y'know what, I want to talk to you about this so much, but we should probably do it when we could really get into it, are you free for dinner tomorrow night?	Carol	Carol	absent	char_tracker_stage05		unobserved			high	
20	36	102.35	103.59	You free for dinner tomorrow night?	Carol	high	community_transcript_match	1.0	dialogue	False	True	Carol | Ross	Carol	Ross	False		Speaker agrees with available community-transcript mapping.	y'know what i want to talk to you about this so much are you free for dinner tomorrow night	Carol	Carol	present	char_tracker_stage05	ross	unobserved			high	
20	37	103.59	104.11	Oh, yeah.	Ross	high	community_transcript_match	1.0	dialogue	False	True	Carol | Ross	Carol	Ross	False		Speaker agrees with available community-transcript mapping.	oh yeah	Ross	Ross	present	char_tracker_stage05	ross	present	1.0		high	
20	38	104.11	104.75	I'd love that.	Ross	high	community_transcript_match	1.0	dialogue	False	True	Carol | Ross	Ross	Carol	False		Speaker agrees with available community-transcript mapping.	Oh yeah, I’d love that.	Ross	Ross	present	char_tracker_stage05	ross	present	1.0		high	
20	39	104.99	105.55	Me too.	Carol	high	community_transcript_match	1.0	dialogue	False	True	Carol | Ross	Ross	Ross	False		Speaker agrees with available community-transcript mapping.	Oh, great! Me too.	Carol	Carol	present	char_tracker_stage05	ross	unobserved			high	
20	40	106.11	108.75	I guess it all started when Rachel got this new job.	Ross	high	community_transcript_match	1.0	dialogue	False	True	Carol | Ross	Carol		False		Speaker agrees with available community-transcript mapping.	I guess it all started when Rachel got this new job. (he sits down at the table.)	Ross	Ross	present	char_tracker_stage05	ross	present	1.0		high	
21	41	112.19	112.63	Okay.	Phoebe	high	community_transcript_match	1.0	dialogue	False	True	Phoebe | Monica | Rachel		Phoebe	False		Speaker agrees with available community-transcript mapping.	Okay, yeah	Phoebe	Phoebe	present	char_tracker_stage05	phoebe	present	1.0		high	
21	42	112.63	113.91	Yeah, AAA can pick us up.	Phoebe	high	community_transcript_match	1.0	dialogue	False	True	Phoebe | Monica | Rachel	Phoebe	Phoebe	False		Speaker agrees with available community-transcript mapping.	Okay, yeah. (to Monica and Rachel) Triple A can pick us up.	Phoebe	Phoebe	present	char_tracker_stage05	phoebe	present	1.0		high	
21	43	113.91	114.35	Yep.	Phoebe	high	scene_context_bridge	0.88	dialogue	True	False	Phoebe | Monica | Rachel	Phoebe	Phoebe	False		Same speaker appears on both sides within the same scene.				present	char_tracker_stage05	phoebe	present			high	
21	44	114.35	115.87	Yeah, just what town are we near?	Phoebe	high	community_transcript_match	1.0	dialogue	False	True	Phoebe | Monica | Rachel	Phoebe	Monica	False		Speaker agrees with available community-transcript mapping.	Yeah, what town are we near?	Phoebe	Phoebe	present	char_tracker_stage05	phoebe	present	1.0		high	
21	45	116.21	117.57	Um, Fremont.	Monica	medium	short_turn_alternation	0.7	dialogue	True	False	Phoebe | Monica | Rachel	Phoebe	Monica	True	short_utterance_between_two_speakers	Short utterance inferred from local turn alternation.				present	char_tracker_stage05	monica|phoebe	present			medium	
21	46	118.13	118.85	Westmont.	Monica	high	community_transcript_match	1.0	dialogue	False	True	Phoebe | Monica | Rachel	Monica	Monica	False		Speaker agrees with available community-transcript mapping.	Freemont	Monica	Monica	present	char_tracker_stage05	monica	present	1.0		high	
21	47	119.41	120.29	Westburg.	Monica	high	community_transcript_match	1.0	dialogue	False	True	Phoebe | Monica | Rachel	Monica	Phoebe	False		Speaker agrees with available community-transcript mapping.	Freemont. West-Westmont, ah Westburg?	Monica	Monica	present	char_tracker_stage05	monica|phoebe|rachel	present	1.0		high	
21	48	120.37	121.57	Okay, why are you answering?	Phoebe	high	community_transcript_match	1.0	dialogue	False	True	Phoebe | Monica | Rachel	Monica	Phoebe	False		Speaker agrees with available community-transcript mapping.	Then why are you answering	Phoebe	Phoebe	present	char_tracker_stage05	monica|phoebe|rachel	present	1.0		high	
21	49	123.49	125.33	Do you know at least what route we're on?	Phoebe	high	community_transcript_match	1.0	dialogue	False	True	Phoebe | Monica | Rachel	Phoebe	Rachel	False		Speaker agrees with available community-transcript mapping.	(to Monica) Then why are you answering? Do you at least know what route we’re on?	Phoebe	Phoebe	present	char_tracker_stage05	phoebe|rachel	present	1.0		high	
21	50	125.57	127.89	We are definitely on Route 27.	Rachel	high	community_transcript_match	1.0	dialogue	False	True	Phoebe | Monica | Rachel	Phoebe	Phoebe	False		Speaker agrees with available community-transcript mapping.	Yeah, we are definitely on Route 27.	Rachel	Rachel	present	char_tracker_stage05	phoebe|rachel	present	1.0		high	
21	51	128.05	130.69	Okay, we are at a rest stop on Route 27.	Phoebe	high	qa_review_resolved_ct_support	1.0	dialogue	False	True	Phoebe | Monica | Rachel	Rachel	Phoebe	True	speaker_no_face	Speaker agrees with available community-transcript mapping. | QA resolved prior review with community-transcript support.	Okay. (on phone) We are at a rest stop on Route 27. Okay. (to Rachel) There is no Route 27. (listens) (to Rachel) Okay, either 93 or 76?	Phoebe	Phoebe	partial	char_tracker_stage05		absent	0.0		medium	speaker_no_face
21	52	131.57	133.25	Okay, there is no Route 27.	Phoebe	high	qa_review_resolved_bridge	1.0	dialogue	False	True	Phoebe | Monica | Rachel	Phoebe	Phoebe	True	speaker_offscreen	Speaker agrees with available community-transcript mapping. | QA resolved prior review by same-speaker bridge.	okay there is no route 27 okay either 93 or 76	Phoebe	Phoebe	present	char_tracker_stage05	monica	absent	0.3333		low	speaker_offscreen
21	53	134.13	134.61	Okay.	Phoebe	medium	visual_disambiguation	0.74	dialogue	True	False	Phoebe | Monica | Rachel	Phoebe	Phoebe	False		Only one of the two text-context candidates was visually present in the window.				present	char_tracker_stage05	monica|phoebe	present			medium	
21	54	134.61	136.17	Either 93 or 76.	Phoebe	medium	visual_disambiguation	0.74	dialogue	True	False	Phoebe | Monica | Rachel	Phoebe	Rachel	False		Only one of the two text-context candidates was visually present in the window.				present	char_tracker_stage05	monica|phoebe	present			medium	
21	55	136.17	136.73	I don't know.	Rachel	high	community_transcript_match	1.0	dialogue	False	True	Phoebe | Monica | Rachel	Phoebe	Rachel	False		Speaker agrees with available community-transcript mapping.	i don't know	Rachel	Rachel	present	char_tracker_stage05	monica|phoebe|rachel	present	1.0		high	
21	56	136.73	137.33	I'm sorry.	Rachel	high	community_transcript_match	1.0	dialogue	False	True	Phoebe | Monica | Rachel	Rachel	Rachel	False		Speaker agrees with available community-transcript mapping.	i don't know i'm sorry	Rachel	Rachel	present	char_tracker_stage05	monica|phoebe|rachel	present	1.0		high	
21	57	137.33	139.33	I always slept in the back when we drove up here.	Rachel	high	community_transcript_match	1.0	dialogue	False	True	Phoebe | Monica | Rachel	Rachel	Phoebe	False		Speaker agrees with available community-transcript mapping.	I don’t know, I’m sorry, I always slept in the back when we drove up here.	Rachel	Rachel	present	char_tracker_stage05	rachel	present	1.0		high	
21	58	139.33	144.76	Okay, hey, can you just sit up and down 76 and just check every rest stop?	Phoebe	high	qa_review_resolved_ct_support	1.0	dialogue	False	True	Phoebe | Monica | Rachel	Rachel	Rachel	True	speaker_no_face	Speaker agrees with available community-transcript mapping. | QA resolved prior review with community-transcript support.	Okay. (on phone) Hey, can you send somebody up and down 76 and check every rest stop, and, and also 93? (listens) Okay! (hangs up) Yeah, no they don’t do that.	Phoebe	Phoebe	partial	char_tracker_stage05		absent	0.0		medium	speaker_no_face
21	59	145.48	145.88	And.	Rachel	medium	short_turn_alternation	0.7	dialogue	True	False	Phoebe | Monica | Rachel	Phoebe	Rachel	True	short_utterance_between_two_speakers | speaker_no_face	Short utterance inferred from local turn alternation.				absent	char_tracker_stage05		absent			medium	speaker_no_face
21	60	145.88	147.24	And also 93.	Rachel	high	qa_review_resolved_bridge	0.9	dialogue	True	False	Phoebe | Monica | Rachel	Rachel	Rachel	True	speaker_no_face	Same speaker appears on both sides within the same scene. | QA resolved prior review by same-speaker bridge.				partial	char_tracker_stage05		absent			medium	speaker_no_face
21	61	148.68	151.32	Okay, yeah, no, they don't do that.	Rachel	high	qa_review_resolved_bridge	0.9	dialogue	True	False	Phoebe | Monica | Rachel	Rachel	Rachel	True	speaker_offscreen	Same speaker appears on both sides within the same scene. | QA resolved prior review by same-speaker bridge.				present	char_tracker_stage05	phoebe	absent			low	speaker_offscreen
21	62	154.36	156.76	Okay, well, somebody will come and save us.	Rachel	high	qa_review_resolved_ct_support	1.0	dialogue	False	True	Phoebe | Monica | Rachel	Rachel	Monica	True	speaker_offscreen	Speaker agrees with available community-transcript mapping. | QA resolved prior review with community-transcript support.	Ugh, okay, well somebody will come and save us.	Rachel	Rachel	present	char_tracker_stage05	monica|phoebe	absent	0.3333		low	speaker_offscreen
21	63	157.0	157.36	Who?	Monica	high	qa_review_resolved_ct_support	1.0	dialogue	False	True	Phoebe | Monica | Rachel	Rachel	Monica	True	speaker_no_face	Speaker agrees with available community-transcript mapping. | QA resolved prior review with community-transcript support.	Who	Monica	Monica	absent	char_tracker_stage05		absent	0.0		medium	speaker_no_face
21	64	157.36	160.04	I mean, have you seen a car come by here in the last hour and a half?	Monica	high	qa_review_resolved_bridge	1.0	dialogue	False	True	Phoebe | Monica | Rachel	Monica	Monica	True	speaker_no_face	Speaker agrees with available community-transcript mapping. | QA resolved prior review by same-speaker bridge.	Who? I mean have you seen a car come by here in the last hour and a half? I think we should call Ross, maybe he can get a car and come pick us up.	Monica	Monica	partial	char_tracker_stage05		absent	0.0		medium	speaker_no_face
21	65	160.52	161.64	I think we should call Ross.	Monica	high	qa_review_resolved_bridge	1.0	dialogue	False	True	Phoebe | Monica | Rachel	Monica	Monica	True	speaker_offscreen	Speaker agrees with available community-transcript mapping. | QA resolved prior review by same-speaker bridge.	I think we should call Ross, maybe he can get a car and come pick us up	Monica	Monica	present	char_tracker_stage05	rachel	absent	0.0		low	speaker_offscreen
21	66	161.64	163.08	Maybe he can get a car to pick us up.	Monica	high	qa_review_resolved_ct_support	1.0	dialogue	False	True	Phoebe | Monica | Rachel	Monica	Rachel	True	speaker_offscreen	Speaker agrees with available community-transcript mapping. | QA resolved prior review with community-transcript support.	maybe he can get a car and come pick us up	Monica	Monica	present	char_tracker_stage05	rachel	absent	0.0		low	speaker_offscreen
21	67	163.08	163.48	No.	Rachel	high	community_transcript_match	1.0	dialogue	False	True	Phoebe | Monica | Rachel	Monica	Rachel	False		Speaker agrees with available community-transcript mapping.	No	Rachel	Rachel	present	char_tracker_stage05	rachel	present	1.0		high	
21	68	163.72	166.2	No, I am not getting in a car with Ross.	Rachel	high	community_transcript_match	1.0	dialogue	False	True	Phoebe | Monica | Rachel	Rachel	Rachel	False		Speaker agrees with available community-transcript mapping.	No! No, I am not getting in a car with Ross, we will just have to live here!	Rachel	Rachel	present	char_tracker_stage05	rachel	present	1.0		high	
21	69	166.44	169.18	We will just have to live here.	Rachel	high	community_transcript_match	1.0	dialogue	False	True	Phoebe | Monica | Rachel	Rachel	Rachel	False		Speaker agrees with available community-transcript mapping.	no we will just have to live here	Rachel	Rachel	present	char_tracker_stage05	rachel	present	0.75		high	
21	70	171.58	173.66	No, you guys, I'm not getting in a car with him.	Rachel	high	community_transcript_match	1.0	dialogue	False	True	Phoebe | Monica | Rachel	Rachel	Rachel	False		Speaker agrees with available community-transcript mapping.	no you guys i am not getting in a car with him	Rachel	Rachel	present	char_tracker_stage05	phoebe|rachel	present	0.6667		high	
21	71	173.66	175.1	You'll have to think of something else.	Rachel	high	community_transcript_match	1.0	dialogue	False	True	Phoebe | Monica | Rachel	Rachel	Phoebe	False		Speaker agrees with available community-transcript mapping.	No you guys, I am not getting in a car with him, you’ll have to think of something else.	Rachel	Rachel	present	char_tracker_stage05	rachel	present	1.0		high	
21	72	175.82	176.3	Oh, good.	Phoebe	high	qa_review_resolved_ct_support	1.0	dialogue	False	True	Phoebe | Monica | Rachel	Rachel	Phoebe	True	speaker_offscreen	Speaker agrees with available community-transcript mapping. | QA resolved prior review with community-transcript support.	oh good	Phoebe	Phoebe	present	char_tracker_stage05	rachel	absent	0.0		low	speaker_offscreen
21	73	176.3	177.74	Oh, Joey and Chandler are back.	Phoebe	high	qa_review_resolved_ct_support	1.0	dialogue	False	True	Phoebe | Monica | Rachel	Phoebe		True	speaker_no_face	Speaker agrees with available community-transcript mapping. | QA resolved prior review with community-transcript support.	Oh good, oh Joey and Chandler are back.	Phoebe	Phoebe	absent	char_tracker_stage05		absent	0.0		medium	speaker_no_face
22	74	180.94	182.46	So the going for help went well.	Monica	high	qa_review_resolved_ct_support	1.0	dialogue	False	True	Monica | Joey | Chandler		Joey	True	speaker_no_face	Speaker agrees with available community-transcript mapping. | QA resolved prior review with community-transcript support.	So the going for help went well?	Monica	Monica	partial	char_tracker_stage05		absent	0.0		medium	speaker_no_face
22	75	182.78	183.5	Oh yeah.	Joey	high	community_transcript_match	1.0	dialogue	False	True	Monica | Joey | Chandler	Monica	Joey	False		Speaker agrees with available community-transcript mapping.	oh yeah	Joey	Joey	present	char_tracker_stage05	chandler|joey	present	0.5		high	
22	76	183.899	187.1	Smokey Joe here got halfway to the highway and collapsed.	Joey	high	community_transcript_match	1.0	dialogue	False	True	Monica | Joey | Chandler	Joey	Chandler	False		Speaker agrees with available community-transcript mapping.	Oh yeah, Smokey Joe here got half way to the highway and collapsed.	Joey	Joey	present	char_tracker_stage05	chandler|joey	present	1.0		high	
22	77	187.74	189.82	I have the lung capacity of a two year old.	Chandler	high	community_transcript_match	1.0	dialogue	False	True	Monica | Joey | Chandler	Joey	Monica	False		Speaker agrees with available community-transcript mapping.	I have the lung capacity of a two year old. (starts to light another cigarette.)	Chandler	Chandler	present	char_tracker_stage05	chandler|joey	present	1.0		high	
22	78	190.78	192.14	Then why are you smoking?	Monica	high	community_transcript_match	1.0	dialogue	False	True	Monica | Joey | Chandler	Chandler	Chandler	False		Speaker agrees with available community-transcript mapping.	Then why are you smoking?	Monica	Monica	present	char_tracker_stage05	chandler|monica|phoebe	present	1.0		high	
22	79	192.46	193.82	That's very unsettling.	Chandler	high	community_transcript_match	1.0	dialogue	False	True	Monica | Joey | Chandler	Monica	Chandler	False		Speaker agrees with available community-transcript mapping.	Well it’s very unsettling.	Chandler	Chandler	present	char_tracker_stage05	chandler|monica	present	1.0		high	
22	80	197.5	198.35	Right, right.	Chandler	high	qa_review_resolved_bridge	0.9	dialogue	True	False	Monica | Joey | Chandler	Chandler	Chandler	True	speaker_offscreen	Filled from previous same-scene context. | QA resolved prior review by same-speaker bridge.				present	char_tracker_stage05	ross	absent			low	speaker_offscreen
22	81	198.35	200.27	I mean, it's pretty unbelievable, you know?	Chandler	high	qa_review_resolved_bridge	0.9	dialogue	True	False	Monica | Joey | Chandler	Chandler	Chandler	True	speaker_offscreen	Filled from previous same-scene context. | QA resolved prior review by same-speaker bridge.				present	char_tracker_stage05	ross	absent			low	speaker_offscreen
22	82	200.27	201.99	I mean, they just took off.	Chandler	medium	scene_context_inference	0.68	dialogue	True	False	Monica | Joey | Chandler	Chandler		True	medium_confidence_context_fill | speaker_offscreen	Filled from previous same-scene context.				present	char_tracker_stage05	ross	absent			low	speaker_offscreen
23	83	201.99	203.51	Took off without even looking back?	Ross	high	community_transcript_match	1.0	dialogue	False	True	Ross | Carol		Ross	False		Speaker agrees with available community-transcript mapping.	....right? Right? I mean it’s pretty unbelievable y'know, I mean they just took off, took off without even looking back. Y'know I don’t, I don’t need them, huh, I’ve got you guys now as friends, you and Susan.	Ross	Ross	present	char_tracker_stage05	ross	present	1.0		high	
23	84	204.55	205.43	No, I don't.	Ross	high	community_transcript_match	1.0	dialogue	False	True	Ross | Carol	Ross	Ross	False		Speaker agrees with available community-transcript mapping.	Y'know I don't, I don't need them, huh, I've got you guys now as friends, you and Susan	Ross	Ross	present	char_tracker_stage05	ross	present	1.0		high	
23	85	205.43	206.31	I don't need them.	Ross	high	community_transcript_match	1.0	dialogue	False	True	Ross | Carol	Ross	Ross	False		Speaker agrees with available community-transcript mapping.	y'know i don't need them huh i've got you guys now as friends you and susan	Ross	Ross	present	char_tracker_stage05	ross	present	1.0		high	
23	86	206.63	208.39	I've got you guys now as friends.	Ross	high	community_transcript_match	1.0	dialogue	False	True	Ross | Carol	Ross	Ross	False		Speaker agrees with available community-transcript mapping.	y'know huh i've got you guys now as friends you and susan	Ross	Ross	present	char_tracker_stage05	ross	present	1.0		high	
23	87	208.39	209.35	You and Susan.	Ross	high	community_transcript_match	1.0	dialogue	False	True	Ross | Carol	Ross	Carol	False		Speaker agrees with available community-transcript mapping.	y'know huh you and susan	Ross	Ross	present	char_tracker_stage05	ross	present	1.0		high	
23	88	209.51	211.67	Ah, Susan will be so pleased.	Carol	high	community_transcript_match	1.0	dialogue	False	True	Ross | Carol	Ross		False		Speaker agrees with available community-transcript mapping.	Ah, Susan will be so pleased.	Carol	Carol	partial	char_tracker_stage05		unobserved			high	
24	89	214.55	215.51	71 7.	Ross	high	qa_review_resolved_ct_support	1.0	dialogue	False	True	Ross | Carol		Ross	True	speaker_no_face	Speaker agrees with available community-transcript mapping. | QA resolved prior review with community-transcript support.	717	Ross	Ross	absent	char_tracker_stage05		absent	0.0		medium	speaker_no_face
24	90	215.99	217.27	Where's 71 7?	Ross	high	community_transcript_match	1.0	dialogue	False	True	Ross | Carol	Ross	Ross	False		Speaker agrees with available community-transcript mapping.	Where's 717	Ross	Ross	present	char_tracker_stage05	ross	present	0.6667		high	
24	91	220.55	222.15	You have more of these for Susan, right?	Ross	high	community_transcript_match	1.0	dialogue	False	True	Ross | Carol	Ross	Carol	False		Speaker agrees with available community-transcript mapping.	(looking at the page) 717? (to Carol) Where’s 717? (He gets up to return the page, Carol starts to take the last of the food into the kitchen, but Ross grabs the last piece.) Hey, you’ve have more of these for Susan right?	Ross	Ross	present	char_tracker_stage05	ross	present	1.0		high	
24	92	222.79	224.15	No, but that's okay.	Carol	high	community_transcript_match	1.0	dialogue	False	True	Ross | Carol	Ross	Carol	False		Speaker agrees with available community-transcript mapping.	no but it's okay i'll	Carol	Carol	present	char_tracker_stage05	ross	unobserved			high	
24	93	224.77	226.13	Just put out pickles or something.	Carol	high	community_transcript_match	1.0	dialogue	False	True	Ross | Carol	Carol		False		Speaker agrees with available community-transcript mapping.	No. But it’s okay, I’ll just put out pickles or something.	Carol	Carol	partial	char_tracker_stage05		unobserved			high	
25	94	231.01	232.21	Ross, thank God.	Phoebe	high	community_transcript_match	1.0	dialogue	False	True	Phoebe | Ross		Ross	False		Speaker agrees with available community-transcript mapping.	(answering the phone) (whispering) Ross, thank God.	Phoebe	Phoebe	present	char_tracker_stage05	phoebe	present	1.0		high	
25	95	232.53	233.17	Pheebs.	Ross	high	qa_review_resolved_ct_support	1.0	dialogue	False	True	Phoebe | Ross	Phoebe	Ross	True	speaker_offscreen	Speaker agrees with available community-transcript mapping. | QA resolved prior review with community-transcript support.	Pheebs	Ross	Ross	present	char_tracker_stage05	phoebe	absent	0.0		low	speaker_offscreen
25	96	233.33	234.77	Why, why are you whispering?	Ross	high	qa_review_resolved_ct_support	1.0	dialogue	False	True	Phoebe | Ross	Ross	Phoebe	True	speaker_offscreen	Speaker agrees with available community-transcript mapping. | QA resolved prior review with community-transcript support.	Pheebs? What, why are you whispering?	Ross	Ross	present	char_tracker_stage05	phoebe	absent	0.0		low	speaker_offscreen
25	97	235.41	236.69	I ate a bug.	Phoebe	high	community_transcript_match	1.0	dialogue	False	True	Phoebe | Ross	Ross		False		Speaker agrees with available community-transcript mapping.	I ate a bug.	Phoebe	Phoebe	present	char_tracker_stage05	monica|phoebe	present	1.0		high	
26	98	238.45	241.33	Hey, Rach, the tampons here are only a penny.	Monica	high	community_transcript_match	1.0	dialogue	False	True	Monica | Phoebe | Ross | Carol		Monica	False		Speaker agrees with available community-transcript mapping.	(running over to stop Rachel) Hey Rach, the tampons here are only a penny. Let’s stock up. (takes her into the bathroom)	Monica	Monica	present	char_tracker_stage05	monica	present	1.0		high	
26	99	241.41	242.37	Let's stock up.	Monica	high	community_transcript_match	1.0	dialogue	False	True	Monica | Phoebe | Ross | Carol	Monica	Phoebe	False		Speaker agrees with available community-transcript mapping.	Let's stock up	Monica	Monica	present	char_tracker_stage05	monica	present	1.0		high	
26	100	244.21	248.77	Listen, Ross, we ran out of gas and we don't know where we are, so we can't get a tow truck.	Phoebe	high	community_transcript_match	1.0	dialogue	False	True	Monica | Phoebe | Ross | Carol	Monica	Ross	False		Speaker agrees with available community-transcript mapping.	Listen Ross, we ran out of gas, and we don’t know where we are, so we can’t get a tow truck.	Phoebe	Phoebe	present	char_tracker_stage05	phoebe	present	1.0		high	
26	101	248.93	251.45	Oh, now you want a favorite?	Ross	high	community_transcript_match	1.0	dialogue	False	True	Monica | Phoebe | Ross | Carol	Phoebe	Phoebe	False		Speaker agrees with available community-transcript mapping.	Oh, now you want a favor?	Ross	Ross	present	char_tracker_stage05	phoebe|ross	present	1.0		high	
26	102	251.76	252.32	Yes, please.	Phoebe	high	community_transcript_match	1.0	dialogue	False	True	Monica | Phoebe | Ross | Carol	Ross	Ross	False		Speaker agrees with available community-transcript mapping.	Yes, please.	Phoebe	Phoebe	present	char_tracker_stage05	phoebe|ross	present	1.0		high	
26	103	252.56	258.8	Well, I'm sorry your car broke down, Pheebs, but I'm a little too busy with some of my real friends right now.	Ross	high	community_transcript_match	1.0	dialogue	False	True	Monica | Phoebe | Ross | Carol	Phoebe	Ross	False		Speaker agrees with available community-transcript mapping.	Well, oh, I’m sorry your car broke down Pheebs, but I’m a little too busy with some of my real friends right now, but please call to let me know you got home safely okay?	Ross	Ross	present	char_tracker_stage05	ross	present	1.0		high	
26	104	258.96	261.72	But please call to let me know you got home safely, okay?	Ross	high	qa_review_resolved_bridge	1.0	dialogue	False	True	Monica | Phoebe | Ross | Carol	Ross	Ross	True	speaker_no_face	Speaker agrees with available community-transcript mapping. | QA resolved prior review by same-speaker bridge.	but please call to let me know you got home safely okay	Ross	Ross	partial	char_tracker_stage05		absent	0.25		medium	speaker_no_face
26	105	261.72	262.8	Phoebe, hang on a second.	Ross	medium	scene_context_inference	0.66	dialogue	True	False	Monica | Phoebe | Ross | Carol	Ross	Carol	True	two_sided_context_ambiguous | speaker_no_face	No direct transcript match; longer line defaulted to previous speaker in same scene.				absent	char_tracker_stage05		absent			medium	speaker_no_face
26	106	264.24	264.6	Here.	Carol	medium	short_turn_alternation	0.7	dialogue	True	False	Monica | Phoebe | Ross | Carol	Ross	Carol	True	short_utterance_between_two_speakers	Short utterance inferred from local turn alternation.				absent	char_tracker_stage05		unobserved			medium	
26	107	264.6	265.24	Take my car.	Carol	high	community_transcript_match	1.0	dialogue	False	True	Monica | Phoebe | Ross | Carol	Carol	Carol	False		Speaker agrees with available community-transcript mapping.	phoebe hang on a second here take my car	Carol	Carol	present	char_tracker_stage05	ross	unobserved			high	
26	108	265.24	265.96	Go pick up your friends.	Carol	high	community_transcript_match	1.0	dialogue	False	True	Monica | Phoebe | Ross | Carol	Carol	Ross	False		Speaker agrees with available community-transcript mapping.	(running over and grabbing the phone away from Ross) (on phone) Phoebe, hang on a second. (Hands Ross her keys) Here, take my car, go pick up your friends.	Carol	Carol	present	char_tracker_stage05	ross	unobserved			high	
26	109	265.96	267.24	No, I'm not gonna pick them up.	Ross	high	community_transcript_match	1.0	dialogue	False	True	Monica | Phoebe | Ross | Carol	Carol	Carol	False		Speaker agrees with available community-transcript mapping.	No, I’m not gonna pick them up.	Ross	Ross	present	char_tracker_stage05	ross	present	0.6667		high	
26	110	267.24	269.6	Listen, we both know you're gonna do it.	Carol	high	community_transcript_match	1.0	dialogue	False	True	Monica | Phoebe | Ross | Carol	Ross	Carol	False		Speaker agrees with available community-transcript mapping.	listen we both know you're gonna do it 'cause	Carol	Carol	absent	char_tracker_stage05		unobserved			high	
26	111	269.6	271.08	Cause you're not a jerk, okay?	Carol	high	community_transcript_match	1.0	dialogue	False	True	Monica | Phoebe | Ross | Carol	Carol	Carol	False		Speaker agrees with available community-transcript mapping.	listen we both know you're gonna do it 'cause you're not a jerk okay	Carol	Carol	absent	char_tracker_stage05		unobserved			high	
26	112	271.08	276.48	So you can either sulk here for half an hour and then go pick them up or you can save us both time and sulk in the car.	Carol	high	community_transcript_match	1.0	dialogue	False	True	Monica | Phoebe | Ross | Carol	Carol	Ross	False		Speaker agrees with available community-transcript mapping.	Listen, we both know you’re gonna do it ‘cause you’re not a jerk. Okay? So you can either sulk here for a half hour and then go pick them up, or save us both time and sulk in the car.	Carol	Carol	present	char_tracker_stage05	ross	unobserved			high	
26	113	276.48	277.48	Oh, Rachel doesn't want me.	Ross	high	community_transcript_match	1.0	dialogue	False	True	Monica | Phoebe | Ross | Carol	Carol	Carol	False		Speaker agrees with available community-transcript mapping.	No, Rachel doesn’t want me to....	Ross	Ross	present	char_tracker_stage05	ross	present	1.0		high	
26	114	277.48	279.16	I am sorry that Rachel dumped you.	Carol	high	community_transcript_match	1.0	dialogue	False	True	Monica | Phoebe | Ross | Carol	Ross	Carol	False		Speaker agrees with available community-transcript mapping.	Look, I-I-I am sorry that Rachel dumped you ‘cause she fell in love with that Mark guy, and you are the innocent victim in all of this, but don’t punish your friends for what Rachel did to you.	Carol	Carol	present	char_tracker_stage05	ross	unobserved			high	
26	115	279.16	280.84	Cause she fell in love with that Mark guy.	Carol	high	qa_review_resolved_bridge	0.9	dialogue	True	False	Monica | Phoebe | Ross | Carol	Carol	Carol	False		No direct transcript match; longer line defaulted to previous speaker in same scene. | QA resolved prior review by same-speaker bridge.				absent	char_tracker_stage05		unobserved			high	
26	116	280.84	282.64	And you were the innocent victim in all of this.	Carol	high	qa_review_resolved_bridge	0.9	dialogue	True	False	Monica | Phoebe | Ross | Carol	Carol	Carol	False		Continuation-style opener favors previous speaker within the same scene. | QA resolved prior review by same-speaker bridge.				absent	char_tracker_stage05		unobserved			high	
26	117	282.64	285.1	But don't p for what Rachel did to you.	Carol	medium	scene_context_inference	0.7100000000000001	dialogue	True	False	Monica | Phoebe | Ross | Carol	Carol	Ross	True	medium_confidence_context_fill	Continuation-style opener favors previous speaker within the same scene.				partial	char_tracker_stage05		unobserved			medium	
26	118	287.66	288.54	Yeah, you're right.	Ross	high	community_transcript_match	1.0	dialogue	False	True	Monica | Phoebe | Ross | Carol	Carol	Ross	False		Speaker agrees with available community-transcript mapping.	Yeah, you’re right.	Ross	Ross	present	char_tracker_stage05	ross	present	1.0		high	
26	119	289.42	290.54	Phoebe, hang on a second.	Ross	medium	visual_disambiguation	0.74	dialogue	True	False	Monica | Phoebe | Ross | Carol	Ross	Carol	False		Only one of the two text-context candidates was visually present in the window.				present	char_tracker_stage05	ross	present			medium	
26	120	290.54	291.66	Ross wants to tell you something.	Carol	medium	name_address_rule	0.74	dialogue	True	False	Monica | Phoebe | Ross | Carol	Ross	Carol	False		Utterance names the previous speaker, so the next speaker is more likely.				present	char_tracker_stage05	ross	unobserved			medium	
26	121	292.54	292.94	What?	Carol	high	community_transcript_match	1.0	dialogue	False	True	Monica | Phoebe | Ross | Carol	Carol	Carol	False		Speaker agrees with available community-transcript mapping.	What	Carol	Carol	present	char_tracker_stage05	ross	unobserved			high	
26	122	293.74	295.1	You slept with someone else?	Carol	high	community_transcript_match	1.0	dialogue	False	True	Monica | Phoebe | Ross | Carol	Carol	Ross	False		Speaker agrees with available community-transcript mapping.	(on phone) Phoebe hang on a second Ross wants to say something. (listens) What? (listens) (to Ross) You slept with someone else?!	Carol	Carol	present	char_tracker_stage05	ross	unobserved			high	
26	123	297.18	299.9	We were on a break, okay?	Ross	high	community_transcript_match	1.0	dialogue	False	True	Monica | Phoebe | Ross | Carol	Carol	Carol	False		Speaker agrees with available community-transcript mapping.	We were on a break!!! Okay!! (grabs the phone) We were, we were..., (calms down) yeah. Where are you? I’ll find you. (hangs up)	Ross	Ross	present	char_tracker_stage05	ross	present	0.6667		high	
26	124	300.3	300.86	We were.	Carol	medium	short_turn_alternation	0.7	dialogue	True	False	Monica | Phoebe | Ross | Carol	Ross	Carol	True	short_utterance_between_two_speakers	Short utterance inferred from local turn alternation.				absent	char_tracker_stage05		unobserved			medium	
26	125	300.86	301.34	We were.	Carol	high	scene_context_bridge	0.88	dialogue	True	False	Monica | Phoebe | Ross | Carol	Carol	Carol	False		Same speaker appears on both sides within the same scene.				present	char_tracker_stage05	ross	unobserved			high	
26	126	301.5	301.98	Yeah.	Carol	high	scene_context_bridge	0.88	dialogue	True	False	Monica | Phoebe | Ross | Carol	Carol	Carol	False		Same speaker appears on both sides within the same scene.				present	char_tracker_stage05	ross	unobserved			high	
26	127	302.54	303.34	Where are you?	Carol	high	scene_context_bridge	0.88	dialogue	True	False	Monica | Phoebe | Ross | Carol	Carol	Carol	False		Same speaker appears on both sides within the same scene.				present	char_tracker_stage05	ross	unobserved			high	
26	128	304.3	305.18	I'll find you.	Carol	high	scene_context_bridge	0.88	dialogue	True	False	Monica | Phoebe | Ross | Carol	Carol	Carol	False		Same speaker appears on both sides within the same scene.				present	char_tracker_stage05	ross	unobserved			high	
26	129	306.14	307.54	You slept with another woman?	Carol	high	community_transcript_match	1.0	dialogue	False	True	Monica | Phoebe | Ross | Carol	Carol	Ross	False		Speaker agrees with available community-transcript mapping.	You slept with another woman?	Carol	Carol	present	char_tracker_stage05	ross	unobserved			high	
26	130	307.54	308.38	Oh, you're.	Ross	high	community_transcript_match	1.0	dialogue	False	True	Monica | Phoebe | Ross | Carol	Carol	Ross	False		Speaker agrees with available community-transcript mapping.	oh you you're	Ross	Ross	present	char_tracker_stage05	ross	present	1.0		high	
26	131	308.38	309.66	You're one to talk.	Ross	high	community_transcript_match	1.0	dialogue	False	True	Monica | Phoebe | Ross | Carol	Ross		False		Speaker agrees with available community-transcript mapping.	Oh, you-you’re-you’re one to talk.	Ross	Ross	present	char_tracker_stage05	ross	present	1.0		high	
27	132	314.7	315.72	Ok, done.	Joey	high	qa_review_resolved_ct_support	1.0	dialogue	False	True	Joey | Monica		Monica	True	speaker_no_face	Speaker agrees with available community-transcript mapping. | QA resolved prior review with community-transcript support.	Okay, done.	Joey	Joey	absent	char_tracker_stage05		absent	0.0		medium	speaker_no_face
27	133	318.6	319.4	What's plat?	Monica	high	qa_review_resolved_ct_support	1.0	dialogue	False	True	Joey | Monica	Joey	Joey	True	speaker_offscreen	Speaker agrees with available community-transcript mapping. | QA resolved prior review with community-transcript support.	(reading the sign) What’s ‘pleh’?	Monica	Monica	present	char_tracker_stage05	chandler|joey	absent	0.0		low	speaker_offscreen
27	134	320.76	325.32	That's help spelled backwards so that the helicopters can read it from the air.	Joey	high	community_transcript_match	1.0	dialogue	False	True	Joey | Monica	Monica	Monica	False		Speaker agrees with available community-transcript mapping.	That’s ‘help’ spelled backwards so that the helicopters can read it from the air!	Joey	Joey	present	char_tracker_stage05	chandler|joey	present	1.0		high	
27	135	327.56	328.12	Huh.	Monica	high	community_transcript_match	1.0	dialogue	False	True	Joey | Monica	Joey	Monica	False		Speaker agrees with available community-transcript mapping.	Huh	Monica	Monica	present	char_tracker_stage05	monica|phoebe|rachel	present	1.0		high	
27	136	328.44	330.2	What's doofus spell backwards?	Monica	high	community_transcript_match	1.0	dialogue	False	True	Joey | Monica	Monica	Monica	False		Speaker agrees with available community-transcript mapping.	Huh. What’s dufus spelled backwards?	Monica	Monica	present	char_tracker_stage05	monica|phoebe|rachel	present	1.0		high	
27	137	332.92	333.32	Oh.	Monica	medium	scene_context_inference	0.68	reaction	True	False	Joey | Monica	Monica		True	scene_end_short_utterance | speaker_offscreen	Filled from previous same-scene context.				present	char_tracker_stage05	chandler	absent			low	speaker_offscreen
28	138	333.32	334.6	Oh, car, car.	Rachel	high	qa_review_resolved_ct_support	1.0	dialogue	False	True	Rachel | Phoebe | Chandler and Joey | Ross | Chandler		Phoebe	True	speaker_no_face	Speaker agrees with available community-transcript mapping. | QA resolved prior review with community-transcript support.	(all excited) Op, op, car! Car!! (sees it’s Ross) Ugh!!!	Rachel	Rachel	absent	char_tracker_stage05		absent	0.0		medium	speaker_no_face
28	139	338.2	338.92	It's for us.	Phoebe	low	scene_context_inference	0.58	dialogue	True	False	Rachel | Phoebe | Chandler and Joey | Ross | Chandler	Rachel	Phoebe	True	two_sided_context_ambiguous | low_speaker_confidence	No direct transcript match; weak local context only.				present	char_tracker_stage05	phoebe|rachel	present			low	low_speaker_confidence
28	140	338.92	340.12	On one of his drives.	Phoebe	high	community_transcript_match	1.0	dialogue	False	True	Rachel | Phoebe | Chandler and Joey | Ross | Chandler	Phoebe	Chandler and Joey	False		Speaker agrees with available community-transcript mapping.	Oh, it’s Ross on one of his drives!	Phoebe	Phoebe	present	char_tracker_stage05	phoebe	present	1.0		high	
28	141	340.76	341.24	Hey.	Chandler and Joey	high	community_transcript_match	1.0	dialogue	False	True	Rachel | Phoebe | Chandler and Joey | Ross | Chandler	Phoebe	Phoebe	False		Speaker agrees with available community-transcript mapping.	Hey!!	Chandler and Joey	Chandler and Joey	present	char_tracker_stage05	phoebe	unobserved			high	
28	142	342.12	342.6	Hi.	Phoebe	high	community_transcript_match	1.0	dialogue	False	True	Rachel | Phoebe | Chandler and Joey | Ross | Chandler	Chandler and Joey	Rachel	False		Speaker agrees with available community-transcript mapping.	Hi!	Phoebe	Phoebe	present	char_tracker_stage05	monica|phoebe|rachel	present	1.0		high	
28	143	342.84	344.44	What is he doing here?	Rachel	high	community_transcript_match	1.0	dialogue	False	True	Rachel | Phoebe | Chandler and Joey | Ross | Chandler	Phoebe	Ross	False		Speaker agrees with available community-transcript mapping.	What is he doing here?!	Rachel	Rachel	present	char_tracker_stage05	monica|phoebe|rachel	present	1.0		high	
28	144	344.87	346.63	He is saving your butt.	Ross	high	community_transcript_match	1.0	dialogue	False	True	Rachel | Phoebe | Chandler and Joey | Ross | Chandler	Rachel	Ross	False		Speaker agrees with available community-transcript mapping.	he is saving your butt ah i've got plenty of people to help on the interstate	Ross	Ross	present	char_tracker_stage05	ross	present	1.0		high	
28	145	347.19	351.35	Unless, of course, I'm stepping on some toes here, in which case I can just mosey on.	Ross	high	community_transcript_match	1.0	dialogue	False	True	Rachel | Phoebe | Chandler and Joey | Ross | Chandler	Ross	Ross	False		Speaker agrees with available community-transcript mapping.	He is saving your butt, ah, unless of course I’m stepping on some toes here, in which case I can just mosey on, I’ve got plenty of people to help on the Interstate.	Ross	Ross	present	char_tracker_stage05	ross	present	1.0		high	
28	146	351.43	353.83	I've got plenty of people to help on the interstate.	Ross	high	community_transcript_match	1.0	dialogue	False	True	Rachel | Phoebe | Chandler and Joey | Ross | Chandler	Ross	Chandler	False		Speaker agrees with available community-transcript mapping.	he is saving your butt ah i've got plenty of people to help on the interstate	Ross	Ross	present	char_tracker_stage05	ross	present	1.0		high	
28	147	356.23	357.03	We need your help.	Chandler	low	scene_context_inference	0.58	dialogue	True	False	Rachel | Phoebe | Chandler and Joey | Ross | Chandler	Ross	Chandler	True	two_sided_context_ambiguous | speaker_no_face	No direct transcript match; weak local context only.				absent	char_tracker_stage05		absent			low	speaker_no_face
28	148	362.63	363.51	Oh, no.	Chandler	high	qa_review_resolved_ct_support	1.0	dialogue	False	True	Rachel | Phoebe | Chandler and Joey | Ross | Chandler	Chandler		True	speaker_no_face	Speaker agrees with available community-transcript mapping. | QA resolved prior review with community-transcript support.	oh no	Chandler	Chandler	absent	char_tracker_stage05		absent	0.0		medium	speaker_no_face
29	149	363.51	365.27	Now it's not gonna make any sense.	Chandler	high	qa_review_resolved_ct_support	1.0	dialogue	False	True	Chandler | Phoebe | Joey | Monica | Rachel | Chandler, Phoebe, and Joey | Ross		Phoebe	True	speaker_offscreen	Speaker agrees with available community-transcript mapping. | QA resolved prior review with community-transcript support.	Oh no, now it’s not gonna make any sense!	Chandler	Chandler	present	char_tracker_stage05	joey	absent	0.0		low	speaker_offscreen
29	150	367.91	371.11	You guys, what do we do about Ross?	Phoebe	high	community_transcript_match	1.0	dialogue	False	True	Chandler | Phoebe | Joey | Monica | Rachel | Chandler, Phoebe, and Joey | Ross	Chandler	Phoebe	False		Speaker agrees with available community-transcript mapping.	you guys what what do we do about ross who	Phoebe	Phoebe	present	char_tracker_stage05	monica|phoebe	present	1.0		high	
29	151	371.11	372.39	He drove all the way up here.	Phoebe	high	community_transcript_match	1.0	dialogue	False	True	Chandler | Phoebe | Joey | Monica | Rachel | Chandler, Phoebe, and Joey | Ross	Phoebe	Phoebe	False		Speaker agrees with available community-transcript mapping.	You guys, what, what do we do about Ross who drove all the way up here	Phoebe	Phoebe	present	char_tracker_stage05	monica|phoebe	present	1.0		high	
29	152	372.39	372.91	What do we do?	Phoebe	high	community_transcript_match	1.0	dialogue	False	True	Chandler | Phoebe | Joey | Monica | Rachel | Chandler, Phoebe, and Joey | Ross	Phoebe	Phoebe	False		Speaker agrees with available community-transcript mapping.	What do we do	Phoebe	Phoebe	present	char_tracker_stage05	monica|phoebe	present	1.0		high	
29	153	372.91	374.68	Just like, send him back and then we're gonna go ski.	Phoebe	high	community_transcript_match	1.0	dialogue	False	True	Chandler | Phoebe | Joey | Monica | Rachel | Chandler, Phoebe, and Joey | Ross	Phoebe	Chandler	False		Speaker agrees with available community-transcript mapping.	(to Chandler and Monica) You guys, what, what do we do about Ross who drove all the way up here? What do we do? Just like send him back and we’re then gonna go skiing?	Phoebe	Phoebe	present	char_tracker_stage05	monica|phoebe	present	1.0		high	
29	154	375.23	376.27	Oh, this is horrible.	Chandler	high	community_transcript_match	1.0	dialogue	False	True	Chandler | Phoebe | Joey | Monica | Rachel | Chandler, Phoebe, and Joey | Ross	Phoebe	Chandler	False		Speaker agrees with available community-transcript mapping.	Oh, this is horrible, it’s just horrible.	Chandler	Chandler	present	char_tracker_stage05	chandler|monica|phoebe	present	0.5		high	
29	155	376.27	377.31	It's just horrible.	Chandler	high	community_transcript_match	1.0	dialogue	False	True	Chandler | Phoebe | Joey | Monica | Rachel | Chandler, Phoebe, and Joey | Ross	Chandler	Joey	False		Speaker agrees with available community-transcript mapping.	it's just horrible	Chandler	Chandler	present	char_tracker_stage05	chandler|monica|phoebe	present	1.0		high	
29	156	377.87	381.07	Hey, you guys think we should ask Ross to come along?	Joey	high	qa_review_resolved_ct_support	1.0	dialogue	False	True	Chandler | Phoebe | Joey | Monica | Rachel | Chandler, Phoebe, and Joey | Ross	Chandler	Monica	True	speaker_offscreen	Speaker agrees with available community-transcript mapping. | QA resolved prior review with community-transcript support.	Guys, do you think we should ask Ross to come along?	Joey	Joey	present	char_tracker_stage05	chandler|monica|phoebe	absent	0.0		low	speaker_offscreen
29	157	381.15	382.51	I know, but what about Rachel?	Monica	high	community_transcript_match	1.0	dialogue	False	True	Chandler | Phoebe | Joey | Monica | Rachel | Chandler, Phoebe, and Joey | Ross	Joey	Monica	False		Speaker agrees with available community-transcript mapping.	I know, what about Rachel	Monica	Monica	present	char_tracker_stage05	chandler|monica|phoebe	present	1.0		high	
29	158	382.51	384.19	I mean, how are we gonna even ask her?	Monica	high	community_transcript_match	1.0	dialogue	False	True	Chandler | Phoebe | Joey | Monica | Rachel | Chandler, Phoebe, and Joey | Ross	Monica	Rachel	False		Speaker agrees with available community-transcript mapping.	I know, what about Rachel? I mean how are we even gonna ask her?	Monica	Monica	present	char_tracker_stage05	chandler|monica|phoebe	present	1.0		high	
29	159	384.67	385.47	Ask me what?	Rachel	high	community_transcript_match	1.0	dialogue	False	True	Chandler | Phoebe | Joey | Monica | Rachel | Chandler, Phoebe, and Joey | Ross	Monica	Monica	False		Speaker agrees with available community-transcript mapping.	Ask me what?	Rachel	Rachel	present	char_tracker_stage05	chandler|joey|monica|phoebe|rachel	present	1.0		high	
29	160	388.03	391.87	Um, if it might be okay if Ross came skiing.	Monica	high	community_transcript_match	1.0	dialogue	False	True	Chandler | Phoebe | Joey | Monica | Rachel | Chandler, Phoebe, and Joey | Ross	Rachel	Chandler, Phoebe, and Joey	False		Speaker agrees with available community-transcript mapping.	Umm, if ah, it might be okay if Ross came skiing?	Monica	Monica	present	char_tracker_stage05	chandler|joey|monica|phoebe|rachel	present	1.0		high	
29	161	392.27	392.91	I was not.	Chandler, Phoebe, and Joey	low	scene_context_inference	0.58	dialogue	True	False	Chandler | Phoebe | Joey | Monica | Rachel | Chandler, Phoebe, and Joey | Ross	Monica	Chandler, Phoebe, and Joey	True	two_sided_context_ambiguous | low_speaker_confidence	No direct transcript match; weak local context only.				absent	char_tracker_stage05		unobserved			low	low_speaker_confidence
29	162	392.91	393.35	I wasn't.	Chandler, Phoebe, and Joey	high	scene_context_bridge	0.88	dialogue	True	False	Chandler | Phoebe | Joey | Monica | Rachel | Chandler, Phoebe, and Joey | Ross	Chandler, Phoebe, and Joey	Chandler, Phoebe, and Joey	False		Same speaker appears on both sides within the same scene.				absent	char_tracker_stage05		unobserved			high	
29	163	393.35	394.19	Yeah, I wasn't gonna ask.	Chandler, Phoebe, and Joey	high	community_transcript_match	1.0	dialogue	False	True	Chandler | Phoebe | Joey | Monica | Rachel | Chandler, Phoebe, and Joey | Ross	Chandler, Phoebe, and Joey	Rachel	False		Speaker agrees with available community-transcript mapping.	No, I wasn’t gonna ask you that, no.	Chandler, Phoebe, and Joey	Chandler, Phoebe, and Joey	absent	char_tracker_stage05		unobserved			high	
29	164	396.83	398.39	You guys are unbelievable.	Rachel	high	qa_review_resolved_ct_support	1.0	dialogue	False	True	Chandler | Phoebe | Joey | Monica | Rachel | Chandler, Phoebe, and Joey | Ross	Chandler, Phoebe, and Joey	Rachel	True	speaker_no_face	Speaker agrees with available community-transcript mapping. | QA resolved prior review with community-transcript support.	You guys are unbelievable. No! He cannot come.	Rachel	Rachel	partial	char_tracker_stage05		absent	0.0		medium	speaker_no_face
29	165	398.39	399.71	No, he cannot come.	Rachel	high	qa_review_resolved_ct_support	1.0	dialogue	False	True	Chandler | Phoebe | Joey | Monica | Rachel | Chandler, Phoebe, and Joey | Ross	Rachel	Ross	True	speaker_offscreen	Speaker agrees with available community-transcript mapping. | QA resolved prior review with community-transcript support.	no he cannot come	Rachel	Rachel	present	char_tracker_stage05	ross	absent	0.0		low	speaker_offscreen
29	166	400.11	400.79	Excuse me?	Ross	high	community_transcript_match	1.0	dialogue	False	True	Chandler | Phoebe | Joey | Monica | Rachel | Chandler, Phoebe, and Joey | Ross	Rachel	Chandler	False		Speaker agrees with available community-transcript mapping.	Excuse me?	Ross	Ross	present	char_tracker_stage05	ross	present	1.0		high	
29	167	400.79	401.55	It's horrible.	Chandler	high	qa_review_resolved_ct_support	1.0	dialogue	False	True	Chandler | Phoebe | Joey | Monica | Rachel | Chandler, Phoebe, and Joey | Ross	Ross	Ross	True	speaker_offscreen	Speaker agrees with available community-transcript mapping. | QA resolved prior review with community-transcript support.	It’s horrible.	Chandler	Chandler	present	char_tracker_stage05	ross	absent	0.0		low	speaker_offscreen
29	168	402.93	403.65	Oh, please.	Ross	high	community_transcript_match	1.0	dialogue	False	True	Chandler | Phoebe | Joey | Monica | Rachel | Chandler, Phoebe, and Joey | Ross	Chandler	Ross	False		Speaker agrees with available community-transcript mapping.	oh please	Ross	Ross	present	char_tracker_stage05	joey|ross	present	1.0		high	
29	169	403.81	407.09	Can't I come to your special magical cabin?	Ross	high	community_transcript_match	1.0	dialogue	False	True	Chandler | Phoebe | Joey | Monica | Rachel | Chandler, Phoebe, and Joey | Ross	Ross	Rachel	False		Speaker agrees with available community-transcript mapping.	(sarcastic) Oh please, can’t I come to your special, magical cabin?	Ross	Ross	present	char_tracker_stage05	joey|ross	present	1.0		high	
29	170	407.89	409.69	Why would you even want to come, Ross?	Rachel	high	qa_review_resolved_ct_support	1.0	dialogue	False	True	Chandler | Phoebe | Joey | Monica | Rachel | Chandler, Phoebe, and Joey | Ross	Ross	Rachel	True	speaker_offscreen	Speaker agrees with available community-transcript mapping. | QA resolved prior review with community-transcript support.	Why would you even want to come Ross? You’re a horrible skier.	Rachel	Rachel	present	char_tracker_stage05	joey|ross	absent	0.0		low	speaker_offscreen
29	171	409.69	410.93	You're a horrible skier.	Rachel	high	qa_review_resolved_ct_support	1.0	dialogue	False	True	Chandler | Phoebe | Joey | Monica | Rachel | Chandler, Phoebe, and Joey | Ross	Rachel	Ross	True	speaker_offscreen	Speaker agrees with available community-transcript mapping. | QA resolved prior review with community-transcript support.	You're a horrible skier	Rachel	Rachel	present	char_tracker_stage05	joey|ross	absent	0.0		low	speaker_offscreen
29	172	411.01	411.41	Oh.	Ross	medium	visual_disambiguation	0.74	reaction	True	False	Chandler | Phoebe | Joey | Monica | Rachel | Chandler, Phoebe, and Joey | Ross	Rachel	Ross	False		Only one of the two text-context candidates was visually present in the window.				present	char_tracker_stage05	joey|ross	present			medium	
29	173	411.41	411.81	Oh.	Ross	high	scene_context_bridge	0.88	reaction	True	False	Chandler | Phoebe | Joey | Monica | Rachel | Chandler, Phoebe, and Joey | Ross	Ross	Ross	False		Same speaker appears on both sides within the same scene.				present	char_tracker_stage05	joey|ross	present			high	
29	174	411.81	412.97	Hitting me where it hurts.	Ross	high	community_transcript_match	1.0	dialogue	False	True	Chandler | Phoebe | Joey | Monica | Rachel | Chandler, Phoebe, and Joey | Ross	Ross	Ross	False		Speaker agrees with available community-transcript mapping.	Oh-oh, hitting me where it hurts, my ski skills.	Ross	Ross	present	char_tracker_stage05	joey|ross	present	1.0		high	
29	175	412.97	414.21	My ski skills.	Ross	high	community_transcript_match	1.0	dialogue	False	True	Chandler | Phoebe | Joey | Monica | Rachel | Chandler, Phoebe, and Joey | Ross	Ross	Monica	False		Speaker agrees with available community-transcript mapping.	oh oh my ski skills	Ross	Ross	present	char_tracker_stage05	joey|ross	present	1.0		high	
29	176	416.05	416.85	Here we go again.	Monica	high	community_transcript_match	1.0	dialogue	False	True	Chandler | Phoebe | Joey | Monica | Rachel | Chandler, Phoebe, and Joey | Ross	Ross	Joey	False		Speaker agrees with available community-transcript mapping.	Here we go again.	Monica	Monica	present	char_tracker_stage05	chandler|monica	present	1.0		high	
29	177	417.17	418.73	I can't handle this, you guys.	Joey	high	qa_review_resolved_ct_support	1.0	dialogue	False	True	Chandler | Phoebe | Joey | Monica | Rachel | Chandler, Phoebe, and Joey | Ross	Monica	Chandler	True	speaker_no_face	Speaker agrees with available community-transcript mapping. | QA resolved prior review with community-transcript support.	I-I can’t handle this, you guys.	Joey	Joey	absent	char_tracker_stage05		absent	0.0		medium	speaker_no_face
29	178	418.73	419.69	You know, I can handle it.	Chandler	high	qa_review_resolved_ct_support	1.0	dialogue	False	True	Chandler | Phoebe | Joey | Monica | Rachel | Chandler, Phoebe, and Joey | Ross	Joey	Chandler	True	speaker_offscreen	Speaker agrees with available community-transcript mapping. | QA resolved prior review with community-transcript support.	y'know what i can handle it	Chandler	Chandler	present	char_tracker_stage05	monica	absent	0.0		low	speaker_offscreen
29	179	419.69	420.85	Handle's my middle name.	Chandler	high	community_transcript_match	1.0	dialogue	False	True	Chandler | Phoebe | Joey | Monica | Rachel | Chandler, Phoebe, and Joey | Ross	Chandler	Chandler	False		Speaker agrees with available community-transcript mapping.	Y'know what, I can handle it, handle's my middle name	Chandler	Chandler	present	char_tracker_stage05	chandler|monica	present	0.5		high	
29	180	421.33	423.97	Actually, it's the middle part of my first name.	Chandler	high	community_transcript_match	1.0	dialogue	False	True	Chandler | Phoebe | Joey | Monica | Rachel | Chandler, Phoebe, and Joey | Ross	Chandler	Ross	False		Speaker agrees with available community-transcript mapping.	Y'know what, I can handle it, handle’s my middle name. Actually it’s the ah, middle part of my first name.	Chandler	Chandler	present	char_tracker_stage05	chandler|rachel	present	1.0		high	
29	181	426.37	428.87	All right, Phoebe, the cab's ready.	Ross	high	qa_review_resolved_ct_support	1.0	dialogue	False	True	Chandler | Phoebe | Joey | Monica | Rachel | Chandler, Phoebe, and Joey | Ross	Chandler	Rachel	True	speaker_offscreen	Speaker agrees with available community-transcript mapping. | QA resolved prior review with community-transcript support.	All right Pheebs, your cab’s ready.	Ross	Ross	present	char_tracker_stage05	chandler	absent	0.0		low	speaker_offscreen
29	182	428.87	429.87	All right, let's go.	Rachel	high	qa_review_resolved_ct_support	1.0	dialogue	False	True	Chandler | Phoebe | Joey | Monica | Rachel | Chandler, Phoebe, and Joey | Ross	Ross	Ross	True	speaker_offscreen	Speaker agrees with available community-transcript mapping. | QA resolved prior review with community-transcript support.	All right, let’s go!	Rachel	Rachel	present	char_tracker_stage05	chandler	absent	0.0		low	speaker_offscreen
29	183	430.75	431.63	You're welcome.	Ross	high	community_transcript_match	1.0	dialogue	False	True	Chandler | Phoebe | Joey | Monica | Rachel | Chandler, Phoebe, and Joey | Ross	Rachel	Rachel	False		Speaker agrees with available community-transcript mapping.	You’re welcome.	Ross	Ross	present	char_tracker_stage05	chandler|ross	present	1.0		high	
29	184	431.87	432.55	Oh, I'm sorry.	Rachel	high	qa_review_resolved_ct_support	1.0	dialogue	False	True	Chandler | Phoebe | Joey | Monica | Rachel | Chandler, Phoebe, and Joey | Ross	Ross	Rachel	True	speaker_offscreen	Speaker agrees with available community-transcript mapping. | QA resolved prior review with community-transcript support.	oh i'm sorry	Rachel	Rachel	present	char_tracker_stage05	ross	absent	0.0		low	speaker_offscreen
29	185	432.55	434.67	Were you speaking to me or sleeping with someone else?	Rachel	high	qa_review_resolved_ct_support	1.0	dialogue	False	True	Chandler | Phoebe | Joey | Monica | Rachel | Chandler, Phoebe, and Joey | Ross	Rachel	Ross	True	speaker_offscreen	Speaker agrees with available community-transcript mapping. | QA resolved prior review with community-transcript support.	Oh, I’m sorry, were you speaking to me or sleeping with someone else?	Rachel	Rachel	present	char_tracker_stage05	ross	absent	0.0		low	speaker_offscreen
29	186	436.91	438.07	We were on a break.	Ross	high	community_transcript_match	1.0	dialogue	False	True	Chandler | Phoebe | Joey | Monica | Rachel | Chandler, Phoebe, and Joey | Ross	Rachel	Rachel	False		Speaker agrees with available community-transcript mapping.	We were on a break!	Ross	Ross	present	char_tracker_stage05	chandler|ross	present	1.0		high	
29	187	438.07	438.47	Okay?	Rachel	medium	short_turn_alternation	0.7	dialogue	True	False	Chandler | Phoebe | Joey | Monica | Rachel | Chandler, Phoebe, and Joey | Ross	Ross	Rachel	True	short_utterance_between_two_speakers	Short utterance inferred from local turn alternation.				present	char_tracker_stage05	chandler|rachel|ross	present			medium	
29	188	438.47	441.55	You know, Ross, why don't you just put that on your answering machine?	Rachel	high	community_transcript_match	1.0	dialogue	False	True	Chandler | Phoebe | Joey | Monica | Rachel | Chandler, Phoebe, and Joey | Ross	Rachel	Ross	False		Speaker agrees with available community-transcript mapping.	Y'know Ross why don’t you put that on your answering machine!	Rachel	Rachel	present	char_tracker_stage05	rachel	present	1.0		high	
29	189	441.55	442.07	Hey, hey.	Ross	high	community_transcript_match	1.0	dialogue	False	True	Chandler | Phoebe | Joey | Monica | Rachel | Chandler, Phoebe, and Joey | Ross	Rachel	Ross	False		Speaker agrees with available community-transcript mapping.	hey hey	Ross	Ross	present	char_tracker_stage05	rachel|ross	present	0.5		high	
29	190	442.07	443.03	It's valid, okay?	Ross	high	community_transcript_match	1.0	dialogue	False	True	Chandler | Phoebe | Joey | Monica | Rachel | Chandler, Phoebe, and Joey | Ross	Ross	Ross	False		Speaker agrees with available community-transcript mapping.	Hey-hey, it's valid okay	Ross	Ross	present	char_tracker_stage05	rachel|ross	present	1.0		high	
29	191	443.03	444.67	And I'm not the only one who thinks so.	Ross	high	community_transcript_match	1.0	dialogue	False	True	Chandler | Phoebe | Joey | Monica | Rachel | Chandler, Phoebe, and Joey | Ross	Ross	Ross	False		Speaker agrees with available community-transcript mapping.	Hey-hey, it’s valid okay? And I’m not the only one who thinks so, Monica agrees with me.	Ross	Ross	present	char_tracker_stage05	ross	present	1.0		high	
29	192	444.67	446.43	Monica agrees with me.	Ross	high	community_transcript_match	1.0	dialogue	False	True	Chandler | Phoebe | Joey | Monica | Rachel | Chandler, Phoebe, and Joey | Ross	Ross	Rachel	False		Speaker agrees with available community-transcript mapping.	hey hey it's valid okay monica agrees with me	Ross	Ross	present	char_tracker_stage05	ross	present	1.0		high	
29	193	447.23	447.63	What?	Rachel	high	community_transcript_match	1.0	dialogue	False	True	Chandler | Phoebe | Joey | Monica | Rachel | Chandler, Phoebe, and Joey | Ross	Ross	Monica	False		Speaker agrees with available community-transcript mapping.	(to Monica) What?!	Rachel	Rachel	present	char_tracker_stage05	rachel|ross	present	1.0		high	
29	194	449.15	450.03	I don't know.	Monica	high	qa_review_resolved_ct_support	1.0	dialogue	False	True	Chandler | Phoebe | Joey | Monica | Rachel | Chandler, Phoebe, and Joey | Ross	Rachel	Ross	True	speaker_no_face	Speaker agrees with available community-transcript mapping. | QA resolved prior review with community-transcript support.	(shyly) I don’t know.	Monica	Monica	absent	char_tracker_stage05		absent	0.0		medium	speaker_no_face
29	195	451.79	453.23	That's what you said last night.	Ross	high	community_transcript_match	1.0	dialogue	False	True	Chandler | Phoebe | Joey | Monica | Rachel | Chandler, Phoebe, and Joey | Ross	Monica	Monica	False		Speaker agrees with available community-transcript mapping.	That’s what you said last night.	Ross	Ross	present	char_tracker_stage05	rachel|ross	present	1.0		high	
29	196	453.72	456.2	What I said was, was that I understood.	Monica	high	qa_review_resolved_ct_support	1.0	dialogue	False	True	Chandler | Phoebe | Joey | Monica | Rachel | Chandler, Phoebe, and Joey | Ross	Ross	Monica	True	speaker_no_face	Speaker agrees with available community-transcript mapping. | QA resolved prior review with community-transcript support.	What I said was, was that I understood. Joey’s the one who agreed with you!	Monica	Monica	partial	char_tracker_stage05		absent	0.0		medium	speaker_no_face
29	197	457.08	458.84	Joey is the one who agreed with you.	Monica	high	qa_review_resolved_ct_support	1.0	dialogue	False	True	Chandler | Phoebe | Joey | Monica | Rachel | Chandler, Phoebe, and Joey | Ross	Monica	Ross	True	speaker_no_face	Speaker agrees with available community-transcript mapping. | QA resolved prior review with community-transcript support.	Joey's the one who agreed with you	Monica	Monica	absent	char_tracker_stage05		absent	0.0		medium	speaker_no_face
29	198	459.16	459.8	Okay?	Ross	high	qa_review_resolved_ct_support	1.0	dialogue	False	True	Chandler | Phoebe | Joey | Monica | Rachel | Chandler, Phoebe, and Joey | Ross	Monica	Rachel	True	speaker_no_face	Speaker agrees with available community-transcript mapping. | QA resolved prior review with community-transcript support.	Okay.	Ross	Ross	absent	char_tracker_stage05		absent	0.0		medium	speaker_no_face
29	199	460.52	461.32	Really, Joey.	Rachel	high	community_transcript_match	1.0	dialogue	False	True	Chandler | Phoebe | Joey | Monica | Rachel | Chandler, Phoebe, and Joey | Ross	Ross	Joey	False		Speaker agrees with available community-transcript mapping.	Really Joey?	Rachel	Rachel	present	char_tracker_stage05	joey|rachel	present	1.0		high	
29	200	463.4	463.8	What?	Joey	high	community_transcript_match	1.0	dialogue	False	True	Chandler | Phoebe | Joey | Monica | Rachel | Chandler, Phoebe, and Joey | Ross	Rachel	Phoebe	False		Speaker agrees with available community-transcript mapping.	(pause) What?	Joey	Joey	present	char_tracker_stage05	joey	present	1.0		high	
29	201	465.56	466.12	You know what?	Phoebe	medium	visual_disambiguation	0.74	dialogue	True	False	Chandler | Phoebe | Joey | Monica | Rachel | Chandler, Phoebe, and Joey | Ross	Joey	Phoebe	False		Only one of the two text-context candidates was visually present in the window.				present	char_tracker_stage05	monica|phoebe	present			medium	
29	202	466.12	468.52	But there is no right or wrong here.	Phoebe	high	community_transcript_match	1.0	dialogue	False	True	Chandler | Phoebe | Joey | Monica | Rachel | Chandler, Phoebe, and Joey | Ross	Phoebe	Rachel	False		Speaker agrees with available community-transcript mapping.	Y'know what, but there is, there is no right or wrong, here.	Phoebe	Phoebe	present	char_tracker_stage05	monica|phoebe	present	1.0		high	
29	203	468.84	471.4	No, I think it's very obvious who's wrong here.	Rachel	high	community_transcript_match	1.0	dialogue	False	True	Chandler | Phoebe | Joey | Monica | Rachel | Chandler, Phoebe, and Joey | Ross	Phoebe	Ross	False		Speaker agrees with available community-transcript mapping.	No, I think it’s very obvious who’s wrong here.	Rachel	Rachel	present	char_tracker_stage05	rachel|ross	present	1.0		high	
29	204	471.48	472.84	Obviously not to Joey.	Ross	high	community_transcript_match	1.0	dialogue	False	True	Chandler | Phoebe | Joey | Monica | Rachel | Chandler, Phoebe, and Joey | Ross	Rachel		False		Speaker agrees with available community-transcript mapping.	Obviously not to Joey.	Ross	Ross	present	char_tracker_stage05	rachel|ross	present	1.0		high	
30	205	476.36	476.76	What?	Joey	high	community_transcript_match	1.0	dialogue	False	True	Joey		Joey	False		Speaker agrees with available community-transcript mapping.	(pause) What?	Joey	Joey	present	char_tracker_stage05	joey	present	1.0		high	
30	206	478.52	479.0	Joey?	Joey	high	qa_review_resolved_bridge	0.9	dialogue	True	False	Joey	Joey	Joey	False		Filled from previous same-scene context. | QA resolved prior review by same-speaker bridge.				present	char_tracker_stage05	joey|ross	present			high	
30	207	479.0	480.84	About the same thing that I do.	Joey	high	qa_review_resolved_bridge	0.9	dialogue	True	False	Joey	Joey	Joey	True	speaker_offscreen	Filled from previous same-scene context. | QA resolved prior review by same-speaker bridge.				present	char_tracker_stage05	ross	absent			low	speaker_offscreen
30	208	480.84	481.08	Hey.	Joey	medium	scene_context_inference	0.68	dialogue	True	False	Joey	Joey		True	scene_end_short_utterance | speaker_offscreen	Filled from previous same-scene context.				present	char_tracker_stage05	ross	absent			low	speaker_offscreen
31	209	481.08	481.96	No, no, no, no, no.	Ross	high	community_transcript_match	1.0	dialogue	False	True	Ross | Chandler		Chandler	False		Speaker agrees with available community-transcript mapping.	(to Rachel) Look both, Joey and Monica feel the same way that I do. No-no-no-no.	Ross	Ross	present	char_tracker_stage05	ross	present	1.0		high	
31	210	482.2	484.12	I guess who I am.	Chandler	high	qa_review_resolved_ct_support	1.0	dialogue	False	True	Ross | Chandler	Ross		True	speaker_offscreen	Speaker agrees with available community-transcript mapping. | QA resolved prior review with community-transcript support.	Guys, guys, guess who I am?! (starts dancing around in an effort to stop the fighting.)	Chandler	Chandler	present	char_tracker_stage05	ross	absent	0.0		low	speaker_offscreen
32	211	493.1	494.86	Hey, hey, hey.	Phoebe	high	qa_review_resolved_ct_support	1.0	dialogue	False	True	Phoebe | Joey | Rachel | Ross | Monica | Chandler		Phoebe	True	speaker_no_face	Speaker agrees with available community-transcript mapping. | QA resolved prior review with community-transcript support.	Hey	Phoebe	Phoebe	absent	char_tracker_stage05		absent	0.0		medium	speaker_no_face
32	212	495.82	497.42	Look what you're doing to Chandler.	Phoebe	high	qa_review_resolved_ct_support	1.0	dialogue	False	True	Phoebe | Joey | Rachel | Ross | Monica | Chandler	Phoebe	Joey	True	speaker_no_face	Speaker agrees with available community-transcript mapping. | QA resolved prior review with community-transcript support.	Hey! Hey! Hey! Hey!! Hey!!! (they all stop fighting, Chandler continues to dance.) Look what you’re doing to Chandler!! (Chandler finally stops) (to Ross and Rachel) Yeah, look, we know this is really, really hard for you guys. Okay? (Ross starts to leave) You don’t, all right you don’t have to love each other, okay? You don’t, you don’t even have to like each other much right now. But please, you have to figure out a way to be around each other.	Phoebe	Phoebe	absent	char_tracker_stage05		absent	0.0		medium	speaker_no_face
32	213	501.58	501.94	Yeah.	Joey	high	qa_review_resolved_ct_support	1.0	dialogue	False	True	Phoebe | Joey | Rachel | Ross | Monica | Chandler	Phoebe	Phoebe	True	speaker_offscreen	Speaker agrees with available community-transcript mapping. | QA resolved prior review with community-transcript support.	Yeah, and not put us in the middle.	Joey	Joey	present	char_tracker_stage05	phoebe|ross	absent	0.0		low	speaker_offscreen
32	214	501.94	505.42	Look, we know that this is really, really hard for you guys, okay?	Phoebe	medium	visual_disambiguation	0.74	dialogue	True	False	Phoebe | Joey | Rachel | Ross | Monica | Chandler	Joey	Phoebe	False		Only one of the two text-context candidates was visually present in the window.				present	char_tracker_stage05	phoebe|ross	present			medium	
32	215	505.66	506.3	You don't.	Phoebe	high	scene_context_bridge	0.88	dialogue	True	False	Phoebe | Joey | Rachel | Ross | Monica | Chandler	Phoebe	Phoebe	False		Same speaker appears on both sides within the same scene.				present	char_tracker_stage05	phoebe	present			high	
32	216	506.62	507.02	All right?	Phoebe	high	scene_context_bridge	0.88	dialogue	True	False	Phoebe | Joey | Rachel | Ross | Monica | Chandler	Phoebe	Phoebe	False		Same speaker appears on both sides within the same scene.				present	char_tracker_stage05	phoebe	present			high	
32	217	507.02	508.3	You don't have to love each other.	Phoebe	high	scene_context_bridge	0.88	dialogue	True	False	Phoebe | Joey | Rachel | Ross | Monica | Chandler	Phoebe	Phoebe	False		Same speaker appears on both sides within the same scene.				present	char_tracker_stage05	chandler|monica|phoebe	present			high	
32	218	508.3	508.78	Okay?	Phoebe	high	qa_review_resolved_bridge	0.9	dialogue	True	False	Phoebe | Joey | Rachel | Ross | Monica | Chandler	Phoebe	Phoebe	True	speaker_offscreen	Same speaker appears on both sides within the same scene. | QA resolved prior review by same-speaker bridge.				present	char_tracker_stage05	chandler|monica	absent			low	speaker_offscreen
32	219	509.1	511.42	You don't even have to like each other much right now.	Phoebe	high	scene_context_bridge	0.88	dialogue	True	False	Phoebe | Joey | Rachel | Ross | Monica | Chandler	Phoebe	Phoebe	False		Same speaker appears on both sides within the same scene.				present	char_tracker_stage05	monica|phoebe	present			high	
32	220	511.42	515.35	But please, you have to figure out a way to be around each other.	Phoebe	high	scene_context_bridge	0.88	dialogue	True	False	Phoebe | Joey | Rachel | Ross | Monica | Chandler	Phoebe	Phoebe	False		Same speaker appears on both sides within the same scene.				present	char_tracker_stage05	monica|phoebe	present			high	
32	221	515.67	516.07	Yeah.	Phoebe	high	community_transcript_match	1.0	dialogue	False	True	Phoebe | Joey | Rachel | Ross | Monica | Chandler	Phoebe	Phoebe	False		Speaker agrees with available community-transcript mapping.	Yeah, otherwise, I mean that’s, that’s, that’s just it for us hanging out together. Y'know is that what you want? (they both look away) Can you be civil?	Phoebe	Phoebe	present	char_tracker_stage05	joey|monica|phoebe|ross	present	0.5		high	
32	222	516.07	518.15	And not put us in the middle.	Phoebe	medium	scene_context_inference	0.7100000000000001	dialogue	True	False	Phoebe | Joey | Rachel | Ross | Monica | Chandler	Phoebe	Rachel	True	medium_confidence_context_fill | speaker_offscreen	Continuation-style opener favors previous speaker within the same scene.				present	char_tracker_stage05	joey|ross	absent			low	speaker_offscreen
32	223	518.23	518.63	Yeah.	Rachel	high	community_transcript_match	1.0	dialogue	False	True	Phoebe | Joey | Rachel | Ross | Monica | Chandler	Phoebe	Ross	False		Speaker agrees with available community-transcript mapping.	Yeah.	Rachel	Rachel	present	char_tracker_stage05	joey|phoebe|rachel|ross	present	1.0		high	
32	224	518.63	519.75	Otherwise, I mean, that.	Ross	low	scene_context_inference	0.58	dialogue	True	False	Phoebe | Joey | Rachel | Ross | Monica | Chandler	Rachel	Ross	True	two_sided_context_ambiguous | low_speaker_confidence	No direct transcript match; weak local context only.				present	char_tracker_stage05	joey|phoebe|rachel|ross	present			low	low_speaker_confidence
32	225	519.75	520.31	That's just.	Ross	high	qa_review_resolved_bridge	0.9	dialogue	True	False	Phoebe | Joey | Rachel | Ross | Monica | Chandler	Ross	Ross	True	speaker_offscreen	Same speaker appears on both sides within the same scene. | QA resolved prior review by same-speaker bridge.				present	char_tracker_stage05	phoebe|rachel	absent			low	speaker_offscreen
32	226	520.31	521.59	That's it for us.	Ross	high	qa_review_resolved_bridge	0.9	dialogue	True	False	Phoebe | Joey | Rachel | Ross | Monica | Chandler	Ross	Ross	True	speaker_offscreen	Same speaker appears on both sides within the same scene. | QA resolved prior review by same-speaker bridge.				present	char_tracker_stage05	rachel	absent			low	speaker_offscreen
32	227	521.59	523.75	Hanging out together, you know?	Ross	high	qa_review_resolved_bridge	0.9	dialogue	True	False	Phoebe | Joey | Rachel | Ross | Monica | Chandler	Ross	Ross	True	speaker_offscreen	Same speaker appears on both sides within the same scene. | QA resolved prior review by same-speaker bridge.				present	char_tracker_stage05	rachel	absent			low	speaker_offscreen
32	228	523.75	524.71	Is that what you want?	Ross	high	qa_review_resolved_bridge	0.9	dialogue	True	False	Phoebe | Joey | Rachel | Ross | Monica | Chandler	Ross	Ross	True	speaker_offscreen	Same speaker appears on both sides within the same scene. | QA resolved prior review by same-speaker bridge.				present	char_tracker_stage05	phoebe|rachel	absent			low	speaker_offscreen
32	229	526.55	526.95	No.	Ross	high	scene_context_bridge	0.88	dialogue	True	False	Phoebe | Joey | Rachel | Ross | Monica | Chandler	Ross	Ross	False		Same speaker appears on both sides within the same scene.				present	char_tracker_stage05	phoebe|rachel|ross	present			high	
32	230	527.43	528.71	Can you be civil?	Ross	high	scene_context_bridge	0.88	dialogue	True	False	Phoebe | Joey | Rachel | Ross | Monica | Chandler	Ross	Ross	False		Same speaker appears on both sides within the same scene.				present	char_tracker_stage05	phoebe|rachel|ross	present			high	
32	231	531.19	533.11	Yeah, I can.	Ross	high	community_transcript_match	1.0	dialogue	False	True	Phoebe | Joey | Rachel | Ross | Monica | Chandler	Ross	Phoebe	False		Speaker agrees with available community-transcript mapping.	I can.	Ross	Ross	present	char_tracker_stage05	ross	present	1.0		high	
32	232	533.75	535.35	Okay, Good.	Phoebe	high	community_transcript_match	1.0	dialogue	False	True	Phoebe | Joey | Rachel | Ross | Monica | Chandler	Ross	Phoebe	False		Speaker agrees with available community-transcript mapping.	Okay	Phoebe	Phoebe	present	char_tracker_stage05	monica|phoebe|ross	present	0.6667		high	
32	233	535.35	536.83	All right, let's get back in the car.	Phoebe	high	community_transcript_match	1.0	dialogue	False	True	Phoebe | Joey | Rachel | Ross | Monica | Chandler	Phoebe	Phoebe	False		Speaker agrees with available community-transcript mapping.	Okay. Good, all right, let’s get back in the car, ‘cause it’s freezing, and my chest is unsupported.	Phoebe	Phoebe	present	char_tracker_stage05	monica|phoebe	present	1.0		high	
32	234	536.83	538.66	Cause it's freezing and my chest is unsupported.	Phoebe	high	community_transcript_match	1.0	dialogue	False	True	Phoebe | Joey | Rachel | Ross | Monica | Chandler	Phoebe	Joey	False		Speaker agrees with available community-transcript mapping.	okay good 'cause it's freezing and my chest is unsupported	Phoebe	Phoebe	present	char_tracker_stage05	monica|phoebe	present	1.0		high	
32	235	541.77	542.25	Wait a second.	Joey	high	qa_review_resolved_ct_support	1.0	dialogue	False	True	Phoebe | Joey | Rachel | Ross | Monica | Chandler	Phoebe	Joey	True	speaker_offscreen	Speaker agrees with available community-transcript mapping. | QA resolved prior review with community-transcript support.	oh what wait wait a second who's going with who	Joey	Joey	present	char_tracker_stage05	monica|rachel	absent	0.0		low	speaker_offscreen
32	236	542.25	543.45	I mean, what are we doing?	Joey	high	qa_review_resolved_bridge	1.0	dialogue	False	True	Phoebe | Joey | Rachel | Ross | Monica | Chandler	Joey	Joey	True	speaker_no_face	Speaker agrees with available community-transcript mapping. | QA resolved prior review by same-speaker bridge.	Oh what, wait, wait a second, I mean, what are we doing? Who’s going with who?	Joey	Joey	absent	char_tracker_stage05		absent	0.0		medium	speaker_no_face
32	237	543.45	544.65	Who's going with who?	Joey	high	qa_review_resolved_ct_support	1.0	dialogue	False	True	Phoebe | Joey | Rachel | Ross | Monica | Chandler	Joey	Ross	True	speaker_no_face	Speaker agrees with available community-transcript mapping. | QA resolved prior review with community-transcript support.	Who's going with who	Joey	Joey	absent	char_tracker_stage05		absent	0.0		medium	speaker_no_face
32	238	549.05	550.25	Look, you guys should.	Ross	medium	visual_disambiguation	0.74	dialogue	True	False	Phoebe | Joey | Rachel | Ross | Monica | Chandler	Joey	Ross	False		Only one of the two text-context candidates was visually present in the window.				present	char_tracker_stage05	ross	present			medium	
32	239	550.41	551.37	You guys should go.	Ross	high	scene_context_bridge	0.88	dialogue	True	False	Phoebe | Joey | Rachel | Ross | Monica | Chandler	Ross	Ross	False		Same speaker appears on both sides within the same scene.				present	char_tracker_stage05	ross	present			high	
32	240	552.09	552.49	No.	Ross	high	scene_context_bridge	0.88	dialogue	True	False	Phoebe | Joey | Rachel | Ross | Monica | Chandler	Ross	Ross	False		Same speaker appears on both sides within the same scene.				present	char_tracker_stage05	ross	present			high	
32	241	552.89	558.13	You know, you planned this all out and I don't want to ruin it.	Ross	high	community_transcript_match	1.0	dialogue	False	True	Phoebe | Joey | Rachel | Ross | Monica | Chandler	Ross	Ross	False		Speaker agrees with available community-transcript mapping.	Look, you guys, you guys should go. (Joey tries to say something, but Ross cuts him off.) No, I’m, you, you planned this all out, and I don’t want to ruin it, so you guys should just go.	Ross	Ross	present	char_tracker_stage05	ross	present	1.0		high	
32	242	558.13	559.45	So you guys should just go.	Ross	high	community_transcript_match	1.0	dialogue	False	True	Phoebe | Joey | Rachel | Ross | Monica | Chandler	Ross	Joey	False		Speaker agrees with available community-transcript mapping.	look you guys you guys should go no i'm so you guys should just go	Ross	Ross	present	char_tracker_stage05	ross	present	1.0		high	
32	243	559.77	560.53	Come on, man.	Joey	high	qa_review_resolved_ct_support	1.0	dialogue	False	True	Phoebe | Joey | Rachel | Ross | Monica | Chandler	Ross	Joey	True	speaker_offscreen	Speaker agrees with available community-transcript mapping. | QA resolved prior review with community-transcript support.	Come on man, you drove all the way up here.	Joey	Joey	present	char_tracker_stage05	ross	absent	0.0		low	speaker_offscreen
32	244	560.53	561.01	You drove.	Joey	high	qa_review_resolved_ct_support	1.0	dialogue	False	True	Phoebe | Joey | Rachel | Ross | Monica | Chandler	Joey	Ross	True	speaker_offscreen	Speaker agrees with available community-transcript mapping. | QA resolved prior review with community-transcript support.	you drove all the way up here	Joey	Joey	present	char_tracker_stage05	ross	absent	0.0		low	speaker_offscreen
32	245	561.01	562.25	No, no.	Ross	medium	visual_disambiguation	0.74	dialogue	True	False	Phoebe | Joey | Rachel | Ross | Monica | Chandler	Joey	Ross	False		Only one of the two text-context candidates was visually present in the window.				present	char_tracker_stage05	ross	present			medium	
32	246	562.25	564.61	Really gotta take the car back anyway.	Ross	high	community_transcript_match	1.0	dialogue	False	True	Phoebe | Joey | Rachel | Ross | Monica | Chandler	Ross	Ross	False		Speaker agrees with available community-transcript mapping.	no no really i've got to take the car back anyway it's fine no guilt i promise	Ross	Ross	present	char_tracker_stage05	ross	present	1.0		high	
32	247	564.61	566.57	I'm spending all day tomorrow with Ben.	Ross	high	community_transcript_match	1.0	dialogue	False	True	Phoebe | Joey | Rachel | Ross | Monica | Chandler	Ross	Ross	False		Speaker agrees with available community-transcript mapping.	No, no, really, I’ve got to take the car back anyway, I’m spending all day tomorrow with Ben, It’s fine, no guilt I promise.	Ross	Ross	present	char_tracker_stage05	ross	present	1.0		high	
32	248	567.39	568.59	It's fine, okay?	Ross	medium	visual_disambiguation	0.74	dialogue	True	False	Phoebe | Joey | Rachel | Ross | Monica | Chandler	Ross	Ross	False		Only one of the two text-context candidates was visually present in the window.				present	char_tracker_stage05	joey|ross	present			medium	
32	249	568.75	569.39	Just go.	Ross	medium	visual_disambiguation	0.74	dialogue	True	False	Phoebe | Joey | Rachel | Ross | Monica | Chandler	Ross	Ross	False		Only one of the two text-context candidates was visually present in the window.				present	char_tracker_stage05	joey|ross	present			medium	
32	250	569.39	570.03	No guilt.	Ross	medium	visual_disambiguation	0.74	dialogue	True	False	Phoebe | Joey | Rachel | Ross | Monica | Chandler	Ross	Ross	False		Only one of the two text-context candidates was visually present in the window.				present	char_tracker_stage05	ross	present			medium	
32	251	570.03	570.67	I promise.	Ross	medium	visual_disambiguation	0.74	dialogue	True	False	Phoebe | Joey | Rachel | Ross | Monica | Chandler	Ross	Rachel	False		Only one of the two text-context candidates was visually present in the window.				present	char_tracker_stage05	ross	present			medium	
32	252	573.23	573.87	Thank you.	Rachel	high	community_transcript_match	1.0	dialogue	False	True	Phoebe | Joey | Rachel | Ross | Monica | Chandler	Ross	Monica	False		Speaker agrees with available community-transcript mapping.	Thank you.	Rachel	Rachel	present	char_tracker_stage05	rachel	present	1.0		high	
32	253	576.99	578.59	All right, we'll call you when we get back.	Monica	high	qa_review_resolved_ct_support	1.0	dialogue	False	True	Phoebe | Joey | Rachel | Ross | Monica | Chandler	Rachel	Ross	True	speaker_no_face	Speaker agrees with available community-transcript mapping. | QA resolved prior review with community-transcript support.	All right, we’ll call you when we get back.	Monica	Monica	absent	char_tracker_stage05		absent	0.0		medium	speaker_no_face
32	254	578.59	579.07	Okay.	Ross	high	qa_review_resolved_ct_support	1.0	dialogue	False	True	Phoebe | Joey | Rachel | Ross | Monica | Chandler	Monica	Phoebe	True	speaker_no_face	Speaker agrees with available community-transcript mapping. | QA resolved prior review with community-transcript support.	Okay.	Ross	Ross	absent	char_tracker_stage05		absent	0.0		medium	speaker_no_face
32	255	579.07	580.91	Maybe we can, like, go to a movie or something.	Phoebe	high	qa_review_resolved_ct_support	1.0	dialogue	False	True	Phoebe | Joey | Rachel | Ross | Monica | Chandler	Ross	Ross	True	speaker_no_face	Speaker agrees with available community-transcript mapping. | QA resolved prior review with community-transcript support.	Maybe we can like go to a movie or something.	Phoebe	Phoebe	absent	char_tracker_stage05		absent	0.0		medium	speaker_no_face
32	256	580.91	581.39	Okay.	Ross	medium	short_turn_alternation	0.7	dialogue	True	False	Phoebe | Joey | Rachel | Ross | Monica | Chandler	Phoebe	Ross	True	short_utterance_between_two_speakers | speaker_no_face	Short utterance inferred from local turn alternation.				absent	char_tracker_stage05		absent			medium	speaker_no_face
32	257	581.63	582.19	Okay.	Ross	high	qa_review_resolved_ct_support	1.0	dialogue	False	True	Phoebe | Joey | Rachel | Ross | Monica | Chandler	Ross	Phoebe	True	speaker_no_face	Speaker agrees with available community-transcript mapping. | QA resolved prior review with community-transcript support.	Okay.	Ross	Ross	absent	char_tracker_stage05		absent	0.0		medium	speaker_no_face
32	258	582.27	582.67	Or.	Phoebe	high	qa_review_resolved_ct_support	1.0	dialogue	False	True	Phoebe | Joey | Rachel | Ross | Monica | Chandler	Ross	Phoebe	True	speaker_no_face	Speaker agrees with available community-transcript mapping. | QA resolved prior review with community-transcript support.	or	Phoebe	Phoebe	absent	char_tracker_stage05		absent	0.0		medium	speaker_no_face
32	259	582.67	583.63	Or the rodeo.	Phoebe	high	qa_review_resolved_ct_support	1.0	dialogue	False	True	Phoebe | Joey | Rachel | Ross | Monica | Chandler	Phoebe	Ross	True	speaker_no_face	Speaker agrees with available community-transcript mapping. | QA resolved prior review with community-transcript support.	Or, or the rodeo!!	Phoebe	Phoebe	absent	char_tracker_stage05		absent	0.0		medium	speaker_no_face
32	260	585.55	586.35	That'll be great.	Ross	high	community_transcript_match	1.0	dialogue	False	True	Phoebe | Joey | Rachel | Ross | Monica | Chandler	Phoebe	Phoebe	False		Speaker agrees with available community-transcript mapping.	That would be great.	Ross	Ross	present	char_tracker_stage05	ross	present	0.5		high	
32	261	586.35	586.91	Okay.	Phoebe	high	qa_review_resolved_ct_support	1.0	dialogue	False	True	Phoebe | Joey | Rachel | Ross | Monica | Chandler	Ross	Chandler	True	speaker_no_face	Speaker agrees with available community-transcript mapping. | QA resolved prior review with community-transcript support.	Okay!	Phoebe	Phoebe	absent	char_tracker_stage05		absent	0.0		medium	speaker_no_face
32	262	588.83	591.55	I was being Shelly Winters from the Poseidon Adventure.	Chandler	high	community_transcript_match	1.0	dialogue	False	True	Phoebe | Joey | Rachel | Ross | Monica | Chandler	Phoebe	Ross	False		Speaker agrees with available community-transcript mapping.	I was being Shelly Winters from The Poseidon Adventure.	Chandler	Chandler	present	char_tracker_stage05	chandler	present	1.0		high	
32	263	594.73	595.13	I know.	Ross	high	community_transcript_match	1.0	dialogue	False	True	Phoebe | Joey | Rachel | Ross | Monica | Chandler	Chandler		False		Speaker agrees with available community-transcript mapping.	I know!	Ross	Ross	present	char_tracker_stage05	ross	present	1.0		high	
36	264	629.23	630.15	Ross, Hi.	Carol	high	community_transcript_match	1.0	dialogue	False	True	Carol | Ross		Ross	False		Speaker agrees with available community-transcript mapping.	(looking through the peephole) Ugh. (opening the door) Ross!	Carol	Carol	present	char_tracker_stage05	ross	unobserved			high	
36	265	630.15	631.15	Sorry I'm late.	Ross	high	community_transcript_match	1.0	dialogue	False	True	Carol | Ross	Carol	Ross	False		Speaker agrees with available community-transcript mapping.	Sorry I'm late	Ross	Ross	present	char_tracker_stage05	ross	present	1.0		high	
36	266	631.87	632.83	Were you sleeping?	Ross	high	community_transcript_match	1.0	dialogue	False	True	Carol | Ross	Ross	Ross	False		Speaker agrees with available community-transcript mapping.	(entering) Hi! Sorry I’m late. Were you sleeping?	Ross	Ross	present	char_tracker_stage05	ross	present	1.0		high	
36	267	632.91	633.95	Uh, no.	Ross	high	scene_context_bridge	0.88	dialogue	True	False	Carol | Ross	Ross	Ross	False		Same speaker appears on both sides within the same scene.				present	char_tracker_stage05	ross	present			high	
36	268	634.03	634.91	Oh, great.	Ross	high	qa_review_resolved_bridge	1.0	dialogue	False	True	Carol | Ross	Ross	Ross	True	speaker_no_face	Speaker agrees with available community-transcript mapping. | QA resolved prior review by same-speaker bridge.	Oh, great	Ross	Ross	absent	char_tracker_stage05		absent	0.0		medium	speaker_no_face
36	269	636.67	639.35	So I had to get you a whole new battery.	Ross	high	community_transcript_match	1.0	dialogue	False	True	Carol | Ross	Ross	Ross	False		Speaker agrees with available community-transcript mapping.	Oh, great! Listen, oh I had to get you a whole new battery. I got you the best one I could, ‘cause that’s not where you want to skimp.	Ross	Ross	present	char_tracker_stage05	ross	present	1.0		high	
36	270	639.35	640.75	And I got you the best one I could.	Ross	high	community_transcript_match	1.0	dialogue	False	True	Carol | Ross	Ross	Ross	False		Speaker agrees with available community-transcript mapping.	I got you the best one I could, 'cause that's not where you want to skimp	Ross	Ross	present	char_tracker_stage05	ross	present	1.0		high	
36	271	640.75	642.23	Cause that's not where you want to skimp.	Ross	high	community_transcript_match	1.0	dialogue	False	True	Carol | Ross	Ross	Carol	False		Speaker agrees with available community-transcript mapping.	'cause that's not where you want to skimp	Ross	Ross	present	char_tracker_stage05	ross	present	1.0		high	
36	272	642.23	643.47	You're a genius, Ross.	Carol	high	community_transcript_match	1.0	dialogue	False	True	Carol | Ross	Ross	Ross	False		Speaker agrees with available community-transcript mapping.	You’re a genius, Ross.	Carol	Carol	present	char_tracker_stage05	ross	unobserved			high	
36	273	643.55	647.71	Well, it came to about $112, but what the hell, just call it an even 110.	Ross	high	community_transcript_match	1.0	dialogue	False	True	Carol | Ross	Carol	Carol	False		Speaker agrees with available community-transcript mapping.	Yeah, well it came to about $112, but what the hell, just call it an even 110?	Ross	Ross	present	char_tracker_stage05	ross	present	1.0		high	
36	274	648.67	650.11	Okay, I'll tell you tomorrow.	Carol	high	community_transcript_match	1.0	dialogue	False	True	Carol | Ross	Ross	Ross	False		Speaker agrees with available community-transcript mapping.	Okay, I’ll pay you tomorrow. (pushes him out the door)	Carol	Carol	absent	char_tracker_stage05		unobserved			high	
36	275	650.27	651.23	Okay, bye.	Ross	high	qa_review_resolved_ct_support	1.0	dialogue	False	True	Carol | Ross	Carol	Ross	True	speaker_no_face	Speaker agrees with available community-transcript mapping. | QA resolved prior review with community-transcript support.	Okay.	Ross	Ross	absent	char_tracker_stage05		absent	0.0		medium	speaker_no_face
36	276	651.47	652.75	So they're.	Ross	high	scene_context_bridge	0.88	dialogue	True	False	Carol | Ross	Ross	Ross	False		Same speaker appears on both sides within the same scene.				present	char_tracker_stage05	ross	present			high	
36	277	653.14	653.98	They all took off.	Ross	high	community_transcript_match	1.0	dialogue	False	True	Carol | Ross	Ross	Ross	False		Speaker agrees with available community-transcript mapping.	so they ah they all took off y'know	Ross	Ross	present	char_tracker_stage05	ross	present	1.0		high	
36	278	653.98	656.1	It was pretty hard watching them go, you know?	Ross	high	community_transcript_match	1.0	dialogue	False	True	Carol | Ross	Ross	Carol	False		Speaker agrees with available community-transcript mapping.	So they ah, they all took off, it was pretty hard watching them go, y'know?	Ross	Ross	present	char_tracker_stage05	ross	present	1.0		high	
36	279	657.3	657.66	Yeah.	Carol	high	community_transcript_match	1.0	dialogue	False	True	Carol | Ross	Ross	Ross	False		Speaker agrees with available community-transcript mapping.	Yeah, okay, bye. (closes the door, turns out the lights, and runs back to the bedroom)	Carol	Carol	present	char_tracker_stage05	ross	unobserved			high	
36	280	657.66	658.42	Okay, fine.	Ross	medium	visual_disambiguation	0.74	dialogue	True	False	Carol | Ross	Carol	Ross	False		Only one of the two text-context candidates was visually present in the window.				present	char_tracker_stage05	ross	present			medium	
36	281	663.06	664.26	So I'm gonna take off.	Ross	high	community_transcript_match	1.0	dialogue	False	True	Carol | Ross	Ross		False		Speaker agrees with available community-transcript mapping.	(outside the door) So I’m gonna take off then!	Ross	Ross	unknown	char_tracker_stage05		unknown		sentence_outside_visual_data_range	medium	visual_presence_unknown
