scene_id	sentence_id	start	end	utterance	speaker	speaker_confidence	speaker_method	alignment_score	row_type	filled_from_missing	matched_to_ct	scene_speaker_set	prev_speaker_scene	next_speaker_scene	review_flag	review_reason	notes	utterance_ct	speaker_ct	speaker_original	visual_presence	visual_presence_source	visual_presence_chars	speaker_visual_presence	speaker_visual_ratio	visual_presence_note	annotation_confidence	annotation_review_reason
1	1	2.0	2.48	Hampton.	Phoebe	medium	scene_context_inference	0.68	dialogue	True	False	Phoebe | The Guys | Monica | Rachel		Phoebe	True	scene_start_short_utterance | speaker_no_face	Filled from next same-scene context.				absent	char_tracker_stage05		absent			medium	speaker_no_face
1	2	6.48	8.32	Hey, it's your Thanksgiving too.	Phoebe	high	qa_review_resolved_bridge	1.0	dialogue	False	True	Phoebe | The Guys | Monica | Rachel	Phoebe	Phoebe	True	speaker_offscreen	Speaker agrees with available community-transcript mapping. | QA resolved prior review by same-speaker bridge.	hey it's your thanksgiving too y'know	Phoebe	Phoebe	present	char_tracker_stage05	chandler|joey|ross	absent	0.0		low	speaker_offscreen
1	3	8.56	10.8	You know, instead of watching football, you could help.	Phoebe	high	qa_review_resolved_ct_support	1.0	dialogue	False	True	Phoebe | The Guys | Monica | Rachel	Phoebe	The Guys	True	speaker_offscreen	Speaker agrees with available community-transcript mapping. | QA resolved prior review with community-transcript support.	Hey, it’s your Thanksgiving too, y'know, instead of watching football, you could help.	Phoebe	Phoebe	present	char_tracker_stage05	chandler|joey|ross	absent	0.0		low	speaker_offscreen
1	4	11.2	11.76	We know.	The Guys	high	community_transcript_match	1.0	dialogue	False	True	Phoebe | The Guys | Monica | Rachel	Phoebe	Monica	False		Speaker agrees with available community-transcript mapping.	We will. (they don’t move)	The Guys	The Guys	present	char_tracker_stage05	chandler|joey|ross	unobserved			high	
1	5	13.92	17.36	Rachel, you want to put the marshmallows in concentric circles.	Monica	high	qa_review_resolved_ct_support	1.0	dialogue	False	True	Phoebe | The Guys | Monica | Rachel	The Guys	Rachel	True	speaker_no_face	Speaker agrees with available community-transcript mapping. | QA resolved prior review with community-transcript support.	Okay, Rachel, you wanna put the marshmellows in concentric circles.	Monica	Monica	partial	char_tracker_stage05		absent	0.0		medium	speaker_no_face
1	6	19.2	22.0	No, Mon, you want to put them in concentric circles.	Rachel	high	community_transcript_match	1.0	dialogue	False	True	Phoebe | The Guys | Monica | Rachel	Monica		False		Speaker agrees with available community-transcript mapping.	No Mon, you want to put them in concentric circles. I want to do this.	Rachel	Rachel	present	char_tracker_stage05	rachel	present	1.0		high	
2	7	22.48	34.71	I want to do this every year.	Monica	high	community_transcript_match	1.0	dialogue	False	True	Monica			False		Speaker agrees with available community-transcript mapping.	Every year.	Monica	Monica	present	char_tracker_stage05	monica	present	0.5385		high	
4	8	47.27	50.87	You know, for once I'm gonna sit down and try to watch one of these things.	Phoebe	high	qa_review_resolved_ct_support	1.0	dialogue	False	True	Phoebe | Ross | Joey | Rachel | Chandler | Monica and Ross | Monica		Ross	True	speaker_no_face	Speaker agrees with available community-transcript mapping. | QA resolved prior review with community-transcript support.	Y'know, for once, I am going to sit down and try to watch one of these things. (just as she sits down).	Phoebe	Phoebe	absent	char_tracker_stage05		absent	0.0		medium	speaker_no_face
4	9	53.19	53.83	Halftime.	Ross	high	qa_review_resolved_ct_support	1.0	dialogue	False	True	Phoebe | Ross | Joey | Rachel | Chandler | Monica and Ross | Monica	Phoebe	Joey	True	speaker_no_face	Speaker agrees with available community-transcript mapping. | QA resolved prior review with community-transcript support.	Halftime.	Ross	Ross	absent	char_tracker_stage05		absent	0.0		medium	speaker_no_face
4	10	56.23	58.47	Hey, who wants to throw the ball around a little?	Joey	high	community_transcript_match	1.0	dialogue	False	True	Phoebe | Ross | Joey | Rachel | Chandler | Monica and Ross | Monica	Ross	Joey	False		Speaker agrees with available community-transcript mapping.	Hey, who wants to ah, throw the ball around a little, maybe get a little three on three going?	Joey	Joey	present	char_tracker_stage05	joey	present	1.0		high	
4	11	58.47	59.83	Maybe get a little three on three going?	Joey	high	community_transcript_match	1.0	dialogue	False	True	Phoebe | Ross | Joey | Rachel | Chandler | Monica and Ross | Monica	Joey	Rachel	False		Speaker agrees with available community-transcript mapping.	maybe get a little three on three going	Joey	Joey	present	char_tracker_stage05	joey	present	1.0		high	
4	12	59.83	60.71	Oh, that would be.	Rachel	high	qa_review_resolved_ct_support	1.0	dialogue	False	True	Phoebe | Ross | Joey | Rachel | Chandler | Monica and Ross | Monica	Joey	Phoebe	True	speaker_offscreen	Speaker agrees with available community-transcript mapping. | QA resolved prior review with community-transcript support.	Oh! That would be sooo much fun!	Rachel	Rachel	present	char_tracker_stage05	joey	absent	0.0		low	speaker_offscreen
4	13	61.65	62.65	Oh, can I play too?	Phoebe	high	qa_review_resolved_ct_support	1.0	dialogue	False	True	Phoebe | Ross | Joey | Rachel | Chandler | Monica and Ross | Monica	Rachel	Phoebe	True	speaker_offscreen	Speaker agrees with available community-transcript mapping. | QA resolved prior review with community-transcript support.	Oh, can I play too	Phoebe	Phoebe	present	char_tracker_stage05	rachel	absent	0.0		low	speaker_offscreen
4	14	62.65	63.73	I've never played football.	Phoebe	high	community_transcript_match	1.0	dialogue	False	True	Phoebe | Ross | Joey | Rachel | Chandler | Monica and Ross | Monica	Phoebe	Phoebe	False		Speaker agrees with available community-transcript mapping.	Oh, can I play too? I’ve never played football, like ever.	Phoebe	Phoebe	present	char_tracker_stage05	phoebe|rachel	present	0.5		high	
4	15	63.73	64.45	Like, ever.	Phoebe	high	community_transcript_match	1.0	dialogue	False	True	Phoebe | Ross | Joey | Rachel | Chandler | Monica and Ross | Monica	Phoebe	Joey	False		Speaker agrees with available community-transcript mapping.	oh can i play too like ever	Phoebe	Phoebe	present	char_tracker_stage05	phoebe	present	1.0		high	
4	16	65.57	65.93	Great.	Joey	high	community_transcript_match	1.0	dialogue	False	True	Phoebe | Ross | Joey | Rachel | Chandler | Monica and Ross | Monica	Phoebe	Joey	False		Speaker agrees with available community-transcript mapping.	great	Joey	Joey	present	char_tracker_stage05	joey|phoebe|rachel	present	1.0		high	
4	17	65.93	67.09	You can cover Chandler.	Joey	high	community_transcript_match	1.0	dialogue	False	True	Phoebe | Ross | Joey | Rachel | Chandler | Monica and Ross | Monica	Joey	Chandler	False		Speaker agrees with available community-transcript mapping.	Great, you can cover Chandler.	Joey	Joey	present	char_tracker_stage05	joey|rachel	present	1.0		high	
4	18	69.49	70.25	No, no, I don't.	Chandler	high	qa_review_resolved_ct_support	1.0	dialogue	False	True	Phoebe | Ross | Joey | Rachel | Chandler | Monica and Ross | Monica	Joey	Chandler	True	speaker_no_face	Speaker agrees with available community-transcript mapping. | QA resolved prior review with community-transcript support.	No, no, no, I don’t, I don’t really wanna play.	Chandler	Chandler	absent	char_tracker_stage05		absent	0.0		medium	speaker_no_face
4	19	70.25	71.49	I don't really want to play.	Chandler	high	qa_review_resolved_ct_support	1.0	dialogue	False	True	Phoebe | Ross | Joey | Rachel | Chandler | Monica and Ross | Monica	Chandler	Joey	True	speaker_no_face	Speaker agrees with available community-transcript mapping. | QA resolved prior review with community-transcript support.	no i don't really wanna play	Chandler	Chandler	absent	char_tracker_stage05		absent	0.0		medium	speaker_no_face
4	20	72.13	72.81	Come on, man.	Joey	high	qa_review_resolved_ct_support	1.0	dialogue	False	True	Phoebe | Ross | Joey | Rachel | Chandler | Monica and Ross | Monica	Chandler	Joey	True	speaker_no_face	Speaker agrees with available community-transcript mapping. | QA resolved prior review with community-transcript support.	Come on man	Joey	Joey	absent	char_tracker_stage05		absent	0.0		medium	speaker_no_face
4	21	72.81	75.01	You haven't wanted to do anything since you and Janice broke up.	Joey	high	community_transcript_match	1.0	dialogue	False	True	Phoebe | Ross | Joey | Rachel | Chandler | Monica and Ross | Monica	Joey	Chandler	False		Speaker agrees with available community-transcript mapping.	Come on man! You never want to do anything since you and Janice broke up.	Joey	Joey	present	char_tracker_stage05	joey	present	0.75		high	
4	22	75.01	75.73	That's not true.	Chandler	high	community_transcript_match	1.0	dialogue	False	True	Phoebe | Ross | Joey | Rachel | Chandler | Monica and Ross | Monica	Joey	Chandler	False		Speaker agrees with available community-transcript mapping.	That's not true	Chandler	Chandler	present	char_tracker_stage05	chandler|joey	present	1.0		high	
4	23	75.73	78.53	I wanted to wear my bathrobe and eat peanut clusters all day.	Chandler	high	community_transcript_match	1.0	dialogue	False	True	Phoebe | Ross | Joey | Rachel | Chandler | Monica and Ross | Monica	Chandler	Chandler	False		Speaker agrees with available community-transcript mapping.	That’s not true! I wanted to wear my bathrobe and eat peanut clusters all day. I wanted to start drinking in the morning. Don’t say that I don’t have goals!	Chandler	Chandler	present	char_tracker_stage05	chandler	present	1.0		high	
4	24	79.57	81.25	I wanted to start drinking in the morning.	Chandler	high	community_transcript_match	1.0	dialogue	False	True	Phoebe | Ross | Joey | Rachel | Chandler | Monica and Ross | Monica	Chandler	Chandler	False		Speaker agrees with available community-transcript mapping.	I wanted to start drinking in the morning	Chandler	Chandler	present	char_tracker_stage05	chandler	present	1.0		high	
4	25	81.25	81.93	Don't say that.	Chandler	high	community_transcript_match	1.0	dialogue	False	True	Phoebe | Ross | Joey | Rachel | Chandler | Monica and Ross | Monica	Chandler	Chandler	False		Speaker agrees with available community-transcript mapping.	Don't say that I don't have goals	Chandler	Chandler	present	char_tracker_stage05	chandler	present	1.0		high	
4	26	81.93	82.93	I don't have ghouls.	Chandler	high	community_transcript_match	1.0	dialogue	False	True	Phoebe | Ross | Joey | Rachel | Chandler | Monica and Ross | Monica	Chandler	Joey	False		Speaker agrees with available community-transcript mapping.	i don't have goals	Chandler	Chandler	present	char_tracker_stage05	chandler	present	1.0		high	
4	27	83.57	85.89	Chandler, you have to start getting over her.	Joey	medium	name_address_rule	0.74	dialogue	True	False	Phoebe | Ross | Joey | Rachel | Chandler | Monica and Ross | Monica	Chandler	Joey	False		Utterance names the previous speaker, so the next speaker is more likely.				present	char_tracker_stage05	joey	present			medium	
4	28	85.97	86.33	All right?	Joey	high	scene_context_bridge	0.88	dialogue	True	False	Phoebe | Ross | Joey | Rachel | Chandler | Monica and Ross | Monica	Joey	Joey	False		Same speaker appears on both sides within the same scene.				present	char_tracker_stage05	joey	present			high	
4	29	86.33	87.23	If you play, you.	Joey	high	scene_context_bridge	0.88	dialogue	True	False	Phoebe | Ross | Joey | Rachel | Chandler | Monica and Ross | Monica	Joey	Joey	False		Same speaker appears on both sides within the same scene.				present	char_tracker_stage05	joey	present			high	
4	30	87.3	88.22	You get some fresh air.	Joey	high	scene_context_bridge	0.88	dialogue	True	False	Phoebe | Ross | Joey | Rachel | Chandler | Monica and Ross | Monica	Joey	Joey	False		Same speaker appears on both sides within the same scene.				present	char_tracker_stage05	joey	present			high	
4	31	88.22	90.18	Maybe you'll take your mind off Janice.	Joey	high	scene_context_bridge	0.88	dialogue	True	False	Phoebe | Ross | Joey | Rachel | Chandler | Monica and Ross | Monica	Joey	Joey	False		Same speaker appears on both sides within the same scene.				present	char_tracker_stage05	joey	present			high	
4	32	90.18	93.02	And if you don't play, everyone will be mad at you.	Joey	high	community_transcript_match	1.0	dialogue	False	True	Phoebe | Ross | Joey | Rachel | Chandler | Monica and Ross | Monica	Joey	Joey	False		Speaker agrees with available community-transcript mapping.	Chandler, you have to start getting over her. All right, if you play, you get some fresh air, maybe it’ll take your mind off Janice, and if you don’t play, everyone will be mad at you ‘cause the teams won’t be even. Come on.	Joey	Joey	present	char_tracker_stage05	joey	present	1.0		high	
4	33	93.02	94.02	Cause the teams won't be even.	Joey	medium	scene_context_inference	0.66	dialogue	True	False	Phoebe | Ross | Joey | Rachel | Chandler | Monica and Ross | Monica	Joey	Chandler	True	two_sided_context_ambiguous	No direct transcript match; longer line defaulted to previous speaker in same scene.				present	char_tracker_stage05	chandler|joey	present			medium	
4	34	94.02	94.58	Come on.	Chandler	medium	short_turn_alternation	0.7	dialogue	True	False	Phoebe | Ross | Joey | Rachel | Chandler | Monica and Ross | Monica	Joey	Chandler	True	short_utterance_between_two_speakers	Short utterance inferred from local turn alternation.				present	char_tracker_stage05	chandler|joey	present			medium	
4	35	95.86	96.9	All right, I'll play.	Chandler	high	community_transcript_match	1.0	dialogue	False	True	Phoebe | Ross | Joey | Rachel | Chandler | Monica and Ross | Monica	Chandler	Chandler	False		Speaker agrees with available community-transcript mapping.	Yeah, all right, I’ll play. But I don't like....you.	Chandler	Chandler	present	char_tracker_stage05	chandler	present	1.0		high	
4	36	96.98	99.54	I don't like you.	Chandler	high	community_transcript_match	1.0	dialogue	False	True	Phoebe | Ross | Joey | Rachel | Chandler | Monica and Ross | Monica	Chandler	Phoebe	False		Speaker agrees with available community-transcript mapping.	But I don't like	Chandler	Chandler	present	char_tracker_stage05	chandler	present	1.0		high	
4	37	100.58	101.06	Yay.	Phoebe	high	qa_review_resolved_ct_support	1.0	dialogue	False	True	Phoebe | Ross | Joey | Rachel | Chandler | Monica and Ross | Monica	Chandler	Rachel	True	speaker_no_face	Speaker agrees with available community-transcript mapping. | QA resolved prior review with community-transcript support.	Yay!!	Phoebe	Phoebe	absent	char_tracker_stage05		absent	0.0		medium	speaker_no_face
4	38	101.54	102.58	Let's do it.	Rachel	high	qa_review_resolved_ct_support	1.0	dialogue	False	True	Phoebe | Ross | Joey | Rachel | Chandler | Monica and Ross | Monica	Phoebe	Rachel	True	speaker_no_face	Speaker agrees with available community-transcript mapping. | QA resolved prior review with community-transcript support.	Let’s do it! Ross?	Rachel	Rachel	absent	char_tracker_stage05		absent	0.0		medium	speaker_no_face
4	39	102.74	103.22	Ross.	Rachel	high	qa_review_resolved_ct_support	1.0	dialogue	False	True	Phoebe | Ross | Joey | Rachel | Chandler | Monica and Ross | Monica	Rachel	Ross	True	speaker_offscreen	Speaker agrees with available community-transcript mapping. | QA resolved prior review with community-transcript support.	Ross	Rachel	Rachel	present	char_tracker_stage05	ross	absent	0.0		low	speaker_offscreen
4	40	103.299	103.66	What?	Ross	high	community_transcript_match	1.0	dialogue	False	True	Phoebe | Ross | Joey | Rachel | Chandler | Monica and Ross | Monica	Rachel	Rachel	False		Speaker agrees with available community-transcript mapping.	What?	Ross	Ross	present	char_tracker_stage05	ross	present	1.0		high	
4	41	103.66	104.42	Wanna play football?	Rachel	high	qa_review_resolved_ct_support	1.0	dialogue	False	True	Phoebe | Ross | Joey | Rachel | Chandler | Monica and Ross | Monica	Ross	Ross	True	speaker_offscreen	Speaker agrees with available community-transcript mapping. | QA resolved prior review with community-transcript support.	Do you wanna play football?	Rachel	Rachel	present	char_tracker_stage05	monica|ross	absent	0.0		low	speaker_offscreen
4	42	107.06	110.26	Um, Monica and I aren't supposed to play football.	Ross	high	community_transcript_match	1.0	dialogue	False	True	Phoebe | Ross | Joey | Rachel | Chandler | Monica and Ross | Monica	Rachel	Joey	False		Speaker agrees with available community-transcript mapping.	Um, Monica and I aren’t supposed to play football.	Ross	Ross	present	char_tracker_stage05	monica|ross	present	1.0		high	
4	43	112.1	112.74	Says who?	Joey	high	community_transcript_match	1.0	dialogue	False	True	Phoebe | Ross | Joey | Rachel | Chandler | Monica and Ross | Monica	Ross	Joey	False		Speaker agrees with available community-transcript mapping.	Says who	Joey	Joey	present	char_tracker_stage05	chandler|joey	present	1.0		high	
4	44	112.74	113.3	Your mom?	Joey	high	community_transcript_match	1.0	dialogue	False	True	Phoebe | Ross | Joey | Rachel | Chandler | Monica and Ross | Monica	Joey	Monica and Ross	False		Speaker agrees with available community-transcript mapping.	Says who? Your mom?	Joey	Joey	present	char_tracker_stage05	chandler|joey	present	1.0		high	
4	45	115.22	115.78	Yeah.	Monica and Ross	high	community_transcript_match	1.0	dialogue	False	True	Phoebe | Ross | Joey | Rachel | Chandler | Monica and Ross | Monica	Joey	Rachel	False		Speaker agrees with available community-transcript mapping.	Yeah.	Monica and Ross	Monica and Ross	present	char_tracker_stage05	chandler|joey|monica|ross	unobserved			high	
4	46	118.28	119.0	What do you mean?	Rachel	high	community_transcript_match	1.0	dialogue	False	True	Phoebe | Ross | Joey | Rachel | Chandler | Monica and Ross | Monica	Monica and Ross	Rachel	False		Speaker agrees with available community-transcript mapping.	what do you mean	Rachel	Rachel	present	char_tracker_stage05	chandler|joey|monica|phoebe|rachel	present	1.0		high	
4	47	119.0	121.56	She asks her boyfriend really scared to hear the answer.	Rachel	high	community_transcript_match	1.0	dialogue	False	True	Phoebe | Ross | Joey | Rachel | Chandler | Monica and Ross | Monica	Rachel	Monica	False		Speaker agrees with available community-transcript mapping.	"""What do you mean,"" she asks her boyfriend who's really scared to hear the answer."	Rachel	Rachel	present	char_tracker_stage05	phoebe|rachel	present	1.0		high	
4	48	122.84	128.52	Well, every Thanksgiving we used to have a touch football game called the Geller Bowl.	Monica	high	community_transcript_match	1.0	dialogue	False	True	Phoebe | Ross | Joey | Rachel | Chandler | Monica and Ross | Monica	Rachel	Chandler	False		Speaker agrees with available community-transcript mapping.	Well, every, every Thanksgiving um, we used to have a touch football game called the ‘Geller Bowl.’	Monica	Monica	present	char_tracker_stage05	monica|ross	present	1.0		high	
4	49	128.68	129.48	No, no, no.	Chandler	high	community_transcript_match	1.0	dialogue	False	True	Phoebe | Ross | Joey | Rachel | Chandler | Monica and Ross | Monica	Monica	Chandler	False		Speaker agrees with available community-transcript mapping.	no no no	Chandler	Chandler	present	char_tracker_stage05	chandler|joey|monica|ross	present	1.0		high	
4	50	129.48	130.68	You say that proudly.	Chandler	high	community_transcript_match	1.0	dialogue	False	True	Phoebe | Ross | Joey | Rachel | Chandler | Monica and Ross | Monica	Chandler	Monica	False		Speaker agrees with available community-transcript mapping.	No, no, no, you say that proudly.	Chandler	Chandler	present	char_tracker_stage05	chandler|joey	present	1.0		high	
4	51	132.2	137.08	Anyway, Ross and I were always captains and it got kind of competitive.	Monica	high	community_transcript_match	1.0	dialogue	False	True	Phoebe | Ross | Joey | Rachel | Chandler | Monica and Ross | Monica	Chandler	Monica	False		Speaker agrees with available community-transcript mapping.	anyway ross and i were always captains and um it got kind've competitive	Monica	Monica	present	char_tracker_stage05	monica|ross	present	1.0		high	
4	52	137.08	142.69	And one year, Geller Bowl 6, I accidentally broke Ross nose.	Monica	high	community_transcript_match	1.0	dialogue	False	True	Phoebe | Ross | Joey | Rachel | Chandler | Monica and Ross | Monica	Monica	Ross	False		Speaker agrees with available community-transcript mapping.	Anyway, Ross and I were always captains, and um, it got kind’ve competitive and one year, Geller Bowl VI, I accidentally broke Ross’s nose.	Monica	Monica	present	char_tracker_stage05	monica|ross	present	1.0		high	
4	53	144.21	146.37	It was so not an accident.	Ross	high	community_transcript_match	1.0	dialogue	False	True	Phoebe | Ross | Joey | Rachel | Chandler | Monica and Ross | Monica	Monica	Ross	False		Speaker agrees with available community-transcript mapping.	It was soo not an accident	Ross	Ross	present	char_tracker_stage05	ross	present	1.0		high	
4	54	146.61	151.17	She saw I was about to tag her, so she threw her big fat grandma arm elbow in my face.	Ross	high	community_transcript_match	1.0	dialogue	False	True	Phoebe | Ross | Joey | Rachel | Chandler | Monica and Ross | Monica	Ross	Ross	False		Speaker agrees with available community-transcript mapping.	It was soo not an accident. She saw I was about to tag her, so she threw her big fat grandma arm elbow right into my face. And just keep running.	Ross	Ross	present	char_tracker_stage05	monica|ross	present	1.0		high	
4	55	152.29	153.49	Just kept running.	Ross	high	community_transcript_match	1.0	dialogue	False	True	Phoebe | Ross | Joey | Rachel | Chandler | Monica and Ross | Monica	Ross	Monica	False		Speaker agrees with available community-transcript mapping.	And just keep running	Ross	Ross	present	char_tracker_stage05	ross	present	1.0		high	
4	56	154.13	156.37	Just score the winning touchdown, by the way.	Monica	high	qa_review_resolved_ct_support	1.0	dialogue	False	True	Phoebe | Ross | Joey | Rachel | Chandler | Monica and Ross | Monica	Ross	Ross	True	speaker_offscreen	Speaker agrees with available community-transcript mapping. | QA resolved prior review with community-transcript support.	To score the winning touchdown, by the way.	Monica	Monica	present	char_tracker_stage05	ross	absent	0.0		low	speaker_offscreen
4	57	156.37	157.889	Whoa, ho, ho ho.	Ross	high	community_transcript_match	1.0	dialogue	False	True	Phoebe | Ross | Joey | Rachel | Chandler | Monica and Ross | Monica	Monica	Ross	False		Speaker agrees with available community-transcript mapping.	whoa whoa whoa ho ho ho oh and by the way savage nose breaking	Ross	Ross	present	char_tracker_stage05	ross	present	1.0		high	
4	58	158.45	159.65	You did not win the game.	Ross	high	community_transcript_match	1.0	dialogue	False	True	Phoebe | Ross | Joey | Rachel | Chandler | Monica and Ross | Monica	Ross	Ross	False		Speaker agrees with available community-transcript mapping.	whoa whoa whoa ho ho ho you did not win the game oh and by the way savage nose breaking	Ross	Ross	present	char_tracker_stage05	ross	present	1.0		high	
4	59	159.65	163.45	The touchdown didn't count because of the spectacularly illegal.	Ross	high	community_transcript_match	1.0	dialogue	False	True	Phoebe | Ross | Joey | Rachel | Chandler | Monica and Ross | Monica	Ross	Ross	False		Speaker agrees with available community-transcript mapping.	Whoa, whoa, whoa, ho, ho, ho, you did not win the game, the touchdown didn’t count, because of the spectacularly illegal, oh and by the way savage nose breaking.	Ross	Ross	present	char_tracker_stage05	ross	present	1.0		high	
4	60	163.45	165.49	Oh, and by the way, savage nose breaking.	Ross	high	community_transcript_match	1.0	dialogue	False	True	Phoebe | Ross | Joey | Rachel | Chandler | Monica and Ross | Monica	Ross	Monica	False		Speaker agrees with available community-transcript mapping.	whoa whoa whoa ho ho ho you did not win the game oh and by the way savage nose breaking	Ross	Ross	present	char_tracker_stage05	monica|ross	present	1.0		high	
4	61	167.33	168.29	I won the game.	Monica	high	qa_review_resolved_ct_support	1.0	dialogue	False	True	Phoebe | Ross | Joey | Rachel | Chandler | Monica and Ross | Monica	Ross	Ross	True	speaker_offscreen	Speaker agrees with available community-transcript mapping. | QA resolved prior review with community-transcript support.	(to Chandler and Joey) I won the game.	Monica	Monica	present	char_tracker_stage05	chandler|joey|ross	absent	0.0		low	speaker_offscreen
4	62	169.04	169.48	Oh, yeah?	Ross	high	community_transcript_match	1.0	dialogue	False	True	Phoebe | Ross | Joey | Rachel | Chandler | Monica and Ross | Monica	Monica	Ross	False		Speaker agrees with available community-transcript mapping.	Oh yeah	Ross	Ross	present	char_tracker_stage05	chandler|joey|ross	present	1.0		high	
4	63	169.48	171.44	Then how come you didn't get the Geller Cup?	Ross	high	community_transcript_match	1.0	dialogue	False	True	Phoebe | Ross | Joey | Rachel | Chandler | Monica and Ross | Monica	Ross	Rachel	False		Speaker agrees with available community-transcript mapping.	Oh yeah! Then how come you didn’t get the Geller Cup?	Ross	Ross	present	char_tracker_stage05	ross	present	1.0		high	
4	64	173.92	175.28	There was a Geller Cup?	Rachel	high	community_transcript_match	1.0	dialogue	False	True	Phoebe | Ross | Joey | Rachel | Chandler | Monica and Ross | Monica	Ross	Ross	False		Speaker agrees with available community-transcript mapping.	Um, there was a Geller Cup?	Rachel	Rachel	present	char_tracker_stage05	phoebe|rachel	present	1.0		high	
4	65	176.48	179.12	Yes, it was the trophy you got if you won the game.	Ross	high	community_transcript_match	1.0	dialogue	False	True	Phoebe | Ross | Joey | Rachel | Chandler | Monica and Ross | Monica	Rachel	Ross	False		Speaker agrees with available community-transcript mapping.	Yes, it was the trophy you got if you won the game	Ross	Ross	present	char_tracker_stage05	joey|ross	present	1.0		high	
4	66	179.2	182.96	But our dad said nobody won that game and he was sick of our fighting.	Ross	high	community_transcript_match	1.0	dialogue	False	True	Phoebe | Ross | Joey | Rachel | Chandler | Monica and Ross | Monica	Ross	Ross	False		Speaker agrees with available community-transcript mapping.	Yes, it was the trophy you got if you won the game. But our Dad said, ‘nobody won that game, ‘ and he was sick of our fighting, so he took the trophy and.... (pauses to collect himself, as he is on the verge of tears saying this) threw it in the lake.	Ross	Ross	present	char_tracker_stage05	monica|ross	present	1.0		high	
4	67	182.96	192.48	So we took the trophy, threw it in the lake.	Ross	high	community_transcript_match	1.0	dialogue	False	True	Phoebe | Ross | Joey | Rachel | Chandler | Monica and Ross | Monica	Ross	Chandler	False		Speaker agrees with available community-transcript mapping.	threw it in the lake	Ross	Ross	present	char_tracker_stage05	monica|ross	present	1.0		high	
4	68	194.32	195.92	And was the curse lifted?	Chandler	high	community_transcript_match	1.0	dialogue	False	True	Phoebe | Ross | Joey | Rachel | Chandler | Monica and Ross | Monica	Ross	Ross	False		Speaker agrees with available community-transcript mapping.	And was the curse lifted?	Chandler	Chandler	present	char_tracker_stage05	chandler|joey	present	1.0		high	
4	69	198.48	203.2	Anyway, that's when mom said we were not allowed to play football again.	Ross	high	community_transcript_match	1.0	dialogue	False	True	Phoebe | Ross | Joey | Rachel | Chandler | Monica and Ross | Monica	Chandler	Monica	False		Speaker agrees with available community-transcript mapping.	Anyway. That’s when our Mom said we were not to play football ever again.	Ross	Ross	present	char_tracker_stage05	ross	present	1.0		high	
4	70	203.84	204.56	You know what?	Monica	low	scene_context_inference	0.58	dialogue	True	False	Phoebe | Ross | Joey | Rachel | Chandler | Monica and Ross | Monica	Ross	Monica	True	two_sided_context_ambiguous | low_speaker_confidence	No direct transcript match; weak local context only.				present	char_tracker_stage05	joey|monica|ross	present			low	low_speaker_confidence
4	71	205.52	206.8	I think we should play a game.	Monica	high	community_transcript_match	1.0	dialogue	False	True	Phoebe | Ross | Joey | Rachel | Chandler | Monica and Ross | Monica	Monica	Monica	False		Speaker agrees with available community-transcript mapping.	Y'know what, I think we should play a game. I mean come on, it’s been twelve years.	Monica	Monica	present	char_tracker_stage05	joey|monica|ross	present	1.0		high	
4	72	206.88	208.72	I mean, come on, it's been 12 years.	Monica	high	community_transcript_match	1.0	dialogue	False	True	Phoebe | Ross | Joey | Rachel | Chandler | Monica and Ross | Monica	Monica	Ross	False		Speaker agrees with available community-transcript mapping.	I mean come on, it's been twelve years	Monica	Monica	present	char_tracker_stage05	joey|monica	present	1.0		high	
4	73	209.68	210.88	Can I see you for a second?	Ross	high	community_transcript_match	1.0	dialogue	False	True	Phoebe | Ross | Joey | Rachel | Chandler | Monica and Ross | Monica	Monica	Ross	False		Speaker agrees with available community-transcript mapping.	Can I see you for a second?	Ross	Ross	present	char_tracker_stage05	joey|monica|ross	present	1.0		high	
4	74	214.32	215.84	Didn't you tell me that you're not gonna cheat?	Ross	high	qa_review_resolved_bridge	0.9	dialogue	True	False	Phoebe | Ross | Joey | Rachel | Chandler | Monica and Ross | Monica	Ross	Ross	True	speaker_offscreen	Filled from previous same-scene context. | QA resolved prior review by same-speaker bridge.				present	char_tracker_stage05	chandler	absent			low	speaker_offscreen
4	75	216.56	216.96	What?	Ross	medium	scene_context_inference	0.68	dialogue	True	False	Phoebe | Ross | Joey | Rachel | Chandler | Monica and Ross | Monica	Ross		True	scene_end_short_utterance | speaker_offscreen	Filled from previous same-scene context.				present	char_tracker_stage05	monica	absent			low	speaker_offscreen
5	76	217.52	218.96	All right, we're gonna play.	Ross	high	community_transcript_match	1.0	dialogue	False	True	Ross | Chandler		Ross	False		Speaker agrees with available community-transcript mapping.	All right, we’re gonna play.	Ross	Ross	present	char_tracker_stage05	monica|ross	present	1.0		high	
5	77	220.4	221.32	Well, wait a minute, though.	Ross	medium	scene_context_inference	0.7100000000000001	dialogue	True	False	Ross | Chandler	Ross	Chandler	True	medium_confidence_context_fill	Continuation-style opener favors previous speaker within the same scene.				present	char_tracker_stage05	chandler|joey|monica|ross	present			medium	
5	78	221.32	222.12	How are we gonna get there?	Chandler	high	community_transcript_match	1.0	dialogue	False	True	Ross | Chandler	Ross	Chandler	False		Speaker agrees with available community-transcript mapping.	But wait a minute though, how are we gonna get there, though, because my Mom won’t let me cross the street.	Chandler	Chandler	present	char_tracker_stage05	chandler|joey	present	1.0		high	
5	79	222.12	223.52	Because my mom won't let me cr.	Chandler	high	community_transcript_match	1.0	dialogue	False	True	Ross | Chandler	Chandler	Chandler	False		Speaker agrees with available community-transcript mapping.	but wait a minute though though because my mom won't let me cross the street	Chandler	Chandler	present	char_tracker_stage05	chandler|joey	present	1.0		high	
5	80	227.98	228.3	Hey.	Chandler	high	qa_review_resolved_bridge	0.9	dialogue	True	False	Ross | Chandler	Chandler	Chandler	True	speaker_offscreen	Filled from previous same-scene context. | QA resolved prior review by same-speaker bridge.				present	char_tracker_stage05	joey	absent			low	speaker_offscreen
5	81	229.1	229.58	Hey.	Chandler	high	qa_review_resolved_bridge	0.9	dialogue	True	False	Ross | Chandler	Chandler	Chandler	True	speaker_no_face	Filled from previous same-scene context. | QA resolved prior review by same-speaker bridge.				absent	char_tracker_stage05		absent			medium	speaker_no_face
5	82	231.9	232.38	All right.	Chandler	medium	scene_context_inference	0.68	dialogue	True	False	Ross | Chandler	Chandler		True	scene_end_short_utterance | speaker_no_face	Filled from previous same-scene context.				absent	char_tracker_stage05		absent			medium	speaker_no_face
6	83	232.62	233.74	Okay, speed in.	Monica	high	qa_review_resolved_ct_support	1.0	dialogue	False	True	Monica | Rachel | Ross | Joey | Phoebe | Rachel, Chandler, and Joey		Rachel	True	speaker_no_face	Speaker agrees with available community-transcript mapping. | QA resolved prior review with community-transcript support.	Okay. Let’s bring it in.	Monica	Monica	absent	char_tracker_stage05		absent	0.0		medium	speaker_no_face
6	84	233.98	234.58	No, honey.	Rachel	high	qa_review_resolved_ct_support	1.0	dialogue	False	True	Monica | Rachel | Ross | Joey | Phoebe | Rachel, Chandler, and Joey	Monica	Rachel	True	speaker_no_face	Speaker agrees with available community-transcript mapping. | QA resolved prior review with community-transcript support.	wait no honey throw it to me	Rachel	Rachel	absent	char_tracker_stage05		absent	0.0		medium	speaker_no_face
6	85	234.58	235.62	Honey, throw it to me.	Rachel	high	qa_review_resolved_bridge	1.0	dialogue	False	True	Monica | Rachel | Ross | Joey | Phoebe | Rachel, Chandler, and Joey	Rachel	Rachel	True	speaker_no_face	Speaker agrees with available community-transcript mapping. | QA resolved prior review by same-speaker bridge.	Wait no, honey, honey throw it to me, throw it to me.	Rachel	Rachel	absent	char_tracker_stage05		absent	0.0		medium	speaker_no_face
6	86	235.62	236.18	Throw it to me.	Rachel	high	qa_review_resolved_ct_support	1.0	dialogue	False	True	Monica | Rachel | Ross | Joey | Phoebe | Rachel, Chandler, and Joey	Rachel	Ross	True	speaker_no_face	Speaker agrees with available community-transcript mapping. | QA resolved prior review with community-transcript support.	wait no honey throw it to me	Rachel	Rachel	absent	char_tracker_stage05		absent	0.0		medium	speaker_no_face
6	87	236.18	236.78	Here you go.	Ross	high	qa_review_resolved_ct_support	1.0	dialogue	False	True	Monica | Rachel | Ross | Joey | Phoebe | Rachel, Chandler, and Joey	Rachel	Rachel	True	speaker_no_face	Speaker agrees with available community-transcript mapping. | QA resolved prior review with community-transcript support.	Here you go. (throws her the ball)	Ross	Ross	absent	char_tracker_stage05		absent	0.0		medium	speaker_no_face
6	88	240.06	241.5	That almost hit me in the face.	Rachel	high	community_transcript_match	1.0	dialogue	False	True	Monica | Rachel | Ross | Joey | Phoebe | Rachel, Chandler, and Joey	Ross	Joey	False		Speaker agrees with available community-transcript mapping.	(knocking it down instead of catching it) That almost hit me in the face.	Rachel	Rachel	present	char_tracker_stage05	monica|rachel|ross	present	1.0		high	
6	89	242.86	246.22	All right, we have to pick captains and then Tenille's.	Joey	high	community_transcript_match	1.0	dialogue	False	True	Monica | Rachel | Ross | Joey | Phoebe | Rachel, Chandler, and Joey	Rachel	Phoebe	False		Speaker agrees with available community-transcript mapping.	All right, we have to pick captains.	Joey	Joey	present	char_tracker_stage05	joey|rachel	present	0.6		high	
6	90	249.02	250.62	Okay, so how do we decide that?	Phoebe	high	qa_review_resolved_ct_support	1.0	dialogue	False	True	Monica | Rachel | Ross | Joey | Phoebe | Rachel, Chandler, and Joey	Joey	Monica	True	speaker_offscreen	Speaker agrees with available community-transcript mapping. | QA resolved prior review with community-transcript support.	Okay, so how do we decide that?	Phoebe	Phoebe	present	char_tracker_stage05	monica|ross	absent	0.0		low	speaker_offscreen
6	91	250.7	252.06	Well, why don't we just bunny up?	Monica	high	community_transcript_match	1.0	dialogue	False	True	Monica | Rachel | Ross | Joey | Phoebe | Rachel, Chandler, and Joey	Phoebe	Rachel, Chandler, and Joey	False		Speaker agrees with available community-transcript mapping.	Well, why don’t we just bunny up.	Monica	Monica	present	char_tracker_stage05	monica|ross	present	1.0		high	
6	92	252.06	252.46	What?	Rachel, Chandler, and Joey	high	community_transcript_match	1.0	dialogue	False	True	Monica | Rachel | Ross | Joey | Phoebe | Rachel, Chandler, and Joey	Monica	Monica	False		Speaker agrees with available community-transcript mapping.	What?	Rachel, Chandler, and Joey	Rachel, Chandler, and Joey	present	char_tracker_stage05	chandler|joey|monica|rachel|ross	unobserved			high	
6	93	256.31	258.07	Okay, looks like Ross and I are captains.	Monica	high	community_transcript_match	1.0	dialogue	False	True	Monica | Rachel | Ross | Joey | Phoebe | Rachel, Chandler, and Joey	Rachel, Chandler, and Joey	Joey	False		Speaker agrees with available community-transcript mapping.	Okay, looks like Ross and I are captains.	Monica	Monica	present	char_tracker_stage05	monica|ross	present	1.0		high	
6	94	259.19	262.71	There must be a special place in heaven for people that hung out with you two in high school.	Joey	high	community_transcript_match	1.0	dialogue	False	True	Monica | Rachel | Ross | Joey | Phoebe | Rachel, Chandler, and Joey	Monica	Monica	False		Speaker agrees with available community-transcript mapping.	There must be a special place in heaven for people who hung out with you two in high school.	Joey	Joey	present	char_tracker_stage05	chandler|joey|rachel	present	1.0		high	
6	95	264.23	266.71	Okay, so I bunnied first, which means I get to pick first.	Monica	high	community_transcript_match	1.0	dialogue	False	True	Monica | Rachel | Ross | Joey | Phoebe | Rachel, Chandler, and Joey	Joey	Monica	False		Speaker agrees with available community-transcript mapping.	Okay, so um, I bunnied first so that means I get to pick first. Joey.	Monica	Monica	present	char_tracker_stage05	monica|ross	present	1.0		high	
6	96	267.03	267.55	Joey.	Monica	high	qa_review_resolved_ct_support	1.0	dialogue	False	True	Monica | Rachel | Ross | Joey | Phoebe | Rachel, Chandler, and Joey	Monica	Joey	True	speaker_no_face	Speaker agrees with available community-transcript mapping. | QA resolved prior review with community-transcript support.	Joey	Monica	Monica	absent	char_tracker_stage05		absent	0.0		medium	speaker_no_face
6	97	267.55	268.15	Thank you.	Joey	high	qa_review_resolved_ct_support	1.0	dialogue	False	True	Monica | Rachel | Ross | Joey | Phoebe | Rachel, Chandler, and Joey	Monica	Rachel	True	speaker_no_face	Speaker agrees with available community-transcript mapping. | QA resolved prior review with community-transcript support.	Thank you.	Joey	Joey	absent	char_tracker_stage05		absent	0.0		medium	speaker_no_face
6	98	268.55	270.79	Monica, I'm your best friend.	Rachel	high	community_transcript_match	1.0	dialogue	False	True	Monica | Rachel | Ross | Joey | Phoebe | Rachel, Chandler, and Joey	Joey	Ross	False		Speaker agrees with available community-transcript mapping.	Monica, I’m your best friend.	Rachel	Rachel	present	char_tracker_stage05	chandler|rachel	present	0.6667		high	
6	99	271.91	274.31	Sweetie, don't worry, you'll get picked.	Ross	high	community_transcript_match	1.0	dialogue	False	True	Monica | Rachel | Ross | Joey | Phoebe | Rachel, Chandler, and Joey	Rachel	Ross	False		Speaker agrees with available community-transcript mapping.	Sweetie, don’t worry you’ll get picked. Chandler.	Ross	Ross	present	char_tracker_stage05	chandler|joey|monica|rachel|ross	present	0.75		high	
6	100	274.39	275.03	Chandler.	Ross	high	qa_review_resolved_ct_support	1.0	dialogue	False	True	Monica | Rachel | Ross | Joey | Phoebe | Rachel, Chandler, and Joey	Ross	Rachel	True	speaker_offscreen	Speaker agrees with available community-transcript mapping. | QA resolved prior review with community-transcript support.	Chandler	Ross	Ross	present	char_tracker_stage05	chandler|rachel	absent	0.0		low	speaker_offscreen
6	101	278.23	278.71	Ross.	Rachel	high	community_transcript_match	1.0	dialogue	False	True	Monica | Rachel | Ross | Joey | Phoebe | Rachel, Chandler, and Joey	Ross	Monica	False		Speaker agrees with available community-transcript mapping.	Ross!	Rachel	Rachel	present	char_tracker_stage05	rachel	present	1.0		high	
6	102	278.95	279.59	Phoebe.	Monica	high	community_transcript_match	1.0	dialogue	False	True	Monica | Rachel | Ross | Joey | Phoebe | Rachel, Chandler, and Joey	Rachel		False		Speaker agrees with available community-transcript mapping.	Phoebe.	Monica	Monica	present	char_tracker_stage05	joey|monica|rachel	present	0.5		high	
7	103	283.68	285.12	Sweetie, now I pick you.	Ross	high	community_transcript_match	1.0	dialogue	False	True	Ross | Rachel | Monica | Chandler | Joey | Phoebe		Rachel	False		Speaker agrees with available community-transcript mapping.	Sweetie, now I pick you.	Ross	Ross	present	char_tracker_stage05	chandler|ross	present	1.0		high	
7	104	285.2	286.4	You don't pick me.	Rachel	high	community_transcript_match	1.0	dialogue	False	True	Ross | Rachel | Monica | Chandler | Joey | Phoebe	Ross	Rachel	False		Speaker agrees with available community-transcript mapping.	You don't pick me	Rachel	Rachel	present	char_tracker_stage05	chandler|rachel|ross	present	1.0		high	
7	105	286.4	287.68	You're stuck with me.	Rachel	high	community_transcript_match	1.0	dialogue	False	True	Ross | Rachel | Monica | Chandler | Joey | Phoebe	Rachel	Ross	False		Speaker agrees with available community-transcript mapping.	You don’t pick me! You’re stuck with me!	Rachel	Rachel	present	char_tracker_stage05	rachel	present	1.0		high	
7	106	289.6	290.24	Okay.	Ross	high	qa_review_resolved_ct_support	1.0	dialogue	False	True	Ross | Rachel | Monica | Chandler | Joey | Phoebe	Rachel	Ross	True	speaker_offscreen	Speaker agrees with available community-transcript mapping. | QA resolved prior review with community-transcript support.	Okay	Ross	Ross	present	char_tracker_stage05	rachel	absent	0.0		low	speaker_offscreen
7	107	290.32	291.4	All right, so let's see.	Ross	high	qa_review_resolved_bridge	1.0	dialogue	False	True	Ross | Rachel | Monica | Chandler | Joey | Phoebe	Ross	Ross	True	speaker_no_face	Speaker agrees with available community-transcript mapping. | QA resolved prior review by same-speaker bridge.	All right	Ross	Ross	absent	char_tracker_stage05		absent	0.0		medium	speaker_no_face
7	108	291.4	294.08	Let's play from the trash can to the light post.	Ross	high	qa_review_resolved_bridge	1.0	dialogue	False	True	Ross | Rachel | Monica | Chandler | Joey | Phoebe	Ross	Ross	True	speaker_no_face	Speaker agrees with available community-transcript mapping. | QA resolved prior review by same-speaker bridge.	Okay. All right. So let’s see, let’s play from the trash can, to the lightpost. Right. Two hand touch, we’ll kick off.	Ross	Ross	absent	char_tracker_stage05		absent	0.0		medium	speaker_no_face
7	109	294.16	294.56	Right?	Ross	high	qa_review_resolved_bridge	1.0	dialogue	False	True	Ross | Rachel | Monica | Chandler | Joey | Phoebe	Ross	Ross	True	speaker_no_face	Speaker agrees with available community-transcript mapping. | QA resolved prior review by same-speaker bridge.	Right	Ross	Ross	absent	char_tracker_stage05		absent	0.0		medium	speaker_no_face
7	110	294.64	295.56	Two hand touch.	Ross	high	qa_review_resolved_bridge	1.0	dialogue	False	True	Ross | Rachel | Monica | Chandler | Joey | Phoebe	Ross	Ross	True	speaker_no_face	Speaker agrees with available community-transcript mapping. | QA resolved prior review by same-speaker bridge.	Two hand touch, we'll kick off	Ross	Ross	absent	char_tracker_stage05		absent	0.0		medium	speaker_no_face
7	111	295.56	296.24	We'll kick off.	Ross	high	qa_review_resolved_ct_support	1.0	dialogue	False	True	Ross | Rachel | Monica | Chandler | Joey | Phoebe	Ross	Monica	True	speaker_no_face	Speaker agrees with available community-transcript mapping. | QA resolved prior review with community-transcript support.	we'll kick off	Ross	Ross	absent	char_tracker_stage05		absent	0.0		medium	speaker_no_face
7	112	296.4	297.32	All right, people, listen.	Monica	high	qa_review_resolved_ct_support	1.0	dialogue	False	True	Ross | Rachel | Monica | Chandler | Joey | Phoebe	Ross	Monica	True	speaker_no_face	Speaker agrees with available community-transcript mapping. | QA resolved prior review with community-transcript support.	all right people listen	Monica	Monica	absent	char_tracker_stage05		absent	0.0		medium	speaker_no_face
7	113	297.32	300.72	I've got exactly 28 minutes before I have to baste again.	Monica	high	qa_review_resolved_ct_support	1.0	dialogue	False	True	Ross | Rachel | Monica | Chandler | Joey | Phoebe	Monica	Chandler	True	speaker_offscreen	Speaker agrees with available community-transcript mapping. | QA resolved prior review with community-transcript support.	All right people listen, I’ve got exactly twenty-eight minutes before I have to baste again.	Monica	Monica	present	char_tracker_stage05	chandler|rachel	absent	0.0		low	speaker_offscreen
7	114	301.44	303.04	Wow, just like in the pros.	Chandler	high	community_transcript_match	1.0	dialogue	False	True	Ross | Rachel | Monica | Chandler | Joey | Phoebe	Monica	Joey	False		Speaker agrees with available community-transcript mapping.	Wow! Just like in the pros.	Chandler	Chandler	present	char_tracker_stage05	chandler|rachel	present	1.0		high	
7	115	304.32	304.96	Thank you.	Joey	medium	short_turn_alternation	0.7	dialogue	True	False	Ross | Rachel | Monica | Chandler | Joey | Phoebe	Chandler	Joey	True	short_utterance_between_two_speakers | speaker_no_face	Short utterance inferred from local turn alternation.				absent	char_tracker_stage05		absent			medium	speaker_no_face
7	116	305.76	306.08	Hi.	Joey	high	qa_review_resolved_bridge	0.9	dialogue	True	False	Ross | Rachel | Monica | Chandler | Joey | Phoebe	Joey	Joey	True	speaker_no_face	Same speaker appears on both sides within the same scene. | QA resolved prior review by same-speaker bridge.				absent	char_tracker_stage05		absent			medium	speaker_no_face
7	117	306.08	307.2	Huddle up right over here.	Joey	high	qa_review_resolved_ct_support	1.0	dialogue	False	True	Ross | Rachel | Monica | Chandler | Joey | Phoebe	Joey	Phoebe	True	speaker_no_face	Speaker agrees with available community-transcript mapping. | QA resolved prior review with community-transcript support.	(to his team) All right, huddle up, right over here.	Joey	Joey	absent	char_tracker_stage05		absent	0.0		medium	speaker_no_face
7	118	307.42	307.74	Wait for me.	Phoebe	low	scene_context_inference	0.58	dialogue	True	False	Ross | Rachel | Monica | Chandler | Joey | Phoebe	Joey	Phoebe	True	two_sided_context_ambiguous | speaker_no_face	No direct transcript match; weak local context only.				absent	char_tracker_stage05		absent			low	speaker_no_face
7	119	307.74	308.78	Wait for me, Wait for me.	Phoebe	high	qa_review_resolved_bridge	0.9	dialogue	True	False	Ross | Rachel | Monica | Chandler | Joey | Phoebe	Phoebe	Phoebe	True	speaker_no_face	Same speaker appears on both sides within the same scene. | QA resolved prior review by same-speaker bridge.				absent	char_tracker_stage05		absent			medium	speaker_no_face
7	120	309.82	310.54	Oh, cool.	Phoebe	high	qa_review_resolved_bridge	0.9	dialogue	True	False	Ross | Rachel | Monica | Chandler | Joey | Phoebe	Phoebe	Phoebe	True	speaker_no_face	Same speaker appears on both sides within the same scene. | QA resolved prior review by same-speaker bridge.				absent	char_tracker_stage05		absent			medium	speaker_no_face
7	121	310.54	311.82	This is my first huddle.	Phoebe	high	qa_review_resolved_bridge	1.0	dialogue	False	True	Ross | Rachel | Monica | Chandler | Joey | Phoebe	Phoebe	Phoebe	True	speaker_offscreen	Speaker agrees with available community-transcript mapping. | QA resolved prior review by same-speaker bridge.	Wait for me! Wait for me! Wait for me! Oh cool, this is my first huddle.	Phoebe	Phoebe	present	char_tracker_stage05	joey	absent	0.0		low	speaker_offscreen
7	122	312.78	313.3	Okay.	Phoebe	medium	visual_disambiguation	0.74	dialogue	True	False	Ross | Rachel | Monica | Chandler | Joey | Phoebe	Phoebe	Monica	False		Only one of the two text-context candidates was visually present in the window.				present	char_tracker_stage05	joey|phoebe	present			medium	
7	123	313.3	313.82	Okay.	Monica	high	qa_review_resolved_ct_support	1.0	dialogue	False	True	Ross | Rachel | Monica | Chandler | Joey | Phoebe	Phoebe	Phoebe	True	speaker_offscreen	Speaker agrees with available community-transcript mapping. | QA resolved prior review with community-transcript support.	Okay.	Monica	Monica	present	char_tracker_stage05	joey|phoebe	absent	0.0		low	speaker_offscreen
7	124	313.98	315.98	So what do you guys really think of Chandler?	Phoebe	high	community_transcript_match	1.0	dialogue	False	True	Ross | Rachel | Monica | Chandler | Joey | Phoebe	Monica	Monica	False		Speaker agrees with available community-transcript mapping.	Okay, so what do you guys really think of Chandler?	Phoebe	Phoebe	present	char_tracker_stage05	joey|phoebe	present	1.0		high	
7	125	318.54	320.22	Phoebe, you know what you're doing, right?	Monica	high	community_transcript_match	1.0	dialogue	False	True	Ross | Rachel | Monica | Chandler | Joey | Phoebe	Phoebe	Phoebe	False		Speaker agrees with available community-transcript mapping.	Okay, Phoebe you know what you’re doing right?	Monica	Monica	present	char_tracker_stage05	joey|monica|phoebe	present	1.0		high	
7	126	320.38	320.94	Yeah.	Phoebe	high	community_transcript_match	1.0	dialogue	False	True	Ross | Rachel | Monica | Chandler | Joey | Phoebe	Monica	Monica	False		Speaker agrees with available community-transcript mapping.	Yeah.	Phoebe	Phoebe	present	char_tracker_stage05	joey|monica|phoebe	present	1.0		high	
7	127	321.34	321.86	Okay.	Monica	medium	short_turn_alternation	0.7	dialogue	True	False	Ross | Rachel | Monica | Chandler | Joey | Phoebe	Phoebe	Monica	True	short_utterance_between_two_speakers	Short utterance inferred from local turn alternation.				present	char_tracker_stage05	joey|monica|phoebe	present			medium	
7	128	321.86	322.14	All right.	Monica	high	scene_context_bridge	0.88	dialogue	True	False	Ross | Rachel | Monica | Chandler | Joey | Phoebe	Monica	Monica	False		Same speaker appears on both sides within the same scene.				present	char_tracker_stage05	joey|monica|phoebe	present			high	
7	129	322.14	323.86	Joey's gonna catch it, and you and I are gonna block.	Monica	high	community_transcript_match	1.0	dialogue	False	True	Ross | Rachel | Monica | Chandler | Joey | Phoebe	Monica	Phoebe	False		Speaker agrees with available community-transcript mapping.	Okay, Joey’s gonna catch it, and you and I are gonna block.	Monica	Monica	present	char_tracker_stage05	joey|monica|phoebe	present	1.0		high	
7	130	323.86	324.62	Let's block.	Phoebe	high	community_transcript_match	1.0	dialogue	False	True	Ross | Rachel | Monica | Chandler | Joey | Phoebe	Monica	Monica	False		Speaker agrees with available community-transcript mapping.	What’s block?	Phoebe	Phoebe	present	char_tracker_stage05	joey|monica|phoebe	present	1.0		high	
7	131	325.66	327.26	Phoebe, I thought you said you knew what you were doing.	Monica	high	qa_review_resolved_ct_support	1.0	dialogue	False	True	Ross | Rachel | Monica | Chandler | Joey | Phoebe	Phoebe	Phoebe	True	speaker_offscreen	Speaker agrees with available community-transcript mapping. | QA resolved prior review with community-transcript support.	Phoebe, I thought you said you know what you’re doing?	Monica	Monica	present	char_tracker_stage05	joey|phoebe	absent	0.0		low	speaker_offscreen
7	132	327.58	328.86	I thought you meant in life.	Phoebe	high	community_transcript_match	1.0	dialogue	False	True	Ross | Rachel | Monica | Chandler | Joey | Phoebe	Monica	Phoebe	False		Speaker agrees with available community-transcript mapping.	I thought you meant in life.	Phoebe	Phoebe	present	char_tracker_stage05	joey|phoebe	present	1.0		high	
7	133	330.86	331.26	Great.	Phoebe	medium	visual_disambiguation	0.74	dialogue	True	False	Ross | Rachel | Monica | Chandler | Joey | Phoebe	Phoebe	Chandler	False		Only one of the two text-context candidates was visually present in the window.				present	char_tracker_stage05	monica|phoebe	present			medium	
7	134	332.46	333.74	The ball is Janice.	Chandler	high	qa_review_resolved_ct_support	1.0	dialogue	False	True	Ross | Rachel | Monica | Chandler | Joey | Phoebe	Phoebe		True	speaker_no_face	Speaker agrees with available community-transcript mapping. | QA resolved prior review with community-transcript support.	the ball is janice	Chandler	Chandler	absent	char_tracker_stage05		absent	0.0		medium	speaker_no_face
8	135	334.06	335.18	The ball is Janice.	Chandler	high	qa_review_resolved_ct_support	1.0	dialogue	False	True	Chandler | Ross		Ross	True	speaker_no_face	Speaker agrees with available community-transcript mapping. | QA resolved prior review with community-transcript support.	The ball is Janice. The ball is Janice. (goes to kick the ball but kicks Ross’s foot instead.)	Chandler	Chandler	absent	char_tracker_stage05		absent	0.0		medium	speaker_no_face
8	136	341.18	343.18	Oh, son of a. Ow.	Ross	high	qa_review_resolved_ct_support	1.0	dialogue	False	True	Chandler | Ross	Chandler	Ross	True	speaker_no_face	Speaker agrees with available community-transcript mapping. | QA resolved prior review with community-transcript support.	Oww!! Son of a...!! Ow! Come on!	Ross	Ross	absent	char_tracker_stage05		absent	0.0		medium	speaker_no_face
8	137	343.74	344.34	Come on.	Ross	high	qa_review_resolved_bridge	1.0	dialogue	False	True	Chandler | Ross	Ross	Ross	True	speaker_no_face	Speaker agrees with available community-transcript mapping. | QA resolved prior review by same-speaker bridge.	oww come on	Ross	Ross	absent	char_tracker_stage05		absent	0.0		medium	speaker_no_face
8	138	344.34	345.58	I'm sorry, I'm sorry.	Ross	medium	scene_context_inference	0.66	dialogue	True	False	Chandler | Ross	Ross	Chandler	True	two_sided_context_ambiguous | speaker_no_face	No direct transcript match; longer line defaulted to previous speaker in same scene.				absent	char_tracker_stage05		absent			medium	speaker_no_face
8	139	345.74	346.26	You know what?	Chandler	low	scene_context_inference	0.58	dialogue	True	False	Chandler | Ross	Ross	Chandler	True	two_sided_context_ambiguous | speaker_no_face	No direct transcript match; weak local context only.				absent	char_tracker_stage05		absent			low	speaker_no_face
8	140	346.26	347.34	We're just gonna throw it.	Chandler	high	qa_review_resolved_ct_support	1.0	dialogue	False	True	Chandler | Ross	Chandler		True	speaker_no_face	Speaker agrees with available community-transcript mapping. | QA resolved prior review with community-transcript support.	Sorry. I’m sorry. Y'know what, we’re just gonna throw it.	Chandler	Chandler	absent	char_tracker_stage05		absent	0.0		medium	speaker_no_face
9	141	349.66	350.46	I got it.	Joey	high	qa_review_resolved_ct_support	1.0	dialogue	False	True	Joey | Phoebe		Phoebe	True	speaker_no_face	Speaker agrees with available community-transcript mapping. | QA resolved prior review with community-transcript support.	I got it. (catches the ball)	Joey	Joey	absent	char_tracker_stage05		absent	0.0		medium	speaker_no_face
9	142	351.42	352.3	Go, go, go.	Phoebe	high	qa_review_resolved_ct_support	1.0	dialogue	False	True	Joey | Phoebe	Joey		True	speaker_no_face	Speaker agrees with available community-transcript mapping. | QA resolved prior review with community-transcript support.	Go! Go! Go!	Phoebe	Phoebe	absent	char_tracker_stage05		absent	0.0		medium	speaker_no_face
10	143	360.78	362.06	Oh, score.	Monica	high	qa_review_resolved_ct_support	1.0	dialogue	False	True	Monica | Rachel | Ross | Chandler		Monica	True	speaker_no_face	Speaker agrees with available community-transcript mapping. | QA resolved prior review with community-transcript support.	Score	Monica	Monica	absent	char_tracker_stage05		absent	0.0		medium	speaker_no_face
10	144	362.7	364.28	Seven to nothing.	Monica	high	qa_review_resolved_ct_support	1.0	dialogue	False	True	Monica | Rachel | Ross | Chandler	Monica	Rachel	True	speaker_no_face	Speaker agrees with available community-transcript mapping. | QA resolved prior review with community-transcript support.	Score!! 7 to nothing!	Monica	Monica	absent	char_tracker_stage05		absent	0.0		medium	speaker_no_face
10	145	365.64	367.96	Okay, honey, just so that I'm clear on this.	Rachel	high	community_transcript_match	1.0	dialogue	False	True	Monica | Rachel | Ross | Chandler	Monica	Rachel	False		Speaker agrees with available community-transcript mapping.	Ok honey, just so that I'm clear on this	Rachel	Rachel	present	char_tracker_stage05	rachel	present	0.6667		high	
10	146	368.12	371.72	Now you said in the huddle that if Joey caught the ball you were gonna be the one to stop him.	Rachel	high	community_transcript_match	1.0	dialogue	False	True	Monica | Rachel | Ross | Chandler	Rachel	Rachel	False		Speaker agrees with available community-transcript mapping.	(coming over to Ross, who is just getting up) Ok honey, just so that I'm clear on this. Now you said in the huddle that if Joey caught the ball you were going to be the one to stop him. Now you didn't, so is that like a-like a football strategy?	Rachel	Rachel	present	char_tracker_stage05	rachel	present	1.0		high	
10	147	371.96	372.24	No.	Rachel	medium	visual_disambiguation	0.74	dialogue	True	False	Monica | Rachel | Ross | Chandler	Rachel	Rachel	False		Only one of the two text-context candidates was visually present in the window.				present	char_tracker_stage05	rachel	present			medium	
10	148	372.24	372.8	You didn't.	Rachel	medium	visual_disambiguation	0.74	dialogue	True	False	Monica | Rachel | Ross | Chandler	Rachel	Rachel	False		Only one of the two text-context candidates was visually present in the window.				present	char_tracker_stage05	rachel	present			medium	
10	149	372.8	375.0	So is that like a football strategy?	Rachel	medium	visual_disambiguation	0.74	dialogue	True	False	Monica | Rachel | Ross | Chandler	Rachel	Ross	False		Only one of the two text-context candidates was visually present in the window.				present	char_tracker_stage05	rachel	present			medium	
10	150	375.0	377.48	Yeah, it was part of my plan to fall instantly behind.	Ross	high	community_transcript_match	1.0	dialogue	False	True	Monica | Rachel | Ross | Chandler	Rachel	Ross	False		Speaker agrees with available community-transcript mapping.	Yeah, it was part of my plan to fall instantly behind. So come on, let's go.	Ross	Ross	present	char_tracker_stage05	ross	present	1.0		high	
10	151	377.96	379.4	So come on, let's go.	Ross	high	community_transcript_match	1.0	dialogue	False	True	Monica | Rachel | Ross | Chandler	Ross	Monica	False		Speaker agrees with available community-transcript mapping.	So come on, let's go	Ross	Ross	present	char_tracker_stage05	ross	present	0.6667		high	
10	152	380.2	381.48	Losers walk.	Monica	high	qa_review_resolved_ct_support	1.0	dialogue	False	True	Monica | Rachel | Ross | Chandler	Ross	Ross	True	speaker_no_face	Speaker agrees with available community-transcript mapping. | QA resolved prior review with community-transcript support.	Losers walk!	Monica	Monica	absent	char_tracker_stage05		absent	0.0		medium	speaker_no_face
10	153	381.64	382.12	Yeah.	Ross	high	qa_review_resolved_ct_support	1.0	dialogue	False	True	Monica | Rachel | Ross | Chandler	Monica	Ross	True	speaker_no_face	Speaker agrees with available community-transcript mapping. | QA resolved prior review with community-transcript support.	yeah	Ross	Ross	absent	char_tracker_stage05		absent	0.0		medium	speaker_no_face
10	154	382.28	383.48	Losers talk.	Ross	high	qa_review_resolved_ct_support	1.0	dialogue	False	True	Monica | Rachel | Ross | Chandler	Ross	Chandler	True	speaker_no_face	Speaker agrees with available community-transcript mapping. | QA resolved prior review with community-transcript support.	Yeah, losers talk!	Ross	Ross	absent	char_tracker_stage05		absent	0.0		medium	speaker_no_face
10	155	384.04	384.64	No, no, no.	Chandler	high	community_transcript_match	1.0	dialogue	False	True	Monica | Rachel | Ross | Chandler	Ross	Chandler	False		Speaker agrees with available community-transcript mapping.	no no no	Chandler	Chandler	present	char_tracker_stage05	chandler|monica|phoebe	present	1.0		high	
10	156	384.64	385.8	Actually, losers rhyme.	Chandler	high	community_transcript_match	1.0	dialogue	False	True	Monica | Rachel | Ross | Chandler	Chandler	Chandler	False		Speaker agrees with available community-transcript mapping.	No, no, no, actually losers rhyme.	Chandler	Chandler	present	char_tracker_stage05	chandler|monica|phoebe	present	1.0		high	
10	157	389.0	391.48	43, 74.	Chandler	medium	scene_context_inference	0.68	dialogue	True	False	Monica | Rachel | Ross | Chandler	Chandler		True	scene_end_short_utterance | speaker_no_face	Filled from previous same-scene context.				partial	char_tracker_stage05		absent			medium	speaker_no_face
11	158	395.9	396.82	You want to go shotgun?	Chandler	high	community_transcript_match	1.0	dialogue	False	True	Chandler | Ross | Monica and Joey		Ross	False		Speaker agrees with available community-transcript mapping.	(coming up under center, just like a real quarterback does, and puts his hands between Ross’ legs.) Twenty-three!! Seventy-four!! (Ross stands up and looks at him) You wanna go shotgun?	Chandler	Chandler	present	char_tracker_stage05	chandler	present	1.0		high	
11	159	396.82	397.26	Yeah.	Ross	high	qa_review_resolved_ct_support	1.0	dialogue	False	True	Chandler | Ross | Monica and Joey	Chandler	Monica and Joey	True	speaker_offscreen	Speaker agrees with available community-transcript mapping. | QA resolved prior review with community-transcript support.	Yeah!	Ross	Ross	present	char_tracker_stage05	chandler	absent	0.0		low	speaker_offscreen
11	160	400.06	400.46	Hey.	Monica and Joey	medium	short_turn_alternation	0.7	dialogue	True	False	Chandler | Ross | Monica and Joey	Ross	Monica and Joey	True	short_utterance_between_two_speakers	Short utterance inferred from local turn alternation.				absent	char_tracker_stage05		unobserved			medium	
11	161	400.46	401.54	One Mississippi, two Mississippi.	Monica and Joey	high	community_transcript_match	1.0	dialogue	False	True	Chandler | Ross | Monica and Joey	Monica and Joey	Monica and Joey	False		Speaker agrees with available community-transcript mapping.	One-Mississippi. Two-Mississippi. Three-Mississippi.	Monica and Joey	Monica and Joey	absent	char_tracker_stage05		unobserved			high	
11	162	401.54	401.74	Two minutes.	Monica and Joey	high	qa_review_resolved_bridge	0.9	dialogue	True	False	Chandler | Ross | Monica and Joey	Monica and Joey	Monica and Joey	False		Filled from previous same-scene context. | QA resolved prior review by same-speaker bridge.				absent	char_tracker_stage05		unobserved			high	
11	163	401.74	402.1	Mississippi.	Monica and Joey	high	qa_review_resolved_bridge	0.9	dialogue	True	False	Chandler | Ross | Monica and Joey	Monica and Joey	Monica and Joey	False		Filled from previous same-scene context. | QA resolved prior review by same-speaker bridge.				absent	char_tracker_stage05		unobserved			high	
11	164	402.1	402.34	Three.	Monica and Joey	medium	scene_context_inference	0.68	dialogue	True	False	Chandler | Ross | Monica and Joey	Monica and Joey		True	scene_end_short_utterance	Filled from previous same-scene context.				absent	char_tracker_stage05		unobserved			medium	
12	165	402.34	403.34	Over here, over here.	Rachel	high	qa_review_resolved_ct_support	1.0	dialogue	False	True	Rachel			True	speaker_no_face	Speaker agrees with available community-transcript mapping. | QA resolved prior review with community-transcript support.	Over here!	Rachel	Rachel	absent	char_tracker_stage05		absent	0.0		medium	speaker_no_face
13	166	404.94	406.06	I almost caught that one.	Rachel	high	qa_review_resolved_ct_support	1.0	dialogue	False	True	Rachel | Chandler | Ross		Chandler	True	speaker_no_face	Speaker agrees with available community-transcript mapping. | QA resolved prior review with community-transcript support.	(proud of her self) I almost caught that one!	Rachel	Rachel	partial	char_tracker_stage05		absent	0.0		medium	speaker_no_face
13	167	407.82	408.139	Great.	Chandler	high	community_transcript_match	1.0	dialogue	False	True	Rachel | Chandler | Ross	Rachel	Chandler	False		Speaker agrees with available community-transcript mapping.	Great	Chandler	Chandler	present	char_tracker_stage05	chandler	present	1.0		high	
13	168	408.139	409.9	Now the score is seven to almost seven.	Chandler	high	community_transcript_match	1.0	dialogue	False	True	Rachel | Chandler | Ross	Chandler	Chandler	False		Speaker agrees with available community-transcript mapping.	Great! Now, the score is 7 to almost 7.	Chandler	Chandler	present	char_tracker_stage05	chandler	present	1.0		high	
13	169	411.34	413.42	Okay, let's play.	Chandler	medium	visual_disambiguation	0.74	dialogue	True	False	Rachel | Chandler | Ross	Chandler	Ross	False		Only one of the two text-context candidates was visually present in the window.				present	char_tracker_stage05	chandler|rachel	present			medium	
13	170	413.58	415.3	I want you to do it down and out to the right.	Ross	high	qa_review_resolved_ct_support	1.0	dialogue	False	True	Rachel | Chandler | Ross	Chandler	Ross	True	speaker_offscreen	Speaker agrees with available community-transcript mapping. | QA resolved prior review with community-transcript support.	Okay, (to Chandler) this play, I want you to do a down and out to the right. Okay. Break!	Ross	Ross	present	char_tracker_stage05	chandler|rachel	absent	0.0		low	speaker_offscreen
13	171	415.3	415.82	Okay?	Ross	high	qa_review_resolved_ct_support	1.0	dialogue	False	True	Rachel | Chandler | Ross	Ross	Rachel	True	speaker_offscreen	Speaker agrees with available community-transcript mapping. | QA resolved prior review with community-transcript support.	Okay	Ross	Ross	present	char_tracker_stage05	chandler|rachel	absent	0.0		low	speaker_offscreen
13	172	415.82	416.62	Okay, great.	Rachel	medium	visual_disambiguation	0.74	dialogue	True	False	Rachel | Chandler | Ross	Ross	Rachel	False		Only one of the two text-context candidates was visually present in the window.				present	char_tracker_stage05	chandler|rachel	present			medium	
13	173	416.62	417.81	Wait, what am I gonna do?	Rachel	high	community_transcript_match	1.0	dialogue	False	True	Rachel | Chandler | Ross	Rachel	Ross	False		Speaker agrees with available community-transcript mapping.	Wait, what am I gonna do?	Rachel	Rachel	present	char_tracker_stage05	chandler|rachel	present	1.0		high	
13	174	418.2	418.44	You.	Ross	high	community_transcript_match	1.0	dialogue	False	True	Rachel | Chandler | Ross	Rachel	Ross	False		Speaker agrees with available community-transcript mapping.	you	Ross	Ross	present	char_tracker_stage05	ross	present	1.0		high	
13	175	419.56	420.52	You go long.	Ross	high	community_transcript_match	1.0	dialogue	False	True	Rachel | Chandler | Ross	Ross	Rachel	False		Speaker agrees with available community-transcript mapping.	You, you go long.	Ross	Ross	present	char_tracker_stage05	ross	present	1.0		high	
13	176	420.68	422.96	Well, how long until we start?	Rachel	high	qa_review_resolved_ct_support	1.0	dialogue	False	True	Rachel | Chandler | Ross	Ross	Ross	True	speaker_no_face	Speaker agrees with available community-transcript mapping. | QA resolved prior review with community-transcript support.	Wait, how long?	Rachel	Rachel	partial	char_tracker_stage05		absent	0.3333		medium	speaker_no_face
13	177	422.96	423.88	To look very small.	Ross	high	qa_review_resolved_ct_support	1.0	dialogue	False	True	Rachel | Chandler | Ross	Rachel	Rachel	True	speaker_offscreen	Speaker agrees with available community-transcript mapping. | QA resolved prior review with community-transcript support.	Until we start to look very small.	Ross	Ross	present	char_tracker_stage05	rachel	absent	0.0		low	speaker_offscreen
13	178	424.12	424.68	Okay.	Rachel	high	community_transcript_match	1.0	dialogue	False	True	Rachel | Chandler | Ross	Ross	Rachel	False		Speaker agrees with available community-transcript mapping.	Okay.	Rachel	Rachel	present	char_tracker_stage05	rachel	present	1.0		high	
13	179	428.04	429.6	One Mississippi, two Mississippi.	Rachel	high	qa_review_resolved_bridge	0.9	dialogue	True	False	Rachel | Chandler | Ross	Rachel	Rachel	True	speaker_no_face	Filled from previous same-scene context. | QA resolved prior review by same-speaker bridge.				absent	char_tracker_stage05		absent			medium	speaker_no_face
13	180	429.6	430.04	Switch.	Rachel	medium	scene_context_inference	0.68	dialogue	True	False	Rachel | Chandler | Ross	Rachel		True	scene_end_short_utterance | speaker_no_face	Filled from previous same-scene context.				absent	char_tracker_stage05		absent			medium	speaker_no_face
14	181	430.04	430.92	Switch, switch.	Ross	high	qa_review_resolved_ct_support	1.0	dialogue	False	True	Ross | Chandler		Chandler	True	speaker_no_face	Speaker agrees with available community-transcript mapping. | QA resolved prior review with community-transcript support.	One-Mississippi, two-Mississippi, switch! Switch! Switch!!	Ross	Ross	absent	char_tracker_stage05		absent	0.0		medium	speaker_no_face
14	182	431.24	432.68	No, no, no, no, no, no.	Chandler	high	qa_review_resolved_ct_support	1.0	dialogue	False	True	Ross | Chandler	Ross	Chandler	True	speaker_no_face	Speaker agrees with available community-transcript mapping. | QA resolved prior review with community-transcript support.	No, no, no, no, no!	Chandler	Chandler	absent	char_tracker_stage05		absent	0.0		medium	speaker_no_face
14	183	439.16	439.56	Aw.	Chandler	medium	scene_context_inference	0.68	dialogue	True	False	Ross | Chandler	Chandler		True	scene_end_short_utterance | speaker_offscreen	Filled from previous same-scene context.				present	char_tracker_stage05	joey	absent			low	speaker_offscreen
15	184	442.12	444.04	Hey, thanks for stopping our ball.	Joey	high	community_transcript_match	1.0	dialogue	False	True	Joey | Woman | Chandler | Margha | Phoebe		Woman	False		Speaker agrees with available community-transcript mapping.	Haaaaa! Hey-hey, thanks for stopping our ball.	Joey	Joey	present	char_tracker_stage05	joey	present	1.0		high	
15	185	444.63	446.15	You are playing American football?	Woman	high	community_transcript_match	1.0	dialogue	False	True	Joey | Woman | Chandler | Margha | Phoebe	Joey	Joey	False		Speaker agrees with available community-transcript mapping.	(in a foreign accent) You are playing American football?	Woman	Woman	present	char_tracker_stage05	joey	unobserved			high	
15	186	446.63	447.11	Yeah.	Joey	high	community_transcript_match	1.0	dialogue	False	True	Joey | Woman | Chandler | Margha | Phoebe	Woman	Joey	False		Speaker agrees with available community-transcript mapping.	Yeah	Joey	Joey	present	char_tracker_stage05	joey	present	1.0		high	
15	187	447.67	450.15	Wow, you're, like, from a whole other country.	Joey	high	community_transcript_match	1.0	dialogue	False	True	Joey | Woman | Chandler | Margha | Phoebe	Joey	Woman	False		Speaker agrees with available community-transcript mapping.	Yeah! Wow, you're like from a whole other country.	Joey	Joey	present	char_tracker_stage05	joey	present	1.0		high	
15	188	451.51	452.31	I'm Dutch.	Woman	high	community_transcript_match	1.0	dialogue	False	True	Joey | Woman | Chandler | Margha | Phoebe	Joey	Joey	False		Speaker agrees with available community-transcript mapping.	I’m Dutch.	Woman	Woman	present	char_tracker_stage05	joey	unobserved			high	
15	189	452.71	453.83	Hi, I'm Joey.	Joey	high	community_transcript_match	1.0	dialogue	False	True	Joey | Woman | Chandler | Margha | Phoebe	Woman	Woman	False		Speaker agrees with available community-transcript mapping.	Hi-hi, I’m Joey.	Joey	Joey	present	char_tracker_stage05	joey	present	1.0		high	
15	190	455.27	456.31	I'm Marja.	Woman	high	community_transcript_match	1.0	dialogue	False	True	Joey | Woman | Chandler | Margha | Phoebe	Joey	Joey	False		Speaker agrees with available community-transcript mapping.	I’m Margha.	Woman	Woman	present	char_tracker_stage05	joey	unobserved			high	
15	191	457.11	459.19	I'm sorry, Dutch, I didn't get that last little bit.	Joey	high	community_transcript_match	1.0	dialogue	False	True	Joey | Woman | Chandler | Margha | Phoebe	Woman	Chandler	False		Speaker agrees with available community-transcript mapping.	I’m sorry Dutch, I didn’t get that last little bit.	Joey	Joey	present	char_tracker_stage05	joey	present	1.0		high	
15	192	459.75	461.59	Hey, Joey, you want to play football or you want to.	Chandler	high	qa_review_resolved_ct_support	1.0	dialogue	False	True	Joey | Woman | Chandler | Margha | Phoebe	Joey	Chandler	True	speaker_offscreen	Speaker agrees with available community-transcript mapping. | QA resolved prior review with community-transcript support.	(running up) Hey Joey, do you wanna play football or you wanna.. (sees Marhan) Hi, I’m Chandler.	Chandler	Chandler	present	char_tracker_stage05	joey	absent	0.0		low	speaker_offscreen
15	193	461.59	462.55	Hi, I'm Chandler.	Chandler	high	qa_review_resolved_ct_support	1.0	dialogue	False	True	Joey | Woman | Chandler | Margha | Phoebe	Chandler	Margha	True	speaker_offscreen	Speaker agrees with available community-transcript mapping. | QA resolved prior review with community-transcript support.	Hi, I'm Chandler	Chandler	Chandler	present	char_tracker_stage05	joey	absent	0.0		low	speaker_offscreen
15	194	463.43	464.55	Hello, Chandler.	Margha	high	community_transcript_match	1.0	dialogue	False	True	Joey | Woman | Chandler | Margha | Phoebe	Chandler	Joey	False		Speaker agrees with available community-transcript mapping.	Hello, Chandler.	Margha	Margha	present	char_tracker_stage05	joey	unobserved			high	
15	195	465.19	466.35	Her name is Dutch.	Joey	high	community_transcript_match	1.0	dialogue	False	True	Joey | Woman | Chandler | Margha | Phoebe	Margha	Joey	False		Speaker agrees with available community-transcript mapping.	Her name is Dutch, and also Marklan.	Joey	Joey	present	char_tracker_stage05	joey	present	1.0		high	
15	196	466.35	467.67	And also Margen.	Joey	high	community_transcript_match	1.0	dialogue	False	True	Joey | Woman | Chandler | Margha | Phoebe	Joey	Margha	False		Speaker agrees with available community-transcript mapping.	and also marklan	Joey	Joey	present	char_tracker_stage05	joey	present	1.0		high	
15	197	469.35	470.23	Marha.	Margha	high	community_transcript_match	1.0	dialogue	False	True	Joey | Woman | Chandler | Margha | Phoebe	Joey	Phoebe	False		Speaker agrees with available community-transcript mapping.	Margha.	Margha	Margha	present	char_tracker_stage05	chandler|joey	unobserved			high	
15	198	478.03	479.23	Yo, flirty boys.	Phoebe	high	community_transcript_match	1.0	dialogue	False	True	Joey | Woman | Chandler | Margha | Phoebe	Margha	Phoebe	False		Speaker agrees with available community-transcript mapping.	Yo, flirty boys	Phoebe	Phoebe	present	char_tracker_stage05	joey|phoebe|rachel	present	1.0		high	
15	199	479.79	481.15	We're in the middle of a game.	Phoebe	high	qa_review_resolved_ct_support	1.0	dialogue	False	True	Joey | Woman | Chandler | Margha | Phoebe	Phoebe		True	speaker_offscreen	Speaker agrees with available community-transcript mapping. | QA resolved prior review with community-transcript support.	Yo, flirty boys! We're in the middle of the game.	Phoebe	Phoebe	present	char_tracker_stage05	joey	absent	0.3333		low	speaker_offscreen
16	200	481.95	483.31	Come on, guys, let's go.	Monica	high	qa_review_resolved_ct_support	1.0	dialogue	False	True	Monica | Ross		Monica	True	speaker_offscreen	Speaker agrees with available community-transcript mapping. | QA resolved prior review with community-transcript support.	Come on guys! Let’s go! Come on, it’s second down.	Monica	Monica	present	char_tracker_stage05	joey|ross	absent	0.0		low	speaker_offscreen
16	201	483.63	484.19	Come on.	Monica	high	qa_review_resolved_bridge	1.0	dialogue	False	True	Monica | Ross	Monica	Monica	True	speaker_offscreen	Speaker agrees with available community-transcript mapping. | QA resolved prior review by same-speaker bridge.	come on it's second down	Monica	Monica	present	char_tracker_stage05	ross	absent	0.0		low	speaker_offscreen
16	202	484.19	484.83	Second down.	Monica	high	qa_review_resolved_ct_support	1.0	dialogue	False	True	Monica | Ross	Monica	Ross	True	speaker_offscreen	Speaker agrees with available community-transcript mapping. | QA resolved prior review with community-transcript support.	it's second down	Monica	Monica	present	char_tracker_stage05	ross	absent	0.0		low	speaker_offscreen
16	203	485.87	486.31	Hello.	Ross	high	community_transcript_match	1.0	dialogue	False	True	Monica | Ross	Monica	Ross	False		Speaker agrees with available community-transcript mapping.	uh hello	Ross	Ross	present	char_tracker_stage05	ross	present	1.0		high	
16	204	486.31	487.23	It's third down.	Ross	high	community_transcript_match	1.0	dialogue	False	True	Monica | Ross	Ross	Monica	False		Speaker agrees with available community-transcript mapping.	Uh, hello, it’s third down.	Ross	Ross	present	char_tracker_stage05	ross	present	1.0		high	
16	205	487.31	487.95	No, it's not.	Monica	high	qa_review_resolved_ct_support	1.0	dialogue	False	True	Monica | Ross	Ross	Monica	True	speaker_offscreen	Speaker agrees with available community-transcript mapping. | QA resolved prior review with community-transcript support.	no it's not	Monica	Monica	present	char_tracker_stage05	ross	absent	0.0		low	speaker_offscreen
16	206	487.95	488.51	It's second.	Monica	high	qa_review_resolved_ct_support	1.0	dialogue	False	True	Monica | Ross	Monica	Ross	True	speaker_offscreen	Speaker agrees with available community-transcript mapping. | QA resolved prior review with community-transcript support.	No it’s not, it’s second.	Monica	Monica	present	char_tracker_stage05	ross	absent	0.0		low	speaker_offscreen
16	207	490.03	490.51	Wow.	Ross	medium	visual_disambiguation	0.74	dialogue	True	False	Monica | Ross	Monica	Ross	False		Only one of the two text-context candidates was visually present in the window.				present	char_tracker_stage05	ross	present			medium	
16	208	490.99	491.39	Wow.	Ross	high	community_transcript_match	1.0	dialogue	False	True	Monica | Ross	Ross	Monica	False		Speaker agrees with available community-transcript mapping.	Wow!	Ross	Ross	present	char_tracker_stage05	ross	present	1.0		high	
16	209	491.39	491.71	What?	Monica	high	qa_review_resolved_ct_support	1.0	dialogue	False	True	Monica | Ross	Ross	Ross	True	speaker_offscreen	Speaker agrees with available community-transcript mapping. | QA resolved prior review with community-transcript support.	Wow, what?	Monica	Monica	present	char_tracker_stage05	ross	absent	0.0		low	speaker_offscreen
16	210	492.51	495.15	Just amazes me that you're still pulling stuff like this.	Ross	high	community_transcript_match	1.0	dialogue	False	True	Monica | Ross	Monica	Monica	False		Speaker agrees with available community-transcript mapping.	It just amazes me that you're still pulling stuff like this.	Ross	Ross	present	char_tracker_stage05	ross	present	1.0		high	
16	211	496.83	497.43	Pulling mud.	Monica	high	community_transcript_match	1.0	dialogue	False	True	Monica | Ross	Ross	Monica	False		Speaker agrees with available community-transcript mapping.	Pulling what	Monica	Monica	present	char_tracker_stage05	monica|ross	present	1.0		high	
16	212	497.43	498.27	It's second down.	Monica	high	community_transcript_match	1.0	dialogue	False	True	Monica | Ross	Monica	Ross	False		Speaker agrees with available community-transcript mapping.	Pulling what? It’s second down.	Monica	Monica	present	char_tracker_stage05	monica|ross	present	1.0		high	
16	213	498.59	499.95	Okay, it's second down.	Ross	high	community_transcript_match	1.0	dialogue	False	True	Monica | Ross	Monica	Ross	False		Speaker agrees with available community-transcript mapping.	Okay, it's second down	Ross	Ross	present	char_tracker_stage05	monica|ross	present	1.0		high	
16	214	500.75	502.51	Take all the second downs you need.	Ross	high	community_transcript_match	1.0	dialogue	False	True	Monica | Ross	Ross	Monica	False		Speaker agrees with available community-transcript mapping.	Okay, it’s second down. (turns away) Take all the second downs you need.	Ross	Ross	present	char_tracker_stage05	monica|ross	present	1.0		high	
16	215	503.87	504.75	I heard that.	Monica	high	community_transcript_match	1.0	dialogue	False	True	Monica | Ross	Ross	Ross	False		Speaker agrees with available community-transcript mapping.	I heard that!	Monica	Monica	present	char_tracker_stage05	monica	present	1.0		high	
16	216	504.91	506.19	Well, I said it loud.	Ross	high	community_transcript_match	1.0	dialogue	False	True	Monica | Ross	Monica		False		Speaker agrees with available community-transcript mapping.	Well, I said it loud.	Ross	Ross	present	char_tracker_stage05	monica|ross	present	0.6667		high	
17	217	508.35	510.19	It is okay if I stay and watch?	Margha	high	community_transcript_match	1.0	dialogue	False	True	Margha | Chandler and Joey		Margha	False		Speaker agrees with available community-transcript mapping.	It is okay, if I stay and watch? I can't go home just yet. My roomate is, um..Ferschlocking, a big American business man.	Margha	Margha	partial	char_tracker_stage05		unobserved			high	
17	218	510.75	512.43	I can't go home just yet.	Margha	high	community_transcript_match	1.0	dialogue	False	True	Margha | Chandler and Joey	Margha	Margha	False		Speaker agrees with available community-transcript mapping.	I can't go home just yet	Margha	Margha	present	char_tracker_stage05	chandler|joey	unobserved			high	
17	219	512.43	515.55	My roommate is for schlocking.	Margha	medium	scene_context_inference	0.66	dialogue	True	False	Margha | Chandler and Joey	Margha	Chandler and Joey	True	two_sided_context_ambiguous	No direct transcript match; longer line defaulted to previous speaker in same scene.				partial	char_tracker_stage05		unobserved			medium	
17	220	515.55	517.63	A big American businessman.	Chandler and Joey	low	scene_context_inference	0.58	dialogue	True	False	Margha | Chandler and Joey	Margha	Chandler and Joey	True	two_sided_context_ambiguous | low_speaker_confidence	No direct transcript match; weak local context only.				partial	char_tracker_stage05		unobserved			low	low_speaker_confidence
17	221	519.15	519.47	Yeah.	Chandler and Joey	high	community_transcript_match	1.0	dialogue	False	True	Margha | Chandler and Joey	Chandler and Joey	Chandler and Joey	False		Speaker agrees with available community-transcript mapping.	Yeah	Chandler and Joey	Chandler and Joey	present	char_tracker_stage05	chandler|joey	unobserved			high	
17	222	519.47	521.19	Why don't you stick around as long as you need to?	Chandler and Joey	high	community_transcript_match	1.0	dialogue	False	True	Margha | Chandler and Joey	Chandler and Joey	Chandler and Joey	False		Speaker agrees with available community-transcript mapping.	Yeah! Why don’t you stick around. You can sit right there.	Chandler and Joey	Chandler and Joey	present	char_tracker_stage05	chandler|joey	unobserved			high	
17	223	521.19	521.63	Yeah.	Chandler and Joey	high	community_transcript_match	1.0	dialogue	False	True	Margha | Chandler and Joey	Chandler and Joey		False		Speaker agrees with available community-transcript mapping.	yeah right there	Chandler and Joey	Chandler and Joey	present	char_tracker_stage05	chandler|joey	unobserved			high	
18	224	522.11	522.91	Well, that went well.	Chandler	high	qa_review_resolved_ct_support	1.0	dialogue	False	True	Chandler | Joey		Joey	True	speaker_offscreen	Speaker agrees with available community-transcript mapping. | QA resolved prior review with community-transcript support.	Well, that went well.	Chandler	Chandler	present	char_tracker_stage05	joey	absent	0.0		low	speaker_offscreen
18	225	522.91	523.63	I think so.	Joey	high	community_transcript_match	1.0	dialogue	False	True	Chandler | Joey	Chandler	Chandler	False		Speaker agrees with available community-transcript mapping.	I think so.	Joey	Joey	present	char_tracker_stage05	joey	present	1.0		high	
18	226	524.14	526.7	You know, I was thinking about asking her for her number.	Chandler	high	community_transcript_match	1.0	dialogue	False	True	Chandler | Joey	Joey	Joey	False		Speaker agrees with available community-transcript mapping.	Y'know, I was thinking about ah, asking her for her number.	Chandler	Chandler	present	char_tracker_stage05	chandler|joey	present	1.0		high	
18	227	527.18	531.26	Thanks, man, but I think it makes a stronger statement if I ask for it myself, you know?	Joey	high	community_transcript_match	1.0	dialogue	False	True	Chandler | Joey	Chandler	Chandler	False		Speaker agrees with available community-transcript mapping.	Thanks man, but I think it makes a stronger statement if I ask for it myself, y'know.	Joey	Joey	present	char_tracker_stage05	chandler|joey	present	1.0		high	
18	228	531.98	532.46	Oh.	Chandler	medium	short_turn_alternation	0.7	reaction	True	False	Chandler | Joey	Joey	Chandler	True	short_utterance_between_two_speakers	Short utterance inferred from local turn alternation.				present	char_tracker_stage05	chandler|joey	present			medium	
18	229	532.62	533.78	Oh, no.	Chandler	high	scene_context_bridge	0.88	dialogue	True	False	Chandler | Joey	Chandler	Chandler	False		Same speaker appears on both sides within the same scene.				present	char_tracker_stage05	chandler|joey	present			high	
18	230	533.78	537.66	I was thinking about, you know, for me as part of that whole getting over Janice thing you were talking about.	Chandler	high	community_transcript_match	1.0	dialogue	False	True	Chandler | Joey	Chandler	Joey	False		Speaker agrees with available community-transcript mapping.	Whoa-ho, whoa! No, I was thinking about y'know for me, as a part of that whole getting over Janice thing you were talking about.	Chandler	Chandler	present	char_tracker_stage05	chandler|joey	present	1.0		high	
18	231	538.7	539.66	Oh, yeah, that.	Joey	low	scene_context_inference	0.58	dialogue	True	False	Chandler | Joey	Chandler	Joey	True	two_sided_context_ambiguous | low_speaker_confidence	No direct transcript match; weak local context only.				present	char_tracker_stage05	chandler|joey	present			low	low_speaker_confidence
18	232	541.1	541.66	All right.	Joey	high	scene_context_bridge	0.88	dialogue	True	False	Chandler | Joey	Joey	Joey	False		Same speaker appears on both sides within the same scene.				present	char_tracker_stage05	joey	present			high	
18	233	541.82	542.42	Means that much.	Joey	high	community_transcript_match	1.0	dialogue	False	True	Chandler | Joey	Joey	Joey	False		Speaker agrees with available community-transcript mapping.	Oh, yeah, that	Joey	Joey	present	char_tracker_stage05	joey	present	1.0		high	
18	234	542.42	543.26	Here, I'll let you have her.	Joey	high	community_transcript_match	1.0	dialogue	False	True	Chandler | Joey	Joey	Joey	False		Speaker agrees with available community-transcript mapping.	Oh, yeah, that. All right, means that much to ya, I’ll let you have her.	Joey	Joey	present	char_tracker_stage05	joey	present	1.0		high	
18	235	543.26	543.66	Thanks.	Joey	medium	visual_disambiguation	0.74	dialogue	True	False	Chandler | Joey	Joey	Chandler	False		Only one of the two text-context candidates was visually present in the window.				present	char_tracker_stage05	joey	present			medium	
18	236	545.18	545.58	What?	Chandler	high	community_transcript_match	1.0	dialogue	False	True	Chandler | Joey	Joey	Chandler	False		Speaker agrees with available community-transcript mapping.	what	Chandler	Chandler	present	char_tracker_stage05	chandler	present	1.0		high	
18	237	545.82	546.94	Let me have her?	Chandler	high	community_transcript_match	1.0	dialogue	False	True	Chandler | Joey	Chandler	Chandler	False		Speaker agrees with available community-transcript mapping.	What, let me have her	Chandler	Chandler	present	char_tracker_stage05	chandler	present	1.0		high	
18	238	548.14	548.74	What do you mean?	Chandler	high	community_transcript_match	1.0	dialogue	False	True	Chandler | Joey	Chandler	Chandler	False		Speaker agrees with available community-transcript mapping.	What do mean	Chandler	Chandler	present	char_tracker_stage05	chandler	present	1.0		high	
18	239	548.74	550.54	Like, if you didn't, I wouldn't have a shot?	Chandler	high	community_transcript_match	1.0	dialogue	False	True	Chandler | Joey	Chandler	Joey	False		Speaker agrees with available community-transcript mapping.	Thanks. What, let me have her?! What do mean? Like if you didn’t I wouldn’t have a shot?	Chandler	Chandler	present	char_tracker_stage05	chandler	present	1.0		high	
18	240	551.28	555.12	Well, you don't like to say it out loud, but yeah.	Joey	medium	visual_disambiguation	0.74	dialogue	True	False	Chandler | Joey	Chandler	Joey	False		Only one of the two text-context candidates was visually present in the window.				present	char_tracker_stage05	joey	present			medium	
18	241	556.96	558.0	Don't feel bad, man.	Joey	high	qa_review_resolved_bridge	1.0	dialogue	False	True	Chandler | Joey	Joey	Joey	True	speaker_offscreen	Speaker agrees with available community-transcript mapping. | QA resolved prior review by same-speaker bridge.	don't feel bad man	Joey	Joey	present	char_tracker_stage05	chandler	absent	0.0		low	speaker_offscreen
18	242	558.0	559.08	We all have our strengths.	Joey	high	community_transcript_match	1.0	dialogue	False	True	Chandler | Joey	Joey	Joey	False		Speaker agrees with available community-transcript mapping.	Don't feel bad man, we all have our strengths	Joey	Joey	present	char_tracker_stage05	chandler|joey	present	1.0		high	
18	243	559.08	560.56	You're better with numbers and stuff.	Joey	high	community_transcript_match	1.0	dialogue	False	True	Chandler | Joey	Joey	Chandler	False		Speaker agrees with available community-transcript mapping.	Well I don’t like to say it out loud, but, yeah! Don’t feel bad man, we all have our strengths. You’re better with numbers and stuff.	Joey	Joey	present	char_tracker_stage05	chandler|joey	present	1.0		high	
18	244	561.2	561.68	Math?	Chandler	medium	visual_disambiguation	0.74	dialogue	True	False	Chandler | Joey	Joey	Chandler	False		Only one of the two text-context candidates was visually present in the window.				present	char_tracker_stage05	chandler	present			medium	
18	245	562.32	563.52	You're giving me math?	Chandler	high	scene_context_bridge	0.88	dialogue	True	False	Chandler | Joey	Chandler	Chandler	False		Same speaker appears on both sides within the same scene.				present	char_tracker_stage05	chandler	present			high	
18	246	564.96	565.6	All right, look.	Chandler	high	scene_context_bridge	0.88	dialogue	True	False	Chandler | Joey	Chandler	Chandler	False		Same speaker appears on both sides within the same scene.				present	char_tracker_stage05	chandler	present			high	
18	247	565.6	566.16	You know what?	Chandler	high	scene_context_bridge	0.88	dialogue	True	False	Chandler | Joey	Chandler	Chandler	False		Same speaker appears on both sides within the same scene.				present	char_tracker_stage05	chandler	present			high	
18	248	566.16	567.2	Forget about it.	Chandler	high	community_transcript_match	1.0	dialogue	False	True	Chandler | Joey	Chandler	Chandler	False		Speaker agrees with available community-transcript mapping.	math you're giving me math all right look y'know what forget about it	Chandler	Chandler	present	char_tracker_stage05	chandler	present	1.0		high	
18	249	567.36	568.4	You go for the girl.	Chandler	high	community_transcript_match	1.0	dialogue	False	True	Chandler | Joey	Chandler	Chandler	False		Speaker agrees with available community-transcript mapping.	math you're giving me math all right look y'know what forget about it you go for the girl	Chandler	Chandler	present	char_tracker_stage05	chandler	present	1.0		high	
18	250	568.96	570.08	We'll see who gets her.	Chandler	high	community_transcript_match	1.0	dialogue	False	True	Chandler | Joey	Chandler		False		Speaker agrees with available community-transcript mapping.	Math!! You’re giving me math! All right, look y'know what, forget about it, you go for the girl, we’ll see who gets her.	Chandler	Chandler	present	char_tracker_stage05	chandler	present	1.0		high	
19	251	573.92	576.32	Chandler, I want you to run a post pattern to the left.	Ross	high	community_transcript_match	1.0	dialogue	False	True	Ross | Rachel		Ross	False		Speaker agrees with available community-transcript mapping.	Chandler, I want you to run a post pattern to the left, okay. And sweetie..	Ross	Ross	present	char_tracker_stage05	chandler|rachel|ross	present	0.75		high	
19	252	576.54	576.82	Okay.	Ross	high	community_transcript_match	1.0	dialogue	False	True	Ross | Rachel	Ross	Ross	False		Speaker agrees with available community-transcript mapping.	okay and sweetie	Ross	Ross	present	char_tracker_stage05	chandler|rachel|ross	present	1.0		high	
19	253	576.82	577.5	And, sweetie.	Ross	high	community_transcript_match	1.0	dialogue	False	True	Ross | Rachel	Ross	Rachel	False		Speaker agrees with available community-transcript mapping.	and sweetie	Ross	Ross	present	char_tracker_stage05	chandler|rachel|ross	present	1.0		high	
19	254	577.5	578.1	Yeah, I know.	Rachel	high	community_transcript_match	1.0	dialogue	False	True	Ross | Rachel	Ross	Rachel	False		Speaker agrees with available community-transcript mapping.	yeah i know	Rachel	Rachel	present	char_tracker_stage05	chandler|rachel|ross	present	1.0		high	
19	255	578.1	578.7	Go long.	Rachel	high	community_transcript_match	1.0	dialogue	False	True	Ross | Rachel	Rachel	Rachel	False		Speaker agrees with available community-transcript mapping.	Yeah, I know, go long	Rachel	Rachel	present	char_tracker_stage05	chandler|rachel|ross	present	1.0		high	
19	256	578.78	581.5	You know, it's like all I'm doing is running back and forth from the huddle.	Rachel	high	community_transcript_match	1.0	dialogue	False	True	Ross | Rachel	Rachel	Ross	False		Speaker agrees with available community-transcript mapping.	Yeah, I know, go long. Y'know, it’s like all I’m doing is running back and forth from the huddle.	Rachel	Rachel	present	char_tracker_stage05	chandler|rachel|ross	present	1.0		high	
19	257	583.18	585.82	Well, you want to just stay out there?	Ross	high	community_transcript_match	1.0	dialogue	False	True	Ross | Rachel	Rachel	Ross	False		Speaker agrees with available community-transcript mapping.	Well ah, you wanna just stay out there?	Ross	Ross	present	char_tracker_stage05	ross	present	1.0		high	
19	258	588.62	589.1	Yeah.	Ross	high	qa_review_resolved_ct_support	1.0	dialogue	False	True	Ross | Rachel	Ross		True	speaker_no_face	Speaker agrees with available community-transcript mapping. | QA resolved prior review with community-transcript support.	Yeah.	Ross	Ross	absent	char_tracker_stage05		absent	0.0		medium	speaker_no_face
20	259	592.54	593.1	Okay.	Ross	high	qa_review_resolved_ct_support	1.0	dialogue	False	True	Ross		Ross	True	speaker_no_face	Speaker agrees with available community-transcript mapping. | QA resolved prior review with community-transcript support.	Okay. Hut! Hike!	Ross	Ross	absent	char_tracker_stage05		absent	0.0		medium	speaker_no_face
20	260	593.1	593.78	Here you go, man.	Ross	high	qa_review_resolved_bridge	0.9	dialogue	True	False	Ross	Ross	Ross	True	speaker_no_face	Filled from previous same-scene context. | QA resolved prior review by same-speaker bridge.				absent	char_tracker_stage05		absent			medium	speaker_no_face
20	261	593.78	594.54	Okay, let's go.	Ross	high	qa_review_resolved_bridge	0.9	dialogue	True	False	Ross	Ross	Ross	True	speaker_no_face	Filled from previous same-scene context. | QA resolved prior review by same-speaker bridge.				absent	char_tracker_stage05		absent			medium	speaker_no_face
20	262	594.62	595.58	All right, I got you.	Ross	high	qa_review_resolved_bridge	0.9	dialogue	True	False	Ross	Ross	Ross	True	speaker_no_face	Filled from previous same-scene context. | QA resolved prior review by same-speaker bridge.				absent	char_tracker_stage05		absent			medium	speaker_no_face
20	263	595.82	596.3	Hey.	Ross	high	qa_review_resolved_bridge	0.9	dialogue	True	False	Ross	Ross	Ross	True	speaker_no_face	Filled from previous same-scene context. | QA resolved prior review by same-speaker bridge.				absent	char_tracker_stage05		absent			medium	speaker_no_face
20	264	597.1	597.78	Two Mississippi.	Ross	high	qa_review_resolved_bridge	0.9	dialogue	True	False	Ross	Ross	Ross	True	speaker_no_face	Filled from previous same-scene context. | QA resolved prior review by same-speaker bridge.				absent	char_tracker_stage05		absent			medium	speaker_no_face
20	265	597.78	598.62	Three Mississippi.	Ross	high	qa_review_resolved_bridge	0.9	dialogue	True	False	Ross	Ross	Ross	True	speaker_no_face	Filled from previous same-scene context. | QA resolved prior review by same-speaker bridge.				absent	char_tracker_stage05		absent			medium	speaker_no_face
20	266	599.66	600.3	Bumbo.	Ross	medium	scene_context_inference	0.68	dialogue	True	False	Ross	Ross		True	scene_end_short_utterance | speaker_no_face	Filled from previous same-scene context.				absent	char_tracker_stage05		absent			medium	speaker_no_face
22	267	607.17	608.37	What the hell's the matter with you?	Joey	high	qa_review_resolved_ct_support	1.0	dialogue	False	True	Joey | Chandler | Monica | Phoebe		Joey	True	speaker_no_face	Speaker agrees with available community-transcript mapping. | QA resolved prior review with community-transcript support.	What the hell’s the matter with you?! This is my favourite jersey.	Joey	Joey	absent	char_tracker_stage05		absent	0.0		medium	speaker_no_face
22	268	608.69	610.05	It's my favorite jersey.	Joey	high	qa_review_resolved_ct_support	1.0	dialogue	False	True	Joey | Chandler | Monica | Phoebe	Joey	Chandler	True	speaker_offscreen	Speaker agrees with available community-transcript mapping. | QA resolved prior review with community-transcript support.	This is my favourite jersey	Joey	Joey	present	char_tracker_stage05	chandler	absent	0.0		low	speaker_offscreen
22	269	610.37	611.49	Well, now you have too.	Chandler	high	community_transcript_match	1.0	dialogue	False	True	Joey | Chandler | Monica | Phoebe	Joey	Chandler	False		Speaker agrees with available community-transcript mapping.	Well now you have two	Chandler	Chandler	present	char_tracker_stage05	chandler	present	1.0		high	
22	270	613.97	615.49	Hey, I am good at math.	Chandler	high	community_transcript_match	1.0	dialogue	False	True	Joey | Chandler | Monica | Phoebe	Chandler	Joey	False		Speaker agrees with available community-transcript mapping.	Well now you have two. Hey, I am good at math.	Chandler	Chandler	present	char_tracker_stage05	chandler	present	1.0		high	
22	271	617.25	617.77	That's it.	Joey	medium	visual_disambiguation	0.74	dialogue	True	False	Joey | Chandler | Monica | Phoebe	Chandler	Joey	False		Only one of the two text-context candidates was visually present in the window.				present	char_tracker_stage05	joey	present			medium	
22	272	617.77	620.37	You know, I was still gonna let you have her, but now forget about it.	Joey	high	community_transcript_match	1.0	dialogue	False	True	Joey | Chandler | Monica | Phoebe	Joey	Joey	False		Speaker agrees with available community-transcript mapping.	All right, that’s it. Y'know I was still gonna let you have her. But now, forget about it. Prepare to feel very bad about yourself.	Joey	Joey	present	char_tracker_stage05	joey	present	1.0		high	
22	273	620.37	622.09	Prepare to feel very bad about yourself.	Joey	high	community_transcript_match	1.0	dialogue	False	True	Joey | Chandler | Monica | Phoebe	Joey	Chandler	False		Speaker agrees with available community-transcript mapping.	all right that's it y'know prepare to feel very bad about yourself	Joey	Joey	present	char_tracker_stage05	joey	present	1.0		high	
22	274	622.09	622.45	Hey.	Chandler	high	qa_review_resolved_ct_support	1.0	dialogue	False	True	Joey | Chandler | Monica | Phoebe	Joey	Chandler	True	speaker_offscreen	Speaker agrees with available community-transcript mapping. | QA resolved prior review with community-transcript support.	Hey	Chandler	Chandler	present	char_tracker_stage05	joey	absent	0.0		low	speaker_offscreen
22	275	622.45	624.45	Well, I've Been preparing for that my entire life.	Chandler	high	qa_review_resolved_bridge	1.0	dialogue	False	True	Joey | Chandler | Monica | Phoebe	Chandler	Chandler	True	speaker_offscreen	Speaker agrees with available community-transcript mapping. | QA resolved prior review by same-speaker bridge.	Hey! Well, I’ve been preparing for that my entire life! Or something about you that’s mean!	Chandler	Chandler	present	char_tracker_stage05	joey	absent	0.0		low	speaker_offscreen
22	276	626.13	627.89	Or something about you that's mean.	Chandler	high	community_transcript_match	1.0	dialogue	False	True	Joey | Chandler | Monica | Phoebe	Chandler	Monica	False		Speaker agrees with available community-transcript mapping.	Or something about you that's mean	Chandler	Chandler	present	char_tracker_stage05	chandler	present	1.0		high	
22	277	628.93	629.93	All right, come on, guys.	Monica	high	qa_review_resolved_ct_support	1.0	dialogue	False	True	Joey | Chandler | Monica | Phoebe	Chandler	Phoebe	True	speaker_offscreen	Speaker agrees with available community-transcript mapping. | QA resolved prior review with community-transcript support.	All right, come on guys, let’s go! Tie score, and we’re runnin’ out of time. Forty-two!! Thirty-eight!! Hike! (the timer sounds as Monica throws the ball to Phoebe.)	Monica	Monica	present	char_tracker_stage05	chandler	absent	0.0		low	speaker_offscreen
22	278	629.93	630.45	Let's go.	Phoebe	low	scene_context_inference	0.58	dialogue	True	False	Joey | Chandler | Monica | Phoebe	Monica	Phoebe	True	two_sided_context_ambiguous | speaker_no_face	No direct transcript match; weak local context only.				absent	char_tracker_stage05		absent			low	speaker_no_face
22	279	631.29	631.65	High score.	Phoebe	high	qa_review_resolved_bridge	0.9	dialogue	True	False	Joey | Chandler | Monica | Phoebe	Phoebe	Phoebe	True	speaker_offscreen	Same speaker appears on both sides within the same scene. | QA resolved prior review by same-speaker bridge.				present	char_tracker_stage05	chandler	absent			low	speaker_offscreen
22	280	631.65	632.65	We're running out of time.	Phoebe	high	qa_review_resolved_bridge	0.9	dialogue	True	False	Joey | Chandler | Monica | Phoebe	Phoebe	Phoebe	True	speaker_offscreen	Same speaker appears on both sides within the same scene. | QA resolved prior review by same-speaker bridge.				present	char_tracker_stage05	chandler|monica	absent			low	speaker_offscreen
22	281	633.29	634.89	42, 38, hike.	Phoebe	high	qa_review_resolved_bridge	0.9	dialogue	True	False	Joey | Chandler | Monica | Phoebe	Phoebe	Phoebe	True	speaker_offscreen	Same speaker appears on both sides within the same scene. | QA resolved prior review by same-speaker bridge.				present	char_tracker_stage05	monica	absent			low	speaker_offscreen
22	282	635.29	636.25	Oh, I got it.	Phoebe	high	qa_review_resolved_bridge	1.0	dialogue	False	True	Joey | Chandler | Monica | Phoebe	Phoebe	Phoebe	True	speaker_no_face	Speaker agrees with available community-transcript mapping. | QA resolved prior review by same-speaker bridge.	Oh I got it!! (catches the ball) Oh! Ew! Broken boob! Ow!	Phoebe	Phoebe	absent	char_tracker_stage05		absent	0.0		medium	speaker_no_face
22	283	637.69	638.09	Oh.	Phoebe	high	qa_review_resolved_ct_support	1.0	reaction	False	True	Joey | Chandler | Monica | Phoebe	Phoebe	Monica	True	speaker_no_face	Speaker agrees with available community-transcript mapping. | QA resolved prior review with community-transcript support.	Oh	Phoebe	Phoebe	absent	char_tracker_stage05		absent	0.0		medium	speaker_no_face
22	284	638.09	639.29	Oh, broken boobs.	Monica	low	scene_context_inference	0.58	dialogue	True	False	Joey | Chandler | Monica | Phoebe	Phoebe	Monica	True	two_sided_context_ambiguous | speaker_no_face	No direct transcript match; weak local context only.				absent	char_tracker_stage05		absent			low	speaker_no_face
22	285	639.61	640.09	Ow.	Monica	high	qa_review_resolved_bridge	0.9	dialogue	True	False	Joey | Chandler | Monica | Phoebe	Monica	Monica	True	speaker_no_face	Same speaker appears on both sides within the same scene. | QA resolved prior review by same-speaker bridge.				absent	char_tracker_stage05		absent			medium	speaker_no_face
22	286	641.29	642.33	Run, baby, run.	Monica	high	qa_review_resolved_ct_support	1.0	dialogue	False	True	Joey | Chandler | Monica | Phoebe	Monica		True	speaker_no_face	Speaker agrees with available community-transcript mapping. | QA resolved prior review with community-transcript support.	Run, Phoebe, run!	Monica	Monica	absent	char_tracker_stage05		absent	0.0		medium	speaker_no_face
23	287	644.09	647.369	Touchdown Move.	Phoebe	high	qa_review_resolved_ct_support	1.0	dialogue	False	True	Phoebe | Ross | Monica | Joey | Chandler | Rachel | All		Ross	True	speaker_no_face	Speaker agrees with available community-transcript mapping. | QA resolved prior review with community-transcript support.	Touchdown!! Touchdown!!	Phoebe	Phoebe	absent	char_tracker_stage05		absent	0.0		medium	speaker_no_face
23	288	649.85	650.25	Hello.	Ross	high	community_transcript_match	1.0	dialogue	False	True	Phoebe | Ross | Monica | Joey | Chandler | Rachel | All	Phoebe	Ross	False		Speaker agrees with available community-transcript mapping.	Uh, hello, the buzzer buzzed	Ross	Ross	present	char_tracker_stage05	rachel|ross	present	1.0		high	
23	289	650.25	652.01	The buzzer buzz doesn't count.	Ross	high	community_transcript_match	1.0	dialogue	False	True	Phoebe | Ross | Monica | Joey | Chandler | Rachel | All	Ross	Monica	False		Speaker agrees with available community-transcript mapping.	Uh, hello, the buzzer buzzed. It doesn’t count.	Ross	Ross	present	char_tracker_stage05	ross	present	1.0		high	
23	290	652.49	653.45	After the snap.	Monica	high	qa_review_resolved_ct_support	1.0	dialogue	False	True	Phoebe | Ross | Monica | Joey | Chandler | Rachel | All	Ross	Ross	True	speaker_offscreen	Speaker agrees with available community-transcript mapping. | QA resolved prior review with community-transcript support.	After the snap!	Monica	Monica	present	char_tracker_stage05	joey|phoebe|ross	absent	0.0		low	speaker_offscreen
23	291	653.45	654.57	Before the snap.	Ross	high	qa_review_resolved_ct_support	1.0	dialogue	False	True	Phoebe | Ross | Monica | Joey | Chandler | Rachel | All	Monica	Joey	True	speaker_offscreen	Speaker agrees with available community-transcript mapping. | QA resolved prior review with community-transcript support.	Before the snap!	Ross	Ross	present	char_tracker_stage05	joey|phoebe	absent	0.0		low	speaker_offscreen
23	292	654.57	654.97	After.	Joey	high	qa_review_resolved_ct_support	1.0	dialogue	False	True	Phoebe | Ross | Monica | Joey | Chandler | Rachel | All	Ross	Chandler	True	speaker_no_face	Speaker agrees with available community-transcript mapping. | QA resolved prior review with community-transcript support.	After!!	Joey	Joey	absent	char_tracker_stage05		absent	0.0		medium	speaker_no_face
23	293	655.21	655.61	Before.	Chandler	high	qa_review_resolved_ct_support	1.0	dialogue	False	True	Phoebe | Ross | Monica | Joey | Chandler | Rachel | All	Joey	Rachel	True	speaker_no_face	Speaker agrees with available community-transcript mapping. | QA resolved prior review with community-transcript support.	Before!!	Chandler	Chandler	absent	char_tracker_stage05		absent	0.0		medium	speaker_no_face
23	294	655.93	656.97	Now does it really matter?	Rachel	high	qa_review_resolved_ct_support	1.0	dialogue	False	True	Phoebe | Ross | Monica | Joey | Chandler | Rachel | All	Chandler	All	True	speaker_no_face	Speaker agrees with available community-transcript mapping. | QA resolved prior review with community-transcript support.	Now, does it really matter?	Rachel	Rachel	absent	char_tracker_stage05		absent	0.0		medium	speaker_no_face
23	295	657.21	657.69	Yes.	All	high	community_transcript_match	1.0	dialogue	False	True	Phoebe | Ross | Monica | Joey | Chandler | Rachel | All	Rachel	Phoebe	False		Speaker agrees with available community-transcript mapping.	Yes!!	All	All	absent	char_tracker_stage05		unobserved			high	
23	296	658.41	659.73	Okay, I made a touchdown.	Phoebe	high	community_transcript_match	1.0	dialogue	False	True	Phoebe | Ross | Monica | Joey | Chandler | Rachel | All	All	Phoebe	False		Speaker agrees with available community-transcript mapping.	Well, okay, I made a touchdown	Phoebe	Phoebe	present	char_tracker_stage05	joey|phoebe	present	0.5		high	
23	297	659.73	660.945	It was my first touchdown.	Phoebe	high	community_transcript_match	1.0	dialogue	False	True	Phoebe | Ross | Monica | Joey | Chandler | Rachel | All	Phoebe	Ross	False		Speaker agrees with available community-transcript mapping.	Well, okay, I made a touchdown. It was my first touchdown. So?	Phoebe	Phoebe	present	char_tracker_stage05	joey|phoebe	present	1.0		high	
23	298	660.945	661.08	Right?	Ross	medium	short_turn_alternation	0.7	dialogue	True	False	Phoebe | Ross | Monica | Joey | Chandler | Rachel | All	Phoebe	Ross	True	short_utterance_between_two_speakers	Short utterance inferred from local turn alternation.				present	char_tracker_stage05	chandler|joey|phoebe|rachel|ross	present			medium	
23	299	661.39	662.59	Oh, Jeeves, that's great.	Ross	high	community_transcript_match	1.0	dialogue	False	True	Phoebe | Ross | Monica | Joey | Chandler | Rachel | All	Ross	Ross	False		Speaker agrees with available community-transcript mapping.	Oh Pheebs, that's great	Ross	Ross	present	char_tracker_stage05	chandler|joey|phoebe|rachel|ross	present	1.0		high	
23	300	662.59	663.23	Doesn't count.	Ross	high	community_transcript_match	1.0	dialogue	False	True	Phoebe | Ross | Monica | Joey | Chandler | Rachel | All	Ross	Monica	False		Speaker agrees with available community-transcript mapping.	Oh Pheebs, that’s great. It doesn’t count.	Ross	Ross	present	char_tracker_stage05	chandler|rachel|ross	present	1.0		high	
23	301	664.59	665.63	Does so count.	Monica	high	qa_review_resolved_ct_support	1.0	dialogue	False	True	Phoebe | Ross | Monica | Joey | Chandler | Rachel | All	Ross	Ross	True	speaker_offscreen	Speaker agrees with available community-transcript mapping. | QA resolved prior review with community-transcript support.	Does so count!	Monica	Monica	present	char_tracker_stage05	chandler|ross	absent	0.0		low	speaker_offscreen
23	302	665.63	667.23	Cheater, cheater, compulsive eater.	Ross	high	community_transcript_match	1.0	dialogue	False	True	Phoebe | Ross | Monica | Joey | Chandler | Rachel | All	Monica	Phoebe	False		Speaker agrees with available community-transcript mapping.	Cheater, cheater, compulsive eater.	Ross	Ross	present	char_tracker_stage05	chandler|ross	present	1.0		high	
23	303	669.07	670.11	Oh, my God.	Phoebe	high	community_transcript_match	1.0	dialogue	False	True	Phoebe | Ross | Monica | Joey | Chandler | Rachel | All	Ross	Monica	False		Speaker agrees with available community-transcript mapping.	Oh my God!	Phoebe	Phoebe	present	char_tracker_stage05	phoebe	present	1.0		high	
23	304	671.95	672.55	You know what?	Monica	high	qa_review_resolved_ct_support	1.0	dialogue	False	True	Phoebe | Ross | Monica | Joey | Chandler | Rachel | All	Phoebe	Monica	True	speaker_offscreen	Speaker agrees with available community-transcript mapping. | QA resolved prior review with community-transcript support.	y'know what	Monica	Monica	present	char_tracker_stage05	phoebe	absent	0.0		low	speaker_offscreen
23	305	672.55	673.15	That's fine.	Monica	high	qa_review_resolved_bridge	1.0	dialogue	False	True	Phoebe | Ross | Monica | Joey | Chandler | Rachel | All	Monica	Monica	True	speaker_offscreen	Speaker agrees with available community-transcript mapping. | QA resolved prior review by same-speaker bridge.	y'know what that's fine	Monica	Monica	present	char_tracker_stage05	phoebe	absent	0.0		low	speaker_offscreen
23	306	673.55	675.79	Maybe you haven't grown up, but I have.	Monica	high	qa_review_resolved_ct_support	1.0	dialogue	False	True	Phoebe | Ross | Monica | Joey | Chandler | Rachel | All	Monica	Ross	True	speaker_no_face	Speaker agrees with available community-transcript mapping. | QA resolved prior review with community-transcript support.	Y'know what, that’s fine, maybe you haven’t grown up, but I have.	Monica	Monica	partial	char_tracker_stage05		absent	0.0		medium	speaker_no_face
23	307	675.87	676.83	Oh, okay.	Ross	high	community_transcript_match	1.0	dialogue	False	True	Phoebe | Ross | Monica | Joey | Chandler | Rachel | All	Monica	Monica	False		Speaker agrees with available community-transcript mapping.	Oh-ho, okay.	Ross	Ross	present	char_tracker_stage05	chandler|ross	present	1.0		high	
23	308	677.39	677.99	Dead leg.	Monica	high	qa_review_resolved_ct_support	1.0	dialogue	False	True	Phoebe | Ross | Monica | Joey | Chandler | Rachel | All	Ross	Ross	True	speaker_offscreen	Speaker agrees with available community-transcript mapping. | QA resolved prior review with community-transcript support.	Dead leg!! (kicks him in the thigh.)	Monica	Monica	present	char_tracker_stage05	joey|phoebe	absent	0.0		low	speaker_offscreen
23	309	677.99	679.87	Oh, oh, oh, oh.	Ross	low	scene_context_inference	0.58	dialogue	True	False	Phoebe | Ross | Monica | Joey | Chandler | Rachel | All	Monica	Ross	True	two_sided_context_ambiguous | speaker_offscreen	No direct transcript match; weak local context only.				present	char_tracker_stage05	joey|phoebe	absent			low	speaker_offscreen
23	310	679.87	681.51	Okay, okay, fine, Fine.	Ross	high	qa_review_resolved_bridge	0.9	dialogue	True	False	Phoebe | Ross | Monica | Joey | Chandler | Rachel | All	Ross	Ross	True	speaker_no_face	Same speaker appears on both sides within the same scene. | QA resolved prior review by same-speaker bridge.				partial	char_tracker_stage05		absent			medium	speaker_no_face
23	311	681.51	681.83	All right.	Ross	high	qa_review_resolved_bridge	0.9	dialogue	True	False	Phoebe | Ross | Monica | Joey | Chandler | Rachel | All	Ross	Ross	True	speaker_no_face	Same speaker appears on both sides within the same scene. | QA resolved prior review by same-speaker bridge.				absent	char_tracker_stage05		absent			medium	speaker_no_face
23	312	681.83	682.95	You want to win by cheating?	Ross	high	scene_context_bridge	0.88	dialogue	True	False	Phoebe | Ross | Monica | Joey | Chandler | Rachel | All	Ross	Ross	False		Same speaker appears on both sides within the same scene.				present	char_tracker_stage05	ross	present			high	
23	313	682.95	683.39	Go ahead.	Ross	high	community_transcript_match	1.0	dialogue	False	True	Phoebe | Ross | Monica | Joey | Chandler | Rachel | All	Ross	Ross	False		Speaker agrees with available community-transcript mapping.	All right, you wanna win by cheating, go ahead, all right	Ross	Ross	present	char_tracker_stage05	ross	present	1.0		high	
23	314	683.39	685.07	All right, Phoebe, the touchdown does count.	Ross	high	community_transcript_match	1.0	dialogue	False	True	Phoebe | Ross | Monica | Joey | Chandler | Rachel | All	Ross	Ross	False		Speaker agrees with available community-transcript mapping.	Ow! Ow! Okay, okay, fine, fine! All right, you wanna win by cheating, go ahead, all right. Phoebe the touchdown does count, you win.	Ross	Ross	present	char_tracker_stage05	ross	present	1.0		high	
23	315	685.07	685.71	You win.	Ross	medium	visual_disambiguation	0.74	dialogue	True	False	Phoebe | Ross | Monica | Joey | Chandler | Rachel | All	Ross	Monica	False		Only one of the two text-context candidates was visually present in the window.				present	char_tracker_stage05	ross	present			medium	
23	316	686.51	686.91	No.	Monica	high	qa_review_resolved_ct_support	1.0	dialogue	False	True	Phoebe | Ross | Monica | Joey | Chandler | Rachel | All	Ross	Monica	True	speaker_offscreen	Speaker agrees with available community-transcript mapping. | QA resolved prior review with community-transcript support.	No	Monica	Monica	present	char_tracker_stage05	joey|phoebe	absent	0.0		low	speaker_offscreen
23	317	688.98	691.14	Listen, I'm not gonna go through this with you again, okay?	Monica	high	qa_review_resolved_bridge	1.0	dialogue	False	True	Phoebe | Ross | Monica | Joey | Chandler | Rachel | All	Monica	Monica	True	speaker_no_face	Speaker agrees with available community-transcript mapping. | QA resolved prior review by same-speaker bridge.	Listen, I'm not gonna go through this with you again, okay	Monica	Monica	partial	char_tracker_stage05		absent	0.25		medium	speaker_no_face
23	318	691.22	696.98	Just once I wanna beat you when you can't blame it on the broken nose or the buzzer or the fact that you thought you might be getting mono.	Monica	high	qa_review_resolved_bridge	1.0	dialogue	False	True	Phoebe | Ross | Monica | Joey | Chandler | Rachel | All	Monica	Monica	True	speaker_no_face	Speaker agrees with available community-transcript mapping. | QA resolved prior review by same-speaker bridge.	No! Listen, I’m not gonna go through this with you again, okay. Just once I wanna beat when you can’t blame it on the broken nose, the buzzer, or the fact that you thought you were getting mono. Let’s just call this, tie score and it’s halftime.	Monica	Monica	absent	char_tracker_stage05		absent	0.0		medium	speaker_no_face
23	319	697.38	700.46	All right, let's just call this tie score and it's halftime.	Monica	high	community_transcript_match	1.0	dialogue	False	True	Phoebe | Ross | Monica | Joey | Chandler | Rachel | All	Monica	Ross	False		Speaker agrees with available community-transcript mapping.	Let's just call this, tie score and it's halftime	Monica	Monica	present	char_tracker_stage05	joey|monica|phoebe|ross	present	0.75		high	
23	320	700.46	702.42	Okay, first of all, I don't play with cheaters.	Ross	high	community_transcript_match	1.0	dialogue	False	True	Phoebe | Ross | Monica | Joey | Chandler | Rachel | All	Monica	Ross	False		Speaker agrees with available community-transcript mapping.	okay first of all i don't play with cheaters	Ross	Ross	present	char_tracker_stage05	ross	present	1.0		high	
23	321	702.42	705.14	And second of all, you know I had swollen glands.	Ross	high	community_transcript_match	1.0	dialogue	False	True	Phoebe | Ross | Monica | Joey | Chandler | Rachel | All	Ross	Monica	False		Speaker agrees with available community-transcript mapping.	Okay, first of all, I don’t play with cheaters, and second of all, you know I had swollen glands!!	Ross	Ross	present	char_tracker_stage05	ross	present	1.0		high	
23	322	707.46	708.18	You know what?	Monica	high	community_transcript_match	1.0	dialogue	False	True	Phoebe | Ross | Monica | Joey | Chandler | Rachel | All	Ross	Monica	False		Speaker agrees with available community-transcript mapping.	Y'know what	Monica	Monica	present	char_tracker_stage05	joey|monica|phoebe	present	1.0		high	
23	323	708.82	709.94	I think you'll play.	Monica	high	community_transcript_match	1.0	dialogue	False	True	Phoebe | Ross | Monica | Joey | Chandler | Rachel | All	Monica	Ross	False		Speaker agrees with available community-transcript mapping.	Y'know what? I’ll think you’ll play.	Monica	Monica	present	char_tracker_stage05	joey|monica|phoebe|ross	present	1.0		high	
23	324	710.5	711.14	Oh, really?	Ross	high	community_transcript_match	1.0	dialogue	False	True	Phoebe | Ross | Monica | Joey | Chandler | Rachel | All	Monica	Ross	False		Speaker agrees with available community-transcript mapping.	Oh really! Why is that?	Ross	Ross	present	char_tracker_stage05	ross	present	1.0		high	
23	325	711.22	712.02	Why's that?	Ross	high	community_transcript_match	1.0	dialogue	False	True	Phoebe | Ross | Monica | Joey | Chandler | Rachel | All	Ross		False		Speaker agrees with available community-transcript mapping.	Why is that	Ross	Ross	present	char_tracker_stage05	ross	present	1.0		high	
24	326	712.42	713.76	Because the winner gets this.	Monica	high	qa_review_resolved_ct_support	1.0	dialogue	False	True	Monica | Ross | Chandler		Ross	True	speaker_offscreen	Speaker agrees with available community-transcript mapping. | QA resolved prior review with community-transcript support.	Because the winner gets this!	Monica	Monica	present	char_tracker_stage05	ross	absent	0.0		low	speaker_offscreen
24	327	714.87	715.83	The killer cup.	Ross	high	community_transcript_match	1.0	dialogue	False	True	Monica | Ross | Chandler	Monica	Chandler	False		Speaker agrees with available community-transcript mapping.	The Geller Cup.	Ross	Ross	present	char_tracker_stage05	ross	present	1.0		high	
24	328	719.43	722.47	Is everybody else seeing a troll doll nailed to a 2 by 4?	Chandler	high	qa_review_resolved_ct_support	1.0	dialogue	False	True	Monica | Ross | Chandler	Ross	Chandler	True	speaker_offscreen	Speaker agrees with available community-transcript mapping. | QA resolved prior review with community-transcript support.	Is everybody else seeing a troll doll nailed to a two by four?	Chandler	Chandler	present	char_tracker_stage05	ross	absent	0.0		low	speaker_offscreen
24	329	724.47	725.11	Okay,	Chandler	high	community_transcript_match	1.0	dialogue	False	True	Monica | Ross | Chandler	Chandler		False		Speaker agrees with available community-transcript mapping.	Okay, good.	Chandler	Chandler	present	char_tracker_stage05	chandler|phoebe|ross	present	1.0		high	
