scene_id	sentence_id	start	end	utterance	speaker	speaker_confidence	speaker_method	alignment_score	row_type	filled_from_missing	matched_to_ct	scene_speaker_set	prev_speaker_scene	next_speaker_scene	review_flag	review_reason	notes	utterance_ct	speaker_ct	speaker_original	visual_presence	visual_presence_source	visual_presence_chars	speaker_visual_presence	speaker_visual_ratio	visual_presence_note	annotation_confidence	annotation_review_reason
6	1	1.28	3.28	Hey, what you do on your own time?	Ross	high	community_transcript_match	1.0	dialogue	False	True	Ross | Joey | Chandler | Phoebe | Rachel | Monica | MICHELLE		Joey	False		Speaker agrees with available community-transcript mapping.	Hey, what you do on your own time...	Ross	Ross	present	char_tracker_stage05	ross	present	1.0		high	
6	2	7.52	8.72	Where's my underwear?	Joey	high	community_transcript_match	1.0	dialogue	False	True	Ross | Joey | Chandler | Phoebe | Rachel | Monica | MICHELLE	Ross	Joey	False		Speaker agrees with available community-transcript mapping.	(entering) Where's my underwear?!	Joey	Joey	present	char_tracker_stage05	joey	present	1.0		high	
6	3	8.72	9.84	Whoa, whoa, whoa, whoa.	Joey	medium	visual_disambiguation	0.74	dialogue	True	False	Ross | Joey | Chandler | Phoebe | Rachel | Monica | MICHELLE	Joey	Ross	False		Only one of the two text-context candidates was visually present in the window.				present	char_tracker_stage05	joey	present			medium	
6	4	10.08	10.52	Come on.	Ross	high	community_transcript_match	1.0	dialogue	False	True	Ross | Joey | Chandler | Phoebe | Rachel | Monica | MICHELLE	Joey	Ross	False		Speaker agrees with available community-transcript mapping.	come on	Ross	Ross	present	char_tracker_stage05	joey|ross	present	1.0		high	
6	5	10.52	10.84	Come on.	Ross	high	community_transcript_match	1.0	dialogue	False	True	Ross | Joey | Chandler | Phoebe | Rachel | Monica | MICHELLE	Ross	Ross	False		Speaker agrees with available community-transcript mapping.	come on come on	Ross	Ross	present	char_tracker_stage05	joey|ross	present	1.0		high	
6	6	10.84	11.0	What?	Ross	high	community_transcript_match	1.0	dialogue	False	True	Ross | Joey | Chandler | Phoebe | Rachel | Monica | MICHELLE	Ross	Ross	False		Speaker agrees with available community-transcript mapping.	Come on, come on, what	Ross	Ross	present	char_tracker_stage05	joey|ross	present	1.0		high	
6	7	11.0	12.08	You took his underwear?	Ross	high	community_transcript_match	1.0	dialogue	False	True	Ross | Joey | Chandler | Phoebe | Rachel | Monica | MICHELLE	Ross	Chandler	False		Speaker agrees with available community-transcript mapping.	Whoa, whoa, whoa. Come on, come on, what. You took his underwear?	Ross	Ross	present	char_tracker_stage05	chandler|joey|ross	present	0.5		high	
6	8	12.24	13.52	He took my essence.	Chandler	high	community_transcript_match	1.0	dialogue	False	True	Ross | Joey | Chandler | Phoebe | Rachel | Monica | MICHELLE	Ross	Chandler	False		Speaker agrees with available community-transcript mapping.	He took my essence!	Chandler	Chandler	present	char_tracker_stage05	chandler|joey	present	1.0		high	
6	9	13.52	16.4	Okay, hold on, Joey.	Chandler	medium	visual_disambiguation	0.74	dialogue	True	False	Ross | Joey | Chandler | Phoebe | Rachel | Monica | MICHELLE	Chandler	Ross	False		Only one of the two text-context candidates was visually present in the window.				present	char_tracker_stage05	chandler|joey	present			medium	
6	10	16.4	16.68	Why?	Ross	medium	short_turn_alternation	0.7	dialogue	True	False	Ross | Joey | Chandler | Phoebe | Rachel | Monica | MICHELLE	Chandler	Ross	True	short_utterance_between_two_speakers	Short utterance inferred from local turn alternation.				present	char_tracker_stage05	chandler|joey|ross	present			medium	
6	11	16.68	18.88	Why can't you just wear the underwear you're wearing now?	Ross	high	community_transcript_match	1.0	dialogue	False	True	Ross | Joey | Chandler | Phoebe | Rachel | Monica | MICHELLE	Ross	Joey	False		Speaker agrees with available community-transcript mapping.	Okay, now hold on. Joey, why, why can't you just wear the underwear you're wearing now?	Ross	Ross	present	char_tracker_stage05	chandler|joey|ross	present	1.0		high	
6	12	19.04	20.8	Cause I'm not wearing any underwear now.	Joey	high	community_transcript_match	1.0	dialogue	False	True	Ross | Joey | Chandler | Phoebe | Rachel | Monica | MICHELLE	Ross	Ross	False		Speaker agrees with available community-transcript mapping.	Because, I'm not wearing any underwear now.	Joey	Joey	present	char_tracker_stage05	joey	present	1.0		high	
6	13	22.88	25.44	Okay, then why do you have to wear underwear tonight?	Ross	high	community_transcript_match	1.0	dialogue	False	True	Ross | Joey | Chandler | Phoebe | Rachel | Monica | MICHELLE	Joey	Joey	False		Speaker agrees with available community-transcript mapping.	Okay, then why do you have to wear underwear tonight?	Ross	Ross	present	char_tracker_stage05	chandler|ross	present	1.0		high	
6	14	25.61	27.29	It's a rented tux, okay?	Joey	high	community_transcript_match	1.0	dialogue	False	True	Ross | Joey | Chandler | Phoebe | Rachel | Monica | MICHELLE	Ross	Joey	False		Speaker agrees with available community-transcript mapping.	it's a rented tux okay i'm	Joey	Joey	present	char_tracker_stage05	joey	present	1.0		high	
6	15	27.45	29.77	Not gonna go commando in another man's fatigues.	Joey	high	community_transcript_match	1.0	dialogue	False	True	Ross | Joey | Chandler | Phoebe | Rachel | Monica | MICHELLE	Joey	Chandler	False		Speaker agrees with available community-transcript mapping.	It's a rented tux. Okay. I'm not gonna go commando in another man's fatigues.	Joey	Joey	present	char_tracker_stage05	joey	present	1.0		high	
6	16	33.05	36.41	Well, then it looks like somebody's gonna have to give somebody back his cushions.	Chandler	high	community_transcript_match	1.0	dialogue	False	True	Ross | Joey | Chandler | Phoebe | Rachel | Monica | MICHELLE	Joey	Joey	False		Speaker agrees with available community-transcript mapping.	Well, then it looks like somebody is gonna have to give back somebody his cushions.	Chandler	Chandler	present	char_tracker_stage05	chandler|ross	present	1.0		high	
6	17	37.37	41.61	Okay, you hide my clothes, I'm gonna do the exact opposite to you.	Joey	high	community_transcript_match	1.0	dialogue	False	True	Ross | Joey | Chandler | Phoebe | Rachel | Monica | MICHELLE	Chandler	Chandler	False		Speaker agrees with available community-transcript mapping.	Okay, you hide my clothes. I'm gonna do the exact opposite to you.	Joey	Joey	present	char_tracker_stage05	joey	present	1.0		high	
6	18	43.85	44.49	What are you.	Chandler	high	qa_review_resolved_ct_support	1.0	dialogue	False	True	Ross | Joey | Chandler | Phoebe | Rachel | Monica | MICHELLE	Joey	Chandler	True	speaker_no_face	Speaker agrees with available community-transcript mapping. | QA resolved prior review with community-transcript support.	what are you	Chandler	Chandler	absent	char_tracker_stage05		absent	0.0		medium	speaker_no_face
6	19	44.49	46.41	What, are you gonna show me my clothes?	Chandler	high	qa_review_resolved_ct_support	1.0	dialogue	False	True	Ross | Joey | Chandler | Phoebe | Rachel | Monica | MICHELLE	Chandler	Joey	True	speaker_no_face	Speaker agrees with available community-transcript mapping. | QA resolved prior review with community-transcript support.	What are you, what are you gonna show me my clothes?	Chandler	Chandler	absent	char_tracker_stage05		absent	0.0		medium	speaker_no_face
6	20	47.21	50.65	Hey, opposite is opposite.	Joey	high	community_transcript_match	1.0	dialogue	False	True	Ross | Joey | Chandler | Phoebe | Rachel | Monica | MICHELLE	Chandler	Chandler	False		Speaker agrees with available community-transcript mapping.	Hey, opposite, is opposite! (leaves)	Joey	Joey	present	char_tracker_stage05	joey	present	1.0		high	
6	21	52.73	53.93	He's got nothing.	Chandler	high	community_transcript_match	1.0	dialogue	False	True	Ross | Joey | Chandler | Phoebe | Rachel | Monica | MICHELLE	Joey	Phoebe	False		Speaker agrees with available community-transcript mapping.	He's got nothing!	Chandler	Chandler	present	char_tracker_stage05	chandler	present	1.0		high	
6	22	55.47	56.35	Hey, I'm ready.	Phoebe	high	community_transcript_match	1.0	dialogue	False	True	Ross | Joey | Chandler | Phoebe | Rachel | Monica | MICHELLE	Chandler	Phoebe	False		Speaker agrees with available community-transcript mapping.	(entering from Rachel's room, wearing a huge bow to cover the stain) Okay, I'm ready.	Phoebe	Phoebe	present	char_tracker_stage05	chandler|phoebe	present	1.0		high	
6	23	62.19	64.39	Rachel didn't have anything that I liked, so.	Phoebe	high	community_transcript_match	1.0	dialogue	False	True	Ross | Joey | Chandler | Phoebe | Rachel | Monica | MICHELLE	Phoebe	Phoebe	False		Speaker agrees with available community-transcript mapping.	rachel didn't have anything that i liked so and i thought 'all right fine i'll be political '	Phoebe	Phoebe	present	char_tracker_stage05	phoebe	present	1.0		high	
6	24	64.39	65.71	But she had this Christmas ribbon.	Phoebe	high	community_transcript_match	1.0	dialogue	False	True	Ross | Joey | Chandler | Phoebe | Rachel | Monica | MICHELLE	Phoebe	Phoebe	False		Speaker agrees with available community-transcript mapping.	Rachel, didn't have anything that I liked, so, but she had this Christmas ribbon, and I thought, 'All right, fine I'll be political.'	Phoebe	Phoebe	present	char_tracker_stage05	phoebe	present	1.0		high	
6	25	65.71	66.11	I thought.	Phoebe	medium	visual_disambiguation	0.74	dialogue	True	False	Ross | Joey | Chandler | Phoebe | Rachel | Monica | MICHELLE	Phoebe	Phoebe	False		Only one of the two text-context candidates was visually present in the window.				present	char_tracker_stage05	phoebe	present			medium	
6	26	66.11	67.23	All right, fine, I'll be political.	Phoebe	medium	visual_disambiguation	0.74	dialogue	True	False	Ross | Joey | Chandler | Phoebe | Rachel | Monica | MICHELLE	Phoebe	Chandler	False		Only one of the two text-context candidates was visually present in the window.				present	char_tracker_stage05	phoebe	present			medium	
6	27	69.71	70.91	What are you supporting?	Chandler	high	community_transcript_match	1.0	dialogue	False	True	Ross | Joey | Chandler | Phoebe | Rachel | Monica | MICHELLE	Phoebe	Phoebe	False		Speaker agrees with available community-transcript mapping.	What are you supporting?	Chandler	Chandler	present	char_tracker_stage05	chandler|ross	present	1.0		high	
6	28	71.15	71.75	Duh.	Phoebe	high	community_transcript_match	1.0	dialogue	False	True	Ross | Joey | Chandler | Phoebe | Rachel | Monica | MICHELLE	Chandler	Phoebe	False		Speaker agrees with available community-transcript mapping.	Duh	Phoebe	Phoebe	present	char_tracker_stage05	chandler|phoebe|ross	present	1.0		high	
6	29	71.75	72.43	Christmas.	Phoebe	high	community_transcript_match	1.0	dialogue	False	True	Ross | Joey | Chandler | Phoebe | Rachel | Monica | MICHELLE	Phoebe	Ross	False		Speaker agrees with available community-transcript mapping.	Duh!! Christmas!	Phoebe	Phoebe	present	char_tracker_stage05	chandler|phoebe|ross	present	1.0		high	
6	30	74.35	74.91	Okay.	Ross	medium	visual_disambiguation	0.74	dialogue	True	False	Ross | Joey | Chandler | Phoebe | Rachel | Monica | MICHELLE	Phoebe	Ross	False		Only one of the two text-context candidates was visually present in the window.				present	char_tracker_stage05	chandler|ross	present			medium	
6	31	74.91	76.15	Hey, that's okay with me.	Ross	high	scene_context_bridge	0.88	dialogue	True	False	Ross | Joey | Chandler | Phoebe | Rachel | Monica | MICHELLE	Ross	Ross	False		Same speaker appears on both sides within the same scene.				present	char_tracker_stage05	chandler|ross	present			high	
6	32	76.15	78.43	Two down and I have exactly 12 minutes.	Ross	high	scene_context_bridge	0.88	dialogue	True	False	Ross | Joey | Chandler | Phoebe | Rachel | Monica | MICHELLE	Ross	Ross	False		Same speaker appears on both sides within the same scene.				present	char_tracker_stage05	chandler|ross	present			high	
6	33	80.04	80.28	What?	Ross	high	scene_context_bridge	0.88	dialogue	True	False	Ross | Joey | Chandler | Phoebe | Rachel | Monica | MICHELLE	Ross	Ross	False		Same speaker appears on both sides within the same scene.				present	char_tracker_stage05	chandler|ross	present			high	
6	34	81.88	83.0	My watch stopped.	Ross	high	community_transcript_match	1.0	dialogue	False	True	Ross | Joey | Chandler | Phoebe | Rachel | Monica | MICHELLE	Ross	Ross	False		Speaker agrees with available community-transcript mapping.	Wha, my watch stopped	Ross	Ross	present	char_tracker_stage05	chandler|ross	present	1.0		high	
6	35	83.0	83.64	My watch.	Ross	high	community_transcript_match	1.0	dialogue	False	True	Ross | Joey | Chandler | Phoebe | Rachel | Monica | MICHELLE	Ross	Ross	False		Speaker agrees with available community-transcript mapping.	My watch	Ross	Ross	present	char_tracker_stage05	chandler|ross	present	1.0		high	
6	36	83.72	87.08	Okay, see, the dinosaur tail isn't going around anymore.	Ross	high	qa_review_resolved_bridge	1.0	dialogue	False	True	Ross | Joey | Chandler | Phoebe | Rachel | Monica | MICHELLE	Ross	Ross	True	speaker_offscreen	Speaker agrees with available community-transcript mapping. | QA resolved prior review by same-speaker bridge.	Okay, hey, that's okay with me. Two down and I have exactly twelve minutes.... Wha, my watch stopped. My watch. (shows Chandler) Okay, see, the, the dinosaur tail isn't going around any more. (grabs Chandler's watch) What time is it? It's 7:33, I have seven minutes. I have seven minutes!!	Ross	Ross	present	char_tracker_stage05	chandler	absent	0.4		low	speaker_offscreen
6	37	88.12	89.04	What time is it?	Ross	high	community_transcript_match	1.0	dialogue	False	True	Ross | Joey | Chandler | Phoebe | Rachel | Monica | MICHELLE	Ross	Ross	False		Speaker agrees with available community-transcript mapping.	What time is it	Ross	Ross	present	char_tracker_stage05	ross	present	1.0		high	
6	38	89.04	90.16	It's 7:33.	Ross	high	community_transcript_match	1.0	dialogue	False	True	Ross | Joey | Chandler | Phoebe | Rachel | Monica | MICHELLE	Ross	Ross	False		Speaker agrees with available community-transcript mapping.	It's 7:33, I have seven minutes	Ross	Ross	present	char_tracker_stage05	ross	present	1.0		high	
6	39	90.16	91.12	I have seven minutes.	Ross	high	community_transcript_match	1.0	dialogue	False	True	Ross | Joey | Chandler | Phoebe | Rachel | Monica | MICHELLE	Ross	Ross	False		Speaker agrees with available community-transcript mapping.	I have seven minutes	Ross	Ross	present	char_tracker_stage05	ross	present	1.0		high	
6	40	91.12	92.28	I have seven minutes.	Ross	medium	visual_disambiguation	0.74	dialogue	True	False	Ross | Joey | Chandler | Phoebe | Rachel | Monica | MICHELLE	Ross	Rachel	False		Only one of the two text-context candidates was visually present in the window.				present	char_tracker_stage05	ross	present			medium	
6	41	92.28	93.2	Okay, Pheebs, quick.	Rachel	high	qa_review_resolved_ct_support	1.0	dialogue	False	True	Ross | Joey | Chandler | Phoebe | Rachel | Monica | MICHELLE	Ross	Rachel	True	speaker_offscreen	Speaker agrees with available community-transcript mapping. | QA resolved prior review with community-transcript support.	okay pheebs quick what	Rachel	Rachel	present	char_tracker_stage05	ross	absent	0.0		low	speaker_offscreen
6	42	93.2	93.88	Which shoes should I wear?	Rachel	high	qa_review_resolved_bridge	1.0	dialogue	False	True	Ross | Joey | Chandler | Phoebe | Rachel | Monica | MICHELLE	Rachel	Rachel	True	speaker_no_face	Speaker agrees with available community-transcript mapping. | QA resolved prior review by same-speaker bridge.	Okay, Pheebs, quick, what shoes should I wear	Rachel	Rachel	absent	char_tracker_stage05		absent	0.0		medium	speaker_no_face
6	43	93.88	94.56	The black or the purple?	Rachel	high	qa_review_resolved_ct_support	1.0	dialogue	False	True	Ross | Joey | Chandler | Phoebe | Rachel | Monica | MICHELLE	Rachel	Ross	True	speaker_no_face	Speaker agrees with available community-transcript mapping. | QA resolved prior review with community-transcript support.	(entering from her room) Okay, Pheebs, quick, what shoes should I wear? The black or the purple?	Rachel	Rachel	absent	char_tracker_stage05		absent	0.0		medium	speaker_no_face
6	44	94.56	94.8	Purple.	Ross	medium	short_turn_alternation	0.7	dialogue	True	False	Ross | Joey | Chandler | Phoebe | Rachel | Monica | MICHELLE	Rachel	Ross	True	short_utterance_between_two_speakers | speaker_no_face	Short utterance inferred from local turn alternation.				absent	char_tracker_stage05		absent			medium	speaker_no_face
6	45	94.8	96.2	Just, just, Just pick one.	Ross	high	community_transcript_match	1.0	dialogue	False	True	Ross | Joey | Chandler | Phoebe | Rachel | Monica | MICHELLE	Ross	Phoebe	False		Speaker agrees with available community-transcript mapping.	Just, just, just pick one!	Ross	Ross	present	char_tracker_stage05	phoebe|ross	present	0.6667		high	
6	46	96.2	97.72	Okay, okay, okay, the black.	Phoebe	high	community_transcript_match	1.0	dialogue	False	True	Ross | Joey | Chandler | Phoebe | Rachel | Monica | MICHELLE	Ross	Phoebe	False		Speaker agrees with available community-transcript mapping.	Okay, okay, okay, the black. But, oh, do you have black, with the little strappys?	Phoebe	Phoebe	present	char_tracker_stage05	phoebe|ross	present	1.0		high	
6	47	98.2	100.44	But do you have the black with, like, little strappies?	Phoebe	high	community_transcript_match	1.0	dialogue	False	True	Ross | Joey | Chandler | Phoebe | Rachel | Monica | MICHELLE	Phoebe	Rachel	False		Speaker agrees with available community-transcript mapping.	But, oh, do you have black, with the little strappys	Phoebe	Phoebe	present	char_tracker_stage05	phoebe|ross	present	1.0		high	
6	48	100.76	103.32	Yeah, but those really go better with pants.	Rachel	high	community_transcript_match	1.0	dialogue	False	True	Ross | Joey | Chandler | Phoebe | Rachel | Monica | MICHELLE	Phoebe	Rachel	False		Speaker agrees with available community-transcript mapping.	Yeahh, but, but those really go better with pants. Maybe I should wear pants?	Rachel	Rachel	present	char_tracker_stage05	rachel	present	1.0		high	
6	49	104.04	105.24	Maybe I should wear pants.	Rachel	high	community_transcript_match	1.0	dialogue	False	True	Ross | Joey | Chandler | Phoebe | Rachel | Monica | MICHELLE	Rachel	Ross	False		Speaker agrees with available community-transcript mapping.	Maybe I should wear pants	Rachel	Rachel	present	char_tracker_stage05	phoebe|rachel|ross	present	1.0		high	
6	50	105.48	106.24	Yeah, pants.	Ross	high	community_transcript_match	1.0	dialogue	False	True	Ross | Joey | Chandler | Phoebe | Rachel | Monica | MICHELLE	Rachel	Ross	False		Speaker agrees with available community-transcript mapping.	yeah pants	Ross	Ross	present	char_tracker_stage05	phoebe|rachel|ross	present	1.0		high	
6	51	106.24	106.52	What.	Ross	high	community_transcript_match	1.0	dialogue	False	True	Ross | Joey | Chandler | Phoebe | Rachel | Monica | MICHELLE	Ross	Ross	False		Speaker agrees with available community-transcript mapping.	yeah pants what	Ross	Ross	present	char_tracker_stage05	phoebe|ross	present	1.0		high	
6	52	106.52	107.28	What an idea.	Ross	high	community_transcript_match	1.0	dialogue	False	True	Ross | Joey | Chandler | Phoebe | Rachel | Monica | MICHELLE	Ross	Ross	False		Speaker agrees with available community-transcript mapping.	Yeah, pants, what, what an idea	Ross	Ross	present	char_tracker_stage05	phoebe|ross	present	1.0		high	
6	53	107.28	108.31	Or better yet, what?	Ross	high	community_transcript_match	1.0	dialogue	False	True	Ross | Joey | Chandler | Phoebe | Rachel | Monica | MICHELLE	Ross	Ross	False		Speaker agrees with available community-transcript mapping.	Yeah, pants, what, what an idea. Or better yet, um, how 'bout you go without any pants. Look, I don't know what you're trying to do to me, but just get your butt in there and pick out any shoes that fit your feet, okay. No, no I don't care if they match. I don't care if they make your ankles or your knees or your earlobes look fat. Okay.	Ross	Ross	present	char_tracker_stage05	phoebe|ross	present	0.5		high	
6	54	108.78	110.3	How about you go without any pants?	Ross	high	qa_review_resolved_bridge	0.9	dialogue	True	False	Ross | Joey | Chandler | Phoebe | Rachel | Monica | MICHELLE	Ross	Ross	True	speaker_no_face	Same speaker appears on both sides within the same scene. | QA resolved prior review by same-speaker bridge.				partial	char_tracker_stage05		absent			medium	speaker_no_face
6	55	110.3	116.34	Look, I don't know what you're trying to do to me but just get your butt in there and pick out any shoes that fit your feet, okay?	Ross	high	scene_context_bridge	0.88	dialogue	True	False	Ross | Joey | Chandler | Phoebe | Rachel | Monica | MICHELLE	Ross	Ross	False		Same speaker appears on both sides within the same scene.				present	char_tracker_stage05	ross	present			high	
6	56	116.34	116.78	No, no.	Ross	high	scene_context_bridge	0.88	dialogue	True	False	Ross | Joey | Chandler | Phoebe | Rachel | Monica | MICHELLE	Ross	Ross	False		Same speaker appears on both sides within the same scene.				present	char_tracker_stage05	ross	present			high	
6	57	116.78	118.14	I don't care if they match.	Ross	high	scene_context_bridge	0.88	dialogue	True	False	Ross | Joey | Chandler | Phoebe | Rachel | Monica | MICHELLE	Ross	Ross	False		Same speaker appears on both sides within the same scene.				present	char_tracker_stage05	ross	present			high	
6	58	118.46	122.3	I don't care if they make your ankles or your knees or your earlobes look fat.	Ross	high	qa_review_resolved_bridge	0.9	dialogue	True	False	Ross | Joey | Chandler | Phoebe | Rachel | Monica | MICHELLE	Ross	Ross	True	speaker_offscreen	Same speaker appears on both sides within the same scene. | QA resolved prior review by same-speaker bridge.				present	char_tracker_stage05	rachel	absent			low	speaker_offscreen
6	59	122.3	122.7	Okay?	Ross	high	scene_context_bridge	0.88	dialogue	True	False	Ross | Joey | Chandler | Phoebe | Rachel | Monica | MICHELLE	Ross	Ross	False		Same speaker appears on both sides within the same scene.				present	char_tracker_stage05	rachel|ross	present			high	
6	60	122.78	123.54	No, no, no.	Ross	high	community_transcript_match	1.0	dialogue	False	True	Ross | Joey | Chandler | Phoebe | Rachel | Monica | MICHELLE	Ross	Ross	False		Speaker agrees with available community-transcript mapping.	no no no	Ross	Ross	present	char_tracker_stage05	rachel|ross	present	1.0		high	
6	61	123.54	124.699	Just do it.	Ross	high	community_transcript_match	1.0	dialogue	False	True	Ross | Joey | Chandler | Phoebe | Rachel | Monica | MICHELLE	Ross	Ross	False		Speaker agrees with available community-transcript mapping.	No, no, no just do it	Ross	Ross	present	char_tracker_stage05	ross	present	1.0		high	
6	62	124.86	127.42	Go in there, Pick something out so we can go.	Ross	high	community_transcript_match	1.0	dialogue	False	True	Ross | Joey | Chandler | Phoebe | Rachel | Monica | MICHELLE	Ross	Rachel	False		Speaker agrees with available community-transcript mapping.	No, no, no just do it. Go in there and pick something out so we can go.	Ross	Ross	present	char_tracker_stage05	ross	present	1.0		high	
6	63	130.3	130.86	All right.	Rachel	high	community_transcript_match	1.0	dialogue	False	True	Ross | Joey | Chandler | Phoebe | Rachel | Monica | MICHELLE	Ross	Ross	False		Speaker agrees with available community-transcript mapping.	All right.	Rachel	Rachel	present	char_tracker_stage05	rachel|ross	present	1.0		high	
6	64	131.42	132.14	Thank you.	Ross	high	community_transcript_match	1.0	dialogue	False	True	Ross | Joey | Chandler | Phoebe | Rachel | Monica | MICHELLE	Rachel	Monica	False		Speaker agrees with available community-transcript mapping.	Thank you!	Ross	Ross	present	char_tracker_stage05	rachel|ross	present	1.0		high	
6	65	133.66	134.3	Okay.	Monica	high	qa_review_resolved_ct_support	1.0	dialogue	False	True	Ross | Joey | Chandler | Phoebe | Rachel | Monica | MICHELLE	Ross	Monica	True	speaker_offscreen	Speaker agrees with available community-transcript mapping. | QA resolved prior review with community-transcript support.	Okay	Monica	Monica	present	char_tracker_stage05	ross	absent	0.0		low	speaker_offscreen
6	66	134.54	135.54	I've got to call Michelle.	Monica	high	community_transcript_match	1.0	dialogue	False	True	Ross | Joey | Chandler | Phoebe | Rachel | Monica | MICHELLE	Monica	Monica	False		Speaker agrees with available community-transcript mapping.	I gotta call Michelle	Monica	Monica	present	char_tracker_stage05	monica	present	0.5		high	
6	67	135.54	136.74	I've got to see if that was her voice or not.	Monica	high	community_transcript_match	1.0	dialogue	False	True	Ross | Joey | Chandler | Phoebe | Rachel | Monica | MICHELLE	Monica	Monica	False		Speaker agrees with available community-transcript mapping.	I gotta see if that was her voice or not	Monica	Monica	present	char_tracker_stage05	monica	present	1.0		high	
6	68	136.74	137.74	I'm sorry, I just have to.	Monica	high	community_transcript_match	1.0	dialogue	False	True	Ross | Joey | Chandler | Phoebe | Rachel | Monica | MICHELLE	Monica	Ross	False		Speaker agrees with available community-transcript mapping.	(entering from her room) Okay. I gotta call Michelle. I gotta see if that was her voice or not. I'm sorry, I just have to.	Monica	Monica	present	char_tracker_stage05	monica	present	0.5		high	
6	69	137.74	138.22	It was.	Ross	high	community_transcript_match	1.0	dialogue	False	True	Ross | Joey | Chandler | Phoebe | Rachel | Monica | MICHELLE	Monica	Ross	False		Speaker agrees with available community-transcript mapping.	it was	Ross	Ross	present	char_tracker_stage05	ross	present	0.5		high	
6	70	138.22	139.58	It was her voice.	Ross	high	community_transcript_match	1.0	dialogue	False	True	Ross | Joey | Chandler | Phoebe | Rachel | Monica | MICHELLE	Ross	Chandler	False		Speaker agrees with available community-transcript mapping.	It was, it was her voice.	Ross	Ross	present	char_tracker_stage05	chandler|ross	present	1.0		high	
6	71	139.92	142.32	Monica, I think you've gone over to the Bad Place.	Chandler	high	community_transcript_match	1.0	dialogue	False	True	Ross | Joey | Chandler | Phoebe | Rachel | Monica | MICHELLE	Ross	MICHELLE	False		Speaker agrees with available community-transcript mapping.	Monica, I think you've gone over to the bad place.	Chandler	Chandler	present	char_tracker_stage05	chandler|monica	present	1.0		high	
6	72	146.88	147.6	Hola.	MICHELLE	high	community_transcript_match	1.0	dialogue	False	True	Ross | Joey | Chandler | Phoebe | Rachel | Monica | MICHELLE	Chandler	MICHELLE	False		Speaker agrees with available community-transcript mapping.	hola	MICHELLE	MICHELLE	present	char_tracker_stage05	chandler|monica	unobserved			high	
6	73	149.04	149.6	Hello?	MICHELLE	high	community_transcript_match	1.0	dialogue	False	True	Ross | Joey | Chandler | Phoebe | Rachel | Monica | MICHELLE	MICHELLE	MICHELLE	False		Speaker agrees with available community-transcript mapping.	hola hello	MICHELLE	MICHELLE	present	char_tracker_stage05	chandler|monica|phoebe|ross	unobserved			high	
6	74	150.4	150.88	Hello?	MICHELLE	high	community_transcript_match	1.0	dialogue	False	True	Ross | Joey | Chandler | Phoebe | Rachel | Monica | MICHELLE	MICHELLE	Monica	False		Speaker agrees with available community-transcript mapping.	Hola! Hello. Hello?	MICHELLE	MICHELLE	present	char_tracker_stage05	chandler|monica|phoebe	unobserved			high	
6	75	152.64	153.28	Okay.	Monica	high	community_transcript_match	1.0	dialogue	False	True	Ross | Joey | Chandler | Phoebe | Rachel | Monica | MICHELLE	MICHELLE	Monica	False		Speaker agrees with available community-transcript mapping.	Okay	Monica	Monica	present	char_tracker_stage05	chandler|monica|phoebe	present	0.5		high	
6	76	153.44	154.4	That was her, right?	Monica	high	qa_review_resolved_ct_support	1.0	dialogue	False	True	Ross | Joey | Chandler | Phoebe | Rachel | Monica | MICHELLE	Monica	Phoebe	True	speaker_offscreen	Speaker agrees with available community-transcript mapping. | QA resolved prior review with community-transcript support.	Okay. That was her right?	Monica	Monica	present	char_tracker_stage05	chandler|phoebe	absent	0.0		low	speaker_offscreen
6	77	154.4	155.12	Definitely.	Phoebe	high	community_transcript_match	1.0	dialogue	False	True	Ross | Joey | Chandler | Phoebe | Rachel | Monica | MICHELLE	Monica	Monica	False		Speaker agrees with available community-transcript mapping.	Definitely.	Phoebe	Phoebe	present	char_tracker_stage05	chandler|monica|phoebe	present	1.0		high	
6	78	155.44	156.0	Yeah.	Monica	medium	short_turn_alternation	0.7	dialogue	True	False	Ross | Joey | Chandler | Phoebe | Rachel | Monica | MICHELLE	Phoebe	Monica	True	short_utterance_between_two_speakers	Short utterance inferred from local turn alternation.				present	char_tracker_stage05	monica|phoebe	present			medium	
6	79	156.16	157.04	So there you go.	Monica	high	scene_context_bridge	0.88	dialogue	True	False	Ross | Joey | Chandler | Phoebe | Rachel | Monica | MICHELLE	Monica	Monica	False		Same speaker appears on both sides within the same scene.				present	char_tracker_stage05	monica|phoebe	present			high	
6	80	157.92	159.04	We're out of the woods.	Monica	high	community_transcript_match	1.0	dialogue	False	True	Ross | Joey | Chandler | Phoebe | Rachel | Monica | MICHELLE	Monica	Monica	False		Speaker agrees with available community-transcript mapping.	See there you go. Woo! We're out of the woods. Okay, I'll get dressed now.	Monica	Monica	present	char_tracker_stage05	monica|phoebe	present	0.6667		high	
6	81	159.28	160.48	I think I'll get dressed now.	Monica	high	qa_review_resolved_bridge	1.0	dialogue	False	True	Ross | Joey | Chandler | Phoebe | Rachel | Monica | MICHELLE	Monica	Monica	True	speaker_offscreen	Speaker agrees with available community-transcript mapping. | QA resolved prior review by same-speaker bridge.	Okay, I'll get dressed now	Monica	Monica	present	char_tracker_stage05	phoebe	absent	0.0		low	speaker_offscreen
6	82	162.88	163.56	I'll get it.	Monica	high	qa_review_resolved_bridge	0.9	dialogue	True	False	Ross | Joey | Chandler | Phoebe | Rachel | Monica | MICHELLE	Monica	Monica	True	speaker_offscreen	Filled from previous same-scene context. | QA resolved prior review by same-speaker bridge.				present	char_tracker_stage05	phoebe	absent			low	speaker_offscreen
6	83	163.56	164.08	Okay.	Monica	high	qa_review_resolved_bridge	0.9	dialogue	True	False	Ross | Joey | Chandler | Phoebe | Rachel | Monica | MICHELLE	Monica	Monica	True	speaker_offscreen	Filled from previous same-scene context. | QA resolved prior review by same-speaker bridge.				present	char_tracker_stage05	phoebe	absent			low	speaker_offscreen
6	84	166.0	167.12	Hi, Monica and Rachel.	Monica	high	qa_review_resolved_bridge	0.9	dialogue	True	False	Ross | Joey | Chandler | Phoebe | Rachel | Monica | MICHELLE	Monica	Monica	True	speaker_offscreen	Filled from previous same-scene context. | QA resolved prior review by same-speaker bridge.				present	char_tracker_stage05	phoebe	absent			low	speaker_offscreen
6	85	167.92	168.88	Yeah, just a second.	Monica	high	qa_review_resolved_bridge	0.9	dialogue	True	False	Ross | Joey | Chandler | Phoebe | Rachel | Monica | MICHELLE	Monica	Monica	True	speaker_offscreen	Filled from previous same-scene context. | QA resolved prior review by same-speaker bridge.				present	char_tracker_stage05	phoebe	absent			low	speaker_offscreen
6	86	169.04	170.16	Kayaska's calling.	Monica	high	qa_review_resolved_bridge	0.9	dialogue	True	False	Ross | Joey | Chandler | Phoebe | Rachel | Monica | MICHELLE	Monica	Monica	True	speaker_no_face	Filled from previous same-scene context. | QA resolved prior review by same-speaker bridge.				absent	char_tracker_stage05		absent			medium	speaker_no_face
6	87	170.56	171.04	Oh.	Monica	high	qa_review_resolved_bridge	0.9	reaction	True	False	Ross | Joey | Chandler | Phoebe | Rachel | Monica | MICHELLE	Monica	Monica	True	speaker_offscreen	Filled from previous same-scene context. | QA resolved prior review by same-speaker bridge.				present	char_tracker_stage05	phoebe	absent			low	speaker_offscreen
6	88	171.2	172.28	Oh, it's Michelle.	Monica	medium	scene_context_inference	0.68	dialogue	True	False	Ross | Joey | Chandler | Phoebe | Rachel | Monica | MICHELLE	Monica		True	medium_confidence_context_fill	Filled from previous same-scene context.				present	char_tracker_stage05	monica|phoebe|ross	present			medium	
7	89	172.28	176.92	Oh, she must have that caller ID thing.	Phoebe	high	community_transcript_match	1.0	dialogue	False	True	Phoebe | Monica | Chandler | Ross		Phoebe	False		Speaker agrees with available community-transcript mapping.	I'll get it, okay. (answers phone) Hi, Monica and Rachel's. (listens) Yeah, just a second, can I ask who's calling. (to Monica) Oh, ew, it's Michelle! Ew! She, she must have that Caller Id thing. You should get that.	Phoebe	Phoebe	present	char_tracker_stage05	monica|phoebe|ross	present	1.0		high	
7	90	176.92	177.76	You should get that.	Phoebe	high	community_transcript_match	1.0	dialogue	False	True	Phoebe | Monica | Chandler | Ross	Phoebe	Monica	False		Speaker agrees with available community-transcript mapping.	You should get that	Phoebe	Phoebe	present	char_tracker_stage05	phoebe	present	1.0		high	
7	91	180.56	182.48	Uh, Michelle?	Monica	medium	short_turn_alternation	0.7	dialogue	True	False	Phoebe | Monica | Chandler | Ross	Phoebe	Monica	True	short_utterance_between_two_speakers | speaker_no_face	Short utterance inferred from local turn alternation.				absent	char_tracker_stage05		absent			medium	speaker_no_face
7	92	183.6	185.04	Uh, yeah, that was me.	Monica	high	scene_context_bridge	0.88	dialogue	True	False	Phoebe | Monica | Chandler | Ross	Monica	Monica	False		Same speaker appears on both sides within the same scene.				present	char_tracker_stage05	monica|ross	present			high	
7	93	185.52	187.12	I dialed your number by mistake.	Monica	high	community_transcript_match	1.0	dialogue	False	True	Phoebe | Monica | Chandler | Ross	Monica	Monica	False		Speaker agrees with available community-transcript mapping.	(on phone) Uh, Michelle. Yeah, that was me, I-I dialed your number by mistake. (listens) Oh, you're so sweet. Yeah, we were a great couple. I know I really miss him. Well, you know how it is, it's that....	Monica	Monica	present	char_tracker_stage05	monica|ross	present	1.0		high	
7	94	190.48	191.84	Oh, you're so Sweet.	Monica	high	community_transcript_match	1.0	dialogue	False	True	Phoebe | Monica | Chandler | Ross	Monica	Monica	False		Speaker agrees with available community-transcript mapping.	Oh, you're so sweet	Monica	Monica	present	char_tracker_stage05	monica|ross	present	1.0		high	
7	95	192.95	193.15	Yeah.	Monica	high	community_transcript_match	1.0	dialogue	False	True	Phoebe | Monica | Chandler | Ross	Monica	Monica	False		Speaker agrees with available community-transcript mapping.	Yeah, we were a great couple	Monica	Monica	present	char_tracker_stage05	monica|ross	present	1.0		high	
7	96	193.15	194.39	We were a great couple.	Monica	high	community_transcript_match	1.0	dialogue	False	True	Phoebe | Monica | Chandler | Ross	Monica	Chandler	False		Speaker agrees with available community-transcript mapping.	we were a great couple	Monica	Monica	present	char_tracker_stage05	monica|ross	present	1.0		high	
7	97	195.11	195.59	I know.	Chandler	medium	short_turn_alternation	0.7	dialogue	True	False	Phoebe | Monica | Chandler | Ross	Monica	Chandler	True	short_utterance_between_two_speakers | speaker_no_face	Short utterance inferred from local turn alternation.				absent	char_tracker_stage05		absent			medium	speaker_no_face
7	98	195.59	196.55	I really miss him.	Chandler	high	qa_review_resolved_bridge	0.9	dialogue	True	False	Phoebe | Monica | Chandler | Ross	Chandler	Chandler	True	speaker_no_face	Same speaker appears on both sides within the same scene. | QA resolved prior review by same-speaker bridge.				absent	char_tracker_stage05		absent			medium	speaker_no_face
7	99	197.83	198.87	Well, you know how it is.	Chandler	high	qa_review_resolved_bridge	0.9	dialogue	True	False	Phoebe | Monica | Chandler | Ross	Chandler	Chandler	True	speaker_no_face	Same speaker appears on both sides within the same scene. | QA resolved prior review by same-speaker bridge.				absent	char_tracker_stage05		absent			medium	speaker_no_face
7	100	198.87	201.03	It's just, you know, it's weird.	Chandler	high	scene_context_bridge	0.88	dialogue	True	False	Phoebe | Monica | Chandler | Ross	Chandler	Chandler	False		Same speaker appears on both sides within the same scene.				present	char_tracker_stage05	chandler	present			high	
7	101	202.39	202.91	I agree.	Chandler	high	scene_context_bridge	0.88	dialogue	True	False	Phoebe | Monica | Chandler | Ross	Chandler	Chandler	False		Same speaker appears on both sides within the same scene.				present	char_tracker_stage05	chandler	present			high	
7	102	202.91	211.51	This message, Donald Duck never wore pants but whenever he's getting out of the shower he always puts a towel around his waist.	Chandler	high	community_transcript_match	1.0	dialogue	False	True	Phoebe | Monica | Chandler | Ross	Chandler	Chandler	False		Speaker agrees with available community-transcript mapping.	(to Phoebe) You know what's weird. Donald Duck never wore pants. But whenever he's getting out of the shower, he always put a towel around his waist. I mean, what is that about?	Chandler	Chandler	present	char_tracker_stage05	chandler	present	1.0		high	
7	103	214.95	216.47	I mean, what is that about?	Chandler	high	community_transcript_match	1.0	dialogue	False	True	Phoebe | Monica | Chandler | Ross	Chandler	Chandler	False		Speaker agrees with available community-transcript mapping.	I mean, what is that about	Chandler	Chandler	present	char_tracker_stage05	chandler	present	1.0		high	
7	104	219.03	222.17	Michelle, I only beeped in so I could hear my own message.	Chandler	medium	scene_context_inference	0.66	dialogue	True	False	Phoebe | Monica | Chandler | Ross	Chandler	Monica	True	two_sided_context_ambiguous | speaker_no_face	No direct transcript match; longer line defaulted to previous speaker in same scene.				absent	char_tracker_stage05		absent			medium	speaker_no_face
7	105	222.17	223.17	I mean, that's allowed?	Monica	medium	visual_disambiguation	0.74	dialogue	True	False	Phoebe | Monica | Chandler | Ross	Chandler	Monica	False		Only one of the two text-context candidates was visually present in the window.				present	char_tracker_stage05	monica|ross	present			medium	
7	106	223.65	224.21	Yeah.	Monica	high	scene_context_bridge	0.88	dialogue	True	False	Phoebe | Monica | Chandler | Ross	Monica	Monica	False		Same speaker appears on both sides within the same scene.				present	char_tracker_stage05	monica|ross	present			high	
7	107	226.05	227.41	I mean, look, you know what?	Monica	high	community_transcript_match	1.0	dialogue	False	True	Phoebe | Monica | Chandler | Ross	Monica	Monica	False		Speaker agrees with available community-transcript mapping.	i mean look yeah you know what	Monica	Monica	present	char_tracker_stage05	monica|ross	present	1.0		high	
7	108	227.41	229.65	I would really appreciate it if you wouldn't tell your dad about.	Monica	high	community_transcript_match	1.0	dialogue	False	True	Phoebe | Monica | Chandler | Ross	Monica	Monica	False		Speaker agrees with available community-transcript mapping.	I mean look, yeah, you know what I would really appreciate it if you didn't tell your Dad about	Monica	Monica	present	char_tracker_stage05	monica|ross	present	1.0		high	
7	109	230.61	232.45	What do you mean you don't feel comfortable with this?	Monica	high	community_transcript_match	1.0	dialogue	False	True	Phoebe | Monica | Chandler | Ross	Monica	Monica	False		Speaker agrees with available community-transcript mapping.	What do you mean, you're not comfortable with this	Monica	Monica	present	char_tracker_stage05	monica|ross	present	1.0		high	
7	110	232.45	233.73	Come on, we're friends.	Monica	high	community_transcript_match	1.0	dialogue	False	True	Phoebe | Monica | Chandler | Ross	Monica	Monica	False		Speaker agrees with available community-transcript mapping.	Come on we're friends	Monica	Monica	present	char_tracker_stage05	monica|ross	present	1.0		high	
7	111	236.29	239.29	That bitch always hated me calling her back.	Monica	high	community_transcript_match	1.0	dialogue	False	True	Phoebe | Monica | Chandler | Ross	Monica	Ross	False		Speaker agrees with available community-transcript mapping.	(on phone) Michelle, I only beeped in so I could hear my message. I mean that's allowed. Yeah-huh! I mean look, yeah, you know what I would really appreciate it if you didn't tell your Dad about. What do you mean, you're not comfortable with this? Come on we're friends!! (Michelle hangs up) That bitch always hated me. I'm calling her back.	Monica	Monica	present	char_tracker_stage05	monica|ross	present	1.0		high	
7	112	239.29	240.25	No, no, no, no.	Ross	high	qa_review_resolved_ct_support	1.0	dialogue	False	True	Phoebe | Monica | Chandler | Ross	Monica	Ross	True	speaker_offscreen	Speaker agrees with available community-transcript mapping. | QA resolved prior review with community-transcript support.	No, no, no, no	Ross	Ross	present	char_tracker_stage05	monica	absent	0.0		low	speaker_offscreen
7	113	240.25	241.97	Tick, tick, tick, tick, tick, tick, tick.	Ross	high	qa_review_resolved_ct_support	1.0	dialogue	False	True	Phoebe | Monica | Chandler | Ross	Ross	Monica	True	speaker_offscreen	Speaker agrees with available community-transcript mapping. | QA resolved prior review with community-transcript support.	No, no, no, no. Tick, tick, tick, tick.	Ross	Ross	present	char_tracker_stage05	monica	absent	0.0		low	speaker_offscreen
7	114	242.13	242.97	Okay, fine.	Monica	high	community_transcript_match	1.0	dialogue	False	True	Phoebe | Monica | Chandler | Ross	Ross	Monica	False		Speaker agrees with available community-transcript mapping.	Okay, fine. (runs to her room)	Monica	Monica	present	char_tracker_stage05	monica	present	1.0		high	
7	115	242.97	243.57	Okay.	Monica	medium	visual_disambiguation	0.74	dialogue	True	False	Phoebe | Monica | Chandler | Ross	Monica	Chandler	False		Only one of the two text-context candidates was visually present in the window.				present	char_tracker_stage05	monica	present			medium	
7	116	245.09	246.37	You got a phone in there, right?	Chandler	high	qa_review_resolved_ct_support	1.0	dialogue	False	True	Phoebe | Monica | Chandler | Ross	Monica	Phoebe	True	speaker_no_face	Speaker agrees with available community-transcript mapping. | QA resolved prior review with community-transcript support.	They got a phone in there, right?	Chandler	Chandler	absent	char_tracker_stage05		absent	0.0		medium	speaker_no_face
7	117	246.8	247.48	Okay, we're on it.	Phoebe	high	qa_review_resolved_ct_support	1.0	dialogue	False	True	Phoebe | Monica | Chandler | Ross	Chandler	Phoebe	True	speaker_no_face	Speaker agrees with available community-transcript mapping. | QA resolved prior review with community-transcript support.	Okay, we're on it. We're on it.	Phoebe	Phoebe	absent	char_tracker_stage05		absent	0.0		medium	speaker_no_face
7	118	247.48	248.08	We're on it.	Phoebe	high	qa_review_resolved_ct_support	1.0	dialogue	False	True	Phoebe | Monica | Chandler | Ross	Phoebe		True	speaker_no_face	Speaker agrees with available community-transcript mapping. | QA resolved prior review with community-transcript support.	We're on it	Phoebe	Phoebe	absent	char_tracker_stage05		absent	0.0		medium	speaker_no_face
8	119	259.68	265.12	I know it says black tie optional but this may be pushing it a little.	Ross	high	community_transcript_match	1.0	dialogue	False	True	Ross | Rachel | Phoebe | Chandler | Joey		Rachel	False		Speaker agrees with available community-transcript mapping.	Um. I know it says black tie optional, but, um this may be pushing it a little, um.	Ross	Ross	present	char_tracker_stage05	rachel|ross	present	0.7143		high	
8	120	266.56	267.68	I'm not gonna go.	Rachel	high	community_transcript_match	1.0	dialogue	False	True	Ross | Rachel | Phoebe | Chandler | Joey	Ross	Ross	False		Speaker agrees with available community-transcript mapping.	I'm not gonna gooo.	Rachel	Rachel	present	char_tracker_stage05	rachel|ross	present	1.0		high	
8	121	270.32	271.28	You're not gonna go?	Ross	high	community_transcript_match	1.0	dialogue	False	True	Ross | Rachel | Phoebe | Chandler | Joey	Rachel	Rachel	False		Speaker agrees with available community-transcript mapping.	You're not going to go.	Ross	Ross	present	char_tracker_stage05	ross	present	1.0		high	
8	122	272.17	274.41	No, I think I'm gonna catch up on my correspondence.	Rachel	high	qa_review_resolved_ct_support	1.0	dialogue	False	True	Ross | Rachel | Phoebe | Chandler | Joey	Ross	Ross	True	speaker_offscreen	Speaker agrees with available community-transcript mapping. | QA resolved prior review with community-transcript support.	No, I think I'm gonna catch up on my correspondence.	Rachel	Rachel	present	char_tracker_stage05	ross	absent	0.0		low	speaker_offscreen
8	123	276.97	277.37	How.	Ross	high	community_transcript_match	1.0	dialogue	False	True	Ross | Rachel | Phoebe | Chandler | Joey	Rachel	Ross	False		Speaker agrees with available community-transcript mapping.	how um	Ross	Ross	present	char_tracker_stage05	ross	present	1.0		high	
8	124	277.45	277.85	How.	Ross	high	community_transcript_match	1.0	dialogue	False	True	Ross | Rachel | Phoebe | Chandler | Joey	Ross	Ross	False		Speaker agrees with available community-transcript mapping.	how how um	Ross	Ross	present	char_tracker_stage05	ross	present	1.0		high	
8	125	278.49	279.69	How can you not be going?	Ross	high	community_transcript_match	1.0	dialogue	False	True	Ross | Rachel | Phoebe | Chandler | Joey	Ross	Rachel	False		Speaker agrees with available community-transcript mapping.	How, how, um how can you not be going?	Ross	Ross	present	char_tracker_stage05	ross	present	1.0		high	
8	126	280.73	281.77	I'm not gonna go.	Rachel	high	community_transcript_match	1.0	dialogue	False	True	Ross | Rachel | Phoebe | Chandler | Joey	Ross	Rachel	False		Speaker agrees with available community-transcript mapping.	i'm not gonna gooo	Rachel	Rachel	present	char_tracker_stage05	rachel|ross	present	1.0		high	
8	127	282.49	285.13	So I think that will accomplish the not going.	Rachel	high	community_transcript_match	1.0	dialogue	False	True	Ross | Rachel | Phoebe | Chandler | Joey	Rachel	Ross	False		Speaker agrees with available community-transcript mapping.	I'm not gonna gooo, so I think that will accomplish the not going.	Rachel	Rachel	present	char_tracker_stage05	rachel	present	1.0		high	
8	128	290.89	293.29	Um, you know, just out of curiosity.	Ross	high	community_transcript_match	1.0	dialogue	False	True	Ross | Rachel | Phoebe | Chandler | Joey	Rachel	Rachel	False		Speaker agrees with available community-transcript mapping.	Um, you know, just out of curiosity...	Ross	Ross	present	char_tracker_stage05	rachel|ross	present	1.0		high	
8	129	293.69	301.73	Well, ever since I was humiliated and yelled at in front of my friends I'm just, I don't know, not in a very museum benefitty kind of mood.	Rachel	high	community_transcript_match	1.0	dialogue	False	True	Ross | Rachel | Phoebe | Chandler | Joey	Ross	Ross	False		Speaker agrees with available community-transcript mapping.	Well, ever since I was humiliated and yelled at in front of my friends, I'm just, I don't know, not in a museum benefitty kind of mood.	Rachel	Rachel	present	char_tracker_stage05	rachel	present	1.0		high	
8	130	301.73	302.09	Right.	Ross	high	community_transcript_match	1.0	dialogue	False	True	Ross | Rachel | Phoebe | Chandler | Joey	Rachel	Ross	False		Speaker agrees with available community-transcript mapping.	right	Ross	Ross	present	char_tracker_stage05	rachel|ross	present	1.0		high	
8	131	302.33	302.89	Okay.	Ross	high	community_transcript_match	1.0	dialogue	False	True	Ross | Rachel | Phoebe | Chandler | Joey	Ross	Ross	False		Speaker agrees with available community-transcript mapping.	right okay	Ross	Ross	present	char_tracker_stage05	ross	present	1.0		high	
8	132	302.97	303.61	Okay.	Ross	high	community_transcript_match	1.0	dialogue	False	True	Ross | Rachel | Phoebe | Chandler | Joey	Ross	Ross	False		Speaker agrees with available community-transcript mapping.	Right, okay, okay	Ross	Ross	present	char_tracker_stage05	ross	present	1.0		high	
8	133	303.85	304.97	God, I'm sorry.	Ross	high	community_transcript_match	1.0	dialogue	False	True	Ross | Rachel | Phoebe | Chandler | Joey	Ross	Ross	False		Speaker agrees with available community-transcript mapping.	I'm sorry	Ross	Ross	present	char_tracker_stage05	ross	present	1.0		high	
8	134	305.05	306.17	I'm sorry I yelled.	Ross	high	community_transcript_match	1.0	dialogue	False	True	Ross | Rachel | Phoebe | Chandler | Joey	Ross	Rachel	False		Speaker agrees with available community-transcript mapping.	Right. Right, okay, okay. I'm sorry. I'm sorry I yelled.	Ross	Ross	present	char_tracker_stage05	ross	present	1.0		high	
8	135	306.17	306.73	It's fine.	Rachel	high	qa_review_resolved_ct_support	1.0	dialogue	False	True	Ross | Rachel | Phoebe | Chandler | Joey	Ross	Ross	True	speaker_offscreen	Speaker agrees with available community-transcript mapping. | QA resolved prior review with community-transcript support.	It's fine.	Rachel	Rachel	present	char_tracker_stage05	ross	absent	0.0		low	speaker_offscreen
8	136	306.73	308.61	No, but you're mad.	Ross	high	community_transcript_match	1.0	dialogue	False	True	Ross | Rachel | Phoebe | Chandler | Joey	Rachel	Rachel	False		Speaker agrees with available community-transcript mapping.	No, but, you're-you're mad.	Ross	Ross	present	char_tracker_stage05	ross	present	1.0		high	
8	137	308.61	309.29	I'm not mad.	Rachel	high	qa_review_resolved_ct_support	1.0	dialogue	False	True	Ross | Rachel | Phoebe | Chandler | Joey	Ross	Rachel	True	speaker_offscreen	Speaker agrees with available community-transcript mapping. | QA resolved prior review with community-transcript support.	I'm not mad.	Rachel	Rachel	present	char_tracker_stage05	ross	absent	0.0		low	speaker_offscreen
8	138	309.29	309.97	I'm just not going.	Rachel	high	qa_review_resolved_ct_support	1.0	dialogue	False	True	Ross | Rachel | Phoebe | Chandler | Joey	Rachel	Ross	True	speaker_offscreen	Speaker agrees with available community-transcript mapping. | QA resolved prior review with community-transcript support.	I'm just not going.	Rachel	Rachel	present	char_tracker_stage05	ross	absent	0.0		low	speaker_offscreen
8	139	309.97	310.65	You're not going.	Ross	high	community_transcript_match	1.0	dialogue	False	True	Ross | Rachel | Phoebe | Chandler | Joey	Rachel	Ross	False		Speaker agrees with available community-transcript mapping.	You're not going.	Ross	Ross	present	char_tracker_stage05	rachel|ross	present	1.0		high	
8	140	310.65	311.09	Bye.	Ross	high	scene_context_bridge	0.88	dialogue	True	False	Ross | Rachel | Phoebe | Chandler | Joey	Ross	Ross	False		Same speaker appears on both sides within the same scene.				present	char_tracker_stage05	rachel|ross	present			high	
8	141	311.09	316.73	Okay, you know that I have to go, right?	Ross	high	community_transcript_match	1.0	dialogue	False	True	Ross | Rachel | Phoebe | Chandler | Joey	Ross	Ross	False		Speaker agrees with available community-transcript mapping.	Okay. You know that I-I have to go.	Ross	Ross	present	char_tracker_stage05	rachel|ross	present	1.0		high	
8	142	317.05	321.53	So is it gonna be, like, I'm abandoning you while you're upset?	Ross	high	community_transcript_match	1.0	dialogue	False	True	Ross | Rachel | Phoebe | Chandler | Joey	Ross	Ross	False		Speaker agrees with available community-transcript mapping.	Right. So is it gonna be like 'I'm abandoning you while you're upset.'	Ross	Ross	present	char_tracker_stage05	ross	present	1.0		high	
8	143	321.53	321.93	No.	Ross	medium	visual_disambiguation	0.74	dialogue	True	False	Ross | Rachel | Phoebe | Chandler | Joey	Ross	Rachel	False		Only one of the two text-context candidates was visually present in the window.				present	char_tracker_stage05	ross	present			medium	
8	144	322.17	322.57	No.	Rachel	high	qa_review_resolved_ct_support	1.0	dialogue	False	True	Ross | Rachel | Phoebe | Chandler | Joey	Ross	Ross	True	speaker_offscreen	Speaker agrees with available community-transcript mapping. | QA resolved prior review with community-transcript support.	No.	Rachel	Rachel	present	char_tracker_stage05	ross	absent	0.0		low	speaker_offscreen
8	145	322.73	323.47	Because you're.	Ross	high	community_transcript_match	1.0	dialogue	False	True	Ross | Rachel | Phoebe | Chandler | Joey	Rachel	Ross	False		Speaker agrees with available community-transcript mapping.	No, because you're not upset.	Ross	Ross	present	char_tracker_stage05	ross	present	1.0		high	
8	146	323.54	325.98	You're not upset about the yelling, Right.	Ross	high	community_transcript_match	1.0	dialogue	False	True	Ross | Rachel | Phoebe | Chandler | Joey	Ross	Rachel	False		Speaker agrees with available community-transcript mapping.	About the yelling.	Ross	Ross	present	char_tracker_stage05	rachel|ross	present	1.0		high	
8	147	325.98	326.82	And the humiliating.	Rachel	high	community_transcript_match	1.0	dialogue	False	True	Ross | Rachel | Phoebe | Chandler | Joey	Ross	Ross	False		Speaker agrees with available community-transcript mapping.	Right, and the humiliating.	Rachel	Rachel	present	char_tracker_stage05	rachel|ross	present	1.0		high	
8	148	327.06	327.5	Of course.	Ross	high	community_transcript_match	1.0	dialogue	False	True	Ross | Rachel | Phoebe | Chandler | Joey	Rachel	Ross	False		Speaker agrees with available community-transcript mapping.	Oh, well of course, the humiliating. So, so wee, we're okay.	Ross	Ross	present	char_tracker_stage05	ross	present	1.0		high	
8	149	327.5	328.34	The humiliating.	Ross	high	community_transcript_match	1.0	dialogue	False	True	Ross | Rachel | Phoebe | Chandler | Joey	Ross	Ross	False		Speaker agrees with available community-transcript mapping.	oh well the humiliating so so wee we're okay	Ross	Ross	present	char_tracker_stage05	ross	present	1.0		high	
8	150	330.26	331.86	So we.	Ross	high	scene_context_bridge	0.88	dialogue	True	False	Ross | Rachel | Phoebe | Chandler | Joey	Ross	Ross	False		Same speaker appears on both sides within the same scene.				present	char_tracker_stage05	rachel|ross	present			high	
8	151	332.66	333.62	We're okay?	Ross	high	community_transcript_match	1.0	dialogue	False	True	Ross | Rachel | Phoebe | Chandler | Joey	Ross	Rachel	False		Speaker agrees with available community-transcript mapping.	We're good.	Ross	Ross	present	char_tracker_stage05	rachel|ross	present	1.0		high	
8	152	333.78	334.22	Mm.	Rachel	medium	short_turn_alternation	0.7	dialogue	True	False	Ross | Rachel | Phoebe | Chandler | Joey	Ross	Rachel	True	short_utterance_between_two_speakers	Short utterance inferred from local turn alternation.				present	char_tracker_stage05	rachel|ross	present			medium	
8	153	334.22	335.22	We're good, Right?	Rachel	high	community_transcript_match	1.0	dialogue	False	True	Ross | Rachel | Phoebe | Chandler | Joey	Rachel	Ross	False		Speaker agrees with available community-transcript mapping.	Right.	Rachel	Rachel	present	char_tracker_stage05	rachel|ross	present	1.0		high	
8	154	335.3	335.86	Okay.	Ross	high	community_transcript_match	1.0	dialogue	False	True	Ross | Rachel | Phoebe | Chandler | Joey	Rachel	Ross	False		Speaker agrees with available community-transcript mapping.	Okay	Ross	Ross	present	char_tracker_stage05	rachel|ross	present	1.0		high	
8	155	339.46	339.9	Honey?	Ross	high	community_transcript_match	1.0	dialogue	False	True	Ross | Rachel | Phoebe | Chandler | Joey	Ross	Rachel	False		Speaker agrees with available community-transcript mapping.	Okay. Honey?	Ross	Ross	present	char_tracker_stage05	rachel|ross	present	1.0		high	
8	156	339.9	340.42	Yes, Ross?	Rachel	high	community_transcript_match	1.0	dialogue	False	True	Ross | Rachel | Phoebe | Chandler | Joey	Ross	Ross	False		Speaker agrees with available community-transcript mapping.	Yes, Ross. (turns toward him)	Rachel	Rachel	present	char_tracker_stage05	rachel|ross	present	1.0		high	
8	157	340.42	341.06	I love you.	Ross	high	community_transcript_match	1.0	dialogue	False	True	Ross | Rachel | Phoebe | Chandler | Joey	Rachel	Ross	False		Speaker agrees with available community-transcript mapping.	I love you. (goes to kiss her and she turns away.)	Ross	Ross	present	char_tracker_stage05	rachel|ross	present	1.0		high	
8	158	343.22	344.34	Get away from me.	Ross	medium	visual_disambiguation	0.74	dialogue	True	False	Ross | Rachel | Phoebe | Chandler | Joey	Ross	Ross	False		Only one of the two text-context candidates was visually present in the window.				present	char_tracker_stage05	rachel|ross	present			medium	
8	159	344.34	344.66	Help.	Ross	medium	visual_disambiguation	0.74	dialogue	True	False	Ross | Rachel | Phoebe | Chandler | Joey	Ross	Phoebe	False		Only one of the two text-context candidates was visually present in the window.				present	char_tracker_stage05	rachel|ross	present			medium	
8	160	347.78	349.06	She's just getting dressed.	Phoebe	high	qa_review_resolved_ct_support	1.0	dialogue	False	True	Ross | Rachel | Phoebe | Chandler | Joey	Ross	Chandler	True	speaker_no_face	Speaker agrees with available community-transcript mapping. | QA resolved prior review with community-transcript support.	(yelling from the bedroom) Get away from that! No! (she comes into the living room carrying the phone) She's just getting dressed.	Phoebe	Phoebe	absent	char_tracker_stage05		absent	0.0		medium	speaker_no_face
8	161	352.97	355.21	Is it wrong that I was totally aroused by that?	Chandler	high	community_transcript_match	1.0	dialogue	False	True	Ross | Rachel | Phoebe | Chandler | Joey	Phoebe	Joey	False		Speaker agrees with available community-transcript mapping.	Is it wrong that I was totally aroused by that?	Chandler	Chandler	present	char_tracker_stage05	chandler	present	1.0		high	
8	162	364.01	365.69	Okay, buddy boy, here it is.	Joey	high	qa_review_resolved_ct_support	1.0	dialogue	False	True	Ross | Rachel | Phoebe | Chandler | Joey	Chandler	Joey	True	speaker_no_face	Speaker agrees with available community-transcript mapping. | QA resolved prior review with community-transcript support.	okay buddy boy here it is	Joey	Joey	absent	char_tracker_stage05		absent	0.0		medium	speaker_no_face
8	163	366.97	368.33	You hide my clothes.	Joey	high	community_transcript_match	1.0	dialogue	False	True	Ross | Rachel | Phoebe | Chandler | Joey	Joey		False		Speaker agrees with available community-transcript mapping.	okay buddy boy here it is you hide my clothes	Joey	Joey	present	char_tracker_stage05	joey	present	0.6667		high	
9	164	368.41	370.17	I'm wearing everything you own.	Joey	high	community_transcript_match	1.0	dialogue	False	True	Joey | Chandler | Ross | Rachel | Phoebe		Chandler	False		Speaker agrees with available community-transcript mapping.	Okay, buddy-boy. Here it is. You hide my clothes, I'm wearing everything you own.	Joey	Joey	present	char_tracker_stage05	joey	present	1.0		high	
9	165	371.37	372.49	Oh, my God.	Chandler	high	community_transcript_match	1.0	dialogue	False	True	Joey | Chandler | Ross | Rachel | Phoebe	Joey	Chandler	False		Speaker agrees with available community-transcript mapping.	Oh my God	Chandler	Chandler	present	char_tracker_stage05	chandler|joey	present	0.5		high	
9	166	374.57	377.77	That is so not the opposite of taking somebody's underwear.	Chandler	high	community_transcript_match	1.0	dialogue	False	True	Joey | Chandler | Ross | Rachel | Phoebe	Chandler	Joey	False		Speaker agrees with available community-transcript mapping.	Oh my God! That is so not the opposite of taking somebody's underwear!!	Chandler	Chandler	present	char_tracker_stage05	chandler	present	1.0		high	
9	167	378.57	379.29	Look at me.	Joey	high	community_transcript_match	1.0	dialogue	False	True	Joey | Chandler | Ross | Rachel | Phoebe	Chandler	Joey	False		Speaker agrees with available community-transcript mapping.	Look at me	Joey	Joey	present	char_tracker_stage05	chandler|joey	present	1.0		high	
9	168	379.63	380.27	I'm Chandler.	Joey	high	community_transcript_match	1.0	dialogue	False	True	Joey | Chandler | Ross | Rachel | Phoebe	Joey	Joey	False		Speaker agrees with available community-transcript mapping.	I'm Chandler	Joey	Joey	present	char_tracker_stage05	joey	present	1.0		high	
9	169	380.35	382.35	Could I be wearing any more clothes?	Joey	high	community_transcript_match	1.0	dialogue	False	True	Joey | Chandler | Ross | Rachel | Phoebe	Joey	Joey	False		Speaker agrees with available community-transcript mapping.	Look at me! I'm Chandler! Could I be wearing any more clothes? Maybe if I wasn't going commando...	Joey	Joey	present	char_tracker_stage05	joey	present	1.0		high	
9	170	384.91	387.39	Maybe if I wasn't going commando.	Joey	high	community_transcript_match	1.0	dialogue	False	True	Joey | Chandler | Ross | Rachel | Phoebe	Joey	Joey	False		Speaker agrees with available community-transcript mapping.	Maybe if I wasn't going commando	Joey	Joey	present	char_tracker_stage05	joey	present	1.0		high	
9	171	390.59	391.07	Yeah.	Joey	high	community_transcript_match	1.0	dialogue	False	True	Joey | Chandler | Ross | Rachel | Phoebe	Joey	Joey	False		Speaker agrees with available community-transcript mapping.	Yeah	Joey	Joey	present	char_tracker_stage05	chandler|joey|rachel	present	1.0		high	
9	172	392.27	394.19	I'll tell you, it's hot with all this stuff on.	Joey	high	community_transcript_match	1.0	dialogue	False	True	Joey | Chandler | Ross | Rachel | Phoebe	Joey	Joey	False		Speaker agrees with available community-transcript mapping.	Whew, it's hot with all of this stuff on	Joey	Joey	present	char_tracker_stage05	joey	present	1.0		high	
9	173	394.19	397.07	I. I better not do any, I don't know, lunges.	Joey	high	community_transcript_match	1.0	dialogue	False	True	Joey | Chandler | Ross | Rachel | Phoebe	Joey	Ross	False		Speaker agrees with available community-transcript mapping.	Yeah. Whew, it's hot with all of this stuff on. I ah, I better not do any, I don't know, lunges. (starts doing lunges)	Joey	Joey	present	char_tracker_stage05	joey	present	1.0		high	
9	174	400.27	401.87	Okay, okay, enough.	Ross	low	scene_context_inference	0.58	dialogue	True	False	Joey | Chandler | Ross | Rachel | Phoebe	Joey	Ross	True	two_sided_context_ambiguous | speaker_no_face	No direct transcript match; weak local context only.				absent	char_tracker_stage05		absent			low	speaker_no_face
9	175	401.87	402.99	Enough with the lunging.	Ross	high	qa_review_resolved_bridge	0.9	dialogue	True	False	Joey | Chandler | Ross | Rachel | Phoebe	Ross	Ross	True	speaker_no_face	Same speaker appears on both sides within the same scene. | QA resolved prior review by same-speaker bridge.				absent	char_tracker_stage05		absent			medium	speaker_no_face
9	176	402.99	403.23	No.	Ross	high	qa_review_resolved_bridge	0.9	dialogue	True	False	Joey | Chandler | Ross | Rachel | Phoebe	Ross	Ross	True	speaker_no_face	Same speaker appears on both sides within the same scene. | QA resolved prior review by same-speaker bridge.				absent	char_tracker_stage05		absent			medium	speaker_no_face
9	177	403.23	404.35	I'm sick of this, okay?	Ross	high	qa_review_resolved_bridge	1.0	dialogue	False	True	Joey | Chandler | Ross | Rachel | Phoebe	Ross	Ross	True	speaker_no_face	Speaker agrees with available community-transcript mapping. | QA resolved prior review by same-speaker bridge.	okay okay enough enough with the lunging no i'm sick of this okay neither you can come to the party	Ross	Ross	absent	char_tracker_stage05		absent	0.0		medium	speaker_no_face
9	178	404.35	405.63	I've had it up to here with you two.	Ross	high	qa_review_resolved_bridge	1.0	dialogue	False	True	Joey | Chandler | Ross | Rachel | Phoebe	Ross	Ross	True	speaker_no_face	Speaker agrees with available community-transcript mapping. | QA resolved prior review by same-speaker bridge.	Okay, okay. Enough, enough with the lunging. No! I'm sick of this. Okay. I've had it up to here with you two! Neither you can come to the party!	Ross	Ross	absent	char_tracker_stage05		absent	0.0		medium	speaker_no_face
9	179	405.97	407.25	Neither of you can come to the party.	Ross	high	qa_review_resolved_ct_support	1.0	dialogue	False	True	Joey | Chandler | Ross | Rachel | Phoebe	Ross	Chandler	True	speaker_no_face	Speaker agrees with available community-transcript mapping. | QA resolved prior review with community-transcript support.	Neither you can come to the party	Ross	Ross	partial	char_tracker_stage05		absent	0.0		medium	speaker_no_face
9	180	408.77	409.25	Jeez.	Chandler	high	community_transcript_match	1.0	dialogue	False	True	Joey | Chandler | Ross | Rachel | Phoebe	Ross	Chandler	False		Speaker agrees with available community-transcript mapping.	jeez	Chandler	Chandler	present	char_tracker_stage05	chandler|rachel	present	1.0		high	
9	181	409.25	410.05	What A baby?	Chandler	high	community_transcript_match	1.0	dialogue	False	True	Joey | Chandler | Ross | Rachel | Phoebe	Chandler	Joey	False		Speaker agrees with available community-transcript mapping.	Jeez, what a baby.	Chandler	Chandler	present	char_tracker_stage05	chandler|joey|rachel	present	1.0		high	
9	182	411.17	411.93	Yeah, Ross.	Joey	high	community_transcript_match	1.0	dialogue	False	True	Joey | Chandler | Ross | Rachel | Phoebe	Chandler	Joey	False		Speaker agrees with available community-transcript mapping.	yeah ross i was just going to get dressed	Joey	Joey	present	char_tracker_stage05	joey	present	1.0		high	
9	183	411.93	412.73	Way to ruin it.	Joey	high	community_transcript_match	1.0	dialogue	False	True	Joey | Chandler | Ross | Rachel | Phoebe	Joey	Joey	False		Speaker agrees with available community-transcript mapping.	Yeah, Ross, way to ruin it. I was just going to get dressed.	Joey	Joey	present	char_tracker_stage05	joey	present	1.0		high	
9	184	412.73	413.73	I was just gonna go get dressed.	Joey	high	community_transcript_match	1.0	dialogue	False	True	Joey | Chandler | Ross | Rachel | Phoebe	Joey	Ross	False		Speaker agrees with available community-transcript mapping.	I was just going to get dressed	Joey	Joey	present	char_tracker_stage05	joey	present	1.0		high	
9	185	413.73	414.17	You know what?	Ross	high	qa_review_resolved_ct_support	1.0	dialogue	False	True	Joey | Chandler | Ross | Rachel | Phoebe	Joey	Ross	True	speaker_offscreen	Speaker agrees with available community-transcript mapping. | QA resolved prior review with community-transcript support.	you know what	Ross	Ross	present	char_tracker_stage05	joey	absent	0.0		low	speaker_offscreen
9	186	414.17	414.65	I don't care.	Ross	high	qa_review_resolved_bridge	1.0	dialogue	False	True	Joey | Chandler | Ross | Rachel | Phoebe	Ross	Ross	True	speaker_offscreen	Speaker agrees with available community-transcript mapping. | QA resolved prior review by same-speaker bridge.	You know what I don't care	Ross	Ross	present	char_tracker_stage05	joey	absent	0.0		low	speaker_offscreen
9	187	414.65	419.25	The only person I cared about getting dressed is the one person that says she's not even gonna go.	Ross	high	qa_review_resolved_bridge	1.0	dialogue	False	True	Joey | Chandler | Ross | Rachel | Phoebe	Ross	Ross	True	speaker_no_face	Speaker agrees with available community-transcript mapping. | QA resolved prior review by same-speaker bridge.	You know what I don't care. The only person I cared about getting dressed, is the one person that says she's not even gonna go. Look Rach, I'm sorry. Okay. Look, I-I wa, I was a jerk. I'm sorry I yelled. I want you there, I need you there. Look, what, what can I do that can show you how much, how much I want you to be there.	Ross	Ross	partial	char_tracker_stage05		absent	0.0		medium	speaker_no_face
9	188	419.41	421.25	Look, Rach, I'm sorry, okay?	Ross	high	qa_review_resolved_bridge	1.0	dialogue	False	True	Joey | Chandler | Ross | Rachel | Phoebe	Ross	Ross	True	speaker_offscreen	Speaker agrees with available community-transcript mapping. | QA resolved prior review by same-speaker bridge.	Look Rach, I'm sorry	Ross	Ross	present	char_tracker_stage05	rachel	absent	0.0		low	speaker_offscreen
9	189	421.729	424.25	Look, I was a jerk, okay?	Ross	high	qa_review_resolved_bridge	0.9	dialogue	True	False	Joey | Chandler | Ross | Rachel | Phoebe	Ross	Ross	True	speaker_offscreen	No direct transcript match; longer line defaulted to previous speaker in same scene. | QA resolved prior review by same-speaker bridge.				present	char_tracker_stage05	rachel	absent			low	speaker_offscreen
9	190	424.25	425.37	I'm sorry I yelled.	Ross	medium	visual_disambiguation	0.74	dialogue	True	False	Joey | Chandler | Ross | Rachel | Phoebe	Ross	Ross	False		Only one of the two text-context candidates was visually present in the window.				present	char_tracker_stage05	rachel|ross	present			medium	
9	191	425.37	426.05	I want you there.	Ross	medium	visual_disambiguation	0.74	dialogue	True	False	Joey | Chandler | Ross | Rachel | Phoebe	Ross	Ross	False		Only one of the two text-context candidates was visually present in the window.				present	char_tracker_stage05	rachel|ross	present			medium	
9	192	426.05	427.09	I need you there.	Ross	medium	visual_disambiguation	0.74	dialogue	True	False	Joey | Chandler | Ross | Rachel | Phoebe	Ross	Ross	False		Only one of the two text-context candidates was visually present in the window.				present	char_tracker_stage05	ross	present			medium	
9	193	427.65	428.05	What?	Ross	medium	visual_disambiguation	0.74	dialogue	True	False	Joey | Chandler | Ross | Rachel | Phoebe	Ross	Ross	False		Only one of the two text-context candidates was visually present in the window.				present	char_tracker_stage05	ross	present			medium	
9	194	428.85	430.69	What can I do to show you how much?	Ross	medium	visual_disambiguation	0.74	dialogue	True	False	Joey | Chandler | Ross | Rachel | Phoebe	Ross	Ross	False		Only one of the two text-context candidates was visually present in the window.				present	char_tracker_stage05	ross	present			medium	
9	195	431.42	432.7	How much I want you to be there?	Ross	medium	scene_context_inference	0.66	dialogue	True	False	Joey | Chandler | Ross | Rachel | Phoebe	Ross	Joey	True	two_sided_context_ambiguous	No direct transcript match; longer line defaulted to previous speaker in same scene.				present	char_tracker_stage05	chandler|joey|ross	present			medium	
9	196	433.9	435.1	You could drink the fat.	Joey	high	community_transcript_match	1.0	dialogue	False	True	Joey | Chandler | Ross | Rachel | Phoebe	Ross	Ross	False		Speaker agrees with available community-transcript mapping.	You could drink the fat.	Joey	Joey	present	char_tracker_stage05	chandler|joey	present	1.0		high	
9	197	438.38	438.78	Hi.	Ross	high	community_transcript_match	1.0	dialogue	False	True	Joey | Chandler | Ross | Rachel | Phoebe	Joey	Ross	False		Speaker agrees with available community-transcript mapping.	hi	Ross	Ross	present	char_tracker_stage05	ross	present	1.0		high	
9	198	438.78	440.3	Welcome to an adult conversation.	Ross	high	community_transcript_match	1.0	dialogue	False	True	Joey | Chandler | Ross | Rachel | Phoebe	Ross	Rachel	False		Speaker agrees with available community-transcript mapping.	Hi, welcome, to an adult conversation.	Ross	Ross	present	char_tracker_stage05	ross	present	1.0		high	
9	199	441.58	442.34	No, no, no.	Rachel	low	scene_context_inference	0.58	dialogue	True	False	Joey | Chandler | Ross | Rachel | Phoebe	Ross	Rachel	True	two_sided_context_ambiguous | low_speaker_confidence	No direct transcript match; weak local context only.				present	char_tracker_stage05	rachel|ross	present			low	low_speaker_confidence
9	200	442.34	442.54	Wait.	Rachel	high	scene_context_bridge	0.88	dialogue	True	False	Joey | Chandler | Ross | Rachel | Phoebe	Rachel	Rachel	False		Same speaker appears on both sides within the same scene.				present	char_tracker_stage05	rachel|ross	present			high	
9	201	442.54	442.66	No.	Rachel	high	scene_context_bridge	0.88	dialogue	True	False	Joey | Chandler | Ross | Rachel | Phoebe	Rachel	Rachel	False		Same speaker appears on both sides within the same scene.				present	char_tracker_stage05	rachel|ross	present			high	
9	202	442.66	443.26	Wait, wait, wait.	Rachel	high	scene_context_bridge	0.88	dialogue	True	False	Joey | Chandler | Ross | Rachel | Phoebe	Rachel	Rachel	False		Same speaker appears on both sides within the same scene.				present	char_tracker_stage05	rachel|ross	present			high	
9	203	443.26	443.58	Wait a minute.	Rachel	high	scene_context_bridge	0.88	dialogue	True	False	Joey | Chandler | Ross | Rachel | Phoebe	Rachel	Rachel	False		Same speaker appears on both sides within the same scene.				present	char_tracker_stage05	rachel|ross	present			high	
9	204	443.58	443.98	Wait a minute.	Rachel	high	scene_context_bridge	0.88	dialogue	True	False	Joey | Chandler | Ross | Rachel | Phoebe	Rachel	Rachel	False		Same speaker appears on both sides within the same scene.				present	char_tracker_stage05	rachel|ross	present			high	
9	205	443.98	444.3	Wait a minute.	Rachel	high	scene_context_bridge	0.88	dialogue	True	False	Joey | Chandler | Ross | Rachel | Phoebe	Rachel	Rachel	False		Same speaker appears on both sides within the same scene.				present	char_tracker_stage05	rachel|ross	present			high	
9	206	444.3	444.86	That actually.	Rachel	high	scene_context_bridge	0.88	dialogue	True	False	Joey | Chandler | Ross | Rachel | Phoebe	Rachel	Rachel	False		Same speaker appears on both sides within the same scene.				present	char_tracker_stage05	rachel|ross	present			high	
9	207	445.18	446.22	That sounds interesting.	Rachel	high	qa_review_resolved_ct_support	1.0	dialogue	False	True	Joey | Chandler | Ross | Rachel | Phoebe	Rachel	Ross	True	speaker_offscreen	Speaker agrees with available community-transcript mapping. | QA resolved prior review with community-transcript support.	No, no, no, now wait, wa, wa, waa-it a minute, wait a minute, wait a minute, wait a minute. That actually, uh, that sounds interesting.	Rachel	Rachel	present	char_tracker_stage05	ross	absent	0.0		low	speaker_offscreen
9	208	447.259	447.66	What?	Ross	high	community_transcript_match	1.0	dialogue	False	True	Joey | Chandler | Ross | Rachel | Phoebe	Rachel	Rachel	False		Speaker agrees with available community-transcript mapping.	What?	Ross	Ross	present	char_tracker_stage05	rachel|ross	present	1.0		high	
9	209	447.98	449.98	I think you should drink the fat.	Rachel	high	community_transcript_match	1.0	dialogue	False	True	Joey | Chandler | Ross | Rachel | Phoebe	Ross	Ross	False		Speaker agrees with available community-transcript mapping.	I think you should drink the fat.	Rachel	Rachel	present	char_tracker_stage05	rachel|ross	present	1.0		high	
9	210	451.1	451.66	Yay.	Ross	medium	short_turn_alternation	0.7	dialogue	True	False	Joey | Chandler | Ross | Rachel | Phoebe	Rachel	Ross	True	short_utterance_between_two_speakers | speaker_offscreen	Short utterance inferred from local turn alternation.				present	char_tracker_stage05	chandler|joey	absent			low	speaker_offscreen
9	211	456.54	457.18	Okay.	Ross	high	community_transcript_match	1.0	dialogue	False	True	Joey | Chandler | Ross | Rachel | Phoebe	Ross	Ross	False		Speaker agrees with available community-transcript mapping.	okay	Ross	Ross	present	char_tracker_stage05	ross	present	1.0		high	
9	212	458.03	458.43	Okay.	Ross	high	community_transcript_match	1.0	dialogue	False	True	Joey | Chandler | Ross | Rachel | Phoebe	Ross	Ross	False		Speaker agrees with available community-transcript mapping.	Okay, okay	Ross	Ross	present	char_tracker_stage05	ross	present	1.0		high	
9	213	458.43	462.83	If that's what it takes to show you how much you mean to me and how much I want you there then that's what I'll do.	Ross	high	community_transcript_match	1.0	dialogue	False	True	Joey | Chandler | Ross | Rachel | Phoebe	Ross	Phoebe	False		Speaker agrees with available community-transcript mapping.	Okay, okay. If that is what it takes to show you how much you mean to me, and how much I want you there. Then that's what I'll do.	Ross	Ross	present	char_tracker_stage05	ross	present	0.6		high	
9	214	463.15	463.63	Ugh.	Phoebe	medium	visual_disambiguation	0.74	dialogue	True	False	Joey | Chandler | Ross | Rachel | Phoebe	Ross	Phoebe	False		Only one of the two text-context candidates was visually present in the window.				present	char_tracker_stage05	chandler|joey|phoebe	present			medium	
9	215	463.63	463.87	Wait.	Phoebe	high	scene_context_bridge	0.88	dialogue	True	False	Joey | Chandler | Ross | Rachel | Phoebe	Phoebe	Phoebe	False		Same speaker appears on both sides within the same scene.				present	char_tracker_stage05	chandler|joey|phoebe	present			high	
9	216	463.87	464.79	Let me get you another glass.	Phoebe	high	community_transcript_match	1.0	dialogue	False	True	Joey | Chandler | Ross | Rachel | Phoebe	Phoebe	Phoebe	False		Speaker agrees with available community-transcript mapping.	Oh, wait, let me get you another glass. That's been sitting out.	Phoebe	Phoebe	present	char_tracker_stage05	chandler|joey|phoebe	present	1.0		high	
9	217	464.79	465.79	That's been sitting out.	Phoebe	high	community_transcript_match	1.0	dialogue	False	True	Joey | Chandler | Ross | Rachel | Phoebe	Phoebe	Phoebe	False		Speaker agrees with available community-transcript mapping.	That's been sitting out	Phoebe	Phoebe	present	char_tracker_stage05	chandler|joey|phoebe|rachel|ross	present	1.0		high	
9	218	467.23	468.67	I think this will be fine.	Phoebe	medium	scene_context_inference	0.66	dialogue	True	False	Joey | Chandler | Ross | Rachel | Phoebe	Phoebe	Ross	True	two_sided_context_ambiguous	No direct transcript match; longer line defaulted to previous speaker in same scene.				present	char_tracker_stage05	chandler|joey|phoebe|rachel|ross	present			medium	
9	219	470.59	471.11	Okay.	Ross	medium	short_turn_alternation	0.7	dialogue	True	False	Joey | Chandler | Ross | Rachel | Phoebe	Phoebe	Ross	True	short_utterance_between_two_speakers	Short utterance inferred from local turn alternation.				present	char_tracker_stage05	chandler|joey|phoebe|ross	present			medium	
9	220	471.11	471.99	Vanilla milkshake.	Ross	high	community_transcript_match	1.0	dialogue	False	True	Joey | Chandler | Ross | Rachel | Phoebe	Ross	Ross	False		Speaker agrees with available community-transcript mapping.	i think this will be fine okay vanilla milkshake cheers	Ross	Ross	present	char_tracker_stage05	ross	present	1.0		high	
9	221	471.99	476.11	Just a vanilla milkshake with chicken bits floating in it.	Ross	high	community_transcript_match	1.0	dialogue	False	True	Joey | Chandler | Ross | Rachel | Phoebe	Ross	Ross	False		Speaker agrees with available community-transcript mapping.	I think this will be fine. Okay, vanilla milkshake, just a vanilla milkshake, with chicken bits floating in it. Cheers. (starts to drink, but Rachel stops him just before he starts drinking)	Ross	Ross	present	char_tracker_stage05	ross	present	0.8333		high	
9	222	479.95	480.59	Cheers.	Ross	high	community_transcript_match	1.0	dialogue	False	True	Joey | Chandler | Ross | Rachel | Phoebe	Ross	Rachel	False		Speaker agrees with available community-transcript mapping.	Cheers	Ross	Ross	present	char_tracker_stage05	ross	present	1.0		high	
9	223	481.15	481.75	No, no, no.	Rachel	low	scene_context_inference	0.58	dialogue	True	False	Joey | Chandler | Ross | Rachel | Phoebe	Ross	Rachel	True	two_sided_context_ambiguous | low_speaker_confidence	No direct transcript match; weak local context only.				present	char_tracker_stage05	rachel|ross	present			low	low_speaker_confidence
9	224	481.75	481.95	Okay.	Rachel	high	scene_context_bridge	0.88	dialogue	True	False	Joey | Chandler | Ross | Rachel | Phoebe	Rachel	Rachel	False		Same speaker appears on both sides within the same scene.				present	char_tracker_stage05	rachel|ross	present			high	
9	225	481.95	482.51	Okay, Don't.	Rachel	high	community_transcript_match	1.0	dialogue	False	True	Joey | Chandler | Ross | Rachel | Phoebe	Rachel	Rachel	False		Speaker agrees with available community-transcript mapping.	No, no, no, wait! Okay, okay. Don't! I'll go, I'll go!	Rachel	Rachel	present	char_tracker_stage05	rachel|ross	present	1.0		high	
9	226	482.51	482.75	I'll go.	Rachel	high	community_transcript_match	1.0	dialogue	False	True	Joey | Chandler | Ross | Rachel | Phoebe	Rachel	Rachel	False		Speaker agrees with available community-transcript mapping.	no no no wait okay i'll go i'll go	Rachel	Rachel	present	char_tracker_stage05	rachel|ross	present	1.0		high	
9	227	482.75	483.15	I'll go.	Rachel	high	community_transcript_match	1.0	dialogue	False	True	Joey | Chandler | Ross | Rachel | Phoebe	Rachel	Ross	False		Speaker agrees with available community-transcript mapping.	no no no wait okay i'll go	Rachel	Rachel	present	char_tracker_stage05	rachel|ross	present	1.0		high	
9	228	484.38	484.78	He will.	Ross	high	qa_review_resolved_ct_support	1.0	dialogue	False	True	Joey | Chandler | Ross | Rachel | Phoebe	Rachel	Rachel	True	speaker_offscreen	Speaker agrees with available community-transcript mapping. | QA resolved prior review with community-transcript support.	You will?!	Ross	Ross	present	char_tracker_stage05	rachel	absent	0.0		low	speaker_offscreen
9	229	486.22	487.82	You were really gonna do that, weren't you?	Rachel	high	community_transcript_match	1.0	dialogue	False	True	Joey | Chandler | Ross | Rachel | Phoebe	Ross	Ross	False		Speaker agrees with available community-transcript mapping.	You were really gonna do that, weren't you?	Rachel	Rachel	present	char_tracker_stage05	rachel|ross	present	1.0		high	
9	230	488.46	489.26	Well, yeah.	Ross	high	community_transcript_match	1.0	dialogue	False	True	Joey | Chandler | Ross | Rachel | Phoebe	Rachel	Rachel	False		Speaker agrees with available community-transcript mapping.	Well, yeah.	Ross	Ross	present	char_tracker_stage05	rachel|ross	present	1.0		high	
9	231	490.22	491.66	You were gonna drink the fat.	Rachel	high	qa_review_resolved_ct_support	1.0	dialogue	False	True	Joey | Chandler | Ross | Rachel | Phoebe	Ross	Joey	True	speaker_offscreen	Speaker agrees with available community-transcript mapping. | QA resolved prior review with community-transcript support.	You were gonna drink the fat.	Rachel	Rachel	present	char_tracker_stage05	phoebe|ross	absent	0.0		low	speaker_offscreen
9	232	496.06	497.34	Let's see what else he'll do.	Joey	high	community_transcript_match	1.0	dialogue	False	True	Joey | Chandler | Ross | Rachel | Phoebe	Rachel	Ross	False		Speaker agrees with available community-transcript mapping.	Let's see what else he'll do!	Joey	Joey	present	char_tracker_stage05	chandler|joey	present	1.0		high	
9	233	500.06	501.94	How about instead, you go get changed?	Ross	high	qa_review_resolved_ct_support	1.0	dialogue	False	True	Joey | Chandler | Ross | Rachel | Phoebe	Joey	Ross	True	speaker_no_face	Speaker agrees with available community-transcript mapping. | QA resolved prior review with community-transcript support.	How 'bout instead you, go get changed	Ross	Ross	absent	char_tracker_stage05		absent	0.0		medium	speaker_no_face
9	234	501.94	503.22	You give him back his underwear?	Ross	high	qa_review_resolved_bridge	1.0	dialogue	False	True	Joey | Chandler | Ross | Rachel | Phoebe	Ross	Ross	True	speaker_no_face	Speaker agrees with available community-transcript mapping. | QA resolved prior review by same-speaker bridge.	(to Joey) How 'bout instead you, go get changed! (to Chandler) You, give him back his underwear! I'm gonna go get a cab, and I want everyone down stairs in two minutes! Monica!	Ross	Ross	absent	char_tracker_stage05		absent	0.0		medium	speaker_no_face
9	235	503.22	504.1	I'm gonna go get a cab.	Ross	high	qa_review_resolved_bridge	1.0	dialogue	False	True	Joey | Chandler | Ross | Rachel | Phoebe	Ross	Ross	True	speaker_no_face	Speaker agrees with available community-transcript mapping. | QA resolved prior review by same-speaker bridge.	I'm gonna go get a cab, and I want everyone down stairs in two minutes	Ross	Ross	absent	char_tracker_stage05		absent	0.0		medium	speaker_no_face
9	236	504.1	505.98	I want everyone downstairs in two minutes.	Ross	high	qa_review_resolved_ct_support	1.0	dialogue	False	True	Joey | Chandler | Ross | Rachel | Phoebe	Ross		True	speaker_no_face	Speaker agrees with available community-transcript mapping. | QA resolved prior review with community-transcript support.	and i want everyone down stairs in two minutes	Ross	Ross	absent	char_tracker_stage05		absent	0.0		medium	speaker_no_face
10	237	506.62	508.94	Monica, stop it.	Chandler	high	qa_review_resolved_ct_support	1.0	dialogue	False	True	Chandler		Chandler	True	speaker_no_face	Speaker agrees with available community-transcript mapping. | QA resolved prior review with community-transcript support.	Stop it. Stop it!	Chandler	Chandler	absent	char_tracker_stage05		absent	0.0		medium	speaker_no_face
10	238	509.68	510.16	Stop it.	Chandler	high	qa_review_resolved_ct_support	1.0	dialogue	False	True	Chandler	Chandler		True	speaker_no_face	Speaker agrees with available community-transcript mapping. | QA resolved prior review with community-transcript support.	stop	Chandler	Chandler	absent	char_tracker_stage05		absent	0.0		medium	speaker_no_face
11	239	515.04	517.04	Ross went to get a cab so we can all.	Phoebe	high	qa_review_resolved_ct_support	1.0	dialogue	False	True	Phoebe | RICHARD | Machine | Monica | Ross | Rachel		Phoebe	True	speaker_no_face	Speaker agrees with available community-transcript mapping. | QA resolved prior review with community-transcript support.	Ross, went to get a cab so we can all... No, wh-what are you doing! No, Monica, no!	Phoebe	Phoebe	partial	char_tracker_stage05		absent	0.3333		medium	speaker_no_face
11	240	517.28	518.04	What are you doing now?	Phoebe	high	community_transcript_match	1.0	dialogue	False	True	Phoebe | RICHARD | Machine | Monica | Ross | Rachel	Phoebe	Phoebe	False		Speaker agrees with available community-transcript mapping.	No, wh-what are you doing	Phoebe	Phoebe	present	char_tracker_stage05	monica|phoebe	present	1.0		high	
11	241	518.04	518.8	Monica, no.	Phoebe	high	community_transcript_match	1.0	dialogue	False	True	Phoebe | RICHARD | Machine | Monica | Ross | Rachel	Phoebe	RICHARD	False		Speaker agrees with available community-transcript mapping.	No, Monica, no	Phoebe	Phoebe	present	char_tracker_stage05	monica|phoebe	present	1.0		high	
11	242	522.88	524.08	Hi, this is Richard.	RICHARD	high	community_transcript_match	1.0	dialogue	False	True	Phoebe | RICHARD | Machine | Monica | Ross | Rachel	Phoebe	Machine	False		Speaker agrees with available community-transcript mapping.	(on Machine) Hi, this is Richard.	RICHARD	RICHARD	present	char_tracker_stage05	monica	unobserved			high	
11	243	526.16	528.0	You have three new messages.	Machine	high	community_transcript_match	1.0	dialogue	False	True	Phoebe | RICHARD | Machine | Monica | Ross | Rachel	RICHARD	Monica	False		Speaker agrees with available community-transcript mapping.	You have three new messages.	Machine	Machine	present	char_tracker_stage05	monica	unobserved			high	
11	244	529.76	530.64	Not anymore.	Monica	high	qa_review_resolved_ct_support	1.0	dialogue	False	True	Phoebe | RICHARD | Machine | Monica | Ross | Rachel	Machine	Machine	True	speaker_no_face	Speaker agrees with available community-transcript mapping. | QA resolved prior review with community-transcript support.	Not any more!	Monica	Monica	absent	char_tracker_stage05		absent	0.0		medium	speaker_no_face
11	245	531.76	532.4	Message.	Machine	high	community_transcript_match	1.0	dialogue	False	True	Phoebe | RICHARD | Machine | Monica | Ross | Rachel	Monica	Machine	False		Speaker agrees with available community-transcript mapping.	Message erased	Machine	Machine	present	char_tracker_stage05	monica	unobserved			high	
11	246	535.93	539.61	To record your message, begin speaking at the dorm.	Machine	high	community_transcript_match	1.0	dialogue	False	True	Phoebe | RICHARD | Machine | Monica | Ross | Rachel	Machine	Monica	False		Speaker agrees with available community-transcript mapping.	Message erased. To record a message begin speaking at the tone.	Machine	Machine	present	char_tracker_stage05	monica	unobserved			high	
11	247	541.37	543.13	Hi, Richard, it's Monica.	Monica	high	community_transcript_match	1.0	dialogue	False	True	Phoebe | RICHARD | Machine | Monica | Ross | Rachel	Machine	Monica	False		Speaker agrees with available community-transcript mapping.	hi uh richard it's monica um um	Monica	Monica	present	char_tracker_stage05	monica	present	1.0		high	
11	248	543.53	545.69	Listen, I did something kind of crazy tonight.	Monica	high	community_transcript_match	1.0	dialogue	False	True	Phoebe | RICHARD | Machine | Monica | Ross | Rachel	Monica	Monica	False		Speaker agrees with available community-transcript mapping.	hi uh richard it's monica um listen i did something kind of crazy tonight um	Monica	Monica	present	char_tracker_stage05	monica	present	1.0		high	
11	249	546.65	548.17	Maybe I'm getting my period or something.	Monica	high	community_transcript_match	1.0	dialogue	False	True	Phoebe | RICHARD | Machine | Monica | Ross | Rachel	Monica	Monica	False		Speaker agrees with available community-transcript mapping.	hi uh richard it's monica um listen i did something kind of crazy tonight um maybe i'm getting my period or something	Monica	Monica	present	char_tracker_stage05	monica	present	1.0		high	
11	250	548.17	548.81	I don't know.	Monica	high	community_transcript_match	1.0	dialogue	False	True	Phoebe | RICHARD | Machine | Monica | Ross | Rachel	Monica	Monica	False		Speaker agrees with available community-transcript mapping.	Hi, uh, Richard it's Monica, um, listen I did something kind of crazy tonight, um, maybe I'm getting my period or something, I don't know	Monica	Monica	present	char_tracker_stage05	monica|phoebe	present	1.0		high	
11	251	550.25	555.29	Anyway, I beeped into your machine and I heard this message that freaked me out.	Monica	high	community_transcript_match	1.0	dialogue	False	True	Phoebe | RICHARD | Machine | Monica | Ross | Rachel	Monica	Monica	False		Speaker agrees with available community-transcript mapping.	Hi, uh, Richard it's Monica, um, listen I did something kind of crazy tonight, um, maybe I'm getting my period or something, I don't know. Um, anyway, I, I, I beeped into your Machine and I heard a message that, that freaked me out, and um, you know what Michelle will tell you the rest. I, I, um, I'm sorry, okay, I, I hope that we can forget the whole thing. Okay, bye.	Monica	Monica	present	char_tracker_stage05	monica|phoebe	present	0.6667		high	
11	252	555.29	556.89	And you know what?	Monica	medium	visual_disambiguation	0.74	dialogue	True	False	Phoebe | RICHARD | Machine | Monica | Ross | Rachel	Monica	Monica	False		Only one of the two text-context candidates was visually present in the window.				present	char_tracker_stage05	monica|phoebe	present			medium	
11	253	557.05	558.25	Michelle will tell you the rest.	Monica	medium	visual_disambiguation	0.74	dialogue	True	False	Phoebe | RICHARD | Machine | Monica | Ross | Rachel	Monica	Monica	False		Only one of the two text-context candidates was visually present in the window.				present	char_tracker_stage05	monica	present			medium	
11	254	559.21	560.17	I'm sorry, okay?	Monica	medium	visual_disambiguation	0.74	dialogue	True	False	Phoebe | RICHARD | Machine | Monica | Ross | Rachel	Monica	Monica	False		Only one of the two text-context candidates was visually present in the window.				present	char_tracker_stage05	monica	present			medium	
11	255	560.17	562.34	And I hope that we can just forget the whole thing.	Monica	medium	visual_disambiguation	0.74	dialogue	True	False	Phoebe | RICHARD | Machine | Monica | Ross | Rachel	Monica	Monica	False		Only one of the two text-context candidates was visually present in the window.				present	char_tracker_stage05	monica	present			medium	
11	256	562.66	563.54	Okay, bye.	Monica	medium	visual_disambiguation	0.74	dialogue	True	False	Phoebe | RICHARD | Machine | Monica | Ross | Rachel	Monica	Machine	False		Only one of the two text-context candidates was visually present in the window.				present	char_tracker_stage05	monica	present			medium	
11	257	566.74	569.62	Your outgoing message has now been changed.	Machine	high	community_transcript_match	1.0	dialogue	False	True	Phoebe | RICHARD | Machine | Monica | Ross | Rachel	Monica	Monica	False		Speaker agrees with available community-transcript mapping.	Your outgoing message has now been changed.	Machine	Machine	absent	char_tracker_stage05		unobserved			high	
11	258	571.62	572.34	Outgoing?	Monica	high	community_transcript_match	1.0	dialogue	False	True	Phoebe | RICHARD | Machine | Monica | Ross | Rachel	Machine	Monica	False		Speaker agrees with available community-transcript mapping.	Outgoing	Monica	Monica	present	char_tracker_stage05	monica	present	1.0		high	
11	259	572.66	573.94	Did that say outgoing?	Monica	high	community_transcript_match	1.0	dialogue	False	True	Phoebe | RICHARD | Machine | Monica | Ross | Rachel	Monica	Monica	False		Speaker agrees with available community-transcript mapping.	Outgoing! Did that say outgoing?! Not, outgoing!!!	Monica	Monica	present	char_tracker_stage05	monica	present	1.0		high	
11	260	574.1	575.14	Not outgoing.	Monica	high	community_transcript_match	1.0	dialogue	False	True	Phoebe | RICHARD | Machine | Monica | Ross | Rachel	Monica	Monica	False		Speaker agrees with available community-transcript mapping.	Not, outgoing	Monica	Monica	present	char_tracker_stage05	monica|phoebe	present	1.0		high	
11	261	578.98	580.66	Hi, Richard, it's Monica.	Monica	high	community_transcript_match	1.0	dialogue	False	True	Phoebe | RICHARD | Machine | Monica | Ross | Rachel	Monica	Monica	False		Speaker agrees with available community-transcript mapping.	hi uh richard it's monica um um maybe i'm getting my period or something i don't know nooo	Monica	Monica	present	char_tracker_stage05	monica|phoebe	present	1.0		high	
11	262	581.06	583.3	Listen, I did something kind of crazy tonight.	Monica	high	community_transcript_match	1.0	dialogue	False	True	Phoebe | RICHARD | Machine | Monica | Ross | Rachel	Monica	Monica	False		Speaker agrees with available community-transcript mapping.	"(on Machine) ""Hi, uh, Richard it's Monica, um, listen I did something kind of crazy tonight, um, maybe I'm getting my period or something, I don't know."" Nooo!!"	Monica	Monica	present	char_tracker_stage05	monica|phoebe	present	1.0		high	
11	263	583.86	585.38	Maybe I'm getting my period or something.	Monica	high	community_transcript_match	1.0	dialogue	False	True	Phoebe | RICHARD | Machine | Monica | Ross | Rachel	Monica	Monica	False		Speaker agrees with available community-transcript mapping.	hi uh richard it's monica um um maybe i'm getting my period or something i don't know nooo	Monica	Monica	present	char_tracker_stage05	monica|phoebe	present	1.0		high	
11	264	585.38	585.9	I don't know.	Monica	high	community_transcript_match	1.0	dialogue	False	True	Phoebe | RICHARD | Machine | Monica | Ross | Rachel	Monica	Monica	False		Speaker agrees with available community-transcript mapping.	hi uh richard it's monica um um i don't know nooo	Monica	Monica	present	char_tracker_stage05	monica	present	1.0		high	
11	265	585.9	586.26	No.	Monica	medium	visual_disambiguation	0.74	dialogue	True	False	Phoebe | RICHARD | Machine | Monica | Ross | Rachel	Monica	Phoebe	False		Only one of the two text-context candidates was visually present in the window.				present	char_tracker_stage05	monica	present			medium	
11	266	587.22	588.26	How did you do that?	Phoebe	high	community_transcript_match	1.0	dialogue	False	True	Phoebe | RICHARD | Machine | Monica | Ross | Rachel	Monica	Monica	False		Speaker agrees with available community-transcript mapping.	How did you do that?	Phoebe	Phoebe	present	char_tracker_stage05	monica|phoebe	present	1.0		high	
11	267	588.26	589.06	I don't know.	Monica	high	community_transcript_match	1.0	dialogue	False	True	Phoebe | RICHARD | Machine | Monica | Ross | Rachel	Phoebe	Machine	False		Speaker agrees with available community-transcript mapping.	I don't know!	Monica	Monica	present	char_tracker_stage05	monica|phoebe	present	1.0		high	
11	268	589.98	590.62	Goodbye?	Machine	high	community_transcript_match	1.0	dialogue	False	True	Phoebe | RICHARD | Machine | Monica | Ross | Rachel	Monica	Ross	False		Speaker agrees with available community-transcript mapping.	Good-bye.	Machine	Machine	present	char_tracker_stage05	monica|phoebe	unobserved			high	
11	269	590.94	591.34	No.	Ross	medium	short_turn_alternation	0.7	dialogue	True	False	Phoebe | RICHARD | Machine | Monica | Ross | Rachel	Machine	Ross	True	short_utterance_between_two_speakers | speaker_offscreen	Short utterance inferred from local turn alternation.				present	char_tracker_stage05	monica|phoebe	absent			low	speaker_offscreen
11	270	593.74	594.38	Okay.	Ross	high	qa_review_resolved_bridge	0.9	dialogue	True	False	Phoebe | RICHARD | Machine | Monica | Ross | Rachel	Ross	Ross	True	speaker_no_face	Same speaker appears on both sides within the same scene. | QA resolved prior review by same-speaker bridge.				absent	char_tracker_stage05		absent			medium	speaker_no_face
11	271	594.86	595.38	Okay.	Ross	high	qa_review_resolved_bridge	0.9	dialogue	True	False	Phoebe | RICHARD | Machine | Monica | Ross | Rachel	Ross	Ross	True	speaker_no_face	Same speaker appears on both sides within the same scene. | QA resolved prior review by same-speaker bridge.				absent	char_tracker_stage05		absent			medium	speaker_no_face
11	272	595.38	595.66	Okay.	Ross	high	qa_review_resolved_bridge	0.9	dialogue	True	False	Phoebe | RICHARD | Machine | Monica | Ross | Rachel	Ross	Ross	True	speaker_no_face	Same speaker appears on both sides within the same scene. | QA resolved prior review by same-speaker bridge.				absent	char_tracker_stage05		absent			medium	speaker_no_face
11	273	595.66	597.18	I've got two cabs and no people.	Ross	high	community_transcript_match	1.0	dialogue	False	True	Phoebe | RICHARD | Machine | Monica | Ross | Rachel	Ross	Ross	False		Speaker agrees with available community-transcript mapping.	(entering) Okay, okay, okay, I've got two cabs and no people. Go! Go! Go!	Ross	Ross	present	char_tracker_stage05	ross	present	0.6667		high	
11	274	597.34	598.46	Go, go, go.	Ross	high	community_transcript_match	1.0	dialogue	False	True	Phoebe | RICHARD | Machine | Monica | Ross | Rachel	Ross	Monica	False		Speaker agrees with available community-transcript mapping.	Go	Ross	Ross	present	char_tracker_stage05	ross	present	1.0		high	
11	275	599.5	600.54	We could call the phone company.	Monica	high	qa_review_resolved_ct_support	1.0	dialogue	False	True	Phoebe | RICHARD | Machine | Monica | Ross | Rachel	Ross	Monica	True	speaker_no_face	Speaker agrees with available community-transcript mapping. | QA resolved prior review with community-transcript support.	Maybe we could call the phone company	Monica	Monica	absent	char_tracker_stage05		absent	0.0		medium	speaker_no_face
11	276	600.94	602.38	Maybe they could change the message.	Monica	high	qa_review_resolved_bridge	1.0	dialogue	False	True	Phoebe | RICHARD | Machine | Monica | Ross | Rachel	Monica	Monica	True	speaker_no_face	Speaker agrees with available community-transcript mapping. | QA resolved prior review by same-speaker bridge.	Maybe we could call the phone company. Maybe they could change the message. Maybe they can change his number.	Monica	Monica	absent	char_tracker_stage05		absent	0.0		medium	speaker_no_face
11	277	602.78	604.14	Maybe they could change his number.	Monica	high	community_transcript_match	1.0	dialogue	False	True	Phoebe | RICHARD | Machine | Monica | Ross | Rachel	Monica	Phoebe	False		Speaker agrees with available community-transcript mapping.	Maybe they can change his number	Monica	Monica	present	char_tracker_stage05	monica	present	0.6667		high	
11	278	604.22	606.54	Yeah, I think after this, he'll be doing that himself.	Phoebe	high	qa_review_resolved_ct_support	1.0	dialogue	False	True	Phoebe | RICHARD | Machine | Monica | Ross | Rachel	Monica	Ross	True	speaker_offscreen	Speaker agrees with available community-transcript mapping. | QA resolved prior review with community-transcript support.	Yeah, after this, I think he'll be doing that himself.	Phoebe	Phoebe	present	char_tracker_stage05	monica	absent	0.0		low	speaker_offscreen
11	279	609.34	610.06	Rachel.	Ross	high	qa_review_resolved_ct_support	1.0	dialogue	False	True	Phoebe | RICHARD | Machine | Monica | Ross | Rachel	Phoebe	Ross	True	speaker_no_face	Speaker agrees with available community-transcript mapping. | QA resolved prior review with community-transcript support.	Rachel	Ross	Ross	absent	char_tracker_stage05		absent	0.0		medium	speaker_no_face
11	280	614.3	616.8	Wow, you.	Ross	high	community_transcript_match	1.0	dialogue	False	True	Phoebe | RICHARD | Machine | Monica | Ross | Rachel	Ross	Ross	False		Speaker agrees with available community-transcript mapping.	Rachel!! (she enters) Wow! You, uh, you look, wow!	Ross	Ross	present	char_tracker_stage05	rachel|ross	present	1.0		high	
11	281	617.2	618.32	Oh, you look.	Ross	high	community_transcript_match	1.0	dialogue	False	True	Phoebe | RICHARD | Machine | Monica | Ross | Rachel	Ross	Ross	False		Speaker agrees with available community-transcript mapping.	You, uh, you look, wow	Ross	Ross	present	char_tracker_stage05	ross	present	1.0		high	
11	282	619.52	620.0	Wow.	Ross	high	community_transcript_match	1.0	dialogue	False	True	Phoebe | RICHARD | Machine | Monica | Ross | Rachel	Ross	Rachel	False		Speaker agrees with available community-transcript mapping.	you uh wow	Ross	Ross	present	char_tracker_stage05	ross	present	1.0		high	
11	283	621.36	624.24	And I still have about five seconds to spare.	Rachel	high	community_transcript_match	1.0	dialogue	False	True	Phoebe | RICHARD | Machine | Monica | Ross | Rachel	Ross	Ross	False		Speaker agrees with available community-transcript mapping.	And I still have about five seconds to spare. (kisses him) Okay, that was about seven seconds.	Rachel	Rachel	present	char_tracker_stage05	rachel|ross	present	1.0		high	
11	284	624.56	625.12	Oh.	Ross	medium	short_turn_alternation	0.7	reaction	True	False	Phoebe | RICHARD | Machine | Monica | Ross | Rachel	Rachel	Ross	True	short_utterance_between_two_speakers	Short utterance inferred from local turn alternation.				present	char_tracker_stage05	rachel|ross	present			medium	
11	285	630.56	631.0	Okay.	Ross	high	qa_review_resolved_bridge	0.9	dialogue	True	False	Phoebe | RICHARD | Machine | Monica | Ross | Rachel	Ross	Ross	True	speaker_offscreen	Same speaker appears on both sides within the same scene. | QA resolved prior review by same-speaker bridge.				present	char_tracker_stage05	rachel	absent			low	speaker_offscreen
11	286	631.0	634.0	That was about seven seconds, so we're a little late.	Ross	high	community_transcript_match	1.0	dialogue	False	True	Phoebe | RICHARD | Machine | Monica | Ross | Rachel	Ross	Rachel	False		Speaker agrees with available community-transcript mapping.	So we're a little late.	Ross	Ross	present	char_tracker_stage05	rachel|ross	present	0.6667		high	
11	287	635.44	637.72	Oh, oh, oh.	Rachel	high	community_transcript_match	1.0	dialogue	False	True	Phoebe | RICHARD | Machine | Monica | Ross | Rachel	Ross	Rachel	False		Speaker agrees with available community-transcript mapping.	Oh	Rachel	Rachel	present	char_tracker_stage05	rachel|ross	present	1.0		high	
11	288	637.72	639.32	And by the way.	Rachel	high	community_transcript_match	1.0	dialogue	False	True	Phoebe | RICHARD | Machine | Monica | Ross | Rachel	Rachel	Ross	False		Speaker agrees with available community-transcript mapping.	Come on. (they start to leave) Oh! And, uh, by the way....	Rachel	Rachel	present	char_tracker_stage05	rachel	present	1.0		high	
11	289	639.32	639.68	What?	Ross	high	qa_review_resolved_ct_support	1.0	dialogue	False	True	Phoebe | RICHARD | Machine | Monica | Ross | Rachel	Rachel	Rachel	True	speaker_offscreen	Speaker agrees with available community-transcript mapping. | QA resolved prior review with community-transcript support.	What?	Ross	Ross	present	char_tracker_stage05	rachel	absent	0.0		low	speaker_offscreen
11	290	640.89	642.09	I'm going commando too.	Rachel	high	community_transcript_match	1.0	dialogue	False	True	Phoebe | RICHARD | Machine | Monica | Ross | Rachel	Ross	Rachel	False		Speaker agrees with available community-transcript mapping.	I'm going commando, too.	Rachel	Rachel	present	char_tracker_stage05	rachel	present	1.0		high	
11	291	642.25	642.81	Oh.	Rachel	medium	scene_context_inference	0.68	reaction	True	False	Phoebe | RICHARD | Machine | Monica | Ross | Rachel	Rachel		True	scene_end_short_utterance	Filled from previous same-scene context.				present	char_tracker_stage05	rachel|ross	present			medium	
13	292	652.65	653.85	So I said, who are you?	Ross (drinking a glass of champagne and talking to to the others who look bored)	high	community_transcript_match	1.0	dialogue	False	True	Ross (drinking a glass of champagne and talking to to the others who look bored) | Sherman Whitfield | Ross | Whitfield | Chandler		Ross (drinking a glass of champagne and talking to to the others who look bored)	False		Speaker agrees with available community-transcript mapping.	"So I said ""Who are you? Cro-Magnon P.I.?"""	Ross (drinking a glass of champagne and talking to to the others who look bored)	Ross (drinking a glass of champagne and talking to to the others who look bored)	absent	char_tracker_stage05		unobserved			high	
13	293	653.93	656.696	CRO Magnum, P.I.	Ross (drinking a glass of champagne and talking to to the others who look bored)	high	community_transcript_match	1.0	dialogue	False	True	Ross (drinking a glass of champagne and talking to to the others who look bored) | Sherman Whitfield | Ross | Whitfield | Chandler	Ross (drinking a glass of champagne and talking to to the others who look bored)	Sherman Whitfield	False		Speaker agrees with available community-transcript mapping.	Cro-Magnon P	Ross (drinking a glass of champagne and talking to to the others who look bored)	Ross (drinking a glass of champagne and talking to to the others who look bored)	present	char_tracker_stage05	ross	unobserved			high	
13	294	657.124	659.53	Dr. Geller.	Sherman Whitfield	medium	short_turn_alternation	0.7	dialogue	True	False	Ross (drinking a glass of champagne and talking to to the others who look bored) | Sherman Whitfield | Ross | Whitfield | Chandler	Ross (drinking a glass of champagne and talking to to the others who look bored)	Sherman Whitfield	True	short_utterance_between_two_speakers	Short utterance inferred from local turn alternation.				present	char_tracker_stage05	ross	unobserved			medium	
13	295	660.09	660.57	Oh.	Sherman Whitfield	high	scene_context_bridge	0.88	reaction	True	False	Ross (drinking a glass of champagne and talking to to the others who look bored) | Sherman Whitfield | Ross | Whitfield | Chandler	Sherman Whitfield	Sherman Whitfield	False		Same speaker appears on both sides within the same scene.				absent	char_tracker_stage05		unobserved			high	
13	296	660.73	662.77	Sherman Whitfield, London Institute.	Sherman Whitfield	high	community_transcript_match	1.0	dialogue	False	True	Ross (drinking a glass of champagne and talking to to the others who look bored) | Sherman Whitfield | Ross | Whitfield | Chandler	Sherman Whitfield	Ross	False		Speaker agrees with available community-transcript mapping.	Dr. Geller, Sherman Whitfield, London Institute.	Sherman Whitfield	Sherman Whitfield	absent	char_tracker_stage05		unobserved			high	
13	297	662.77	663.09	Wow.	Ross	high	qa_review_resolved_ct_support	1.0	dialogue	False	True	Ross (drinking a glass of champagne and talking to to the others who look bored) | Sherman Whitfield | Ross | Whitfield | Chandler	Sherman Whitfield	Ross	True	speaker_no_face	Speaker agrees with available community-transcript mapping. | QA resolved prior review with community-transcript support.	Wow	Ross	Ross	absent	char_tracker_stage05		absent	0.0		medium	speaker_no_face
13	298	663.09	663.85	What a pleasure.	Ross	high	qa_review_resolved_ct_support	1.0	dialogue	False	True	Ross (drinking a glass of champagne and talking to to the others who look bored) | Sherman Whitfield | Ross | Whitfield | Chandler	Ross	Whitfield	True	speaker_no_face	Speaker agrees with available community-transcript mapping. | QA resolved prior review with community-transcript support.	Wow! What a pleasure.	Ross	Ross	absent	char_tracker_stage05		absent	0.0		medium	speaker_no_face
13	299	664.65	669.23	Well, I have to tell you, I was quite impressed with your paper on pre Cretaceous fossils.	Whitfield	high	community_transcript_match	1.0	dialogue	False	True	Ross (drinking a glass of champagne and talking to to the others who look bored) | Sherman Whitfield | Ross | Whitfield | Chandler	Ross	Chandler	False		Speaker agrees with available community-transcript mapping.	(sits down) Well, I have to tell you, I was quite impressed with your paper on Pre-Cretaceous fossils. Yeah, it confirmed everything that I have written.	Whitfield	Whitfield	partial	char_tracker_stage05		unobserved			high	
13	300	669.23	669.99	Oh, yes.	Chandler	medium	visual_disambiguation	0.74	dialogue	True	False	Ross (drinking a glass of champagne and talking to to the others who look bored) | Sherman Whitfield | Ross | Whitfield | Chandler	Whitfield	Chandler	False		Only one of the two text-context candidates was visually present in the window.				present	char_tracker_stage05	chandler|rachel|ross	present			medium	
13	301	669.99	671.59	They confirmed everything I'd written.	Chandler	high	scene_context_bridge	0.88	dialogue	True	False	Ross (drinking a glass of champagne and talking to to the others who look bored) | Sherman Whitfield | Ross | Whitfield | Chandler	Chandler	Chandler	False		Same speaker appears on both sides within the same scene.				present	char_tracker_stage05	chandler|ross	present			high	
13	302	672.15	672.87	Excuse me.	Chandler	high	community_transcript_match	1.0	dialogue	False	True	Ross (drinking a glass of champagne and talking to to the others who look bored) | Sherman Whitfield | Ross | Whitfield | Chandler	Chandler	Chandler	False		Speaker agrees with available community-transcript mapping.	Excuse me. Hi.	Chandler	Chandler	present	char_tracker_stage05	chandler	present	1.0		high	
13	303	673.59	674.07	Hi.	Chandler	high	community_transcript_match	1.0	dialogue	False	True	Ross (drinking a glass of champagne and talking to to the others who look bored) | Sherman Whitfield | Ross | Whitfield | Chandler	Chandler	Whitfield	False		Speaker agrees with available community-transcript mapping.	Hi	Chandler	Chandler	present	char_tracker_stage05	chandler	present	1.0		high	
13	304	675.19	675.67	Yes?	Whitfield	high	community_transcript_match	1.0	dialogue	False	True	Ross (drinking a glass of champagne and talking to to the others who look bored) | Sherman Whitfield | Ross | Whitfield | Chandler	Chandler	Chandler	False		Speaker agrees with available community-transcript mapping.	Yes?	Whitfield	Whitfield	present	char_tracker_stage05	chandler	unobserved			high	
13	305	676.55	678.23	Well, you're kind of sitting in my seat.	Chandler	high	community_transcript_match	1.0	dialogue	False	True	Ross (drinking a glass of champagne and talking to to the others who look bored) | Sherman Whitfield | Ross | Whitfield | Chandler	Whitfield	Whitfield	False		Speaker agrees with available community-transcript mapping.	Well, you're kind of sitting in my seat.	Chandler	Chandler	present	char_tracker_stage05	chandler	present	1.0		high	
13	306	679.75	681.27	What do you mean, your seat?	Whitfield	high	community_transcript_match	1.0	dialogue	False	True	Ross (drinking a glass of champagne and talking to to the others who look bored) | Sherman Whitfield | Ross | Whitfield | Chandler	Chandler	Chandler	False		Speaker agrees with available community-transcript mapping.	What do you mean, your seat?	Whitfield	Whitfield	partial	char_tracker_stage05		unobserved			high	
13	307	682.31	683.59	I mean, I was sitting there.	Chandler	high	community_transcript_match	1.0	dialogue	False	True	Ross (drinking a glass of champagne and talking to to the others who look bored) | Sherman Whitfield | Ross | Whitfield | Chandler	Whitfield	Whitfield	False		Speaker agrees with available community-transcript mapping.	I mean, I was sitting there.	Chandler	Chandler	present	char_tracker_stage05	chandler	present	1.0		high	
13	308	683.749	684.71	But you got up.	Whitfield	high	community_transcript_match	1.0	dialogue	False	True	Ross (drinking a glass of champagne and talking to to the others who look bored) | Sherman Whitfield | Ross | Whitfield | Chandler	Chandler	Chandler	False		Speaker agrees with available community-transcript mapping.	But, you got up!	Whitfield	Whitfield	present	char_tracker_stage05	chandler	unobserved			high	
13	309	685.11	686.95	But I never left the room.	Chandler	high	community_transcript_match	1.0	dialogue	False	True	Ross (drinking a glass of champagne and talking to to the others who look bored) | Sherman Whitfield | Ross | Whitfield | Chandler	Whitfield	Whitfield	False		Speaker agrees with available community-transcript mapping.	But, I never left the room!	Chandler	Chandler	present	char_tracker_stage05	chandler	present	1.0		high	
13	310	687.99	689.67	But you left the chair area.	Whitfield	high	community_transcript_match	1.0	dialogue	False	True	Ross (drinking a glass of champagne and talking to to the others who look bored) | Sherman Whitfield | Ross | Whitfield | Chandler	Chandler	Chandler	False		Speaker agrees with available community-transcript mapping.	But, you left the chair area.	Whitfield	Whitfield	partial	char_tracker_stage05		unobserved			high	
13	311	691.83	692.71	All right, that's it.	Chandler	high	community_transcript_match	1.0	dialogue	False	True	Ross (drinking a glass of champagne and talking to to the others who look bored) | Sherman Whitfield | Ross | Whitfield | Chandler	Whitfield	Chandler	False		Speaker agrees with available community-transcript mapping.	all right that's it	Chandler	Chandler	present	char_tracker_stage05	chandler	present	1.0		high	
13	312	692.87	693.91	Give me your underwear.	Chandler	high	community_transcript_match	1.0	dialogue	False	True	Ross (drinking a glass of champagne and talking to to the others who look bored) | Sherman Whitfield | Ross | Whitfield | Chandler	Chandler	Chandler	False		Speaker agrees with available community-transcript mapping.	All right, that's it, give me your underwear.	Chandler	Chandler	present	char_tracker_stage05	chandler	present	1.0		high	
13	313	694.14	694.38	Sa.	Chandler	medium	scene_context_inference	0.68	dialogue	True	False	Ross (drinking a glass of champagne and talking to to the others who look bored) | Sherman Whitfield | Ross | Whitfield | Chandler	Chandler		True	scene_end_short_utterance	Filled from previous same-scene context.				unknown	char_tracker_stage05		unknown		sentence_outside_visual_data_range	medium	visual_presence_unknown
