scene_id	sentence_id	start	end	utterance	speaker	speaker_confidence	speaker_method	alignment_score	row_type	filled_from_missing	matched_to_ct	scene_speaker_set	prev_speaker_scene	next_speaker_scene	review_flag	review_reason	notes	utterance_ct	speaker_ct	speaker_original	visual_presence	visual_presence_source	visual_presence_chars	speaker_visual_presence	speaker_visual_ratio	visual_presence_note	annotation_confidence	annotation_review_reason
1	1	2.48	5.92	So your first sexual experience was with a woman?	Chandler	high	qa_review_resolved_ct_support	1.0	dialogue	False	True	Chandler | Bonnie		Bonnie	True	speaker_no_face	Speaker agrees with available community-transcript mapping. | QA resolved prior review with community-transcript support.	(to Bonnie) So ah, your first sexual experience was with a woman?!	Chandler	Chandler	absent	char_tracker_stage05		absent	0.0		medium	speaker_no_face
1	2	6.88	7.92	All right, I was 15.	Bonnie	high	community_transcript_match	1.0	dialogue	False	True	Chandler | Bonnie	Chandler	Bonnie	False		Speaker agrees with available community-transcript mapping.	all right i was 15 we were making out	Bonnie	Bonnie	present	char_tracker_stage05	ross	unobserved			high	
1	3	8.32	9.92	It was my best friend, Ruth.	Bonnie	high	community_transcript_match	1.0	dialogue	False	True	Chandler | Bonnie	Bonnie	Bonnie	False		Speaker agrees with available community-transcript mapping.	all right i was 15 it was my best friend ruth we were making out	Bonnie	Bonnie	present	char_tracker_stage05	ross	unobserved			high	
1	4	9.92	12.16	And we got drunk on that hard cider.	Bonnie	high	community_transcript_match	1.0	dialogue	False	True	Chandler | Bonnie	Bonnie	Bonnie	False		Speaker agrees with available community-transcript mapping.	all right i was 15 it was my best friend ruth and we got drunk on that hard cider we were making out	Bonnie	Bonnie	present	char_tracker_stage05	ross	unobserved			high	
1	5	12.56	14.12	And then suddenly, I don't know, we were.	Bonnie	high	community_transcript_match	1.0	dialogue	False	True	Chandler | Bonnie	Bonnie	Chandler	False		Speaker agrees with available community-transcript mapping.	All right, I was 15, it was my best friend, Ruth, and we got drunk on that hard cider, and then suddenly, I don’t know, we were, we were making out.	Bonnie	Bonnie	present	char_tracker_stage05	ross	unobserved			high	
1	6	14.12	15.2	We were making out.	Chandler	medium	visual_disambiguation	0.74	dialogue	True	False	Chandler | Bonnie	Bonnie	Chandler	False		Only one of the two text-context candidates was visually present in the window.				present	char_tracker_stage05	chandler|ross	present			medium	
1	7	16.4	17.12	Tell it again.	Chandler	high	community_transcript_match	1.0	dialogue	False	True	Chandler | Bonnie	Chandler		False		Speaker agrees with available community-transcript mapping.	Tell it again. (pause, we see Rachel is not amused.) Seriously.	Chandler	Chandler	present	char_tracker_stage05	chandler|ross	present	1.0		high	
2	8	21.2	27.52	Seriously, I mean, is that woman capable of talking about anything else but sexual?	Rachel	high	community_transcript_match	1.0	dialogue	False	True	Rachel | Joey | Monica | Phoebe | Chandler | All | Bonnie | Ross		Joey	False		Speaker agrees with available community-transcript mapping.	(to Monica) I mean is that woman capable of talking about anything else but sex?	Rachel	Rachel	present	char_tracker_stage05	rachel	present	0.5714		high	
2	9	29.19	29.91	Yeah, sure.	Joey	high	community_transcript_match	1.0	dialogue	False	True	Rachel | Joey | Monica | Phoebe | Chandler | All | Bonnie | Ross	Rachel	Joey	False		Speaker agrees with available community-transcript mapping.	Yeah, sure	Joey	Joey	present	char_tracker_stage05	joey|monica	present	1.0		high	
2	10	29.99	32.31	Well, you know, earlier she was talking about geography.	Joey	high	community_transcript_match	1.0	dialogue	False	True	Rachel | Joey | Monica | Phoebe | Chandler | All | Bonnie | Ross	Joey	Monica	False		Speaker agrees with available community-transcript mapping.	Yeah, sure. Well y'know, earlier she was talking about geography.	Joey	Joey	present	char_tracker_stage05	joey|monica	present	1.0		high	
2	11	33.83	36.79	Joey, she was listing the countries she's done it in.	Monica	high	community_transcript_match	1.0	dialogue	False	True	Rachel | Joey | Monica | Phoebe | Chandler | All | Bonnie | Ross	Joey	Joey	False		Speaker agrees with available community-transcript mapping.	Joey, she was listing the countries she’s done it in.	Monica	Monica	present	char_tracker_stage05	joey|monica	present	1.0		high	
2	12	39.35	40.79	Well, I think we all learned something.	Joey	high	community_transcript_match	1.0	dialogue	False	True	Rachel | Joey | Monica | Phoebe | Chandler | All | Bonnie | Ross	Monica	Phoebe	False		Speaker agrees with available community-transcript mapping.	Well, I think we all learned something.	Joey	Joey	present	char_tracker_stage05	joey|monica	present	1.0		high	
2	13	42.55	43.55	Hey, you guys.	Phoebe	high	qa_review_resolved_ct_support	1.0	dialogue	False	True	Rachel | Joey | Monica | Phoebe | Chandler | All | Bonnie | Ross	Joey	Phoebe	True	speaker_offscreen	Speaker agrees with available community-transcript mapping. | QA resolved prior review with community-transcript support.	Hey, you guys	Phoebe	Phoebe	present	char_tracker_stage05	rachel	absent	0.0		low	speaker_offscreen
2	14	43.55	44.31	Look what I found.	Phoebe	high	qa_review_resolved_bridge	1.0	dialogue	False	True	Rachel | Joey | Monica | Phoebe | Chandler | All | Bonnie | Ross	Phoebe	Phoebe	True	speaker_no_face	Speaker agrees with available community-transcript mapping. | QA resolved prior review by same-speaker bridge.	Look what I found	Phoebe	Phoebe	absent	char_tracker_stage05		absent	0.0		medium	speaker_no_face
2	15	44.31	44.87	Look at this.	Phoebe	high	qa_review_resolved_bridge	1.0	dialogue	False	True	Rachel | Joey | Monica | Phoebe | Chandler | All | Bonnie | Ross	Phoebe	Phoebe	True	speaker_no_face	Speaker agrees with available community-transcript mapping. | QA resolved prior review by same-speaker bridge.	Look at this	Phoebe	Phoebe	absent	char_tracker_stage05		absent	0.0		medium	speaker_no_face
2	16	45.11	46.27	That's my mom's writing.	Phoebe	high	qa_review_resolved_bridge	1.0	dialogue	False	True	Rachel | Joey | Monica | Phoebe | Chandler | All | Bonnie | Ross	Phoebe	Phoebe	True	speaker_offscreen	Speaker agrees with available community-transcript mapping. | QA resolved prior review by same-speaker bridge.	(entering, hurriedly) Hey, you guys! Look what I found! Look at this! (She hands Chandler a picture) That’s my Mom’s writing! Look.	Phoebe	Phoebe	present	char_tracker_stage05	chandler	absent	0.0		low	speaker_offscreen
2	17	46.27	46.63	Look.	Phoebe	high	qa_review_resolved_ct_support	1.0	dialogue	False	True	Rachel | Joey | Monica | Phoebe | Chandler | All | Bonnie | Ross	Phoebe	Chandler	True	speaker_offscreen	Speaker agrees with available community-transcript mapping. | QA resolved prior review with community-transcript support.	Look	Phoebe	Phoebe	present	char_tracker_stage05	chandler	absent	0.0		low	speaker_offscreen
2	18	47.67	51.19	Me and Frank and Phoebe, graduation, 1965.	Chandler	high	community_transcript_match	1.0	dialogue	False	True	Rachel | Joey | Monica | Phoebe | Chandler | All | Bonnie | Ross	Phoebe	Phoebe	False		Speaker agrees with available community-transcript mapping.	(reading the back of the picture) Me and Frank and Phoebe, Graduation 1965.	Chandler	Chandler	present	char_tracker_stage05	chandler	present	1.0		high	
2	19	51.27	52.31	Do you know what that means?	Phoebe	high	community_transcript_match	1.0	dialogue	False	True	Rachel | Joey | Monica | Phoebe | Chandler | All | Bonnie | Ross	Chandler	Joey	False		Speaker agrees with available community-transcript mapping.	Y'know what that means?	Phoebe	Phoebe	present	char_tracker_stage05	chandler|joey|phoebe|rachel	present	1.0		high	
2	20	53.2	54.16	That you're actually 50?	Joey	high	community_transcript_match	1.0	dialogue	False	True	Rachel | Joey | Monica | Phoebe | Chandler | All | Bonnie | Ross	Phoebe	Phoebe	False		Speaker agrees with available community-transcript mapping.	That you’re actually 50?	Joey	Joey	present	char_tracker_stage05	joey|phoebe|rachel	present	1.0		high	
2	21	55.52	56.16	No, no.	Phoebe	high	community_transcript_match	1.0	dialogue	False	True	Rachel | Joey | Monica | Phoebe | Chandler | All | Bonnie | Ross	Joey	Phoebe	False		Speaker agrees with available community-transcript mapping.	no no that's not	Phoebe	Phoebe	present	char_tracker_stage05	joey|phoebe|rachel	present	1.0		high	
2	22	56.4	57.44	That's not me Phoebe.	Phoebe	high	community_transcript_match	1.0	dialogue	False	True	Rachel | Joey | Monica | Phoebe | Chandler | All | Bonnie | Ross	Phoebe	Phoebe	False		Speaker agrees with available community-transcript mapping.	no no that's not that's not me phoebe	Phoebe	Phoebe	present	char_tracker_stage05	joey|phoebe|rachel	present	1.0		high	
2	23	57.44	58.56	That's her pal, Phoebe.	Phoebe	high	community_transcript_match	1.0	dialogue	False	True	Rachel | Joey | Monica | Phoebe | Chandler | All | Bonnie | Ross	Phoebe	Phoebe	False		Speaker agrees with available community-transcript mapping.	No-no, that's not, that's not me Phoebe, that's her pal Phoebe	Phoebe	Phoebe	present	char_tracker_stage05	joey|phoebe|rachel	present	1.0		high	
2	24	58.56	60.72	According to her high school yearbook, they were, like, bff.	Phoebe	high	community_transcript_match	1.0	dialogue	False	True	Rachel | Joey | Monica | Phoebe | Chandler | All | Bonnie | Ross	Phoebe	Phoebe	False		Speaker agrees with available community-transcript mapping.	No-no, that’s not, that’s not me Phoebe, that’s her pal Phoebe. According to her high school yearbook, they were like B.F.F. (Ross and Bonnie look at her quizzically) Best Friends Forever.	Phoebe	Phoebe	present	char_tracker_stage05	joey|phoebe|rachel	present	1.0		high	
2	25	62.88	63.72	Best Friends Forever.	Phoebe	high	community_transcript_match	1.0	dialogue	False	True	Rachel | Joey | Monica | Phoebe | Chandler | All | Bonnie | Ross	Phoebe	All	False		Speaker agrees with available community-transcript mapping.	no no that's not that's not me phoebe that's her pal phoebe b f f best friends forever	Phoebe	Phoebe	present	char_tracker_stage05	phoebe|ross	present	1.0		high	
2	26	63.72	65.68	Oh, that's pretty.	All	high	community_transcript_match	1.0	dialogue	False	True	Rachel | Joey | Monica | Phoebe | Chandler | All | Bonnie | Ross	Phoebe	Rachel	False		Speaker agrees with available community-transcript mapping.	Oh!	All	All	present	char_tracker_stage05	phoebe	unobserved			high	
2	27	65.76	66.4	So cool.	Rachel	high	qa_review_resolved_ct_support	1.0	dialogue	False	True	Rachel | Joey | Monica | Phoebe | Chandler | All | Bonnie | Ross	All	Phoebe	True	speaker_offscreen	Speaker agrees with available community-transcript mapping. | QA resolved prior review with community-transcript support.	That is so cool.	Rachel	Rachel	present	char_tracker_stage05	chandler	absent	0.0		low	speaker_offscreen
2	28	66.4	66.88	I know.	Phoebe	high	qa_review_resolved_ct_support	1.0	dialogue	False	True	Rachel | Joey | Monica | Phoebe | Chandler | All | Bonnie | Ross	Rachel	Phoebe	True	speaker_offscreen	Speaker agrees with available community-transcript mapping. | QA resolved prior review with community-transcript support.	I know	Phoebe	Phoebe	present	char_tracker_stage05	chandler	absent	0.0		low	speaker_offscreen
2	29	66.88	70.24	So this woman probably could, like, has all kinds of stories about my parents.	Phoebe	high	qa_review_resolved_bridge	1.0	dialogue	False	True	Rachel | Joey | Monica | Phoebe | Chandler | All | Bonnie | Ross	Phoebe	Phoebe	True	speaker_offscreen	Speaker agrees with available community-transcript mapping. | QA resolved prior review by same-speaker bridge.	I know! So this woman probably could like have all kinds of stories about my parents, and she might even know like where my Dad is. So I looked her up, and she lives out by the beach. So maybe this weekend we could go to the beach?	Phoebe	Phoebe	present	char_tracker_stage05	chandler	absent	0.2		low	speaker_offscreen
2	30	70.32	72.4	And she might even know, like, where my dad is.	Phoebe	high	community_transcript_match	1.0	dialogue	False	True	Rachel | Joey | Monica | Phoebe | Chandler | All | Bonnie | Ross	Phoebe	Phoebe	False		Speaker agrees with available community-transcript mapping.	i know and she might even know like where my dad is so i looked her up and she lives out by the beach so maybe this weekend we could go to the beach	Phoebe	Phoebe	present	char_tracker_stage05	phoebe|rachel	present	1.0		high	
2	31	72.64	74.84	So I looked her up, and she lives out by the beach.	Phoebe	high	community_transcript_match	1.0	dialogue	False	True	Rachel | Joey | Monica | Phoebe | Chandler | All | Bonnie | Ross	Phoebe	Phoebe	False		Speaker agrees with available community-transcript mapping.	i know so i looked her up and she lives out by the beach so maybe this weekend we could go to the beach	Phoebe	Phoebe	present	char_tracker_stage05	chandler|phoebe|rachel	present	1.0		high	
2	32	74.84	76.48	So maybe this weekend we could go to the beach.	Phoebe	high	community_transcript_match	1.0	dialogue	False	True	Rachel | Joey | Monica | Phoebe | Chandler | All | Bonnie | Ross	Phoebe	All	False		Speaker agrees with available community-transcript mapping.	i know so maybe this weekend we could go to the beach	Phoebe	Phoebe	present	char_tracker_stage05	phoebe|rachel	present	1.0		high	
2	33	76.72	77.52	Yeah, we can.	All	high	community_transcript_match	1.0	dialogue	False	True	Rachel | Joey | Monica | Phoebe | Chandler | All | Bonnie | Ross	Phoebe	Bonnie	False		Speaker agrees with available community-transcript mapping.	Yeah! Yeah, we can!	All	All	present	char_tracker_stage05	phoebe|rachel|ross	unobserved			high	
2	34	78.64	79.64	Shoot, I can't go.	Bonnie	high	community_transcript_match	1.0	dialogue	False	True	Rachel | Joey | Monica | Phoebe | Chandler | All | Bonnie | Ross	All	Bonnie	False		Speaker agrees with available community-transcript mapping.	(to Ross) Shoot! I can’t go, I have to work!	Bonnie	Bonnie	present	char_tracker_stage05	ross	unobserved			high	
2	35	79.64	80.32	I have to work.	Bonnie	high	community_transcript_match	1.0	dialogue	False	True	Rachel | Joey | Monica | Phoebe | Chandler | All | Bonnie | Ross	Bonnie	Ross	False		Speaker agrees with available community-transcript mapping.	I can't go, I have to work	Bonnie	Bonnie	present	char_tracker_stage05	ross	unobserved			high	
2	36	80.77	81.49	That's too bad.	Ross	high	community_transcript_match	1.0	dialogue	False	True	Rachel | Joey | Monica | Phoebe | Chandler | All | Bonnie | Ross	Bonnie	Rachel	False		Speaker agrees with available community-transcript mapping.	That’s too bad.	Ross	Ross	present	char_tracker_stage05	phoebe|rachel|ross	present	1.0		high	
2	37	81.57	83.41	Oh, big fat bummer.	Rachel	high	community_transcript_match	1.0	dialogue	False	True	Rachel | Joey | Monica | Phoebe | Chandler | All | Bonnie | Ross	Ross	Phoebe	False		Speaker agrees with available community-transcript mapping.	(sarcastic) Ohh, big, fat bummerrr.	Rachel	Rachel	present	char_tracker_stage05	phoebe|rachel	present	1.0		high	
2	38	85.41	86.01	So great.	Phoebe	high	qa_review_resolved_ct_support	1.0	dialogue	False	True	Rachel | Joey | Monica | Phoebe | Chandler | All | Bonnie | Ross	Rachel	Phoebe	True	speaker_no_face	Speaker agrees with available community-transcript mapping. | QA resolved prior review with community-transcript support.	so great	Phoebe	Phoebe	absent	char_tracker_stage05		absent	0.0		medium	speaker_no_face
2	39	86.01	88.01	Okay, tomorrow we're gonna drive out to Montauk.	Phoebe	high	qa_review_resolved_ct_support	1.0	dialogue	False	True	Rachel | Joey | Monica | Phoebe | Chandler | All | Bonnie | Ross	Phoebe	Joey	True	speaker_offscreen	Speaker agrees with available community-transcript mapping. | QA resolved prior review with community-transcript support.	So great! Okay! Tomorrow we’re gonna drive out to Montauk.	Phoebe	Phoebe	present	char_tracker_stage05	joey|rachel	absent	0.0		low	speaker_offscreen
2	40	88.01	88.65	Hey, Bonnie.	Joey	high	community_transcript_match	1.0	dialogue	False	True	Rachel | Joey | Monica | Phoebe | Chandler | All | Bonnie | Ross	Phoebe	Joey	False		Speaker agrees with available community-transcript mapping.	Hey, Bonnie had sex there!	Joey	Joey	present	char_tracker_stage05	joey|rachel	present	1.0		high	
2	41	88.65	89.01	Had sex.	Joey	high	community_transcript_match	1.0	dialogue	False	True	Rachel | Joey | Monica | Phoebe | Chandler | All | Bonnie | Ross	Joey	Joey	False		Speaker agrees with available community-transcript mapping.	had sex there	Joey	Joey	present	char_tracker_stage05	joey|rachel	present	1.0		high	
2	42	89.01	89.49	Dad.	Joey	medium	scene_context_inference	0.68	dialogue	True	False	Rachel | Joey | Monica | Phoebe | Chandler | All | Bonnie | Ross	Joey		True	scene_end_short_utterance	Filled from previous same-scene context.				present	char_tracker_stage05	joey|rachel	present			medium	
5	43	100.77	101.25	Hey.	Chandler	high	qa_review_resolved_ct_support	1.0	dialogue	False	True	Chandler | Monica		Monica	True	speaker_no_face	Speaker agrees with available community-transcript mapping. | QA resolved prior review with community-transcript support.	Hey.	Chandler	Chandler	absent	char_tracker_stage05		absent	0.0		medium	speaker_no_face
5	44	101.49	101.97	Hey.	Monica	high	qa_review_resolved_ct_support	1.0	dialogue	False	True	Chandler | Monica	Chandler	Chandler	True	speaker_no_face	Speaker agrees with available community-transcript mapping. | QA resolved prior review with community-transcript support.	Hey.	Monica	Monica	absent	char_tracker_stage05		absent	0.0		medium	speaker_no_face
5	45	101.97	102.97	Joey will be right down.	Chandler	high	qa_review_resolved_ct_support	1.0	dialogue	False	True	Chandler | Monica	Monica	Chandler	True	speaker_no_face	Speaker agrees with available community-transcript mapping. | QA resolved prior review with community-transcript support.	Joey will be right down	Chandler	Chandler	absent	char_tracker_stage05		absent	0.0		medium	speaker_no_face
5	46	102.97	104.21	He's just looking for his mask.	Chandler	high	qa_review_resolved_bridge	1.0	dialogue	False	True	Chandler | Monica	Chandler	Chandler	True	speaker_no_face	Speaker agrees with available community-transcript mapping. | QA resolved prior review by same-speaker bridge.	Joey will be right down. He's just looking for his mask.	Chandler	Chandler	partial	char_tracker_stage05		absent	0.0		medium	speaker_no_face
5	47	104.21	105.21	What's wet mask?	Chandler	high	scene_context_bridge	0.88	dialogue	True	False	Chandler | Monica	Chandler	Chandler	False		Same speaker appears on both sides within the same scene.				present	char_tracker_stage05	chandler|monica	present			high	
5	48	105.21	106.36	No, his gorilla mask.	Chandler	high	community_transcript_match	1.0	dialogue	False	True	Chandler | Monica	Chandler	Chandler	False		Speaker agrees with available community-transcript mapping.	No, his gorilla mask	Chandler	Chandler	present	char_tracker_stage05	chandler|monica	present	1.0		high	
5	49	108.03	110.43	He wears it in the ocean to scare off the fish.	Chandler	high	community_transcript_match	1.0	dialogue	False	True	Chandler | Monica	Chandler	Monica	False		Speaker agrees with available community-transcript mapping.	No, his gorilla mask. He, ah, wears it in the ocean to scare off the fish.	Chandler	Chandler	present	char_tracker_stage05	chandler|monica	present	1.0		high	
5	50	113.55	114.59	Would you look at them?	Monica	high	qa_review_resolved_ct_support	1.0	dialogue	False	True	Chandler | Monica	Chandler	Monica	True	speaker_no_face	Speaker agrees with available community-transcript mapping. | QA resolved prior review with community-transcript support.	(watching a happy couple walk by, arm in arm) Would you look at them. Am I ever gonna find a boyfriend again? I gonna die an old maid.	Monica	Monica	absent	char_tracker_stage05		absent	0.0		medium	speaker_no_face
5	51	116.03	117.55	Never gonna find a boyfriend again.	Monica	high	community_transcript_match	1.0	dialogue	False	True	Chandler | Monica	Monica	Monica	False		Speaker agrees with available community-transcript mapping.	Am I ever gonna find a boyfriend again	Monica	Monica	present	char_tracker_stage05	monica	present	1.0		high	
5	52	118.91	120.19	Die an old maid.	Monica	high	community_transcript_match	1.0	dialogue	False	True	Chandler | Monica	Monica	Chandler	False		Speaker agrees with available community-transcript mapping.	I gonna die an old maid	Monica	Monica	present	char_tracker_stage05	monica	present	1.0		high	
5	53	120.91	122.749	You're not gonna die an old maid.	Chandler	high	community_transcript_match	1.0	dialogue	False	True	Chandler | Monica	Monica	Chandler	False		Speaker agrees with available community-transcript mapping.	You’re not gonna die an old maid, maybe an old spinster cook.	Chandler	Chandler	present	char_tracker_stage05	chandler|monica	present	1.0		high	
5	54	123.47	125.79	Maybe an old spinster cook.	Chandler	high	community_transcript_match	1.0	dialogue	False	True	Chandler | Monica	Chandler	Monica	False		Speaker agrees with available community-transcript mapping.	maybe an old spinster cook	Chandler	Chandler	present	char_tracker_stage05	chandler|monica	present	1.0		high	
5	55	129.15	129.63	Thanks.	Monica	high	community_transcript_match	1.0	dialogue	False	True	Chandler | Monica	Chandler	Chandler	False		Speaker agrees with available community-transcript mapping.	(sarcastic) Thanks!	Monica	Monica	present	char_tracker_stage05	chandler|monica	present	1.0		high	
5	56	129.71	130.23	Hey, no.	Chandler	high	community_transcript_match	1.0	dialogue	False	True	Chandler | Monica	Monica	Chandler	False		Speaker agrees with available community-transcript mapping.	hey now	Chandler	Chandler	present	char_tracker_stage05	chandler|monica	present	1.0		high	
5	57	130.23	133.16	Besides, worse comes to worse, I'll be your boyfriend.	Chandler	high	community_transcript_match	1.0	dialogue	False	True	Chandler | Monica	Chandler		False		Speaker agrees with available community-transcript mapping.	Hey now besides, if worst comes to worst, I’ll be your boyfriend.	Chandler	Chandler	present	char_tracker_stage05	chandler|monica	present	1.0		high	
6	58	137.4	138.12	Yeah, right.	Monica	high	community_transcript_match	1.0	dialogue	False	True	Monica | Chandler | Joey		Chandler	False		Speaker agrees with available community-transcript mapping.	Yeah right.	Monica	Monica	present	char_tracker_stage05	chandler|monica	present	1.0		high	
6	59	141.64	143.08	Why is that so funny?	Chandler	high	community_transcript_match	1.0	dialogue	False	True	Monica | Chandler | Joey	Monica	Monica	False		Speaker agrees with available community-transcript mapping.	Why is that so funny?	Chandler	Chandler	present	char_tracker_stage05	chandler|monica	present	1.0		high	
6	60	143.88	145.16	You made a joke, right?	Monica	high	qa_review_resolved_ct_support	1.0	dialogue	False	True	Monica | Chandler | Joey	Chandler	Monica	True	speaker_no_face	Speaker agrees with available community-transcript mapping. | QA resolved prior review with community-transcript support.	You made a joke right? So I laughed.	Monica	Monica	partial	char_tracker_stage05		absent	0.0		medium	speaker_no_face
6	61	146.04	147.08	So I laughed.	Monica	high	qa_review_resolved_ct_support	1.0	dialogue	False	True	Monica | Chandler | Joey	Monica	Chandler	True	speaker_offscreen	Speaker agrees with available community-transcript mapping. | QA resolved prior review with community-transcript support.	So I laughed	Monica	Monica	present	char_tracker_stage05	chandler	absent	0.0		low	speaker_offscreen
6	62	150.04	151.0	A little too hard.	Chandler	medium	visual_disambiguation	0.74	dialogue	True	False	Monica | Chandler | Joey	Monica	Chandler	False		Only one of the two text-context candidates was visually present in the window.				present	char_tracker_stage05	chandler	present			medium	
6	63	152.92	153.2	What?	Chandler	high	scene_context_bridge	0.88	dialogue	True	False	Monica | Chandler | Joey	Chandler	Chandler	False		Same speaker appears on both sides within the same scene.				present	char_tracker_stage05	chandler	present			high	
6	64	153.2	155.0	Am I not boyfriend material?	Chandler	high	community_transcript_match	1.0	dialogue	False	True	Monica | Chandler | Joey	Chandler	Monica	False		Speaker agrees with available community-transcript mapping.	Ha-ha-ha. A little too hard. What am I not ah, boyfriend material?	Chandler	Chandler	present	char_tracker_stage05	chandler	present	1.0		high	
6	65	155.96	157.64	No, you're Chandler.	Monica	high	community_transcript_match	1.0	dialogue	False	True	Monica | Chandler | Joey	Chandler	Monica	False		Speaker agrees with available community-transcript mapping.	Well, no. You’re Chandler. Y'know, Chandler! (hits him on the arm)	Monica	Monica	present	char_tracker_stage05	monica	present	1.0		high	
6	66	159.49	161.57	You know Chandler.	Monica	high	community_transcript_match	1.0	dialogue	False	True	Monica | Chandler | Joey	Monica	Chandler	False		Speaker agrees with available community-transcript mapping.	Y'know, Chandler	Monica	Monica	present	char_tracker_stage05	monica	present	1.0		high	
6	67	162.61	165.01	Okay, so we've established my name and hit me.	Chandler	medium	visual_disambiguation	0.74	dialogue	True	False	Monica | Chandler | Joey	Monica	Chandler	False		Only one of the two text-context candidates was visually present in the window.				present	char_tracker_stage05	chandler	present			medium	
6	68	166.45	168.73	But theoretically, you know, I mean, say we weren't friends.	Chandler	high	community_transcript_match	1.0	dialogue	False	True	Monica | Chandler | Joey	Chandler	Chandler	False		Speaker agrees with available community-transcript mapping.	but theoretically y'know i mean say we weren't friends	Chandler	Chandler	present	char_tracker_stage05	chandler	present	1.0		high	
6	69	168.73	169.69	Say it's a blind date.	Chandler	high	community_transcript_match	1.0	dialogue	False	True	Monica | Chandler | Joey	Chandler	Chandler	False		Speaker agrees with available community-transcript mapping.	But theoretically y'know, I mean say we weren't friends, say it's a blind date	Chandler	Chandler	present	char_tracker_stage05	chandler	present	1.0		high	
6	70	169.69	172.81	I show up at your door and I'm like, hey, nice to meet you.	Chandler	high	community_transcript_match	1.0	dialogue	False	True	Monica | Chandler | Joey	Chandler	Chandler	False		Speaker agrees with available community-transcript mapping.	Okay, so we’ve established my name, and hit me. But theoretically y'know, I mean say we weren’t friends, say it’s a blind date. I show up at your door, and I’m like (in a fake voice) “Hey, nice to meet, ya. Hey, oh-hey.”	Chandler	Chandler	present	char_tracker_stage05	chandler	present	1.0		high	
6	71	172.81	173.25	Hey.	Chandler	high	community_transcript_match	1.0	dialogue	False	True	Monica | Chandler | Joey	Chandler	Monica	False		Speaker agrees with available community-transcript mapping.	Hey, oh-hey	Chandler	Chandler	present	char_tracker_stage05	chandler	present	1.0		high	
6	72	175.65	178.61	I'd probably be scared of the guy using a fake voice.	Monica	high	community_transcript_match	1.0	dialogue	False	True	Monica | Chandler | Joey	Chandler	Joey	False		Speaker agrees with available community-transcript mapping.	Well I’d probably be scared of a guy using a fake voice.	Monica	Monica	present	char_tracker_stage05	chandler|monica	present	1.0		high	
6	73	180.37	180.85	Hey.	Joey	high	qa_review_resolved_ct_support	1.0	dialogue	False	True	Monica | Chandler | Joey	Monica	Monica	True	speaker_offscreen	Speaker agrees with available community-transcript mapping. | QA resolved prior review with community-transcript support.	(walking up carrying a brown paper bag) Hey!	Joey	Joey	present	char_tracker_stage05	chandler	absent	0.0		low	speaker_offscreen
6	74	180.85	181.45	Oh, hey.	Monica	high	qa_review_resolved_ct_support	1.0	dialogue	False	True	Monica | Chandler | Joey	Joey	Monica	True	speaker_offscreen	Speaker agrees with available community-transcript mapping. | QA resolved prior review with community-transcript support.	Oh, hey	Monica	Monica	present	char_tracker_stage05	chandler	absent	0.0		low	speaker_offscreen
6	75	181.45	182.61	Oh, good, you bought food.	Monica	high	qa_review_resolved_ct_support	1.0	dialogue	False	True	Monica | Chandler | Joey	Monica	Joey	True	speaker_offscreen	Speaker agrees with available community-transcript mapping. | QA resolved prior review with community-transcript support.	Oh, hey! Oh good, you brought food!	Monica	Monica	present	char_tracker_stage05	joey	absent	0.0		low	speaker_offscreen
6	76	182.85	184.29	No, just my luggage.	Joey	high	community_transcript_match	1.0	dialogue	False	True	Monica | Chandler | Joey	Monica		False		Speaker agrees with available community-transcript mapping.	No, it’s just my luggage.	Joey	Joey	present	char_tracker_stage05	joey	present	1.0		high	
7	77	187.41	187.89	Hey.	Chandler, Monica, and Joey	high	community_transcript_match	1.0	dialogue	False	True	Chandler, Monica, and Joey | Joey | Phoebe | Ross | Rachel | Chandler		Joey	False		Speaker agrees with available community-transcript mapping.	Hey!!	Chandler, Monica, and Joey	Chandler, Monica, and Joey	present	char_tracker_stage05	chandler|monica	unobserved			high	
7	78	188.21	188.93	Hey, guys.	Joey	medium	short_turn_alternation	0.7	dialogue	True	False	Chandler, Monica, and Joey | Joey | Phoebe | Ross | Rachel | Chandler	Chandler, Monica, and Joey	Joey	True	short_utterance_between_two_speakers | speaker_offscreen	Short utterance inferred from local turn alternation.				present	char_tracker_stage05	chandler|monica	absent			low	speaker_offscreen
7	79	190.91	191.31	Yeah.	Joey	high	qa_review_resolved_ct_support	1.0	dialogue	False	True	Chandler, Monica, and Joey | Joey | Phoebe | Ross | Rachel | Chandler	Joey	Phoebe	True	speaker_no_face	Speaker agrees with available community-transcript mapping. | QA resolved prior review with community-transcript support.	Woo-hoo! All right! Yeah!	Joey	Joey	absent	char_tracker_stage05		absent	0.0		medium	speaker_no_face
7	80	192.19	194.59	Oh, I am having the best karma of this week.	Phoebe	high	community_transcript_match	1.0	dialogue	False	True	Chandler, Monica, and Joey | Joey | Phoebe | Ross | Rachel | Chandler	Joey	Phoebe	False		Speaker agrees with available community-transcript mapping.	Oh, I am having the best karma this week	Phoebe	Phoebe	present	char_tracker_stage05	phoebe	present	0.6667		high	
7	81	194.83	199.79	First I find this woman who knew my parents and then my client with the fuzzy back gives me his beach house.	Phoebe	high	community_transcript_match	1.0	dialogue	False	True	Chandler, Monica, and Joey | Joey | Phoebe | Ross | Rachel | Chandler	Phoebe	Ross	False		Speaker agrees with available community-transcript mapping.	Oh, I am having the best karma this week. First, I find this woman who knew my parents, and then my client with the fuzzy back gives me his beach house.	Phoebe	Phoebe	present	char_tracker_stage05	phoebe|ross	present	1.0		high	
7	82	200.27	202.67	What about that bike messenger you hit?	Ross	high	community_transcript_match	1.0	dialogue	False	True	Chandler, Monica, and Joey | Joey | Phoebe | Ross | Rachel | Chandler	Phoebe	Phoebe	False		Speaker agrees with available community-transcript mapping.	Yeah? What about ah, that bike messenger you hit?	Ross	Ross	present	char_tracker_stage05	ross	present	1.0		high	
7	83	203.31	205.07	Oh, I wasn't talking about his karma.	Phoebe	high	qa_review_resolved_ct_support	1.0	dialogue	False	True	Chandler, Monica, and Joey | Joey | Phoebe | Ross | Rachel | Chandler	Ross	Rachel	True	speaker_offscreen	Speaker agrees with available community-transcript mapping. | QA resolved prior review with community-transcript support.	Oh, I wasn’t talking about his karma.	Phoebe	Phoebe	present	char_tracker_stage05	ross	absent	0.0		low	speaker_offscreen
7	84	206.11	206.59	Hey.	Rachel	high	qa_review_resolved_ct_support	1.0	dialogue	False	True	Chandler, Monica, and Joey | Joey | Phoebe | Ross | Rachel | Chandler	Phoebe	Chandler	True	speaker_no_face	Speaker agrees with available community-transcript mapping. | QA resolved prior review with community-transcript support.	(approaching) Hey!	Rachel	Rachel	absent	char_tracker_stage05		absent	0.0		medium	speaker_no_face
7	85	207.71	209.23	Hey, check out the hat.	Chandler	high	qa_review_resolved_ct_support	1.0	dialogue	False	True	Chandler, Monica, and Joey | Joey | Phoebe | Ross | Rachel | Chandler	Rachel	Chandler	True	speaker_no_face	Speaker agrees with available community-transcript mapping. | QA resolved prior review with community-transcript support.	Hey!	Chandler	Chandler	absent	char_tracker_stage05		absent	0.0		medium	speaker_no_face
7	86	212.99	213.59	Wait a minute.	Chandler	high	community_transcript_match	1.0	dialogue	False	True	Chandler, Monica, and Joey | Joey | Phoebe | Ross | Rachel | Chandler	Chandler		False		Speaker agrees with available community-transcript mapping.	what a minute	Chandler	Chandler	present	char_tracker_stage05	chandler|joey|phoebe|rachel	present	1.0		high	
8	87	213.59	214.51	I know that hat.	Chandler	high	community_transcript_match	1.0	dialogue	False	True	Chandler | Monica | Rachel | Ross | Phoebe		Chandler	False		Speaker agrees with available community-transcript mapping.	What a minute, I know that hat	Chandler	Chandler	present	char_tracker_stage05	chandler|joey|phoebe	present	1.0		high	
8	88	215.8	217.32	I was taken aboard that hat.	Chandler	high	community_transcript_match	1.0	dialogue	False	True	Chandler | Monica | Rachel | Ross | Phoebe	Chandler	Chandler	False		Speaker agrees with available community-transcript mapping.	What a minute, I know that hat! I was taken aboard that hat! They did experiments on me! I can’t have children!!	Chandler	Chandler	present	char_tracker_stage05	chandler|joey|phoebe	present	1.0		high	
8	89	218.68	220.36	They did experiments on me.	Chandler	high	community_transcript_match	1.0	dialogue	False	True	Chandler | Monica | Rachel | Ross | Phoebe	Chandler	Chandler	False		Speaker agrees with available community-transcript mapping.	They did experiments on me	Chandler	Chandler	present	char_tracker_stage05	chandler|joey|monica	present	1.0		high	
8	90	221.08	222.12	I can't have children.	Chandler	high	community_transcript_match	1.0	dialogue	False	True	Chandler | Monica | Rachel | Ross | Phoebe	Chandler	Monica	False		Speaker agrees with available community-transcript mapping.	I can't have children	Chandler	Chandler	present	char_tracker_stage05	chandler|joey|monica	present	1.0		high	
8	91	224.04	226.04	Seriously, where did you get the hat?	Monica	high	qa_review_resolved_ct_support	1.0	dialogue	False	True	Chandler | Monica | Rachel | Ross | Phoebe	Chandler	Rachel	True	speaker_no_face	Speaker agrees with available community-transcript mapping. | QA resolved prior review with community-transcript support.	Seriously, where did you get the hat?	Monica	Monica	partial	char_tracker_stage05		absent	0.0		medium	speaker_no_face
8	92	226.28	227.48	Ross gave it to me.	Rachel	high	community_transcript_match	1.0	dialogue	False	True	Chandler | Monica | Rachel | Ross | Phoebe	Monica	Ross	False		Speaker agrees with available community-transcript mapping.	Ross gave it to me.	Rachel	Rachel	present	char_tracker_stage05	rachel|ross	present	1.0		high	
8	93	227.96	229.16	I think she looks good.	Ross	high	community_transcript_match	1.0	dialogue	False	True	Chandler | Monica | Rachel | Ross | Phoebe	Rachel	Rachel	False		Speaker agrees with available community-transcript mapping.	Yeah, I think she looks good.	Ross	Ross	present	char_tracker_stage05	rachel|ross	present	1.0		high	
8	94	230.12	230.76	Thank you.	Rachel	high	community_transcript_match	1.0	dialogue	False	True	Chandler | Monica | Rachel | Ross | Phoebe	Ross	Chandler	False		Speaker agrees with available community-transcript mapping.	Ohh, thank you.	Rachel	Rachel	present	char_tracker_stage05	chandler|joey|monica|rachel|ross	present	1.0		high	
8	95	230.84	234.28	Will you buy it for ya or win it for you?	Chandler	high	community_transcript_match	1.0	dialogue	False	True	Chandler | Monica | Rachel | Ross | Phoebe	Rachel	Rachel	False		Speaker agrees with available community-transcript mapping.	Buy it for ya, or win it for ya?	Chandler	Chandler	present	char_tracker_stage05	chandler|joey|monica	present	1.0		high	
8	96	235.88	238.44	Well, excuse me, my fashion impaired friends.	Rachel	high	community_transcript_match	1.0	dialogue	False	True	Chandler | Monica | Rachel | Ross | Phoebe	Chandler	Rachel	False		Speaker agrees with available community-transcript mapping.	Well excuse me, my fashion-impaired friends, I am here to tell you that hats are back.	Rachel	Rachel	present	char_tracker_stage05	rachel	present	1.0		high	
8	97	238.52	240.6	I am here to tell you that hats are back.	Rachel	high	community_transcript_match	1.0	dialogue	False	True	Chandler | Monica | Rachel | Ross | Phoebe	Rachel	Phoebe	False		Speaker agrees with available community-transcript mapping.	i am here to tell you that hats are back	Rachel	Rachel	present	char_tracker_stage05	rachel	present	1.0		high	
8	98	240.84	243.88	And this time they've ganged up and worn one giant super hat.	Phoebe	high	community_transcript_match	1.0	dialogue	False	True	Chandler | Monica | Rachel | Ross | Phoebe	Rachel		False		Speaker agrees with available community-transcript mapping.	And this time, they’ve ganged up to form one giant, super hat.	Phoebe	Phoebe	present	char_tracker_stage05	chandler|joey|monica|phoebe	present	1.0		high	
9	99	251.06	251.7	Go, go, go.	Ross	high	qa_review_resolved_ct_support	1.0	dialogue	False	True	Ross | Rachel		Rachel	True	speaker_no_face	Speaker agrees with available community-transcript mapping. | QA resolved prior review with community-transcript support.	Go, go, go!	Ross	Ross	absent	char_tracker_stage05		absent	0.0		medium	speaker_no_face
9	100	251.7	252.06	Yeah.	Rachel	high	qa_review_resolved_ct_support	1.0	dialogue	False	True	Ross | Rachel	Ross	Rachel	True	speaker_no_face	Speaker agrees with available community-transcript mapping. | QA resolved prior review with community-transcript support.	oh yeah this hat	Rachel	Rachel	absent	char_tracker_stage05		absent	0.0		medium	speaker_no_face
9	101	252.06	253.86	Now everybody wants to be under the hat.	Rachel	high	qa_review_resolved_bridge	1.0	dialogue	False	True	Ross | Rachel	Rachel	Rachel	True	speaker_no_face	Speaker agrees with available community-transcript mapping. | QA resolved prior review by same-speaker bridge.	Oh yeah, now everybody wants to be under this hat!	Rachel	Rachel	absent	char_tracker_stage05		absent	0.0		medium	speaker_no_face
9	102	259.14	259.7	Oi.	Rachel	medium	scene_context_inference	0.68	dialogue	True	False	Ross | Rachel	Rachel		True	scene_end_short_utterance | speaker_no_face	Filled from previous same-scene context.				absent	char_tracker_stage05		absent			medium	speaker_no_face
10	103	261.86	263.14	What's with all this sand?	Monica	high	community_transcript_match	1.0	dialogue	False	True	Monica | Phoebe | Ross | Chandler | Joey		Phoebe	False		Speaker agrees with available community-transcript mapping.	What’s with all this sand? (picking a handful of sand off of the floor, which is covered in sand)	Monica	Monica	present	char_tracker_stage05	monica|phoebe|rachel	present	0.6667		high	
10	104	263.78	266.5	Oh yeah, Bob said there might be flood damage.	Phoebe	high	community_transcript_match	1.0	dialogue	False	True	Monica | Phoebe | Ross | Chandler | Joey	Monica	Ross	False		Speaker agrees with available community-transcript mapping.	Oh, yeah, Bob said there might be flood damage.	Phoebe	Phoebe	present	char_tracker_stage05	monica|phoebe|rachel	present	1.0		high	
10	105	266.66	268.66	Either that or he has a really big cat.	Ross	high	community_transcript_match	1.0	dialogue	False	True	Monica | Phoebe | Ross | Chandler | Joey	Phoebe	Chandler	False		Speaker agrees with available community-transcript mapping.	Yeah, either that, or he has a really big cat.	Ross	Ross	present	char_tracker_stage05	joey|ross	present	1.0		high	
10	106	270.9	272.26	You know what this reminds me of?	Chandler	high	qa_review_resolved_ct_support	1.0	dialogue	False	True	Monica | Phoebe | Ross | Chandler | Joey	Ross	Chandler	True	speaker_no_face	Speaker agrees with available community-transcript mapping. | QA resolved prior review with community-transcript support.	Ah, you know what this reminds me of	Chandler	Chandler	partial	char_tracker_stage05		absent	0.3333		medium	speaker_no_face
10	107	273.31	274.51	Why couldn't I be your boyfriend?	Chandler	high	community_transcript_match	1.0	dialogue	False	True	Monica | Phoebe | Ross | Chandler | Joey	Chandler	Monica	False		Speaker agrees with available community-transcript mapping.	Ah, you know what this reminds me of? (to Monica) Umm, why couldn't I be your boyfriend?	Chandler	Chandler	present	char_tracker_stage05	chandler|monica	present	1.0		high	
10	108	276.83	278.03	Are you still on that?	Monica	high	community_transcript_match	1.0	dialogue	False	True	Monica | Phoebe | Ross | Chandler | Joey	Chandler	Chandler	False		Speaker agrees with available community-transcript mapping.	Are you still on that?	Monica	Monica	present	char_tracker_stage05	chandler|monica	present	0.6667		high	
10	109	278.03	278.83	Uh huh.	Chandler	high	community_transcript_match	1.0	dialogue	False	True	Monica | Phoebe | Ross | Chandler | Joey	Monica	Joey	False		Speaker agrees with available community-transcript mapping.	Uh-huh.	Chandler	Chandler	present	char_tracker_stage05	chandler	present	1.0		high	
10	110	278.91	280.11	Would you let it go already?	Joey	high	qa_review_resolved_ct_support	1.0	dialogue	False	True	Monica | Phoebe | Ross | Chandler | Joey	Chandler	Monica	True	speaker_no_face	Speaker agrees with available community-transcript mapping. | QA resolved prior review with community-transcript support.	Would you let it go already?	Joey	Joey	partial	char_tracker_stage05		absent	0.0		medium	speaker_no_face
10	111	280.27	281.23	Thank you, Joey.	Monica	high	qa_review_resolved_ct_support	1.0	dialogue	False	True	Monica | Phoebe | Ross | Chandler | Joey	Joey	Joey	True	speaker_no_face	Speaker agrees with available community-transcript mapping. | QA resolved prior review with community-transcript support.	Thank you, Joey.	Monica	Monica	absent	char_tracker_stage05		absent	0.0		medium	speaker_no_face
10	112	281.71	283.15	But you'd go out with me, right?	Joey	high	qa_review_resolved_ct_support	1.0	dialogue	False	True	Monica | Phoebe | Ross | Chandler | Joey	Monica	Monica	True	speaker_no_face	Speaker agrees with available community-transcript mapping. | QA resolved prior review with community-transcript support.	But you'd go out with me, right?	Joey	Joey	absent	char_tracker_stage05		absent	0.0		medium	speaker_no_face
10	113	284.19	286.99	No, it is the same as with Chandler.	Monica	high	qa_review_resolved_ct_support	1.0	dialogue	False	True	Monica | Phoebe | Ross | Chandler | Joey	Joey	Monica	True	speaker_no_face	Speaker agrees with available community-transcript mapping. | QA resolved prior review with community-transcript support.	No. It's the same as with Chandler. We're friends.	Monica	Monica	partial	char_tracker_stage05		absent	0.3333		medium	speaker_no_face
10	114	287.07	287.71	We're friends.	Monica	high	community_transcript_match	1.0	dialogue	False	True	Monica | Phoebe | Ross | Chandler | Joey	Monica	Joey	False		Speaker agrees with available community-transcript mapping.	We're friends	Monica	Monica	present	char_tracker_stage05	chandler|joey|monica	present	1.0		high	
10	115	287.95	292.07	Well, let's say we were the last two guys on the face of the planet and you had a gun to your head.	Joey	high	community_transcript_match	1.0	dialogue	False	True	Monica | Phoebe | Ross | Chandler | Joey	Monica	Joey	False		Speaker agrees with available community-transcript mapping.	Woah, ah, let's say that we are the last two guys on the face of the planet and you a gun to your head. Which one would you pick?	Joey	Joey	present	char_tracker_stage05	chandler|joey	present	1.0		high	
10	116	292.07	292.91	Which one would you pick?	Joey	high	community_transcript_match	1.0	dialogue	False	True	Monica | Phoebe | Ross | Chandler | Joey	Joey	Monica	False		Speaker agrees with available community-transcript mapping.	Which one would you pick	Joey	Joey	present	char_tracker_stage05	chandler|joey	present	1.0		high	
10	117	294.27	295.87	Which one of you has the gun to my head?	Monica	high	community_transcript_match	1.0	dialogue	False	True	Monica | Phoebe | Ross | Chandler | Joey	Joey		False		Speaker agrees with available community-transcript mapping.	Which one of you has the gun to my head? (Chandler and Joey look at each other stumped.)	Monica	Monica	present	char_tracker_stage05	joey|monica	present	1.0		high	
11	118	301.21	303.17	Well, yes, it's kind of an unusual house.	Phoebe Sr	high	community_transcript_match	1.0	dialogue	False	True	Phoebe Sr | Phoebe		Phoebe Sr	False		Speaker agrees with available community-transcript mapping.	Well, yes, it's kind've an unusual house	Phoebe Sr	Phoebe Sr	absent	char_tracker_stage05		unobserved			high	
11	119	303.17	306.97	It has three beautiful bedrooms and no baths.	Phoebe Sr	high	community_transcript_match	1.0	dialogue	False	True	Phoebe Sr | Phoebe	Phoebe Sr	Phoebe Sr	False		Speaker agrees with available community-transcript mapping.	Well, yes, it’s kind’ve an unusual house. It has umm, three beautiful bedrooms and ah, no baths. But y'know, the ocean is right there.	Phoebe Sr	Phoebe Sr	absent	char_tracker_stage05		unobserved			high	
11	120	307.29	309.29	But you know, the ocean is right there.	Phoebe Sr	high	community_transcript_match	1.0	dialogue	False	True	Phoebe Sr | Phoebe	Phoebe Sr	Phoebe Sr	False		Speaker agrees with available community-transcript mapping.	But y'know, the ocean is right there	Phoebe Sr	Phoebe Sr	present	char_tracker_stage05	phoebe	unobserved			high	
11	121	310.81	311.21	Well.	Phoebe Sr	high	scene_context_bridge	0.88	dialogue	True	False	Phoebe Sr | Phoebe	Phoebe Sr	Phoebe Sr	False		Same speaker appears on both sides within the same scene.				present	char_tracker_stage05	phoebe	unobserved			high	
11	122	312.17	313.45	Oh, hang on a second.	Phoebe Sr	high	community_transcript_match	1.0	dialogue	False	True	Phoebe Sr | Phoebe	Phoebe Sr	Phoebe Sr	False		Speaker agrees with available community-transcript mapping.	Ah, oh, hang on a second	Phoebe Sr	Phoebe Sr	absent	char_tracker_stage05		unobserved			high	
11	123	313.61	314.57	Come in, come in.	Phoebe Sr	high	community_transcript_match	1.0	dialogue	False	True	Phoebe Sr | Phoebe	Phoebe Sr	Phoebe Sr	False		Speaker agrees with available community-transcript mapping.	Come in, come in	Phoebe Sr	Phoebe Sr	present	char_tracker_stage05	phoebe	unobserved			high	
11	124	314.65	316.569	All right, so think about it and call me back.	Phoebe Sr	high	community_transcript_match	1.0	dialogue	False	True	Phoebe Sr | Phoebe	Phoebe Sr	Phoebe	False		Speaker agrees with available community-transcript mapping.	(on phone) Ah, oh, hang on a second. (to Phoebe) Come in, come in. (on phone) All right, so think about it, and call me back. (hangs up)	Phoebe Sr	Phoebe Sr	present	char_tracker_stage05	phoebe	unobserved			high	
11	125	318.57	320.09	Are you Phoebe Abbott?	Phoebe	high	qa_review_resolved_ct_support	1.0	dialogue	False	True	Phoebe Sr | Phoebe	Phoebe Sr	Phoebe Sr	True	speaker_no_face	Speaker agrees with available community-transcript mapping. | QA resolved prior review with community-transcript support.	(entering) Are you ah, Phoebe Abbott?	Phoebe	Phoebe	partial	char_tracker_stage05		absent	0.3333		medium	speaker_no_face
11	126	320.33	320.81	Yes.	Phoebe Sr	high	community_transcript_match	1.0	dialogue	False	True	Phoebe Sr | Phoebe	Phoebe	Phoebe	False		Speaker agrees with available community-transcript mapping.	Ahh, yes.	Phoebe Sr	Phoebe Sr	present	char_tracker_stage05	phoebe	unobserved			high	
11	127	321.13	321.69	Surprise.	Phoebe	medium	visual_disambiguation	0.74	dialogue	True	False	Phoebe Sr | Phoebe	Phoebe Sr	Phoebe	False		Only one of the two text-context candidates was visually present in the window.				present	char_tracker_stage05	phoebe	present			medium	
11	128	321.69	322.49	Phoebe Abbott.	Phoebe	high	community_transcript_match	1.0	dialogue	False	True	Phoebe Sr | Phoebe	Phoebe	Phoebe	False		Speaker agrees with available community-transcript mapping.	hi phoebe abbott	Phoebe	Phoebe	present	char_tracker_stage05	phoebe	present	1.0		high	
11	129	322.49	323.77	I'm your best friend's daughter.	Phoebe	high	community_transcript_match	1.0	dialogue	False	True	Phoebe Sr | Phoebe	Phoebe	Phoebe Sr	False		Speaker agrees with available community-transcript mapping.	Hi Phoebe Abbott, I’m your best friend's daughter!	Phoebe	Phoebe	present	char_tracker_stage05	phoebe	present	1.0		high	
11	130	326.81	328.09	You're Erwin's daughter?	Phoebe Sr	high	community_transcript_match	1.0	dialogue	False	True	Phoebe Sr | Phoebe	Phoebe	Phoebe	False		Speaker agrees with available community-transcript mapping.	You’re Erwin’s daughter?!	Phoebe Sr	Phoebe Sr	present	char_tracker_stage05	phoebe	unobserved			high	
11	131	328.44	331.4	Sorry, no, I mean your old best friend here.	Phoebe	medium	visual_disambiguation	0.74	dialogue	True	False	Phoebe Sr | Phoebe	Phoebe Sr	Phoebe	False		Only one of the two text-context candidates was visually present in the window.				present	char_tracker_stage05	phoebe	present			medium	
11	132	331.96	332.44	Lily.	Phoebe	high	scene_context_bridge	0.88	dialogue	True	False	Phoebe Sr | Phoebe	Phoebe	Phoebe	False		Same speaker appears on both sides within the same scene.				present	char_tracker_stage05	phoebe	present			high	
11	133	332.44	333.88	From high school, remember?	Phoebe	high	community_transcript_match	1.0	dialogue	False	True	Phoebe Sr | Phoebe	Phoebe	Phoebe Sr	False		Speaker agrees with available community-transcript mapping.	No, I-I mean your-your old best friend, here. (hands her the picture) Lily, from high school. Remember?	Phoebe	Phoebe	present	char_tracker_stage05	phoebe	present	1.0		high	
11	134	333.96	335.64	Oh God, Lily.	Phoebe Sr	high	community_transcript_match	1.0	dialogue	False	True	Phoebe Sr | Phoebe	Phoebe	Phoebe Sr	False		Speaker agrees with available community-transcript mapping.	Oh gosh, Lily, yes	Phoebe Sr	Phoebe Sr	present	char_tracker_stage05	phoebe	unobserved			high	
11	135	335.72	337.56	Yes, of course I remember Lily.	Phoebe Sr	high	community_transcript_match	1.0	dialogue	False	True	Phoebe Sr | Phoebe	Phoebe Sr	Phoebe Sr	False		Speaker agrees with available community-transcript mapping.	Oh gosh, Lily, yes. Of course I remember Lily. I... Then you must be?	Phoebe Sr	Phoebe Sr	present	char_tracker_stage05	phoebe	unobserved			high	
11	136	338.68	339.08	I.	Phoebe Sr	high	community_transcript_match	1.0	dialogue	False	True	Phoebe Sr | Phoebe	Phoebe Sr	Phoebe	False		Speaker agrees with available community-transcript mapping.	I	Phoebe Sr	Phoebe Sr	present	char_tracker_stage05	phoebe	unobserved			high	
11	137	340.12	341.72	Then you must be Phoebe.	Phoebe	high	community_transcript_match	1.0	dialogue	False	True	Phoebe Sr | Phoebe	Phoebe Sr	Phoebe	False		Speaker agrees with available community-transcript mapping.	Phoebe	Phoebe	Phoebe	present	char_tracker_stage05	phoebe	present	1.0		high	
11	138	341.8	342.28	Phoebe.	Phoebe	high	community_transcript_match	1.0	dialogue	False	True	Phoebe Sr | Phoebe	Phoebe	Phoebe	False		Speaker agrees with available community-transcript mapping.	Phoebe	Phoebe	Phoebe	present	char_tracker_stage05	phoebe	present	1.0		high	
11	139	343.16	343.64	Phoebe.	Phoebe	high	community_transcript_match	1.0	dialogue	False	True	Phoebe Sr | Phoebe	Phoebe	Phoebe	False		Speaker agrees with available community-transcript mapping.	Phoebe, yeah	Phoebe	Phoebe	present	char_tracker_stage05	phoebe	present	1.0		high	
11	140	343.64	346.04	Yeah, she named me after you, I guess.	Phoebe	high	community_transcript_match	1.0	dialogue	False	True	Phoebe Sr | Phoebe	Phoebe	Phoebe Sr	False		Speaker agrees with available community-transcript mapping.	(points to herself) Phoebe. (points to her) Phoebe. Phoebe, yeah. She named me after you I guess.	Phoebe	Phoebe	present	char_tracker_stage05	phoebe	present	1.0		high	
11	141	346.04	346.76	Uh huh.	Phoebe Sr	high	community_transcript_match	1.0	dialogue	False	True	Phoebe Sr | Phoebe	Phoebe	Phoebe Sr	False		Speaker agrees with available community-transcript mapping.	uh huh	Phoebe Sr	Phoebe Sr	present	char_tracker_stage05	phoebe	unobserved			high	
11	142	347.24	347.72	Wow.	Phoebe Sr	high	community_transcript_match	1.0	dialogue	False	True	Phoebe Sr | Phoebe	Phoebe Sr	Phoebe Sr	False		Speaker agrees with available community-transcript mapping.	uh huh wow	Phoebe Sr	Phoebe Sr	present	char_tracker_stage05	phoebe	unobserved			high	
11	143	347.88	349.96	Well look, there's Frank.	Phoebe Sr	high	community_transcript_match	1.0	dialogue	False	True	Phoebe Sr | Phoebe	Phoebe Sr	Phoebe	False		Speaker agrees with available community-transcript mapping.	Uh-huh. Wow! Well, look! There’s Frank. (points to the picture.)	Phoebe Sr	Phoebe Sr	present	char_tracker_stage05	phoebe	unobserved			high	
11	144	350.04	350.48	Yeah.	Phoebe	medium	visual_disambiguation	0.74	dialogue	True	False	Phoebe Sr | Phoebe	Phoebe Sr	Phoebe	False		Only one of the two text-context candidates was visually present in the window.				present	char_tracker_stage05	phoebe	present			medium	
11	145	350.48	351.8	Yes, yes, yes.	Phoebe	high	scene_context_bridge	0.88	dialogue	True	False	Phoebe Sr | Phoebe	Phoebe	Phoebe	False		Same speaker appears on both sides within the same scene.				present	char_tracker_stage05	phoebe	present			high	
11	146	351.8	352.76	That's my dad.	Phoebe	high	community_transcript_match	1.0	dialogue	False	True	Phoebe Sr | Phoebe	Phoebe	Phoebe	False		Speaker agrees with available community-transcript mapping.	that's my dad	Phoebe	Phoebe	present	char_tracker_stage05	phoebe	present	1.0		high	
11	147	352.76	353.48	That's Frank.	Phoebe	high	community_transcript_match	1.0	dialogue	False	True	Phoebe Sr | Phoebe	Phoebe	Phoebe	False		Speaker agrees with available community-transcript mapping.	That's my Dad, that's Frank	Phoebe	Phoebe	present	char_tracker_stage05	phoebe	present	1.0		high	
11	148	353.64	354.12	Yeah.	Phoebe	high	community_transcript_match	1.0	dialogue	False	True	Phoebe Sr | Phoebe	Phoebe	Phoebe	False		Speaker agrees with available community-transcript mapping.	Yeah	Phoebe	Phoebe	present	char_tracker_stage05	phoebe	present	1.0		high	
11	149	354.28	355.96	I'm sorry I'm getting all flingy.	Phoebe	high	community_transcript_match	1.0	dialogue	False	True	Phoebe Sr | Phoebe	Phoebe	Phoebe Sr	False		Speaker agrees with available community-transcript mapping.	Yes!! Yes! Yes! Yes!! That’s my Dad, that’s Frank! Yeah! I’m sorry I’m getting all flingy.	Phoebe	Phoebe	present	char_tracker_stage05	phoebe	present	1.0		high	
11	150	357.48	358.08	Take it easy.	Phoebe Sr	high	community_transcript_match	1.0	dialogue	False	True	Phoebe Sr | Phoebe	Phoebe	Phoebe Sr	False		Speaker agrees with available community-transcript mapping.	take it easy or or sangria i can make sangria	Phoebe Sr	Phoebe Sr	present	char_tracker_stage05	phoebe	unobserved			high	
11	151	358.08	359.64	If you want, there's cookies on the counter.	Phoebe Sr	high	community_transcript_match	1.0	dialogue	False	True	Phoebe Sr | Phoebe	Phoebe Sr	Phoebe Sr	False		Speaker agrees with available community-transcript mapping.	Take it easy--if you want, there’s cookies on the counter, or, or--sangria! (jumps up) I can make sangria!	Phoebe Sr	Phoebe Sr	present	char_tracker_stage05	phoebe	unobserved			high	
11	152	360.15	360.99	Or sangria.	Phoebe Sr	high	community_transcript_match	1.0	dialogue	False	True	Phoebe Sr | Phoebe	Phoebe Sr	Phoebe	False		Speaker agrees with available community-transcript mapping.	I can make sangria	Phoebe Sr	Phoebe Sr	present	char_tracker_stage05	phoebe	unobserved			high	
11	153	360.99	362.03	I could make sangria.	Phoebe	medium	visual_disambiguation	0.74	dialogue	True	False	Phoebe Sr | Phoebe	Phoebe Sr	Phoebe	False		Only one of the two text-context candidates was visually present in the window.				present	char_tracker_stage05	phoebe	present			medium	
11	154	362.03	363.35	No, no, sorry.	Phoebe	high	community_transcript_match	1.0	dialogue	False	True	Phoebe Sr | Phoebe	Phoebe	Phoebe	False		Speaker agrees with available community-transcript mapping.	No-no, sorry	Phoebe	Phoebe	present	char_tracker_stage05	phoebe	present	1.0		high	
11	155	363.43	364.35	Cookies are good.	Phoebe	high	community_transcript_match	1.0	dialogue	False	True	Phoebe Sr | Phoebe	Phoebe	Phoebe	False		Speaker agrees with available community-transcript mapping.	No-no, sorry. Cookies are good, thanks.	Phoebe	Phoebe	present	char_tracker_stage05	phoebe	present	0.5		high	
11	156	364.35	364.75	Thanks.	Phoebe	high	qa_review_resolved_bridge	1.0	dialogue	False	True	Phoebe Sr | Phoebe	Phoebe	Phoebe	True	speaker_no_face	Speaker agrees with available community-transcript mapping. | QA resolved prior review by same-speaker bridge.	no no sorry thanks	Phoebe	Phoebe	absent	char_tracker_stage05		absent	0.0		medium	speaker_no_face
11	157	364.75	370.99	Oh, so anyway, I've been looking for my father.	Phoebe	high	qa_review_resolved_bridge	1.0	dialogue	False	True	Phoebe Sr | Phoebe	Phoebe	Phoebe	True	speaker_no_face	Speaker agrees with available community-transcript mapping. | QA resolved prior review by same-speaker bridge.	well so umm anyway umm i've been i've been looking for my father	Phoebe	Phoebe	absent	char_tracker_stage05		absent	0.0		medium	speaker_no_face
11	158	370.99	374.19	And have you heard from him or seen him?	Phoebe	high	community_transcript_match	1.0	dialogue	False	True	Phoebe Sr | Phoebe	Phoebe	Phoebe Sr	False		Speaker agrees with available community-transcript mapping.	(goes and gets some cookies) Well, so, umm, anyway umm, I’ve been, I’ve been looking for my Father, and umm, have you heard from him, or seen him?	Phoebe	Phoebe	present	char_tracker_stage05	phoebe	present	0.8		high	
11	159	374.19	375.43	Oh, no, I'm sorry.	Phoebe Sr	high	community_transcript_match	1.0	dialogue	False	True	Phoebe Sr | Phoebe	Phoebe	Phoebe Sr	False		Speaker agrees with available community-transcript mapping.	oh no i i'm sorry	Phoebe Sr	Phoebe Sr	present	char_tracker_stage05	phoebe	unobserved			high	
11	160	376.39	378.95	I guess I lost track of everybody after high school.	Phoebe Sr	high	community_transcript_match	1.0	dialogue	False	True	Phoebe Sr | Phoebe	Phoebe Sr	Phoebe	False		Speaker agrees with available community-transcript mapping.	Oh no, I-I’m sorry, I guess we lost track of everybody after high school.	Phoebe Sr	Phoebe Sr	present	char_tracker_stage05	phoebe	unobserved			high	
11	161	379.27	385.27	Oh, okay, well, so tell me everything about my parents.	Phoebe	high	community_transcript_match	1.0	dialogue	False	True	Phoebe Sr | Phoebe	Phoebe Sr	Phoebe	False		Speaker agrees with available community-transcript mapping.	(disappointed) Oh, okay. Well, so tell me everything about my parents. Everything.	Phoebe	Phoebe	present	char_tracker_stage05	phoebe	present	1.0		high	
11	162	385.27	385.67	Everything.	Phoebe	high	community_transcript_match	1.0	dialogue	False	True	Phoebe Sr | Phoebe	Phoebe	Phoebe Sr	False		Speaker agrees with available community-transcript mapping.	Everything	Phoebe	Phoebe	present	char_tracker_stage05	phoebe	present	1.0		high	
11	163	386.52	389.24	Oh, well, you know, we were always together.	Phoebe Sr	high	community_transcript_match	1.0	dialogue	False	True	Phoebe Sr | Phoebe	Phoebe	Phoebe Sr	False		Speaker agrees with available community-transcript mapping.	ohh well y'know we were always together	Phoebe Sr	Phoebe Sr	present	char_tracker_stage05	phoebe	unobserved			high	
11	164	389.64	392.04	In fact, the other kids had a nickname for the three of us.	Phoebe Sr	high	community_transcript_match	1.0	dialogue	False	True	Phoebe Sr | Phoebe	Phoebe Sr	Phoebe	False		Speaker agrees with available community-transcript mapping.	Ohh, well. Y'know we were always together, in fact the had a nickname for the three of us.	Phoebe Sr	Phoebe Sr	present	char_tracker_stage05	phoebe	unobserved			high	
11	165	392.04	393.4	Oh, what, what was it?	Phoebe	high	community_transcript_match	1.0	dialogue	False	True	Phoebe Sr | Phoebe	Phoebe Sr	Phoebe Sr	False		Speaker agrees with available community-transcript mapping.	Oh, what? What was it?	Phoebe	Phoebe	present	char_tracker_stage05	phoebe	present	1.0		high	
11	166	393.56	394.84	The Three Losers.	Phoebe Sr	high	community_transcript_match	1.0	dialogue	False	True	Phoebe Sr | Phoebe	Phoebe	Phoebe Sr	False		Speaker agrees with available community-transcript mapping.	the three losers ohh y'know	Phoebe Sr	Phoebe Sr	present	char_tracker_stage05	phoebe	unobserved			high	
11	167	395.88	397.0	Oh, poor Lily.	Phoebe Sr	high	community_transcript_match	1.0	dialogue	False	True	Phoebe Sr | Phoebe	Phoebe Sr	Phoebe Sr	False		Speaker agrees with available community-transcript mapping.	the three losers oh poor lily ohh y'know	Phoebe Sr	Phoebe Sr	present	char_tracker_stage05	phoebe	unobserved			high	
11	168	397.96	401.16	Oh, you know, I heard about what happened.	Phoebe Sr	high	community_transcript_match	1.0	dialogue	False	True	Phoebe Sr | Phoebe	Phoebe Sr	Phoebe Sr	False		Speaker agrees with available community-transcript mapping.	the three losers oh poor lily ohh y'know i i heard about what happened	Phoebe Sr	Phoebe Sr	partial	char_tracker_stage05		unobserved			high	
11	169	401.16	405.16	That must have been just terrible for you, losing your mother that way.	Phoebe Sr	high	community_transcript_match	1.0	dialogue	False	True	Phoebe Sr | Phoebe	Phoebe Sr	Phoebe	False		Speaker agrees with available community-transcript mapping.	The three losers. Oh, poor Lily. (Phoebe notices a picture on the fridge, takes it, and puts it in her pocket.) Ohh, y'know I-I heard about what happened, that must have been just terrible for you, losing your mother that way.	Phoebe Sr	Phoebe Sr	present	char_tracker_stage05	phoebe	unobserved			high	
11	170	406.92	407.96	Yeah, no, it was.	Phoebe	high	community_transcript_match	1.0	dialogue	False	True	Phoebe Sr | Phoebe	Phoebe Sr		False		Speaker agrees with available community-transcript mapping.	(happily) Yeah, no, it was great.	Phoebe	Phoebe	present	char_tracker_stage05	phoebe	present	1.0		high	
12	171	420.18	422.26	Hey, you know what a really good rainy day game is?	Joey	high	qa_review_resolved_ct_support	1.0	dialogue	False	True	Joey | Monica | Chandler | Rachel | Ross		Monica	True	speaker_offscreen	Speaker agrees with available community-transcript mapping. | QA resolved prior review with community-transcript support.	(getting an idea) Hey, y'know what a really good rainy day game is?	Joey	Joey	present	char_tracker_stage05	ross	absent	0.3333		low	speaker_offscreen
12	172	422.42	422.82	What?	Monica	high	community_transcript_match	1.0	dialogue	False	True	Joey | Monica | Chandler | Rachel | Ross	Joey	Joey	False		Speaker agrees with available community-transcript mapping.	What?!	Monica	Monica	present	char_tracker_stage05	joey|monica|ross	present	1.0		high	
12	173	422.82	424.02	I mean, naked game.	Joey	high	community_transcript_match	1.0	dialogue	False	True	Joey | Monica | Chandler | Rachel | Ross	Monica	Joey	False		Speaker agrees with available community-transcript mapping.	i mean naked game	Joey	Joey	present	char_tracker_stage05	joey|monica	present	1.0		high	
12	174	425.7	426.62	Strip poker.	Joey	high	community_transcript_match	1.0	dialogue	False	True	Joey | Monica | Chandler | Rachel | Ross	Joey	Joey	False		Speaker agrees with available community-transcript mapping.	i mean naked game strip poker	Joey	Joey	present	char_tracker_stage05	joey|monica	present	1.0		high	
12	175	426.62	428.18	We should totally play strip poker.	Joey	high	community_transcript_match	1.0	dialogue	False	True	Joey | Monica | Chandler | Rachel | Ross	Joey	Monica	False		Speaker agrees with available community-transcript mapping.	I mean naked game. Strip poker, we should totally play strip poker.	Joey	Joey	present	char_tracker_stage05	joey	present	0.6667		high	
12	176	428.18	428.38	What?	Monica	high	community_transcript_match	1.0	dialogue	False	True	Joey | Monica | Chandler | Rachel | Ross	Joey	Monica	False		Speaker agrees with available community-transcript mapping.	what	Monica	Monica	present	char_tracker_stage05	monica|rachel	present	1.0		high	
12	177	428.38	429.14	Are you crazy?	Monica	high	community_transcript_match	1.0	dialogue	False	True	Joey | Monica | Chandler | Rachel | Ross	Monica	Joey	False		Speaker agrees with available community-transcript mapping.	What are you crazy?!	Monica	Monica	present	char_tracker_stage05	monica|rachel	present	1.0		high	
12	178	429.54	430.82	Come on, when you go away.	Joey	high	community_transcript_match	1.0	dialogue	False	True	Joey | Monica | Chandler | Rachel | Ross	Monica	Joey	False		Speaker agrees with available community-transcript mapping.	Come on! When you go away, you-you have to play, it’s like a law!	Joey	Joey	present	char_tracker_stage05	joey|monica|rachel	present	0.5		high	
12	179	431.06	431.98	You have to play.	Joey	high	community_transcript_match	1.0	dialogue	False	True	Joey | Monica | Chandler | Rachel | Ross	Joey	Joey	False		Speaker agrees with available community-transcript mapping.	When you go away, you-you have to play, it's like a law	Joey	Joey	present	char_tracker_stage05	joey	present	1.0		high	
12	180	431.98	433.06	It's like a law.	Joey	high	community_transcript_match	1.0	dialogue	False	True	Joey | Monica | Chandler | Rachel | Ross	Joey	Chandler	False		Speaker agrees with available community-transcript mapping.	when you go away you it's like a law	Joey	Joey	present	char_tracker_stage05	joey	present	1.0		high	
12	181	434.42	435.22	It's not a law.	Chandler	high	community_transcript_match	1.0	dialogue	False	True	Joey | Monica | Chandler | Rachel | Ross	Joey	Chandler	False		Speaker agrees with available community-transcript mapping.	Well, it's not a law	Chandler	Chandler	present	char_tracker_stage05	chandler	present	1.0		high	
12	182	435.7	439.22	And as long as it stays attached to that tax reform bill, it never will be, mister.	Chandler	high	community_transcript_match	1.0	dialogue	False	True	Joey | Monica | Chandler | Rachel | Ross	Chandler	Rachel	False		Speaker agrees with available community-transcript mapping.	Well, it's not a law. As long as it stays attached to that tax reform bill, it will never be, mister!	Chandler	Chandler	present	char_tracker_stage05	chandler	present	1.0		high	
12	183	440.82	441.62	Well done.	Rachel	high	qa_review_resolved_ct_support	1.0	dialogue	False	True	Joey | Monica | Chandler | Rachel | Ross	Chandler	Monica	True	speaker_offscreen	Speaker agrees with available community-transcript mapping. | QA resolved prior review with community-transcript support.	(to Monica) Allll done!	Rachel	Rachel	present	char_tracker_stage05	monica|ross	absent	0.0		low	speaker_offscreen
12	184	442.02	442.66	Thank you.	Monica	high	community_transcript_match	1.0	dialogue	False	True	Joey | Monica | Chandler | Rachel | Ross	Rachel	Rachel	False		Speaker agrees with available community-transcript mapping.	Aww, thank you.	Monica	Monica	present	char_tracker_stage05	monica	present	1.0		high	
12	185	442.74	444.1	Okay, who's next?	Rachel	high	community_transcript_match	1.0	dialogue	False	True	Joey | Monica | Chandler | Rachel | Ross	Monica	Ross	False		Speaker agrees with available community-transcript mapping.	Okay, who’s next?! (She looks around the room, and stops when she comes to Ross.)	Rachel	Rachel	present	char_tracker_stage05	rachel	present	0.6667		high	
12	186	447.23	447.47	No.	Ross	high	community_transcript_match	1.0	dialogue	False	True	Joey | Monica | Chandler | Rachel | Ross	Rachel	Ross	False		Speaker agrees with available community-transcript mapping.	No-o-o	Ross	Ross	present	char_tracker_stage05	monica|rachel|ross	present	1.0		high	
12	187	449.47	450.19	No way.	Ross	high	community_transcript_match	1.0	dialogue	False	True	Joey | Monica | Chandler | Rachel | Ross	Ross	Rachel	False		Speaker agrees with available community-transcript mapping.	No-o-o! (Rachel gives him a “Please?” look.) No way!	Ross	Ross	present	char_tracker_stage05	monica|rachel|ross	present	1.0		high	
12	188	450.51	451.47	Come on, please.	Rachel	high	qa_review_resolved_ct_support	1.0	dialogue	False	True	Joey | Monica | Chandler | Rachel | Ross	Ross	Rachel	True	speaker_offscreen	Speaker agrees with available community-transcript mapping. | QA resolved prior review with community-transcript support.	Come on, please	Rachel	Rachel	present	char_tracker_stage05	ross	absent	0.0		low	speaker_offscreen
12	189	451.55	452.43	I'm bored.	Rachel	high	qa_review_resolved_bridge	1.0	dialogue	False	True	Joey | Monica | Chandler | Rachel | Ross	Rachel	Rachel	True	speaker_no_face	Speaker agrees with available community-transcript mapping. | QA resolved prior review by same-speaker bridge.	I'm boredddd	Rachel	Rachel	absent	char_tracker_stage05		absent	0.0		medium	speaker_no_face
12	190	453.31	454.59	You let me do it once before.	Rachel	high	qa_review_resolved_ct_support	1.0	dialogue	False	True	Joey | Monica | Chandler | Rachel | Ross	Rachel	Ross	True	speaker_no_face	Speaker agrees with available community-transcript mapping. | QA resolved prior review with community-transcript support.	Come on, please?! I’m boredddd! You let me do it once before.	Rachel	Rachel	absent	char_tracker_stage05		absent	0.0		medium	speaker_no_face
12	191	459.23	460.19	Yeah, well, if.	Ross	high	community_transcript_match	1.0	dialogue	False	True	Joey | Monica | Chandler | Rachel | Ross	Rachel		False		Speaker agrees with available community-transcript mapping.	yeah well if ah no	Ross	Ross	present	char_tracker_stage05	ross	present	1.0		high	
13	192	460.51	462.43	If that's the rule this weekend.	Ross	high	community_transcript_match	1.0	dialogue	False	True	Ross | Rachel | Chandler		Ross	False		Speaker agrees with available community-transcript mapping.	Yeah well, if ah, if that’s the rule this weekend... (She gets up) No!	Ross	Ross	present	char_tracker_stage05	ross	present	1.0		high	
13	193	464.43	464.99	Get away.	Ross	high	community_transcript_match	1.0	dialogue	False	True	Ross | Rachel | Chandler	Ross	Rachel	False		Speaker agrees with available community-transcript mapping.	Get away!	Ross	Ross	present	char_tracker_stage05	ross	present	1.0		high	
13	194	464.99	465.43	Just one.	Rachel	high	qa_review_resolved_ct_support	1.0	dialogue	False	True	Ross | Rachel | Chandler	Ross	Rachel	True	speaker_offscreen	Speaker agrees with available community-transcript mapping. | QA resolved prior review with community-transcript support.	Just once!	Rachel	Rachel	present	char_tracker_stage05	ross	absent	0.0		low	speaker_offscreen
13	195	465.43	466.03	Take it like a man.	Rachel	high	qa_review_resolved_bridge	1.0	dialogue	False	True	Ross | Rachel | Chandler	Rachel	Rachel	True	speaker_offscreen	Speaker agrees with available community-transcript mapping. | QA resolved prior review by same-speaker bridge.	Take it like a man, Ross!	Rachel	Rachel	present	char_tracker_stage05	ross	absent	0.0		low	speaker_offscreen
13	196	466.03	466.43	Ross.	Rachel	high	qa_review_resolved_ct_support	1.0	dialogue	False	True	Ross | Rachel | Chandler	Rachel	Ross	True	speaker_no_face	Speaker agrees with available community-transcript mapping. | QA resolved prior review with community-transcript support.	ross	Rachel	Rachel	absent	char_tracker_stage05		absent	0.0		medium	speaker_no_face
13	197	466.43	466.83	Come on.	Ross	medium	short_turn_alternation	0.7	dialogue	True	False	Ross | Rachel | Chandler	Rachel	Ross	True	short_utterance_between_two_speakers | speaker_no_face	Short utterance inferred from local turn alternation.				absent	char_tracker_stage05		absent			medium	speaker_no_face
13	198	466.83	467.47	No, no.	Ross	high	qa_review_resolved_ct_support	1.0	dialogue	False	True	Ross | Rachel | Chandler	Ross	Rachel	True	speaker_no_face	Speaker agrees with available community-transcript mapping. | QA resolved prior review with community-transcript support.	(he gets up and starts to run away from her) No! (in his escape attempt he crushes Chandler’s sand castle) No!	Ross	Ross	absent	char_tracker_stage05		absent	0.0		medium	speaker_no_face
13	199	467.47	468.03	Come on.	Rachel	high	qa_review_resolved_ct_support	1.0	dialogue	False	True	Ross | Rachel | Chandler	Ross	Chandler	True	speaker_offscreen	Speaker agrees with available community-transcript mapping. | QA resolved prior review with community-transcript support.	Oh, come on!	Rachel	Rachel	present	char_tracker_stage05	chandler	absent	0.0		low	speaker_offscreen
13	200	469.47	470.35	Big bullies.	Chandler	high	community_transcript_match	1.0	dialogue	False	True	Ross | Rachel | Chandler	Rachel	Chandler	False		Speaker agrees with available community-transcript mapping.	Big bullies!!	Chandler	Chandler	present	char_tracker_stage05	chandler	present	1.0		high	
13	201	472.27	472.63	Oh.	Chandler	high	qa_review_resolved_bridge	0.9	reaction	True	False	Ross | Rachel | Chandler	Chandler	Chandler	True	speaker_no_face	Filled from previous same-scene context. | QA resolved prior review by same-speaker bridge.				absent	char_tracker_stage05		absent			medium	speaker_no_face
13	202	472.63	473.03	Oh.	Chandler	medium	scene_context_inference	0.68	reaction	True	False	Ross | Rachel | Chandler	Chandler		True	scene_end_short_utterance | speaker_no_face	Filled from previous same-scene context.				absent	char_tracker_stage05		absent			medium	speaker_no_face
14	203	473.03	474.91	Oh, no, no, no, no, no, no.	Ross	high	qa_review_resolved_ct_support	1.0	dialogue	False	True	Ross		Ross	True	speaker_no_face	Speaker agrees with available community-transcript mapping. | QA resolved prior review with community-transcript support.	Ow! Ow! Oh, no-no-no!	Ross	Ross	absent	char_tracker_stage05		absent	0.0		medium	speaker_no_face
14	204	474.91	475.09	Oh.	Ross	high	qa_review_resolved_bridge	0.9	reaction	True	False	Ross	Ross	Ross	True	speaker_no_face	Filled from previous same-scene context. | QA resolved prior review by same-speaker bridge.				absent	char_tracker_stage05		absent			medium	speaker_no_face
14	205	475.24	475.96	Nope, Nope, nope.	Ross	high	qa_review_resolved_bridge	0.9	dialogue	True	False	Ross	Ross	Ross	True	speaker_no_face	Filled from previous same-scene context. | QA resolved prior review by same-speaker bridge.				absent	char_tracker_stage05		absent			medium	speaker_no_face
14	206	476.6	477.0	No.	Ross	medium	scene_context_inference	0.68	dialogue	True	False	Ross	Ross		True	scene_end_short_utterance	Filled from previous same-scene context.				present	char_tracker_stage05	ross	present			medium	
15	207	481.72	482.2	Hey.	Phoebe	high	qa_review_resolved_ct_support	1.0	dialogue	False	True	Phoebe | Chandler | Ross | Joey | All | Monica | Rachel | The Guys		Chandler	True	speaker_offscreen	Speaker agrees with available community-transcript mapping. | QA resolved prior review with community-transcript support.	(entering) Oh, hey!	Phoebe	Phoebe	present	char_tracker_stage05	rachel|ross	absent	0.0		low	speaker_offscreen
15	208	482.36	482.8	Hey.	Chandler	high	qa_review_resolved_ct_support	1.0	dialogue	False	True	Phoebe | Chandler | Ross | Joey | All | Monica | Rachel | The Guys	Phoebe	Ross	True	speaker_no_face	Speaker agrees with available community-transcript mapping. | QA resolved prior review with community-transcript support.	Hey!	Chandler	Chandler	absent	char_tracker_stage05		absent	0.0		medium	speaker_no_face
15	209	482.8	483.32	Hey.	Ross	high	qa_review_resolved_ct_support	1.0	dialogue	False	True	Phoebe | Chandler | Ross | Joey | All | Monica | Rachel | The Guys	Chandler	Phoebe	True	speaker_no_face	Speaker agrees with available community-transcript mapping. | QA resolved prior review with community-transcript support.	Hey!	Ross	Ross	absent	char_tracker_stage05		absent	0.0		medium	speaker_no_face
15	210	484.76	485.8	So how are we doing?	Phoebe	high	qa_review_resolved_ct_support	1.0	dialogue	False	True	Phoebe | Chandler | Ross | Joey | All | Monica | Rachel | The Guys	Ross	Chandler	True	speaker_offscreen	Speaker agrees with available community-transcript mapping. | QA resolved prior review with community-transcript support.	Oh, so, how are we doing?	Phoebe	Phoebe	present	char_tracker_stage05	chandler|joey	absent	0.0		low	speaker_offscreen
15	211	486.04	487.24	Bored and bored.	Chandler	high	community_transcript_match	1.0	dialogue	False	True	Phoebe | Chandler | Ross | Joey | All | Monica | Rachel | The Guys	Phoebe	Joey	False		Speaker agrees with available community-transcript mapping.	Bored and bored!	Chandler	Chandler	present	char_tracker_stage05	chandler|joey|monica	present	1.0		high	
15	212	489.24	490.08	Hey, you know what?	Joey	high	qa_review_resolved_ct_support	1.0	dialogue	False	True	Phoebe | Chandler | Ross | Joey | All | Monica | Rachel | The Guys	Chandler	Joey	True	speaker_offscreen	Speaker agrees with available community-transcript mapping. | QA resolved prior review with community-transcript support.	hey you know what	Joey	Joey	present	char_tracker_stage05	ross	absent	0.0		low	speaker_offscreen
15	213	490.08	491.72	Naked card game's never boring.	Joey	high	qa_review_resolved_ct_support	1.0	dialogue	False	True	Phoebe | Chandler | Ross | Joey | All | Monica | Rachel | The Guys	Joey	All	True	speaker_offscreen	Speaker agrees with available community-transcript mapping. | QA resolved prior review with community-transcript support.	Hey, you know what naked card game is never boring?	Joey	Joey	present	char_tracker_stage05	monica|ross	absent	0.0		low	speaker_offscreen
15	214	492.04	492.44	No.	All	high	community_transcript_match	1.0	dialogue	False	True	Phoebe | Chandler | Ross | Joey | All | Monica | Rachel | The Guys	Joey	Monica	False		Speaker agrees with available community-transcript mapping.	Noo!!	All	All	present	char_tracker_stage05	monica|ross	unobserved			high	
15	215	494.6	495.8	So, what's Phoebe like?	Monica	high	qa_review_resolved_ct_support	1.0	dialogue	False	True	Phoebe | Chandler | Ross | Joey | All | Monica | Rachel | The Guys	All	Phoebe	True	speaker_offscreen	Speaker agrees with available community-transcript mapping. | QA resolved prior review with community-transcript support.	(to Phoebe) So what’s Phoebe like?	Monica	Monica	present	char_tracker_stage05	ross	absent	0.0		low	speaker_offscreen
15	216	496.52	498.08	I'm kind, caring and sweet.	Phoebe	high	community_transcript_match	1.0	dialogue	False	True	Phoebe | Chandler | Ross | Joey | All | Monica | Rachel | The Guys	Monica	Phoebe	False		Speaker agrees with available community-transcript mapping.	I’m kind, caring, and sweet. What’s Monica like?	Phoebe	Phoebe	present	char_tracker_stage05	phoebe	present	1.0		high	
15	217	498.08	499.0	What's Monica like?	Phoebe	high	community_transcript_match	1.0	dialogue	False	True	Phoebe | Chandler | Ross | Joey | All | Monica | Rachel | The Guys	Phoebe	Monica	False		Speaker agrees with available community-transcript mapping.	What's Monica like	Phoebe	Phoebe	present	char_tracker_stage05	phoebe	present	1.0		high	
15	218	501.72	502.84	No, the other Phoebe.	Monica	high	community_transcript_match	1.0	dialogue	False	True	Phoebe | Chandler | Ross | Joey | All | Monica | Rachel | The Guys	Phoebe	Monica	False		Speaker agrees with available community-transcript mapping.	ah no the other phoebe	Monica	Monica	present	char_tracker_stage05	monica	present	1.0		high	
15	219	502.84	503.88	The one you went to go see.	Monica	high	community_transcript_match	1.0	dialogue	False	True	Phoebe | Chandler | Ross | Joey | All | Monica | Rachel | The Guys	Monica	Phoebe	False		Speaker agrees with available community-transcript mapping.	Ah no, the other Phoebe, the one you went to go see.	Monica	Monica	present	char_tracker_stage05	monica	present	1.0		high	
15	220	504.24	506.56	Oh, I think she knows where my dad is.	Phoebe	high	community_transcript_match	1.0	dialogue	False	True	Phoebe | Chandler | Ross | Joey | All | Monica | Rachel | The Guys	Monica	Joey	False		Speaker agrees with available community-transcript mapping.	Ohh, I think she knows where my Dad is.	Phoebe	Phoebe	present	char_tracker_stage05	phoebe	present	1.0		high	
15	221	506.64	507.04	What?	Joey	high	qa_review_resolved_ct_support	1.0	dialogue	False	True	Phoebe | Chandler | Ross | Joey | All | Monica | Rachel | The Guys	Phoebe	Rachel	True	speaker_offscreen	Speaker agrees with available community-transcript mapping. | QA resolved prior review with community-transcript support.	What?	Joey	Joey	present	char_tracker_stage05	phoebe	absent	0.0		low	speaker_offscreen
15	222	507.04	507.44	Cool.	Rachel	medium	short_turn_alternation	0.7	dialogue	True	False	Phoebe | Chandler | Ross | Joey | All | Monica | Rachel | The Guys	Joey	Rachel	True	short_utterance_between_two_speakers | speaker_no_face	Short utterance inferred from local turn alternation.				absent	char_tracker_stage05		absent			medium	speaker_no_face
15	223	507.44	507.76	Really?	Rachel	high	qa_review_resolved_ct_support	1.0	dialogue	False	True	Phoebe | Chandler | Ross | Joey | All | Monica | Rachel | The Guys	Rachel	Monica	True	speaker_no_face	Speaker agrees with available community-transcript mapping. | QA resolved prior review with community-transcript support.	Really?!	Rachel	Rachel	absent	char_tracker_stage05		absent	0.0		medium	speaker_no_face
15	224	508.08	509.04	Well, where is he?	Monica	high	community_transcript_match	1.0	dialogue	False	True	Phoebe | Chandler | Ross | Joey | All | Monica | Rachel | The Guys	Rachel	Phoebe	False		Speaker agrees with available community-transcript mapping.	Oh well, where is he?!	Monica	Monica	present	char_tracker_stage05	monica|phoebe	present	1.0		high	
15	225	509.04	509.72	She was actually.	Phoebe	low	scene_context_inference	0.58	dialogue	True	False	Phoebe | Chandler | Ross | Joey | All | Monica | Rachel | The Guys	Monica	Phoebe	True	two_sided_context_ambiguous | low_speaker_confidence	No direct transcript match; weak local context only.				present	char_tracker_stage05	monica|phoebe	present			low	low_speaker_confidence
15	226	509.72	511.92	She was pretending like she hasn't heard from him in years.	Phoebe	high	community_transcript_match	1.0	dialogue	False	True	Phoebe | Chandler | Ross | Joey | All | Monica | Rachel | The Guys	Phoebe	Phoebe	False		Speaker agrees with available community-transcript mapping.	she was acting she was pretending like she hasn't heard from him on years and look	Phoebe	Phoebe	present	char_tracker_stage05	phoebe	present	1.0		high	
15	227	511.92	514.32	But I found this picture on her fridge.	Phoebe	high	community_transcript_match	1.0	dialogue	False	True	Phoebe | Chandler | Ross | Joey | All | Monica | Rachel | The Guys	Phoebe	Phoebe	False		Speaker agrees with available community-transcript mapping.	She was acting, she was pretending like she hasn't heard from him on years, but I found this picture on her fridge, and look	Phoebe	Phoebe	present	char_tracker_stage05	phoebe	present	1.0		high	
15	228	514.32	516.32	And look, isn't this what he would look like now?	Phoebe	high	community_transcript_match	1.0	dialogue	False	True	Phoebe | Chandler | Ross | Joey | All | Monica | Rachel | The Guys	Phoebe	Monica	False		Speaker agrees with available community-transcript mapping.	She was acting, she was pretending like she hasn’t heard from him on years, but I found this picture on her fridge, and look (shows Monica)! Isn’t this what he would look like now?	Phoebe	Phoebe	present	char_tracker_stage05	phoebe	present	1.0		high	
15	229	518.0	518.8	Totally familiar.	Monica	high	community_transcript_match	1.0	dialogue	False	True	Phoebe | Chandler | Ross | Joey | All | Monica | Rachel | The Guys	Phoebe	Rachel	False		Speaker agrees with available community-transcript mapping.	(gasps) Totally familiar. (Phoebe shows the rest of them.)	Monica	Monica	present	char_tracker_stage05	chandler|joey|monica|rachel|ross	present	1.0		high	
15	230	518.8	519.2	Yeah.	Rachel	medium	short_turn_alternation	0.7	dialogue	True	False	Phoebe | Chandler | Ross | Joey | All | Monica | Rachel | The Guys	Monica	Rachel	True	short_utterance_between_two_speakers	Short utterance inferred from local turn alternation.				present	char_tracker_stage05	chandler|joey|monica|rachel|ross	present			medium	
15	231	519.52	520.28	Oh, yeah.	Rachel	high	community_transcript_match	1.0	dialogue	False	True	Phoebe | Chandler | Ross | Joey | All | Monica | Rachel | The Guys	Rachel	Rachel	False		Speaker agrees with available community-transcript mapping.	Oh, yeah.	Rachel	Rachel	present	char_tracker_stage05	chandler|joey|rachel|ross	present	1.0		high	
15	232	520.28	520.72	Wow.	Rachel	medium	visual_disambiguation	0.74	dialogue	True	False	Phoebe | Chandler | Ross | Joey | All | Monica | Rachel | The Guys	Rachel	The Guys	False		Only one of the two text-context candidates was visually present in the window.				present	char_tracker_stage05	chandler|joey|rachel|ross	present			medium	
15	233	521.2	521.68	Yeah.	The Guys	high	community_transcript_match	1.0	dialogue	False	True	Phoebe | Chandler | Ross | Joey | All | Monica | Rachel | The Guys	Rachel	Monica	False		Speaker agrees with available community-transcript mapping.	Yeah!	The Guys	The Guys	present	char_tracker_stage05	chandler|joey|rachel	unobserved			high	
15	234	522.32	523.84	Well, why would she lie to you?	Monica	high	community_transcript_match	1.0	dialogue	False	True	Phoebe | Chandler | Ross | Joey | All | Monica | Rachel | The Guys	The Guys	Phoebe	False		Speaker agrees with available community-transcript mapping.	Well, why would she lie to you?	Monica	Monica	present	char_tracker_stage05	chandler|joey|monica|phoebe|rachel	present	1.0		high	
15	235	523.92	525.64	I don't know, but we're having dinner tomorrow night.	Phoebe	medium	visual_disambiguation	0.74	dialogue	True	False	Phoebe | Chandler | Ross | Joey | All | Monica | Rachel | The Guys	Monica	Phoebe	False		Only one of the two text-context candidates was visually present in the window.				present	char_tracker_stage05	phoebe	present			medium	
15	236	525.64	527.08	So I figured she's going to tell me.	Phoebe	high	scene_context_bridge	0.88	dialogue	True	False	Phoebe | Chandler | Ross | Joey | All | Monica | Rachel | The Guys	Phoebe	Phoebe	False		Same speaker appears on both sides within the same scene.				present	char_tracker_stage05	phoebe	present			high	
15	237	527.08	530.89	Then, you know, maybe she just wanted to give him time to buy me presents.	Phoebe	high	community_transcript_match	1.0	dialogue	False	True	Phoebe | Chandler | Ross | Joey | All | Monica | Rachel | The Guys	Phoebe	Phoebe	False		Speaker agrees with available community-transcript mapping.	I don’t know, but we’re having dinner tomorrow night, so I figured, she’s gonna tell me then. Y'know maybe she just wanted to give him time to, buy me presents, I don’t know! So, you’re all bored?	Phoebe	Phoebe	present	char_tracker_stage05	phoebe	present	1.0		high	
15	238	533.37	534.57	So you're all bored?	Phoebe	high	community_transcript_match	1.0	dialogue	False	True	Phoebe | Chandler | Ross | Joey | All | Monica | Rachel | The Guys	Phoebe	Chandler	False		Speaker agrees with available community-transcript mapping.	So, you're all bored	Phoebe	Phoebe	present	char_tracker_stage05	joey|phoebe|rachel|ross	present	1.0		high	
15	239	534.57	535.45	Oh, yes.	Chandler	high	qa_review_resolved_ct_support	1.0	dialogue	False	True	Phoebe | Chandler | Ross | Joey | All | Monica | Rachel | The Guys	Phoebe	Phoebe	True	speaker_offscreen	Speaker agrees with available community-transcript mapping. | QA resolved prior review with community-transcript support.	Yes!	Chandler	Chandler	present	char_tracker_stage05	joey|phoebe|rachel|ross	absent	0.0		low	speaker_offscreen
15	240	536.17	539.57	All right, I'm gonna close my eyes and point to someone.	Phoebe	high	community_transcript_match	1.0	dialogue	False	True	Phoebe | Chandler | Ross | Joey | All | Monica | Rachel | The Guys	Chandler	Phoebe	False		Speaker agrees with available community-transcript mapping.	all right i'm gonna close my eyes and point to someone and we have to do it	Phoebe	Phoebe	present	char_tracker_stage05	phoebe	present	1.0		high	
15	241	539.57	542.53	And whoever I point to has to come up with something fun for us to do.	Phoebe	high	community_transcript_match	1.0	dialogue	False	True	Phoebe | Chandler | Ross | Joey | All | Monica | Rachel | The Guys	Phoebe	Phoebe	False		Speaker agrees with available community-transcript mapping.	All right, I’m gonna close my eyes and point to someone, and you, whoever I point has to come up with something fun for us to do, and we have to do it.	Phoebe	Phoebe	present	char_tracker_stage05	phoebe	present	1.0		high	
15	242	542.53	543.45	And we have to do it.	Phoebe	high	community_transcript_match	1.0	dialogue	False	True	Phoebe | Chandler | Ross | Joey | All | Monica | Rachel | The Guys	Phoebe	Phoebe	False		Speaker agrees with available community-transcript mapping.	all right i'm gonna close my eyes and point to someone and we have to do it	Phoebe	Phoebe	present	char_tracker_stage05	chandler|phoebe	present	1.0		high	
15	243	543.45	543.89	Okay.	Phoebe	high	community_transcript_match	1.0	dialogue	False	True	Phoebe | Chandler | Ross | Joey | All | Monica | Rachel | The Guys	Phoebe	Phoebe	False		Speaker agrees with available community-transcript mapping.	Okay.	Phoebe	Phoebe	present	char_tracker_stage05	chandler|phoebe	present	1.0		high	
15	244	543.89	544.13	All right.	Phoebe	medium	visual_disambiguation	0.74	dialogue	True	False	Phoebe | Chandler | Ross | Joey | All | Monica | Rachel | The Guys	Phoebe	Joey	False		Only one of the two text-context candidates was visually present in the window.				present	char_tracker_stage05	chandler|phoebe	present			medium	
15	245	544.13	544.57	Fan out.	Joey	high	qa_review_resolved_ct_support	1.0	dialogue	False	True	Phoebe | Chandler | Ross | Joey | All | Monica | Rachel | The Guys	Phoebe	Joey	True	speaker_offscreen	Speaker agrees with available community-transcript mapping. | QA resolved prior review with community-transcript support.	fan out	Joey	Joey	present	char_tracker_stage05	chandler	absent	0.0		low	speaker_offscreen
15	246	544.57	545.21	Fan out.	Joey	high	qa_review_resolved_ct_support	1.0	dialogue	False	True	Phoebe | Chandler | Ross | Joey | All | Monica | Rachel | The Guys	Joey		True	speaker_offscreen	Speaker agrees with available community-transcript mapping. | QA resolved prior review with community-transcript support.	Fan out! Fan out!	Joey	Joey	present	char_tracker_stage05	chandler	absent	0.0		low	speaker_offscreen
16	247	546.89	547.45	Okay.	Phoebe	high	qa_review_resolved_ct_support	1.0	dialogue	False	True	Phoebe | Chandler | Joey | Monica		Phoebe	True	speaker_no_face	Speaker agrees with available community-transcript mapping. | QA resolved prior review with community-transcript support.	Okay	Phoebe	Phoebe	absent	char_tracker_stage05		absent	0.0		medium	speaker_no_face
16	248	549.05	550.73	Oh, you know, we could just do this.	Phoebe	high	qa_review_resolved_ct_support	1.0	dialogue	False	True	Phoebe | Chandler | Joey | Monica	Phoebe	Chandler	True	speaker_no_face	Speaker agrees with available community-transcript mapping. | QA resolved prior review with community-transcript support.	Okay. (Starts to spin) Ooh, y'know we could just do this. (She stops at Chandler)	Phoebe	Phoebe	absent	char_tracker_stage05		absent	0.0		medium	speaker_no_face
16	249	553.93	554.57	Okay.	Chandler	high	community_transcript_match	1.0	dialogue	False	True	Phoebe | Chandler | Joey | Monica	Phoebe	Chandler	False		Speaker agrees with available community-transcript mapping.	okay umm	Chandler	Chandler	present	char_tracker_stage05	chandler	present	1.0		high	
16	250	555.92	557.96	We all have to play strip poker.	Chandler	high	community_transcript_match	1.0	dialogue	False	True	Phoebe | Chandler | Joey | Monica	Chandler	Joey	False		Speaker agrees with available community-transcript mapping.	Okay, umm, we all have to play strip poker.	Chandler	Chandler	present	char_tracker_stage05	chandler	present	1.0		high	
16	251	557.96	558.72	Ah, yes.	Joey	high	qa_review_resolved_ct_support	1.0	dialogue	False	True	Phoebe | Chandler | Joey | Monica	Chandler	Monica	True	speaker_offscreen	Speaker agrees with available community-transcript mapping. | QA resolved prior review with community-transcript support.	(jumping in triumph) OH YES!!!!!	Joey	Joey	present	char_tracker_stage05	chandler|phoebe|ross	absent	0.0		low	speaker_offscreen
16	252	559.36	563.28	Chandler, why all of a sudden, do you want to play strip poker?	Monica	high	community_transcript_match	1.0	dialogue	False	True	Phoebe | Chandler | Joey | Monica	Joey	Chandler	False		Speaker agrees with available community-transcript mapping.	Chandler! Why, all of a sudden, do you wanna play strip poker?	Monica	Monica	present	char_tracker_stage05	monica	present	0.8		high	
16	253	563.52	566.24	I think because of margaritas 3, 4 and 9.	Chandler	high	community_transcript_match	1.0	dialogue	False	True	Phoebe | Chandler | Joey | Monica	Monica		False		Speaker agrees with available community-transcript mapping.	I think because of margaritas three, four, and nine.	Chandler	Chandler	present	char_tracker_stage05	chandler	present	1.0		high	
17	254	569.92	571.28	Strip happy days game.	Monica	high	community_transcript_match	1.0	dialogue	False	True	Monica | Joey		Joey	False		Speaker agrees with available community-transcript mapping.	Strip Happy Days Game?	Monica	Monica	present	char_tracker_stage05	joey|monica|phoebe	present	1.0		high	
17	255	572.08	573.96	Yeah, well, I couldn't find any cards.	Joey	high	qa_review_resolved_ct_support	1.0	dialogue	False	True	Monica | Joey	Monica	Joey	True	speaker_no_face	Speaker agrees with available community-transcript mapping. | QA resolved prior review with community-transcript support.	yeah well i couldn't find any cards	Joey	Joey	absent	char_tracker_stage05		absent	0.0		medium	speaker_no_face
17	256	573.96	576.72	So it was either this or a strip bag of old knitting stuff.	Joey	high	qa_review_resolved_bridge	1.0	dialogue	False	True	Monica | Joey	Joey	Joey	True	speaker_no_face	Speaker agrees with available community-transcript mapping. | QA resolved prior review by same-speaker bridge.	Yeah, well, I couldn’t find any cards, so it was either this or Strip Bag Of Old Knitting Stuff.	Joey	Joey	absent	char_tracker_stage05		absent	0.0		medium	speaker_no_face
17	257	578.24	578.96	Yahoo.	Joey	medium	scene_context_inference	0.68	dialogue	True	False	Monica | Joey	Joey		True	scene_end_short_utterance | speaker_no_face	Filled from previous same-scene context.				absent	char_tracker_stage05		absent			medium	speaker_no_face
18	258	580.24	583.63	Okay, Fonzie gives you two thumbs up.	Ross	high	community_transcript_match	1.0	dialogue	False	True	Ross | Phoebe | Joey | Rachel		Ross	False		Speaker agrees with available community-transcript mapping.	Okay, (reading the card) Fonzie gives you two thumbs up, collect two cool points. Yeah.	Ross	Ross	present	char_tracker_stage05	rachel|ross	present	0.75		high	
18	259	583.71	585.31	Collect two cool points.	Ross	high	community_transcript_match	1.0	dialogue	False	True	Ross | Phoebe | Joey | Rachel	Ross	Phoebe	False		Speaker agrees with available community-transcript mapping.	collect two cool points yeah	Ross	Ross	present	char_tracker_stage05	rachel|ross	present	1.0		high	
18	260	585.47	591.07	Yeah, if you get five cool points, you get to make someone take off one item of clothing.	Phoebe	high	community_transcript_match	1.0	dialogue	False	True	Ross | Phoebe | Joey | Rachel	Ross	Phoebe	False		Speaker agrees with available community-transcript mapping.	Monica, if you get five cool points, you get to make somebody take off one item of clothing. It hasn’t happened yet, but we’re all very excited.	Phoebe	Phoebe	present	char_tracker_stage05	joey|phoebe	present	0.7143		high	
18	261	591.31	593.47	It hasn't happened yet, but we're all very excited.	Phoebe	high	community_transcript_match	1.0	dialogue	False	True	Ross | Phoebe | Joey | Rachel	Phoebe	Ross	False		Speaker agrees with available community-transcript mapping.	It hasn't happened yet, but we're all very excited	Phoebe	Phoebe	present	char_tracker_stage05	joey|phoebe	present	1.0		high	
18	262	595.23	596.51	Okay, come on.	Ross	high	community_transcript_match	1.0	dialogue	False	True	Ross | Phoebe | Joey | Rachel	Phoebe	Ross	False		Speaker agrees with available community-transcript mapping.	Okay, come on	Ross	Ross	present	char_tracker_stage05	rachel|ross	present	1.0		high	
18	263	596.989	601.15	Daddy needs a new pair of electromagnetic microscopes for the prehistoric Forensics department.	Ross	high	community_transcript_match	1.0	dialogue	False	True	Ross | Phoebe | Joey | Rachel	Ross	Ross	False		Speaker agrees with available community-transcript mapping.	Okay, come on! (blows on the dice) Daddy needs a new pair of electromagnetic microscopes for the Prehistoric Forensics Department! (They all look at him, and he shuts up and rolls the dice.) (he moves his piece) Okay. (reading a card) Take Pinky Tuscadero up to Inspiration Point, collect three cool points!! Yeah! Which gives me five, and let’s see who is gonna lose their clothes. Ummmm, I think I pick our strip poker sponsor Mr. Joey Tribianni.	Ross	Ross	present	char_tracker_stage05	rachel|ross	present	1.0		high	
18	264	607.78	611.94	Okay, take Pinky Tuscadero up to Inspiration Point.	Ross	high	community_transcript_match	1.0	dialogue	False	True	Ross | Phoebe | Joey | Rachel	Ross	Ross	False		Speaker agrees with available community-transcript mapping.	okay come on okay take pinky tuscadero up to inspiration point collect three cool points yeah which gives me five and let's see who is gonna lose their clothes ummmm i think i pick our strip poker sponsor mr joey tribianni	Ross	Ross	present	char_tracker_stage05	ross	present	1.0		high	
18	265	611.94	613.38	Collect three cool points.	Ross	medium	visual_disambiguation	0.74	dialogue	True	False	Ross | Phoebe | Joey | Rachel	Ross	Joey	False		Only one of the two text-context candidates was visually present in the window.				present	char_tracker_stage05	ross	present			medium	
18	266	613.46	614.02	Yeah.	Joey	medium	short_turn_alternation	0.7	dialogue	True	False	Ross | Phoebe | Joey | Rachel	Ross	Joey	True	short_utterance_between_two_speakers | speaker_offscreen	Short utterance inferred from local turn alternation.				present	char_tracker_stage05	chandler	absent			low	speaker_offscreen
18	267	614.58	616.1	Which gives me five.	Joey	high	qa_review_resolved_bridge	0.9	dialogue	True	False	Ross | Phoebe | Joey | Rachel	Joey	Joey	True	speaker_no_face	Same speaker appears on both sides within the same scene. | QA resolved prior review by same-speaker bridge.				partial	char_tracker_stage05		absent			medium	speaker_no_face
18	268	616.42	618.9	And let's see, who is gonna lose their clothes.	Joey	high	qa_review_resolved_bridge	0.9	dialogue	True	False	Ross | Phoebe | Joey | Rachel	Joey	Joey	True	speaker_no_face	Same speaker appears on both sides within the same scene. | QA resolved prior review by same-speaker bridge.				absent	char_tracker_stage05		absent			medium	speaker_no_face
18	269	619.06	624.1	Um, I think I pick our strip poker sponsor, Mr. Joey Tribbiani.	Joey	high	qa_review_resolved_bridge	0.9	dialogue	True	False	Ross | Phoebe | Joey | Rachel	Joey	Joey	True	speaker_offscreen	Same speaker appears on both sides within the same scene. | QA resolved prior review by same-speaker bridge.				present	char_tracker_stage05	ross	absent			low	speaker_offscreen
18	270	627.54	628.74	All right, relax.	Joey	high	community_transcript_match	1.0	dialogue	False	True	Ross | Phoebe | Joey | Rachel	Joey	Joey	False		Speaker agrees with available community-transcript mapping.	All right, relax	Joey	Joey	present	char_tracker_stage05	joey|phoebe|rachel|ross	present	1.0		high	
18	271	628.74	629.78	It's just a shoe.	Joey	high	community_transcript_match	1.0	dialogue	False	True	Ross | Phoebe | Joey | Rachel	Joey	Rachel	False		Speaker agrees with available community-transcript mapping.	All right, relax. It’s just a shoe.	Joey	Joey	present	char_tracker_stage05	joey|phoebe	present	1.0		high	
18	272	632.42	634.63	Okay, your band is playing at Arnold's.	Rachel	high	community_transcript_match	1.0	dialogue	False	True	Ross | Phoebe | Joey | Rachel	Joey	Rachel	False		Speaker agrees with available community-transcript mapping.	okay your band is playing at arnold's	Rachel	Rachel	present	char_tracker_stage05	rachel|ross	present	1.0		high	
18	273	634.78	636.62	Collect three cool points.	Rachel	high	community_transcript_match	1.0	dialogue	False	True	Ross | Phoebe | Joey | Rachel	Rachel	Rachel	False		Speaker agrees with available community-transcript mapping.	okay your band is playing at arnold's collect three cool points	Rachel	Rachel	present	char_tracker_stage05	rachel|ross	present	1.0		high	
18	274	637.02	638.86	Which means I have five.	Rachel	high	community_transcript_match	1.0	dialogue	False	True	Ross | Phoebe | Joey | Rachel	Rachel		False		Speaker agrees with available community-transcript mapping.	okay your band is playing at arnold's collect three cool points which means i have five	Rachel	Rachel	present	char_tracker_stage05	rachel|ross	present	1.0		high	
19	275	639.26	641.42	And that means I get Joey's boxers.	Rachel	high	community_transcript_match	1.0	dialogue	False	True	Rachel | Joey | Phoebe | Ross | Monica | Bonnie		Joey	False		Speaker agrees with available community-transcript mapping.	(reading a card) Okay, your band is playing at Arnold’s, collect three cool points. Which means, I have five, and that means I get Joey’s boxers! (Joey is shirtless.)	Rachel	Rachel	present	char_tracker_stage05	joey|rachel|ross	present	1.0		high	
19	276	648.38	648.94	Fine.	Joey	high	qa_review_resolved_ct_support	1.0	dialogue	False	True	Rachel | Joey | Phoebe | Ross | Monica | Bonnie	Rachel	Joey	True	speaker_no_face	Speaker agrees with available community-transcript mapping. | QA resolved prior review with community-transcript support.	Fine	Joey	Joey	absent	char_tracker_stage05		absent	0.0		medium	speaker_no_face
19	277	648.94	650.06	Gang up on me.	Joey	high	qa_review_resolved_bridge	1.0	dialogue	False	True	Rachel | Joey | Phoebe | Ross | Monica | Bonnie	Joey	Joey	True	speaker_no_face	Speaker agrees with available community-transcript mapping. | QA resolved prior review by same-speaker bridge.	Gang up on me	Joey	Joey	absent	char_tracker_stage05		absent	0.0		medium	speaker_no_face
19	278	650.14	652.22	I got you all right where I want you.	Joey	high	qa_review_resolved_ct_support	1.0	dialogue	False	True	Rachel | Joey | Phoebe | Ross | Monica | Bonnie	Joey	Phoebe	True	speaker_no_face	Speaker agrees with available community-transcript mapping. | QA resolved prior review with community-transcript support.	Fine. Gang up on me! I got you all right where I want you.	Joey	Joey	absent	char_tracker_stage05		absent	0.0		medium	speaker_no_face
19	279	653.42	654.7	Come on, take them off.	Phoebe	high	community_transcript_match	1.0	dialogue	False	True	Rachel | Joey | Phoebe | Ross | Monica | Bonnie	Joey	Joey	False		Speaker agrees with available community-transcript mapping.	Come on, take ‘em off!!	Phoebe	Phoebe	present	char_tracker_stage05	joey|phoebe	present	1.0		high	
19	280	655.5	656.82	Actually, you know, it's kind of cold.	Joey	high	community_transcript_match	1.0	dialogue	False	True	Rachel | Joey | Phoebe | Ross | Monica | Bonnie	Phoebe	Joey	False		Speaker agrees with available community-transcript mapping.	actually y'know it's kinda cold	Joey	Joey	present	char_tracker_stage05	joey|phoebe	present	1.0		high	
19	281	656.82	660.22	So how about I keep my boxers on and give y' all a peek at the good stuff?	Joey	high	community_transcript_match	1.0	dialogue	False	True	Rachel | Joey | Phoebe | Ross | Monica | Bonnie	Joey	Rachel	False		Speaker agrees with available community-transcript mapping.	Actually, y'know it’s kinda cold, so how about I keep my boxers on, and give you all a peek at the good stuff?	Joey	Joey	present	char_tracker_stage05	joey|phoebe	present	1.0		high	
19	282	661.41	663.49	All right, I'm gonna make more margaritas.	Rachel	high	qa_review_resolved_ct_support	1.0	dialogue	False	True	Rachel | Joey | Phoebe | Ross | Monica | Bonnie	Joey	Ross	True	speaker_offscreen	Speaker agrees with available community-transcript mapping. | QA resolved prior review with community-transcript support.	(getting up) All right, I’m gonna make more margaritas! (She pours the rest of the pitcher into Ross’s glass.)	Rachel	Rachel	present	char_tracker_stage05	ross	absent	0.0		low	speaker_offscreen
19	283	663.65	664.25	Well, hey.	Ross	high	community_transcript_match	1.0	dialogue	False	True	Rachel | Joey | Phoebe | Ross | Monica | Bonnie	Rachel	Ross	False		Speaker agrees with available community-transcript mapping.	Whoa, hey	Ross	Ross	present	char_tracker_stage05	ross	present	1.0		high	
19	284	664.25	664.81	What are you doing?	Ross	high	community_transcript_match	1.0	dialogue	False	True	Rachel | Joey | Phoebe | Ross | Monica | Bonnie	Ross	Ross	False		Speaker agrees with available community-transcript mapping.	What are doing	Ross	Ross	present	char_tracker_stage05	ross	present	1.0		high	
19	285	664.81	665.89	Trying to get me drunk?	Ross	high	community_transcript_match	1.0	dialogue	False	True	Rachel | Joey | Phoebe | Ross | Monica | Bonnie	Ross	Rachel	False		Speaker agrees with available community-transcript mapping.	Whoa, hey! What are doing? Trying to get me drunk?	Ross	Ross	present	char_tracker_stage05	ross	present	1.0		high	
19	286	666.77	668.29	I'm just making margaritas.	Rachel	high	qa_review_resolved_ct_support	1.0	dialogue	False	True	Rachel | Joey | Phoebe | Ross | Monica | Bonnie	Ross	Monica	True	speaker_offscreen	Speaker agrees with available community-transcript mapping. | QA resolved prior review with community-transcript support.	I’m just making margaritas.	Rachel	Rachel	present	char_tracker_stage05	ross	absent	0.0		low	speaker_offscreen
19	287	670.05	671.49	I think I'll help her out.	Monica	high	qa_review_resolved_ct_support	1.0	dialogue	False	True	Rachel | Joey | Phoebe | Ross | Monica | Bonnie	Rachel	Rachel	True	speaker_offscreen	Speaker agrees with available community-transcript mapping. | QA resolved prior review with community-transcript support.	I think I’ll help her out. (She gets up to go over and help Rachel, and reveals she has no pants.) (to Rachel) What is going on here?	Monica	Monica	present	char_tracker_stage05	ross	absent	0.0		low	speaker_offscreen
19	288	675.73	677.17	What is going on here?	Rachel	high	qa_review_resolved_ct_support	1.0	dialogue	False	True	Rachel | Joey | Phoebe | Ross | Monica | Bonnie	Monica	Monica	True	speaker_offscreen	Speaker agrees with available community-transcript mapping. | QA resolved prior review with community-transcript support.	What?!	Rachel	Rachel	present	char_tracker_stage05	monica|ross	absent	0.3333		low	speaker_offscreen
19	289	677.41	680.13	What, are you painting his toenails?	Monica	high	community_transcript_match	1.0	dialogue	False	True	Rachel | Joey | Phoebe | Ross | Monica | Bonnie	Rachel	Rachel	False		Speaker agrees with available community-transcript mapping.	You painting his toenails?	Monica	Monica	present	char_tracker_stage05	monica|rachel|ross	present	1.0		high	
19	290	680.13	681.01	Oh, come on.	Rachel	high	community_transcript_match	1.0	dialogue	False	True	Rachel | Joey | Phoebe | Ross | Monica | Bonnie	Monica	Monica	False		Speaker agrees with available community-transcript mapping.	Oh, come on!	Rachel	Rachel	present	char_tracker_stage05	monica|rachel	present	1.0		high	
19	291	681.17	682.25	Chasing him around the room?	Monica	high	qa_review_resolved_ct_support	1.0	dialogue	False	True	Rachel | Joey | Phoebe | Ross | Monica | Bonnie	Rachel	Rachel	True	speaker_offscreen	Speaker agrees with available community-transcript mapping. | QA resolved prior review with community-transcript support.	Chasing him all around the room?	Monica	Monica	present	char_tracker_stage05	rachel	absent	0.0		low	speaker_offscreen
19	292	682.25	683.17	Monica, please.	Rachel	high	qa_review_resolved_ct_support	1.0	dialogue	False	True	Rachel | Joey | Phoebe | Ross | Monica | Bonnie	Monica	Monica	True	speaker_offscreen	Speaker agrees with available community-transcript mapping. | QA resolved prior review with community-transcript support.	Monica, please?	Rachel	Rachel	present	char_tracker_stage05	monica	absent	0.0		low	speaker_offscreen
19	293	683.49	685.17	He's totally flirting with you too.	Monica	high	community_transcript_match	1.0	dialogue	False	True	Rachel | Joey | Phoebe | Ross | Monica | Bonnie	Rachel	Rachel	False		Speaker agrees with available community-transcript mapping.	He’s totally flirting with you too.	Monica	Monica	present	char_tracker_stage05	monica	present	1.0		high	
19	294	686.76	687.72	He is, isn't he?	Rachel	medium	visual_disambiguation	0.74	dialogue	True	False	Rachel | Joey | Phoebe | Ross | Monica | Bonnie	Monica	Rachel	False		Only one of the two text-context candidates was visually present in the window.				present	char_tracker_stage05	rachel	present			medium	
19	295	689.56	690.36	I don't know.	Rachel	high	scene_context_bridge	0.88	dialogue	True	False	Rachel | Joey | Phoebe | Ross | Monica | Bonnie	Rachel	Rachel	False		Same speaker appears on both sides within the same scene.				present	char_tracker_stage05	rachel	present			high	
19	296	690.52	691.16	I don't know.	Rachel	high	scene_context_bridge	0.88	dialogue	True	False	Rachel | Joey | Phoebe | Ross | Monica | Bonnie	Rachel	Rachel	False		Same speaker appears on both sides within the same scene.				present	char_tracker_stage05	rachel	present			high	
19	297	691.16	693.64	I mean, maybe it's just being here at the beach together or.	Rachel	high	community_transcript_match	1.0	dialogue	False	True	Rachel | Joey | Phoebe | Ross | Monica | Bonnie	Rachel	Rachel	False		Speaker agrees with available community-transcript mapping.	(pause) He is, isn’t he? I don’t know, I don’t know, I mean maybe it’s just being here at the beach together or, I don’t know. But it’s like something... (she’s interrupted by the sound of Bonnie entering)	Rachel	Rachel	present	char_tracker_stage05	rachel	present	1.0		high	
19	298	693.64	695.16	I don't know, but it's like something.	Rachel	high	community_transcript_match	1.0	dialogue	False	True	Rachel | Joey | Phoebe | Ross | Monica | Bonnie	Rachel	Bonnie	False		Speaker agrees with available community-transcript mapping.	But it's like something	Rachel	Rachel	present	char_tracker_stage05	rachel	present	1.0		high	
19	299	696.84	697.32	Hey.	Bonnie	high	community_transcript_match	1.0	dialogue	False	True	Rachel | Joey | Phoebe | Ross | Monica | Bonnie	Rachel	Ross	False		Speaker agrees with available community-transcript mapping.	Hey!	Bonnie	Bonnie	absent	char_tracker_stage05		unobserved			high	
19	300	701.24	702.2	Hi, Barbie.	Ross	medium	short_turn_alternation	0.7	dialogue	True	False	Rachel | Joey | Phoebe | Ross | Monica | Bonnie	Bonnie	Ross	True	short_utterance_between_two_speakers | speaker_offscreen	Short utterance inferred from local turn alternation.				present	char_tracker_stage05	rachel	absent			low	speaker_offscreen
19	301	702.2	702.6	Hi.	Ross	high	qa_review_resolved_ct_support	1.0	dialogue	False	True	Rachel | Joey | Phoebe | Ross | Monica | Bonnie	Ross	Bonnie	True	speaker_offscreen	Speaker agrees with available community-transcript mapping. | QA resolved prior review with community-transcript support.	Hey! (Rachel is shocked) Hi Bonnie!	Ross	Ross	present	char_tracker_stage05	rachel	absent	0.0		low	speaker_offscreen
19	302	703.24	705.32	My boss let me off early, so I took the train.	Bonnie	high	community_transcript_match	1.0	dialogue	False	True	Rachel | Joey | Phoebe | Ross | Monica | Bonnie	Ross	Bonnie	False		Speaker agrees with available community-transcript mapping.	Hi! My boss let me off early, so I took the train.	Bonnie	Bonnie	present	char_tracker_stage05	ross	unobserved			high	
19	303	705.64	707.24	Oh, what are you guys.	Bonnie	high	community_transcript_match	1.0	dialogue	False	True	Rachel | Joey | Phoebe | Ross | Monica | Bonnie	Bonnie		False		Speaker agrees with available community-transcript mapping.	What are you guys doing?!	Bonnie	Bonnie	present	char_tracker_stage05	ross	unobserved			high	
