scene_id	sentence_id	start	end	utterance	speaker	speaker_confidence	speaker_method	alignment_score	row_type	filled_from_missing	matched_to_ct	scene_speaker_set	prev_speaker_scene	next_speaker_scene	review_flag	review_reason	notes	utterance_ct	speaker_ct	speaker_original	visual_presence	visual_presence_source	visual_presence_chars	speaker_visual_presence	speaker_visual_ratio	visual_presence_note	annotation_confidence	annotation_review_reason
19	1	0.4	0.96	That's great.	Joey	high	community_transcript_match	1.0	dialogue	False	True	Joey | Chandler		Joey	False		Speaker agrees with available community-transcript mapping.	That's great	Joey	Joey	present	char_tracker_stage05	joey|ross	present	1.0		high	
19	2	2.8	4.8	You and my sister sitting in a tree.	Joey	high	qa_review_resolved_ct_support	1.0	dialogue	False	True	Joey | Chandler	Joey	Chandler	True	speaker_no_face	Speaker agrees with available community-transcript mapping. | QA resolved prior review with community-transcript support.	Really? That’s great! You and my sister, sittin’ in a tree.	Joey	Joey	absent	char_tracker_stage05		absent	0.0		medium	speaker_no_face
19	3	6.96	8.16	Yep, I'm in a tree.	Chandler	high	community_transcript_match	1.0	dialogue	False	True	Joey | Chandler	Joey		False		Speaker agrees with available community-transcript mapping.	Yep, I’m in a tree.	Chandler	Chandler	present	char_tracker_stage05	chandler|joey	present	1.0		high	
20	4	11.92	12.72	Did he call?	Rachel	high	qa_review_resolved_ct_support	1.0	dialogue	False	True	Rachel | Monica		Rachel	True	speaker_no_face	Speaker agrees with available community-transcript mapping. | QA resolved prior review with community-transcript support.	Did he call	Rachel	Rachel	absent	char_tracker_stage05		absent	0.0		medium	speaker_no_face
20	5	13.12	13.96	Did Mark call?	Rachel	high	qa_review_resolved_ct_support	1.0	dialogue	False	True	Rachel | Monica	Rachel	Monica	True	speaker_no_face	Speaker agrees with available community-transcript mapping. | QA resolved prior review with community-transcript support.	Did he call? Did Mark call?	Rachel	Rachel	absent	char_tracker_stage05		absent	0.0		medium	speaker_no_face
20	6	13.96	16.399	No, honey, I'm sorry, but the weekend's not over yet.	Monica	high	community_transcript_match	1.0	dialogue	False	True	Rachel | Monica	Rachel	Rachel	False		Speaker agrees with available community-transcript mapping.	No honey, I’m sorry, but the weekend’s not over yet.	Monica	Monica	present	char_tracker_stage05	monica	present	0.75		high	
20	7	19.76	21.92	Oh, my God, is that Phoebe?	Rachel	high	community_transcript_match	1.0	dialogue	False	True	Rachel | Monica	Monica	Monica	False		Speaker agrees with available community-transcript mapping.	Oh. (we hear laughing from the upstairs apartment) Oh my God, is that Phoebe?	Rachel	Rachel	present	char_tracker_stage05	monica|rachel	present	1.0		high	
20	8	22.64	23.92	Guess they're back from their date.	Monica	high	community_transcript_match	1.0	dialogue	False	True	Rachel | Monica	Rachel		False		Speaker agrees with available community-transcript mapping.	I guess they’re back from their date.	Monica	Monica	present	char_tracker_stage05	monica|rachel	present	1.0		high	
21	9	24.16	27.52	Ah, music.	Rachel	high	community_transcript_match	1.0	dialogue	False	True	Rachel		Rachel	False		Speaker agrees with available community-transcript mapping.	Music	Rachel	Rachel	present	char_tracker_stage05	monica|rachel	present	1.0		high	
21	10	29.36	30.4	Very nice.	Rachel	high	qa_review_resolved_bridge	1.0	dialogue	False	True	Rachel	Rachel	Rachel	True	speaker_no_face	Speaker agrees with available community-transcript mapping. | QA resolved prior review by same-speaker bridge.	Music. Very nice.	Rachel	Rachel	absent	char_tracker_stage05		absent	0.0		medium	speaker_no_face
21	11	31.98	32.3	Yeah.	Rachel	medium	scene_context_inference	0.68	dialogue	True	False	Rachel	Rachel		True	scene_end_short_utterance	Filled from previous same-scene context.				present	char_tracker_stage05	rachel	present			medium	
22	12	39.18	40.06	Oh, my God.	Monica	high	community_transcript_match	1.0	dialogue	False	True	Monica | Rachel		Rachel	False		Speaker agrees with available community-transcript mapping.	Oh my God!	Monica	Monica	present	char_tracker_stage05	monica|rachel	present	1.0		high	
22	13	43.74	44.94	So, how are you?	Rachel	high	community_transcript_match	1.0	dialogue	False	True	Monica | Rachel	Monica	Monica	False		Speaker agrees with available community-transcript mapping.	So, how are you?	Rachel	Rachel	present	char_tracker_stage05	monica|rachel	present	0.5		high	
22	14	45.66	46.54	I am good.	Monica	high	community_transcript_match	1.0	dialogue	False	True	Monica | Rachel	Rachel	Monica	False		Speaker agrees with available community-transcript mapping.	I am good	Monica	Monica	present	char_tracker_stage05	monica	present	1.0		high	
22	15	46.94	47.979	I finished my book.	Monica	high	community_transcript_match	1.0	dialogue	False	True	Monica | Rachel	Monica	Rachel	False		Speaker agrees with available community-transcript mapping.	I am good. I finished my book.	Monica	Monica	present	char_tracker_stage05	monica	present	1.0		high	
22	16	47.979	48.62	Oh, yeah?	Rachel	high	qa_review_resolved_ct_support	1.0	dialogue	False	True	Monica | Rachel	Monica		True	speaker_offscreen	Speaker agrees with available community-transcript mapping. | QA resolved prior review with community-transcript support.	oh yeah	Rachel	Rachel	present	char_tracker_stage05	monica	absent	0.0		low	speaker_offscreen
23	17	48.62	49.34	What's it about?	Rachel	high	qa_review_resolved_ct_support	1.0	dialogue	False	True	Rachel | Monica		Monica	True	speaker_offscreen	Speaker agrees with available community-transcript mapping. | QA resolved prior review with community-transcript support.	Oh yeah, what’s it about?	Rachel	Rachel	present	char_tracker_stage05	monica	absent	0.0		low	speaker_offscreen
23	18	49.34	50.1	I don't remember.	Monica	high	community_transcript_match	1.0	dialogue	False	True	Rachel | Monica	Rachel	Monica	False		Speaker agrees with available community-transcript mapping.	I don’t remember. Do you wanna take a walk?	Monica	Monica	present	char_tracker_stage05	monica	present	1.0		high	
23	19	50.1	51.02	Do you want to take a walk?	Monica	high	community_transcript_match	1.0	dialogue	False	True	Rachel | Monica	Monica	Rachel	False		Speaker agrees with available community-transcript mapping.	Do you wanna take a walk	Monica	Monica	present	char_tracker_stage05	monica	present	1.0		high	
23	20	51.02	51.74	Yeah, I do.	Rachel	high	qa_review_resolved_ct_support	1.0	dialogue	False	True	Rachel | Monica	Monica		True	speaker_offscreen	Speaker agrees with available community-transcript mapping. | QA resolved prior review with community-transcript support.	Yeah, I do. (they both run out)	Rachel	Rachel	present	char_tracker_stage05	monica	absent	0.0		low	speaker_offscreen
24	21	55.9	57.18	Dear Mary Angela.	Ross	high	community_transcript_match	1.0	dialogue	False	True	Ross | Chandler		Ross	False		Speaker agrees with available community-transcript mapping.	Dear Mary-Angela	Ross	Ross	present	char_tracker_stage05	ross	present	1.0		high	
24	22	57.91	58.23	Hi.	Ross	high	community_transcript_match	1.0	dialogue	False	True	Ross | Chandler	Ross	Ross	False		Speaker agrees with available community-transcript mapping.	Hi	Ross	Ross	present	char_tracker_stage05	ross	present	1.0		high	
24	23	58.39	59.19	How's it going?	Ross	high	community_transcript_match	1.0	dialogue	False	True	Ross | Chandler	Ross	Ross	False		Speaker agrees with available community-transcript mapping.	How's it going	Ross	Ross	present	char_tracker_stage05	chandler|ross	present	1.0		high	
24	24	59.51	61.95	This is the hardest letter I've ever had to write.	Ross	high	qa_review_resolved_bridge	1.0	dialogue	False	True	Ross | Chandler	Ross	Ross	True	speaker_offscreen	Speaker agrees with available community-transcript mapping. | QA resolved prior review by same-speaker bridge.	This is the hardest letter I've ever had to write	Ross	Ross	present	char_tracker_stage05	chandler	absent	0.3333		low	speaker_offscreen
24	25	61.95	63.43	What the hell's the matter with you?	Ross	high	community_transcript_match	1.0	dialogue	False	True	Ross | Chandler	Ross	Ross	False		Speaker agrees with available community-transcript mapping.	What the hell's a matter with you	Ross	Ross	present	char_tracker_stage05	chandler|ross	present	0.6667		high	
24	26	64.63	68.15	How do you think Joey's gonna react when he finds out you blew off his sister in a letter?	Ross	high	community_transcript_match	1.0	dialogue	False	True	Ross | Chandler	Ross	Chandler	False		Speaker agrees with available community-transcript mapping.	Dear Mary-Angela. Hi. How’s it going. This is the hardest letter I’ve ever had to write. (to Chandler) What the hell’s a matter with you? How do you think Joey’s going to react when he finds out that you blew off his sister with a letter?	Ross	Ross	present	char_tracker_stage05	ross	present	1.0		high	
24	27	68.31	73.99	Well, that's the part where you tell him that I moved to France when actually I'll be in Cuba.	Chandler	high	community_transcript_match	1.0	dialogue	False	True	Ross | Chandler	Ross	Chandler	False		Speaker agrees with available community-transcript mapping.	Well, that’s the part where you tell him that I moved to France. When actually I’ll be in Cuba.	Chandler	Chandler	present	char_tracker_stage05	chandler|ross	present	1.0		high	
24	28	75.11	77.75	Look, look, you've got to do this yourself, okay?	Chandler	medium	scene_context_inference	0.66	dialogue	True	False	Ross | Chandler	Chandler	Ross	True	two_sided_context_ambiguous | speaker_no_face	No direct transcript match; longer line defaulted to previous speaker in same scene.				absent	char_tracker_stage05		absent			medium	speaker_no_face
24	29	77.75	78.31	In person.	Ross	medium	visual_disambiguation	0.74	dialogue	True	False	Ross | Chandler	Chandler	Ross	False		Only one of the two text-context candidates was visually present in the window.				present	char_tracker_stage05	ross	present			medium	
24	30	78.63	79.95	At least you know her name.	Ross	high	community_transcript_match	1.0	dialogue	False	True	Ross | Chandler	Ross	Ross	False		Speaker agrees with available community-transcript mapping.	all right look look you've got to do this yourself okay in person at least you know her name	Ross	Ross	present	char_tracker_stage05	ross	present	1.0		high	
24	31	79.95	82.91	You just go to the house and you ask for Mariangela, okay?	Ross	high	community_transcript_match	1.0	dialogue	False	True	Ross | Chandler	Ross	Ross	False		Speaker agrees with available community-transcript mapping.	all right look look you've got to do this yourself okay in person at least you know her name you just go to the house and you ask for mary angela okay	Ross	Ross	present	char_tracker_stage05	ross	present	1.0		high	
24	32	82.91	87.53	When whichever one she is comes to the door, you take her for a walk, you let her down easy.	Ross	high	community_transcript_match	1.0	dialogue	False	True	Ross | Chandler	Ross	Chandler	False		Speaker agrees with available community-transcript mapping.	All right, look, look, you’ve got to do this yourself, okay in person. At least you know her name. You just go to the house and you ask for Mary-Angela, okay, when which ever one she is comes to the door, you take her for a walk, you let her down easy.	Ross	Ross	present	char_tracker_stage05	ross	present	1.0		high	
24	33	87.85	88.41	Okay?	Chandler	medium	short_turn_alternation	0.7	dialogue	True	False	Ross | Chandler	Ross	Chandler	True	short_utterance_between_two_speakers	Short utterance inferred from local turn alternation.				present	char_tracker_stage05	chandler|ross	present			medium	
24	34	88.57	91.45	What if Mary Angela comes to the door and I ask for Mary Angela?	Chandler	high	community_transcript_match	1.0	dialogue	False	True	Ross | Chandler	Chandler	Ross	False		Speaker agrees with available community-transcript mapping.	What if Mary-Angela comes to the door and I ask for Mary-Angela?	Chandler	Chandler	present	char_tracker_stage05	chandler	present	1.0		high	
24	35	93.13	94.17	We're in Cuba.	Ross	high	community_transcript_match	1.0	dialogue	False	True	Ross | Chandler	Chandler	Chandler	False		Speaker agrees with available community-transcript mapping.	Where in Cuba?	Ross	Ross	present	char_tracker_stage05	chandler|ross	present	0.5		high	
24	36	106.41	106.85	Joey.	Chandler	medium	visual_disambiguation	0.74	dialogue	True	False	Ross | Chandler	Ross	Chandler	False		Only one of the two text-context candidates was visually present in the window.				present	char_tracker_stage05	chandler	present			medium	
24	37	106.85	107.13	What?	Chandler	high	scene_context_bridge	0.88	dialogue	True	False	Ross | Chandler	Chandler	Chandler	False		Same speaker appears on both sides within the same scene.				present	char_tracker_stage05	chandler	present			high	
24	38	107.21	108.65	What, what, what?	Chandler	high	community_transcript_match	1.0	dialogue	False	True	Ross | Chandler	Chandler		False		Speaker agrees with available community-transcript mapping.	joey what wh wh wha wh wha wh wha wh wha	Chandler	Chandler	present	char_tracker_stage05	chandler	present	1.0		high	
25	39	108.65	109.61	What are you doing here?	Chandler	high	community_transcript_match	1.0	dialogue	False	True	Chandler | Joey		Joey	False		Speaker agrees with available community-transcript mapping.	(shocked) Joey, what-wh-wh-wha-wh-wha-wh-wha-wh-wha-what are you doing here?	Chandler	Chandler	present	char_tracker_stage05	chandler|joey	present	1.0		high	
25	40	109.69	111.69	Waiting for my grandma to finish my laundry.	Joey	high	community_transcript_match	1.0	dialogue	False	True	Chandler | Joey	Chandler	Joey	False		Speaker agrees with available community-transcript mapping.	Waiting for my Grandma to finish my laundry. What about you?	Joey	Joey	present	char_tracker_stage05	joey	present	1.0		high	
25	41	112.13	112.77	What about you?	Joey	high	community_transcript_match	1.0	dialogue	False	True	Chandler | Joey	Joey	Chandler	False		Speaker agrees with available community-transcript mapping.	What about you	Joey	Joey	present	char_tracker_stage05	joey	present	1.0		high	
25	42	113.97	114.53	I'm.	Chandler	medium	short_turn_alternation	0.7	dialogue	True	False	Chandler | Joey	Joey	Chandler	True	short_utterance_between_two_speakers	Short utterance inferred from local turn alternation.				present	char_tracker_stage05	chandler|joey	present			medium	
25	43	114.61	116.29	I'm here to see Mary Angela.	Chandler	high	community_transcript_match	1.0	dialogue	False	True	Chandler | Joey	Chandler	Joey	False		Speaker agrees with available community-transcript mapping.	I’m here to see Mary-Angela.	Chandler	Chandler	present	char_tracker_stage05	chandler	present	1.0		high	
25	44	116.93	118.29	You are so the man.	Joey	medium	visual_disambiguation	0.74	dialogue	True	False	Chandler | Joey	Chandler	Joey	False		Only one of the two text-context candidates was visually present in the window.				present	char_tracker_stage05	joey	present			medium	
25	45	121.01	123.09	Now, look, listen, listen.	Joey	high	scene_context_bridge	0.88	dialogue	True	False	Chandler | Joey	Joey	Joey	False		Same speaker appears on both sides within the same scene.				present	char_tracker_stage05	chandler|joey	present			high	
25	46	123.49	124.61	You gotta be cool.	Joey	high	scene_context_bridge	0.88	dialogue	True	False	Chandler | Joey	Joey	Joey	False		Same speaker appears on both sides within the same scene.				present	char_tracker_stage05	chandler|joey	present			high	
25	47	124.69	126.69	Cause my grandma doesn't know about you two yet.	Joey	high	community_transcript_match	1.0	dialogue	False	True	Chandler | Joey	Joey	Joey	False		Speaker agrees with available community-transcript mapping.	now look listen listen you got to be cool 'cause my grandma doesn't know about you two yet	Joey	Joey	present	char_tracker_stage05	chandler|joey	present	1.0		high	
25	48	126.69	128.53	And you do not want to tick her off.	Joey	high	community_transcript_match	1.0	dialogue	False	True	Chandler | Joey	Joey	Joey	False		Speaker agrees with available community-transcript mapping.	Now look, listen, listen, you got to be cool, 'cause my Grandma doesn't know about you two yet, and you do not want to tick her off	Joey	Joey	present	char_tracker_stage05	joey	present	1.0		high	
25	49	128.69	131.73	She was like the sixth person to spit on Mussolini's hanging body.	Joey	high	community_transcript_match	1.0	dialogue	False	True	Chandler | Joey	Joey	Chandler	False		Speaker agrees with available community-transcript mapping.	You are so the man! (motions him to come in, and he does) Now look, listen, listen, you got to be cool, ‘cause my Grandma doesn’t know about you two yet, and you do not want to tick her off. She was like the sixth person to spit on Mussolini's hanging body. Yeah.	Joey	Joey	present	char_tracker_stage05	joey	present	1.0		high	
25	50	134.45	135.41	Where are your parents?	Chandler	high	community_transcript_match	1.0	dialogue	False	True	Chandler | Joey	Joey	Joey	False		Speaker agrees with available community-transcript mapping.	Where are your parents?	Chandler	Chandler	present	char_tracker_stage05	chandler|joey	present	1.0		high	
25	51	135.49	137.25	Oh, they're in Vermont buying cigarettes.	Joey	high	community_transcript_match	1.0	dialogue	False	True	Chandler | Joey	Chandler	Chandler	False		Speaker agrees with available community-transcript mapping.	Oh they're in Vermont buying cigarettes.	Joey	Joey	present	char_tracker_stage05	chandler|joey	present	1.0		high	
25	52	138.65	139.69	Where's Mary Angela?	Chandler	high	community_transcript_match	1.0	dialogue	False	True	Chandler | Joey	Joey	Joey	False		Speaker agrees with available community-transcript mapping.	Where’s Mary-Angela?	Chandler	Chandler	present	char_tracker_stage05	chandler|joey	present	1.0		high	
25	53	140.65	141.69	She's right in there.	Joey	high	community_transcript_match	1.0	dialogue	False	True	Chandler | Joey	Chandler	Joey	False		Speaker agrees with available community-transcript mapping.	She’s right in there. (motions to the living room)	Joey	Joey	present	char_tracker_stage05	joey	present	1.0		high	
25	54	144.73	145.53	Hey, Jack.	Joey	medium	scene_context_inference	0.68	dialogue	True	False	Chandler | Joey	Joey		True	scene_end_short_utterance | speaker_offscreen	Filled from previous same-scene context.				present	char_tracker_stage05	chandler	absent			low	speaker_offscreen
27	55	150.73	152.41	I can't believe Mark didn't call.	Rachel	high	qa_review_resolved_ct_support	1.0	dialogue	False	True	Rachel | Ross | Monica		Rachel	True	speaker_offscreen	Speaker agrees with available community-transcript mapping. | QA resolved prior review with community-transcript support.	I can't believe Mark didn't call	Rachel	Rachel	present	char_tracker_stage05	joey	absent	0.0		low	speaker_offscreen
27	56	153.05	154.73	It's Sunday night and he didn't call.	Rachel	high	qa_review_resolved_ct_support	1.0	dialogue	False	True	Rachel | Ross | Monica	Rachel	Ross	True	speaker_offscreen	Speaker agrees with available community-transcript mapping. | QA resolved prior review with community-transcript support.	I can’t believe Mark didn’t call. It’s Sunday night, and he didn’t call.	Rachel	Rachel	present	char_tracker_stage05	joey|ross	absent	0.0		low	speaker_offscreen
27	57	155.29	155.93	Bummer.	Ross	high	community_transcript_match	1.0	dialogue	False	True	Rachel | Ross | Monica	Rachel	Rachel	False		Speaker agrees with available community-transcript mapping.	Bummer.	Ross	Ross	present	char_tracker_stage05	ross	present	1.0		high	
27	58	157.61	158.41	Yeah, right.	Rachel	high	community_transcript_match	1.0	dialogue	False	True	Rachel | Ross | Monica	Ross	Rachel	False		Speaker agrees with available community-transcript mapping.	yeah right	Rachel	Rachel	present	char_tracker_stage05	monica|rachel|ross	present	1.0		high	
27	59	158.41	159.13	Look at you.	Rachel	high	community_transcript_match	1.0	dialogue	False	True	Rachel | Ross | Monica	Rachel	Rachel	False		Speaker agrees with available community-transcript mapping.	yeah right look at you	Rachel	Rachel	present	char_tracker_stage05	monica|rachel	present	1.0		high	
27	60	159.13	160.65	You're practically giddy.	Rachel	high	community_transcript_match	1.0	dialogue	False	True	Rachel | Ross | Monica	Rachel	Ross	False		Speaker agrees with available community-transcript mapping.	(to Ross) Yeah, right. Look at you, you’re practically giddy.	Rachel	Rachel	present	char_tracker_stage05	rachel|ross	present	1.0		high	
27	61	160.81	163.61	No, I'm genuinely sorry the Mark thing didn't work out.	Ross	high	community_transcript_match	1.0	dialogue	False	True	Rachel | Ross | Monica	Rachel	Ross	False		Speaker agrees with available community-transcript mapping.	No, I’m genuinely sorry the Mark thing didn’t work out. Look, Rach, I want only good things for you.	Ross	Ross	present	char_tracker_stage05	ross	present	1.0		high	
27	62	163.61	166.93	Look, Rach, I want only good things for you.	Ross	high	community_transcript_match	1.0	dialogue	False	True	Rachel | Ross | Monica	Ross	Monica	False		Speaker agrees with available community-transcript mapping.	Look, Rach, I want only good things for you	Ross	Ross	present	char_tracker_stage05	ross	present	0.75		high	
27	63	168.05	168.85	Wait a minute.	Monica	high	community_transcript_match	1.0	dialogue	False	True	Rachel | Ross | Monica	Ross	Monica	False		Speaker agrees with available community-transcript mapping.	wait a minute	Monica	Monica	present	char_tracker_stage05	monica|rachel	present	1.0		high	
27	64	169.17	170.53	Why don't you just call Mark?	Monica	high	community_transcript_match	1.0	dialogue	False	True	Rachel | Ross | Monica	Monica	Monica	False		Speaker agrees with available community-transcript mapping.	Wait a minute, why don't you just call Mark	Monica	Monica	present	char_tracker_stage05	monica|rachel|ross	present	1.0		high	
27	65	172.93	175.33	I mean, who says you have to sit here and wait for him?	Monica	high	qa_review_resolved_ct_support	1.0	dialogue	False	True	Rachel | Ross | Monica	Monica	Ross	True	speaker_offscreen	Speaker agrees with available community-transcript mapping. | QA resolved prior review with community-transcript support.	Wait a minute, why don’t you just call Mark. (they both look up in shock) I mean, who says you have to sit here and wait for him, you’ve got to make stuff happen.	Monica	Monica	present	char_tracker_stage05	rachel|ross	absent	0.25		low	speaker_offscreen
27	66	175.49	179.89	You've got to make stuff happen, but you don't want to seem too pushy.	Ross	high	community_transcript_match	1.0	dialogue	False	True	Rachel | Ross | Monica	Monica	Monica	False		Speaker agrees with available community-transcript mapping.	But, you, you don’t want to seem too pushy.	Ross	Ross	present	char_tracker_stage05	monica|rachel|ross	present	1.0		high	
27	67	180.77	182.01	Honey, it's not pushy's.	Monica	high	community_transcript_match	1.0	dialogue	False	True	Rachel | Ross | Monica	Ross	Monica	False		Speaker agrees with available community-transcript mapping.	honey it's not pushy	Monica	Monica	present	char_tracker_stage05	monica|rachel|ross	present	0.6667		high	
27	68	182.01	183.01	He gave her his home number.	Monica	high	community_transcript_match	1.0	dialogue	False	True	Rachel | Ross | Monica	Monica	Ross	False		Speaker agrees with available community-transcript mapping.	(to Ross) Honey, it’s not pushy, he gave her his home number.	Monica	Monica	present	char_tracker_stage05	monica|ross	present	0.5		high	
27	69	184.05	187.25	He gave you his home number as in, like, to his home?	Ross	high	community_transcript_match	1.0	dialogue	False	True	Rachel | Ross | Monica	Monica	Rachel	False		Speaker agrees with available community-transcript mapping.	(to Rachel, as she gets his number) What, he gave you his home number? As in like, to, to his home?	Ross	Ross	present	char_tracker_stage05	rachel|ross	present	1.0		high	
27	70	187.41	187.89	Yeah.	Rachel	high	community_transcript_match	1.0	dialogue	False	True	Rachel | Ross | Monica	Ross	Rachel	False		Speaker agrees with available community-transcript mapping.	yeah	Rachel	Rachel	present	char_tracker_stage05	rachel|ross	present	1.0		high	
27	71	187.89	191.65	And you don't mind if I call because you only want good things for me.	Rachel	high	community_transcript_match	1.0	dialogue	False	True	Rachel | Ross | Monica	Rachel	Ross	False		Speaker agrees with available community-transcript mapping.	Yeah, and you don’t mind if I call, because you only want good things for me.	Rachel	Rachel	present	char_tracker_stage05	rachel|ross	present	1.0		high	
27	72	191.65	192.29	That's right.	Ross	high	community_transcript_match	1.0	dialogue	False	True	Rachel | Ross | Monica	Rachel	Ross	False		Speaker agrees with available community-transcript mapping.	that's right that	Ross	Ross	present	char_tracker_stage05	rachel|ross	present	1.0		high	
27	73	192.37	193.01	Good things.	Ross	high	community_transcript_match	1.0	dialogue	False	True	Rachel | Ross | Monica	Ross	Ross	False		Speaker agrees with available community-transcript mapping.	that's right good things that	Ross	Ross	present	char_tracker_stage05	rachel|ross	present	1.0		high	
27	74	193.33	194.37	That is what I said.	Ross	high	community_transcript_match	1.0	dialogue	False	True	Rachel | Ross | Monica	Ross	Rachel	False		Speaker agrees with available community-transcript mapping.	That’s right good things, that-that is what I said. (glances at Monica)	Ross	Ross	present	char_tracker_stage05	rachel|ross	present	1.0		high	
27	75	198.72	198.96	Hello?	Rachel	medium	short_turn_alternation	0.7	dialogue	True	False	Rachel | Ross | Monica	Ross	Rachel	True	short_utterance_between_two_speakers	Short utterance inferred from local turn alternation.				present	char_tracker_stage05	rachel|ross	present			medium	
27	76	198.96	199.28	Mark?	Rachel	high	scene_context_bridge	0.88	dialogue	True	False	Rachel | Ross | Monica	Rachel	Rachel	False		Same speaker appears on both sides within the same scene.				present	char_tracker_stage05	rachel|ross	present			high	
27	77	199.84	201.36	Hi, it's Rachel Green.	Rachel	high	scene_context_bridge	0.88	dialogue	True	False	Rachel | Ross | Monica	Rachel	Rachel	False		Same speaker appears on both sides within the same scene.				present	char_tracker_stage05	rachel|ross	present			high	
27	78	202.56	203.12	Oh.	Rachel	high	scene_context_bridge	0.88	reaction	True	False	Rachel | Ross | Monica	Rachel	Rachel	False		Same speaker appears on both sides within the same scene.				present	char_tracker_stage05	rachel|ross	present			high	
27	79	205.2	205.96	Oh, no.	Rachel	high	scene_context_bridge	0.88	dialogue	True	False	Rachel | Ross | Monica	Rachel	Rachel	False		Same speaker appears on both sides within the same scene.				present	char_tracker_stage05	rachel|ross	present			high	
27	80	205.96	207.36	Don't you apologize.	Rachel	high	scene_context_bridge	0.88	dialogue	True	False	Rachel | Ross | Monica	Rachel	Rachel	False		Same speaker appears on both sides within the same scene.				present	char_tracker_stage05	rachel|ross	present			high	
27	81	208.88	209.84	Yeah, I'll hold.	Rachel	high	scene_context_bridge	0.88	dialogue	True	False	Rachel | Ross | Monica	Rachel	Rachel	False		Same speaker appears on both sides within the same scene.				present	char_tracker_stage05	rachel|ross	present			high	
27	82	210.639	211.84	He left my number at work.	Rachel	high	scene_context_bridge	0.88	dialogue	True	False	Rachel | Ross | Monica	Rachel	Rachel	False		Same speaker appears on both sides within the same scene.				present	char_tracker_stage05	rachel	present			high	
27	83	211.84	215.28	He was gonna get it, but he was helping his niece with her report on the pioneers.	Rachel	high	community_transcript_match	1.0	dialogue	False	True	Rachel | Ross | Monica	Rachel	Ross	False		Speaker agrees with available community-transcript mapping.	(on phone) Hello, Mark? Hi, it’s Rachel Green. (listens) Oh no, don’t you apologize. (listens) Yeah, I’ll hold. (to Monica and Ross) He left my number at work, but he was helping his niece with her report on the pioneers.	Rachel	Rachel	present	char_tracker_stage05	rachel	present	1.0		high	
27	84	216.72	217.92	So made up.	Ross	high	community_transcript_match	1.0	dialogue	False	True	Rachel | Ross | Monica	Rachel	Rachel	False		Speaker agrees with available community-transcript mapping.	That is so made up!	Ross	Ross	present	char_tracker_stage05	ross	present	1.0		high	
27	85	219.44	219.92	Yeah.	Rachel	medium	short_turn_alternation	0.7	dialogue	True	False	Rachel | Ross | Monica	Ross	Rachel	True	short_utterance_between_two_speakers	Short utterance inferred from local turn alternation.				present	char_tracker_stage05	rachel|ross	present			medium	
27	86	219.92	220.64	Oh, my God.	Rachel	high	scene_context_bridge	0.88	dialogue	True	False	Rachel | Ross | Monica	Rachel	Rachel	False		Same speaker appears on both sides within the same scene.				present	char_tracker_stage05	rachel|ross	present			high	
27	87	220.64	221.2	Tomorrow?	Rachel	high	scene_context_bridge	0.88	dialogue	True	False	Rachel | Ross | Monica	Rachel	Rachel	False		Same speaker appears on both sides within the same scene.				present	char_tracker_stage05	rachel|ross	present			high	
27	88	221.86	222.06	That.	Rachel	high	community_transcript_match	1.0	dialogue	False	True	Rachel | Ross | Monica	Rachel	Rachel	False		Speaker agrees with available community-transcript mapping.	that	Rachel	Rachel	present	char_tracker_stage05	rachel|ross	present	1.0		high	
27	89	222.06	223.06	No, it's perfect.	Rachel	high	community_transcript_match	1.0	dialogue	False	True	Rachel | Ross | Monica	Rachel	Rachel	False		Speaker agrees with available community-transcript mapping.	That, no, it's perfect	Rachel	Rachel	present	char_tracker_stage05	rachel|ross	present	1.0		high	
27	90	223.78	225.62	Oh, God, thank you so much.	Rachel	high	community_transcript_match	1.0	dialogue	False	True	Rachel | Ross | Monica	Rachel	Rachel	False		Speaker agrees with available community-transcript mapping.	Oh God, thank you soo much	Rachel	Rachel	present	char_tracker_stage05	rachel|ross	present	1.0		high	
27	91	226.1	226.5	Great.	Rachel	high	community_transcript_match	1.0	dialogue	False	True	Rachel | Ross | Monica	Rachel	Rachel	False		Speaker agrees with available community-transcript mapping.	Great	Rachel	Rachel	present	char_tracker_stage05	rachel|ross	present	1.0		high	
27	92	226.66	227.14	Bye.	Rachel	high	community_transcript_match	1.0	dialogue	False	True	Rachel | Ross | Monica	Rachel	Rachel	False		Speaker agrees with available community-transcript mapping.	Bye	Rachel	Rachel	present	char_tracker_stage05	rachel|ross	present	1.0		high	
27	93	228.18	229.22	I got the interview.	Rachel	high	community_transcript_match	1.0	dialogue	False	True	Rachel | Ross | Monica	Rachel	Monica	False		Speaker agrees with available community-transcript mapping.	(on phone) Yeah, oh my God, tomorrow! That, no, it’s perfect. Oh God, thank you soo much. Great! Bye! (hangs up phone) I got the interview!	Rachel	Rachel	present	char_tracker_stage05	monica|rachel|ross	present	1.0		high	
27	94	229.3	230.18	Oh, yay.	Monica	high	community_transcript_match	1.0	dialogue	False	True	Rachel | Ross | Monica	Rachel	Ross	False		Speaker agrees with available community-transcript mapping.	Yay!	Monica	Monica	present	char_tracker_stage05	monica|rachel|ross	present	1.0		high	
27	95	230.34	231.14	There you go.	Ross	high	community_transcript_match	1.0	dialogue	False	True	Rachel | Ross | Monica	Monica	Rachel	False		Speaker agrees with available community-transcript mapping.	There you go.	Ross	Ross	present	char_tracker_stage05	monica|rachel|ross	present	1.0		high	
27	96	231.22	234.5	He even offered to meet me for lunch and prep me for it.	Rachel	high	community_transcript_match	1.0	dialogue	False	True	Rachel | Ross | Monica	Ross	Monica	False		Speaker agrees with available community-transcript mapping.	He even offered to meet me for lunch tomorrow to prep me for it.	Rachel	Rachel	present	char_tracker_stage05	monica|rachel	present	1.0		high	
27	97	234.5	235.78	Oh, that is amazing.	Monica	high	community_transcript_match	1.0	dialogue	False	True	Rachel | Ross | Monica	Rachel	Ross	False		Speaker agrees with available community-transcript mapping.	Oh, that is amazing!	Monica	Monica	present	char_tracker_stage05	monica|rachel|ross	present	1.0		high	
27	98	236.42	242.18	Well, if I know Mark, and I think I do, I'd expect nothing less.	Ross	high	community_transcript_match	1.0	dialogue	False	True	Rachel | Ross | Monica	Monica	Rachel	False		Speaker agrees with available community-transcript mapping.	Yeah well, if I know Mark, and I think I do, I’d expect nothing less.	Ross	Ross	present	char_tracker_stage05	ross	present	1.0		high	
27	99	242.34	244.02	I gotta figure out what I'm gonna wear.	Rachel	high	community_transcript_match	1.0	dialogue	False	True	Rachel | Ross | Monica	Ross	Ross	False		Speaker agrees with available community-transcript mapping.	I got to figure out what I’m going to wear.	Rachel	Rachel	present	char_tracker_stage05	rachel|ross	present	0.6667		high	
27	100	244.18	246.5	I call her in baggy pants, say, I'm a pro.	Ross	high	community_transcript_match	1.0	dialogue	False	True	Rachel | Ross | Monica	Rachel	Rachel	False		Speaker agrees with available community-transcript mapping.	High collar and baggy pants say I’m a pro.	Ross	Ross	present	char_tracker_stage05	ross	present	1.0		high	
27	101	248.34	249.3	Yeah, right.	Rachel	high	qa_review_resolved_ct_support	1.0	dialogue	False	True	Rachel | Ross | Monica	Ross	Rachel	True	speaker_offscreen	Speaker agrees with available community-transcript mapping. | QA resolved prior review with community-transcript support.	Right	Rachel	Rachel	present	char_tracker_stage05	ross	absent	0.0		low	speaker_offscreen
27	102	249.46	250.74	Okay, I'll see you guys later.	Rachel	high	qa_review_resolved_ct_support	1.0	dialogue	False	True	Rachel | Ross | Monica	Rachel	Ross	True	speaker_no_face	Speaker agrees with available community-transcript mapping. | QA resolved prior review with community-transcript support.	Yeah! Right! Okay, I’ll see you guys later. (starts to leave) Woo hoo!	Rachel	Rachel	absent	char_tracker_stage05		absent	0.0		medium	speaker_no_face
27	103	252.03	253.15	You go get him.	Ross	high	qa_review_resolved_ct_support	1.0	dialogue	False	True	Rachel | Ross | Monica	Rachel	Ross	True	speaker_offscreen	Speaker agrees with available community-transcript mapping. | QA resolved prior review with community-transcript support.	You go get ‘em. (to Monica) What did I do to you? Did I hurt you in some way?	Ross	Ross	present	char_tracker_stage05	monica	absent	0.0		low	speaker_offscreen
27	104	254.35	255.63	What did I do to you?	Ross	high	community_transcript_match	1.0	dialogue	False	True	Rachel | Ross | Monica	Ross	Ross	False		Speaker agrees with available community-transcript mapping.	What did I do to you	Ross	Ross	present	char_tracker_stage05	monica|ross	present	0.5		high	
27	105	255.63	257.47	Did I hurt you in some way?	Ross	high	community_transcript_match	1.0	dialogue	False	True	Rachel | Ross | Monica	Ross	Ross	False		Speaker agrees with available community-transcript mapping.	Did I hurt you in some way	Ross	Ross	present	char_tracker_stage05	monica|ross	present	1.0		high	
27	106	259.07	260.75	Why don't you call him?	Ross	high	qa_review_resolved_bridge	0.9	dialogue	True	False	Rachel | Ross | Monica	Ross	Ross	True	speaker_no_face	Same speaker appears on both sides within the same scene. | QA resolved prior review by same-speaker bridge.				absent	char_tracker_stage05		absent			medium	speaker_no_face
27	107	261.71	262.99	Well, thank you very much.	Ross	high	qa_review_resolved_bridge	0.9	dialogue	True	False	Rachel | Ross | Monica	Ross	Ross	True	speaker_no_face	Same speaker appears on both sides within the same scene. | QA resolved prior review by same-speaker bridge.				absent	char_tracker_stage05		absent			medium	speaker_no_face
27	108	262.99	264.31	You know, now he's gonna prep her.	Ross	high	qa_review_resolved_bridge	0.9	dialogue	True	False	Rachel | Ross | Monica	Ross	Ross	True	speaker_no_face	Same speaker appears on both sides within the same scene. | QA resolved prior review by same-speaker bridge.				absent	char_tracker_stage05		absent			medium	speaker_no_face
27	109	264.31	268.35	You know, prep her as in what you do before you surgically remove the boyfriend.	Ross	high	community_transcript_match	1.0	dialogue	False	True	Rachel | Ross | Monica	Ross	Monica	False		Speaker agrees with available community-transcript mapping.	‘Why don’t you call him?!’ Well, thank you very much! Y'know now he is going to prep her, y'know prep her, as in what you do when you surgically remove the boyfriend!	Ross	Ross	present	char_tracker_stage05	ross	present	0.8		high	
27	110	269.87	270.83	Are you crazy?	Monica	high	community_transcript_match	1.0	dialogue	False	True	Rachel | Ross | Monica	Ross	Ross	False		Speaker agrees with available community-transcript mapping.	Are you crazy?!	Monica	Monica	present	char_tracker_stage05	monica|ross	present	1.0		high	
27	111	270.83	271.55	Oh, am I?	Ross	high	community_transcript_match	1.0	dialogue	False	True	Rachel | Ross | Monica	Monica	Ross	False		Speaker agrees with available community-transcript mapping.	Am I	Ross	Ross	present	char_tracker_stage05	monica|ross	present	1.0		high	
27	112	271.55	271.95	Am I.	Ross	high	community_transcript_match	1.0	dialogue	False	True	Rachel | Ross | Monica	Ross	Ross	False		Speaker agrees with available community-transcript mapping.	Am I	Ross	Ross	present	char_tracker_stage05	ross	present	1.0		high	
27	113	271.95	272.83	Am I out of my mind?	Ross	high	community_transcript_match	1.0	dialogue	False	True	Rachel | Ross | Monica	Ross	Ross	False		Speaker agrees with available community-transcript mapping.	Am I out of my mind	Ross	Ross	present	char_tracker_stage05	ross	present	1.0		high	
27	114	272.83	274.35	Am I losing my senses?	Ross	high	community_transcript_match	1.0	dialogue	False	True	Rachel | Ross | Monica	Ross	Ross	False		Speaker agrees with available community-transcript mapping.	Am I losing my senses	Ross	Ross	present	char_tracker_stage05	ross	present	1.0		high	
27	115	276.27	279.55	This dreamy guy is taking my girlfriend out for a meal.	Ross	high	community_transcript_match	1.0	dialogue	False	True	Rachel | Ross | Monica	Ross	Monica	False		Speaker agrees with available community-transcript mapping.	Am I! Am I! Am I out of my mind! Am I losing my senses!! This dreamy guy is taking my girlfriend out for a meal.	Ross	Ross	present	char_tracker_stage05	ross	present	1.0		high	
27	116	279.83	281.75	Roz, you know, this isn't even about you.	Monica	high	qa_review_resolved_ct_support	1.0	dialogue	False	True	Rachel | Ross | Monica	Ross	Monica	True	speaker_offscreen	Speaker agrees with available community-transcript mapping. | QA resolved prior review with community-transcript support.	Ross y'know this isn't even about you	Monica	Monica	present	char_tracker_stage05	ross	absent	0.3333		low	speaker_offscreen
27	117	281.75	284.71	I mean, this is about Rachel and something wonderful happening for her.	Monica	high	community_transcript_match	1.0	dialogue	False	True	Rachel | Ross | Monica	Monica	Monica	False		Speaker agrees with available community-transcript mapping.	I mean this is about Rachel and something wonderful happening for her	Monica	Monica	present	char_tracker_stage05	monica|ross	present	1.0		high	
27	118	285.19	287.87	I mean, you know, even if you're right, what if he wants to sleep with her?	Monica	high	community_transcript_match	1.0	dialogue	False	True	Rachel | Ross | Monica	Monica	Monica	False		Speaker agrees with available community-transcript mapping.	What?! Ross y'know this isn’t even about you! I mean this is about Rachel and something wonderful happening for her. I mean you know even if you’re right, what if he wants to sleep with her, does it mean he gets too?	Monica	Monica	present	char_tracker_stage05	monica|ross	present	1.0		high	
27	119	287.87	288.95	Does that mean he gets to?	Monica	medium	visual_disambiguation	0.74	dialogue	True	False	Rachel | Ross | Monica	Monica	Ross	False		Only one of the two text-context candidates was visually present in the window.				present	char_tracker_stage05	monica	present			medium	
27	120	290.07	290.47	No.	Ross	high	community_transcript_match	1.0	dialogue	False	True	Rachel | Ross | Monica	Monica	Monica	False		Speaker agrees with available community-transcript mapping.	No.	Ross	Ross	present	char_tracker_stage05	monica|ross	present	1.0		high	
27	121	290.47	291.99	I mean, don't you trust her?	Monica	high	community_transcript_match	1.0	dialogue	False	True	Rachel | Ross | Monica	Ross	Ross	False		Speaker agrees with available community-transcript mapping.	I mean don’t you trust her?	Monica	Monica	present	char_tracker_stage05	monica|ross	present	1.0		high	
27	122	292.23	293.59	Well, yeah.	Ross	high	community_transcript_match	1.0	dialogue	False	True	Rachel | Ross | Monica	Monica	Monica	False		Speaker agrees with available community-transcript mapping.	Well, yeah!	Ross	Ross	present	char_tracker_stage05	monica|ross	present	1.0		high	
27	123	293.67	294.87	Then get over yourself.	Monica	high	community_transcript_match	1.0	dialogue	False	True	Rachel | Ross | Monica	Ross	Monica	False		Speaker agrees with available community-transcript mapping.	Then get over yourself! Grow up!	Monica	Monica	present	char_tracker_stage05	monica|ross	present	1.0		high	
27	124	294.87	295.67	Grow up.	Monica	high	community_transcript_match	1.0	dialogue	False	True	Rachel | Ross | Monica	Monica	Ross	False		Speaker agrees with available community-transcript mapping.	Grow up	Monica	Monica	present	char_tracker_stage05	monica	present	1.0		high	
27	125	300.39	301.43	You grow up.	Ross	high	community_transcript_match	1.0	dialogue	False	True	Rachel | Ross | Monica	Monica		False		Speaker agrees with available community-transcript mapping.	(shyly) You grow up.	Ross	Ross	present	char_tracker_stage05	ross	present	1.0		high	
28	126	313.7	316.02	This tiramisu is excellent.	Chandler	high	community_transcript_match	1.0	dialogue	False	True	Chandler | Joey’s Grandmother | Joey’s Sister		Chandler	False		Speaker agrees with available community-transcript mapping.	This tiramisu is, is excellent	Chandler	Chandler	present	char_tracker_stage05	chandler	present	1.0		high	
28	127	317.14	318.82	Did you make it, Mary Angela?	Chandler	high	community_transcript_match	1.0	dialogue	False	True	Chandler | Joey’s Grandmother | Joey’s Sister	Chandler	Joey’s Grandmother	False		Speaker agrees with available community-transcript mapping.	This tiramisu is, is excellent. Did you make it Mary-Angela?	Chandler	Chandler	present	char_tracker_stage05	chandler	present	1.0		high	
28	128	318.98	319.38	No.	Joey’s Grandmother	high	community_transcript_match	1.0	dialogue	False	True	Chandler | Joey’s Grandmother | Joey’s Sister	Chandler	Joey’s Grandmother	False		Speaker agrees with available community-transcript mapping.	No	Joey’s Grandmother	Joey’s Grandmother	present	char_tracker_stage05	chandler	unobserved			high	
28	129	319.38	320.18	I did.	Joey’s Grandmother	high	community_transcript_match	1.0	dialogue	False	True	Chandler | Joey’s Grandmother | Joey’s Sister	Joey’s Grandmother	Chandler	False		Speaker agrees with available community-transcript mapping.	No! I did!	Joey’s Grandmother	Joey’s Grandmother	present	char_tracker_stage05	chandler	unobserved			high	
28	130	322.34	323.22	It's yummy.	Chandler	high	community_transcript_match	1.0	dialogue	False	True	Chandler | Joey’s Grandmother | Joey’s Sister	Joey’s Grandmother	Chandler	False		Speaker agrees with available community-transcript mapping.	Well, it's, it's yummy	Chandler	Chandler	present	char_tracker_stage05	chandler|joey	present	1.0		high	
28	131	324.58	328.1	So, Mary Angela, do you like it?	Chandler	high	community_transcript_match	1.0	dialogue	False	True	Chandler | Joey’s Grandmother | Joey’s Sister	Chandler	Joey’s Grandmother	False		Speaker agrees with available community-transcript mapping.	Well, it’s, it’s yummy. So Mary-Angela do you like it?	Chandler	Chandler	present	char_tracker_stage05	chandler	present	1.0		high	
28	132	328.18	328.82	Of course.	Joey’s Grandmother	high	community_transcript_match	1.0	dialogue	False	True	Chandler | Joey’s Grandmother | Joey’s Sister	Chandler	Joey’s Grandmother	False		Speaker agrees with available community-transcript mapping.	Of course	Joey’s Grandmother	Joey’s Grandmother	present	char_tracker_stage05	chandler	unobserved			high	
28	133	328.82	330.02	It's her favorite.	Joey’s Grandmother	high	community_transcript_match	1.0	dialogue	False	True	Chandler | Joey’s Grandmother | Joey’s Sister	Joey’s Grandmother	Chandler	False		Speaker agrees with available community-transcript mapping.	Of course! It’s her favorite.	Joey’s Grandmother	Joey’s Grandmother	present	char_tracker_stage05	chandler	unobserved			high	
28	134	333.06	333.46	So.	Chandler	medium	visual_disambiguation	0.74	dialogue	True	False	Chandler | Joey’s Grandmother | Joey’s Sister	Joey’s Grandmother	Chandler	False		Only one of the two text-context candidates was visually present in the window.				present	char_tracker_stage05	chandler	present			medium	
28	135	334.44	334.8	Hmm.	Chandler	high	scene_context_bridge	0.88	reaction	True	False	Chandler | Joey’s Grandmother | Joey’s Sister	Chandler	Chandler	False		Same speaker appears on both sides within the same scene.				present	char_tracker_stage05	chandler	present			high	
28	136	334.8	337.64	Mary Angela, what's your second favorite?	Chandler	high	community_transcript_match	1.0	dialogue	False	True	Chandler | Joey’s Grandmother | Joey’s Sister	Chandler	Joey’s Grandmother	False		Speaker agrees with available community-transcript mapping.	So um, Mary-Angela, what’s your second favorite?	Chandler	Chandler	present	char_tracker_stage05	chandler	present	1.0		high	
28	137	337.88	339.56	More of Grandma's tiramisu.	Joey’s Grandmother	high	community_transcript_match	1.0	dialogue	False	True	Chandler | Joey’s Grandmother | Joey’s Sister	Chandler	Chandler	False		Speaker agrees with available community-transcript mapping.	More of Grandma’s tiramisu.	Joey’s Grandmother	Joey’s Grandmother	present	char_tracker_stage05	chandler	unobserved			high	
28	138	339.56	345.0	Oh, would you just please give me the recipe?	Chandler	high	community_transcript_match	1.0	dialogue	False	True	Chandler | Joey’s Grandmother | Joey’s Sister	Joey’s Grandmother	Chandler	False		Speaker agrees with available community-transcript mapping.	Would you just please....give me the recipe ‘cause this is great. It’s top notch.	Chandler	Chandler	present	char_tracker_stage05	chandler	present	1.0		high	
28	139	345.0	345.96	Cause this is great.	Chandler	high	community_transcript_match	1.0	dialogue	False	True	Chandler | Joey’s Grandmother | Joey’s Sister	Chandler	Chandler	False		Speaker agrees with available community-transcript mapping.	'cause this is great it's top notch	Chandler	Chandler	present	char_tracker_stage05	chandler	present	1.0		high	
28	140	345.96	347.0	It's top notch.	Chandler	high	community_transcript_match	1.0	dialogue	False	True	Chandler | Joey’s Grandmother | Joey’s Sister	Chandler	Joey’s Grandmother	False		Speaker agrees with available community-transcript mapping.	'cause it's top notch	Chandler	Chandler	present	char_tracker_stage05	chandler	present	1.0		high	
28	141	347.8	349.16	Duck diet's with me.	Joey’s Grandmother	high	community_transcript_match	1.0	dialogue	False	True	Chandler | Joey’s Grandmother | Joey’s Sister	Chandler	Chandler	False		Speaker agrees with available community-transcript mapping.	That dies with me.	Joey’s Grandmother	Joey’s Grandmother	partial	char_tracker_stage05		unobserved			high	
28	142	349.24	350.04	So will I.	Chandler	high	community_transcript_match	1.0	dialogue	False	True	Chandler | Joey’s Grandmother | Joey’s Sister	Joey’s Grandmother	Joey’s Sister	False		Speaker agrees with available community-transcript mapping.	So will I.	Chandler	Chandler	present	char_tracker_stage05	chandler	present	1.0		high	
28	143	352.84	354.92	Excuse yourself and go to the bathroom.	Joey’s Sister	high	community_transcript_match	1.0	dialogue	False	True	Chandler | Joey’s Grandmother | Joey’s Sister	Chandler	Chandler	False		Speaker agrees with available community-transcript mapping.	Excuse yourself, and go to the bathroom.	Joey’s Sister	Joey’s Sister	present	char_tracker_stage05	chandler	unobserved			high	
28	144	355.24	356.0	Oh, no, no, no.	Chandler	high	community_transcript_match	1.0	dialogue	False	True	Chandler | Joey’s Grandmother | Joey’s Sister	Joey’s Sister	Chandler	False		Speaker agrees with available community-transcript mapping.	oh no no no	Chandler	Chandler	present	char_tracker_stage05	chandler	present	1.0		high	
28	145	356.0	356.76	I was just squinting.	Chandler	high	community_transcript_match	1.0	dialogue	False	True	Chandler | Joey’s Grandmother | Joey’s Sister	Chandler	Chandler	False		Speaker agrees with available community-transcript mapping.	Oh no-no-no I was just squinting	Chandler	Chandler	present	char_tracker_stage05	chandler	present	1.0		high	
28	146	356.76	357.64	That doesn't mean anything.	Chandler	high	community_transcript_match	1.0	dialogue	False	True	Chandler | Joey’s Grandmother | Joey’s Sister	Chandler	Joey’s Sister	False		Speaker agrees with available community-transcript mapping.	Oh no-no-no I was just squinting. That doesn’t mean anything.	Chandler	Chandler	present	char_tracker_stage05	chandler	present	1.0		high	
28	147	357.88	358.76	Just do it.	Joey’s Sister	high	community_transcript_match	1.0	dialogue	False	True	Chandler | Joey’s Grandmother | Joey’s Sister	Chandler	Chandler	False		Speaker agrees with available community-transcript mapping.	(whispering in his ear) Just do it.	Joey’s Sister	Joey’s Sister	present	char_tracker_stage05	chandler	unobserved			high	
28	148	365.08	365.84	Will you excuse me?	Chandler	high	qa_review_resolved_ct_support	1.0	dialogue	False	True	Chandler | Joey’s Grandmother | Joey’s Sister	Joey’s Sister	Chandler	True	speaker_no_face	Speaker agrees with available community-transcript mapping. | QA resolved prior review with community-transcript support.	Will you excuse me I have to um..... (walks to the hall)	Chandler	Chandler	absent	char_tracker_stage05		absent	0.0		medium	speaker_no_face
28	149	365.84	366.44	I have to.	Chandler	high	qa_review_resolved_ct_support	1.0	dialogue	False	True	Chandler | Joey’s Grandmother | Joey’s Sister	Chandler		True	speaker_no_face	Speaker agrees with available community-transcript mapping. | QA resolved prior review with community-transcript support.	i have to um	Chandler	Chandler	absent	char_tracker_stage05		absent	0.0		medium	speaker_no_face
29	150	378.68	379.16	Hey.	Chandler	high	community_transcript_match	1.0	dialogue	False	True	Chandler | Joey’s Sister | Mary-Angela | Joey | Mary-Theresa | All | Joey's Grandmother | Cookie		Joey’s Sister	False		Speaker agrees with available community-transcript mapping.	(startled) Hey!	Chandler	Chandler	present	char_tracker_stage05	chandler	present	0.5		high	
29	151	380.76	381.36	Finally.	Joey’s Sister	high	community_transcript_match	1.0	dialogue	False	True	Chandler | Joey’s Sister | Mary-Angela | Joey | Mary-Theresa | All | Joey's Grandmother | Cookie	Chandler	Joey’s Sister	False		Speaker agrees with available community-transcript mapping.	finally	Joey’s Sister	Joey’s Sister	absent	char_tracker_stage05		unobserved			high	
29	152	381.36	382.76	I thought we'd never be alone.	Joey’s Sister	high	community_transcript_match	1.0	dialogue	False	True	Chandler | Joey’s Sister | Mary-Angela | Joey | Mary-Theresa | All | Joey's Grandmother | Cookie	Joey’s Sister	Joey’s Sister	False		Speaker agrees with available community-transcript mapping.	finally i thought we'd never be alone	Joey’s Sister	Joey’s Sister	present	char_tracker_stage05	chandler	unobserved			high	
29	153	382.92	384.2	Can I just tell you something?	Joey’s Sister	high	community_transcript_match	1.0	dialogue	False	True	Chandler | Joey’s Sister | Mary-Angela | Joey | Mary-Theresa | All | Joey's Grandmother | Cookie	Joey’s Sister	Joey’s Sister	False		Speaker agrees with available community-transcript mapping.	finally i thought we'd never be alone can i just tell you something	Joey’s Sister	Joey’s Sister	present	char_tracker_stage05	chandler	unobserved			high	
29	154	384.44	387.08	I have not stopped thinking about you since the party.	Joey’s Sister	high	community_transcript_match	1.0	dialogue	False	True	Chandler | Joey’s Sister | Mary-Angela | Joey | Mary-Theresa | All | Joey's Grandmother | Cookie	Joey’s Sister	Chandler	False		Speaker agrees with available community-transcript mapping.	Finally, I thought we’d never be alone. Can I just tell you something, I have not stopped thinking about you since the party. (kisses him)	Joey’s Sister	Joey’s Sister	present	char_tracker_stage05	chandler	unobserved			high	
29	155	387.47	387.83	Mm.	Chandler	medium	visual_disambiguation	0.74	dialogue	True	False	Chandler | Joey’s Sister | Mary-Angela | Joey | Mary-Theresa | All | Joey's Grandmother | Cookie	Joey’s Sister	Chandler	False		Only one of the two text-context candidates was visually present in the window.				present	char_tracker_stage05	chandler	present			medium	
29	156	387.83	388.35	Mm.	Chandler	high	scene_context_bridge	0.88	dialogue	True	False	Chandler | Joey’s Sister | Mary-Angela | Joey | Mary-Theresa | All | Joey's Grandmother | Cookie	Chandler	Chandler	False		Same speaker appears on both sides within the same scene.				present	char_tracker_stage05	chandler	present			high	
29	157	389.47	391.55	Look, I may have jumped the gun here.	Chandler	high	community_transcript_match	1.0	dialogue	False	True	Chandler | Joey’s Sister | Mary-Angela | Joey | Mary-Theresa | All | Joey's Grandmother | Cookie	Chandler	Chandler	False		Speaker agrees with available community-transcript mapping.	Look, I may have jumped the gun here	Chandler	Chandler	present	char_tracker_stage05	chandler	present	1.0		high	
29	158	393.31	398.67	Uh, I just got out of a relationship, and I'm not really in a.	Chandler	high	community_transcript_match	1.0	dialogue	False	True	Chandler | Joey’s Sister | Mary-Angela | Joey | Mary-Theresa | All | Joey's Grandmother | Cookie	Chandler	Chandler	False		Speaker agrees with available community-transcript mapping.	Look, I may have jumped the gun here. (she tries to kiss him, but he ducks it and moves away) Um, I just got out of a relationship and I’m not really in a, in a commitment kind of place.	Chandler	Chandler	present	char_tracker_stage05	chandler	present	1.0		high	
29	159	399.39	401.83	In a commitment kind of place, so.	Chandler	high	community_transcript_match	1.0	dialogue	False	True	Chandler | Joey’s Sister | Mary-Angela | Joey | Mary-Theresa | All | Joey's Grandmother | Cookie	Chandler	Joey’s Sister	False		Speaker agrees with available community-transcript mapping.	look i may have jumped the gun here um in a commitment kind of place	Chandler	Chandler	present	char_tracker_stage05	chandler	present	1.0		high	
29	160	401.83	402.59	Me neither.	Joey’s Sister	high	community_transcript_match	1.0	dialogue	False	True	Chandler | Joey’s Sister | Mary-Angela | Joey | Mary-Theresa | All | Joey's Grandmother | Cookie	Chandler	Joey’s Sister	False		Speaker agrees with available community-transcript mapping.	so me neither	Joey’s Sister	Joey’s Sister	present	char_tracker_stage05	chandler	unobserved			high	
29	161	402.59	404.39	God, Mary Angela was right.	Joey’s Sister	high	community_transcript_match	1.0	dialogue	False	True	Chandler | Joey’s Sister | Mary-Angela | Joey | Mary-Theresa | All | Joey's Grandmother | Cookie	Joey’s Sister	Joey’s Sister	False		Speaker agrees with available community-transcript mapping.	so me neither god mary angela was right	Joey’s Sister	Joey’s Sister	absent	char_tracker_stage05		unobserved			high	
29	162	404.39	406.11	You do have the softest lips.	Joey’s Sister	high	community_transcript_match	1.0	dialogue	False	True	Chandler | Joey’s Sister | Mary-Angela | Joey | Mary-Theresa | All | Joey's Grandmother | Cookie	Joey’s Sister	Chandler	False		Speaker agrees with available community-transcript mapping.	So! Me neither! God, Mary-Angela was right you do have the softest lips.	Joey’s Sister	Joey’s Sister	partial	char_tracker_stage05		unobserved			high	
29	163	407.79	409.55	You're not Mary Angela.	Chandler	high	community_transcript_match	1.0	dialogue	False	True	Chandler | Joey’s Sister | Mary-Angela | Joey | Mary-Theresa | All | Joey's Grandmother | Cookie	Joey’s Sister	Joey’s Sister	False		Speaker agrees with available community-transcript mapping.	Ahhhh, you’re not Mary-Angela.	Chandler	Chandler	present	char_tracker_stage05	chandler	present	1.0		high	
29	164	409.71	410.07	No.	Joey’s Sister	high	community_transcript_match	1.0	dialogue	False	True	Chandler | Joey’s Sister | Mary-Angela | Joey | Mary-Theresa | All | Joey's Grandmother | Cookie	Chandler	Chandler	False		Speaker agrees with available community-transcript mapping.	No, I’m Mary-Theresa.	Joey’s Sister	Joey’s Sister	present	char_tracker_stage05	chandler	unobserved			high	
29	165	410.07	411.47	I'm married to Reese.	Chandler	medium	visual_disambiguation	0.74	dialogue	True	False	Chandler | Joey’s Sister | Mary-Angela | Joey | Mary-Theresa | All | Joey's Grandmother | Cookie	Joey’s Sister	Chandler	False		Only one of the two text-context candidates was visually present in the window.				present	char_tracker_stage05	chandler	present			medium	
29	166	412.11	413.31	This is so bad.	Chandler	high	scene_context_bridge	0.88	dialogue	True	False	Chandler | Joey’s Sister | Mary-Angela | Joey | Mary-Theresa | All | Joey's Grandmother | Cookie	Chandler	Chandler	False		Same speaker appears on both sides within the same scene.				present	char_tracker_stage05	chandler	present			high	
29	167	414.19	414.51	If.	Chandler	high	scene_context_bridge	0.88	dialogue	True	False	Chandler | Joey’s Sister | Mary-Angela | Joey | Mary-Theresa | All | Joey's Grandmother | Cookie	Chandler	Chandler	False		Same speaker appears on both sides within the same scene.				present	char_tracker_stage05	chandler	present			high	
29	168	414.51	416.19	If you're not Mary Angela, then.	Chandler	high	community_transcript_match	1.0	dialogue	False	True	Chandler | Joey’s Sister | Mary-Angela | Joey | Mary-Theresa | All | Joey's Grandmother | Cookie	Chandler	Chandler	False		Speaker agrees with available community-transcript mapping.	This is so bad. If-if you’re not Mary-Angela, then-then who is?	Chandler	Chandler	present	char_tracker_stage05	chandler	present	1.0		high	
29	169	416.19	416.91	Then who is?	Chandler	high	community_transcript_match	1.0	dialogue	False	True	Chandler | Joey’s Sister | Mary-Angela | Joey | Mary-Theresa | All | Joey's Grandmother | Cookie	Chandler	Mary-Angela	False		Speaker agrees with available community-transcript mapping.	this is so bad if then who is	Chandler	Chandler	present	char_tracker_stage05	chandler	present	1.0		high	
29	170	417.43	417.91	I am.	Mary-Angela	high	community_transcript_match	1.0	dialogue	False	True	Chandler | Joey’s Sister | Mary-Angela | Joey | Mary-Theresa | All | Joey's Grandmother | Cookie	Chandler	Chandler	False		Speaker agrees with available community-transcript mapping.	(standing behind Chandler) I am!	Mary-Angela	Mary-Angela	present	char_tracker_stage05	chandler	unobserved			high	
29	171	419.91	421.03	Oh, it's so bad.	Chandler	high	community_transcript_match	1.0	dialogue	False	True	Chandler | Joey’s Sister | Mary-Angela | Joey | Mary-Theresa | All | Joey's Grandmother | Cookie	Mary-Angela	Mary-Angela	False		Speaker agrees with available community-transcript mapping.	Oh, this is soo bad. (doesn’t see Mary-Angela)	Chandler	Chandler	present	char_tracker_stage05	chandler	present	1.0		high	
29	172	422.47	423.03	Joey.	Mary-Angela	high	community_transcript_match	1.0	dialogue	False	True	Chandler | Joey’s Sister | Mary-Angela | Joey | Mary-Theresa | All | Joey's Grandmother | Cookie	Chandler	Chandler	False		Speaker agrees with available community-transcript mapping.	Joey!!!	Mary-Angela	Mary-Angela	present	char_tracker_stage05	chandler	unobserved			high	
29	173	423.59	424.39	No, Joey.	Chandler	high	qa_review_resolved_ct_support	1.0	dialogue	False	True	Chandler | Joey’s Sister | Mary-Angela | Joey | Mary-Theresa | All | Joey's Grandmother | Cookie	Mary-Angela	Joey	True	speaker_no_face	Speaker agrees with available community-transcript mapping. | QA resolved prior review with community-transcript support.	No Joey! No Joey! Don’t Joey! Joey!	Chandler	Chandler	absent	char_tracker_stage05		absent	0.0		medium	speaker_no_face
29	174	424.47	424.79	No.	Joey	medium	short_turn_alternation	0.7	dialogue	True	False	Chandler | Joey’s Sister | Mary-Angela | Joey | Mary-Theresa | All | Joey's Grandmother | Cookie	Chandler	Joey	True	short_utterance_between_two_speakers | speaker_no_face	Short utterance inferred from local turn alternation.				absent	char_tracker_stage05		absent			medium	speaker_no_face
29	175	424.79	425.19	Joey.	Joey	high	qa_review_resolved_bridge	0.9	dialogue	True	False	Chandler | Joey’s Sister | Mary-Angela | Joey | Mary-Theresa | All | Joey's Grandmother | Cookie	Joey	Joey	True	speaker_no_face	Same speaker appears on both sides within the same scene. | QA resolved prior review by same-speaker bridge.				absent	char_tracker_stage05		absent			medium	speaker_no_face
29	176	425.35	425.71	No.	Joey	high	qa_review_resolved_bridge	0.9	dialogue	True	False	Chandler | Joey’s Sister | Mary-Angela | Joey | Mary-Theresa | All | Joey's Grandmother | Cookie	Joey	Joey	True	speaker_no_face	Same speaker appears on both sides within the same scene. | QA resolved prior review by same-speaker bridge.				absent	char_tracker_stage05		absent			medium	speaker_no_face
29	177	425.71	426.23	Joey.	Joey	high	qa_review_resolved_bridge	0.9	dialogue	True	False	Chandler | Joey’s Sister | Mary-Angela | Joey | Mary-Theresa | All | Joey's Grandmother | Cookie	Joey	Joey	True	speaker_no_face	Same speaker appears on both sides within the same scene. | QA resolved prior review by same-speaker bridge.				absent	char_tracker_stage05		absent			medium	speaker_no_face
29	178	426.23	426.75	Joey.	Joey	high	qa_review_resolved_bridge	0.9	dialogue	True	False	Chandler | Joey’s Sister | Mary-Angela | Joey | Mary-Theresa | All | Joey's Grandmother | Cookie	Joey	Joey	True	speaker_no_face	Same speaker appears on both sides within the same scene. | QA resolved prior review by same-speaker bridge.				absent	char_tracker_stage05		absent			medium	speaker_no_face
29	179	426.75	427.51	What's going on?	Joey	high	qa_review_resolved_ct_support	1.0	dialogue	False	True	Chandler | Joey’s Sister | Mary-Angela | Joey | Mary-Theresa | All | Joey's Grandmother | Cookie	Joey	Chandler	True	speaker_no_face	Speaker agrees with available community-transcript mapping. | QA resolved prior review with community-transcript support.	What’s goin’ on?	Joey	Joey	absent	char_tracker_stage05		absent	0.0		medium	speaker_no_face
29	180	429.43	430.07	You're it.	Chandler	high	qa_review_resolved_ct_support	1.0	dialogue	False	True	Chandler | Joey’s Sister | Mary-Angela | Joey | Mary-Theresa | All | Joey's Grandmother | Cookie	Joey	Chandler	True	speaker_no_face	Speaker agrees with available community-transcript mapping. | QA resolved prior review with community-transcript support.	You're it	Chandler	Chandler	absent	char_tracker_stage05		absent	0.0		medium	speaker_no_face
29	181	430.07	431.27	Now run and hide.	Chandler	high	qa_review_resolved_ct_support	1.0	dialogue	False	True	Chandler | Joey’s Sister | Mary-Angela | Joey | Mary-Theresa | All | Joey's Grandmother | Cookie	Chandler	Mary-Theresa	True	speaker_no_face	Speaker agrees with available community-transcript mapping. | QA resolved prior review with community-transcript support.	(pats him on the shoulder) You’re it! Now run and hide!	Chandler	Chandler	absent	char_tracker_stage05		absent	0.0		medium	speaker_no_face
29	182	432.79	433.91	It's no big deal.	Mary-Theresa	high	community_transcript_match	1.0	dialogue	False	True	Chandler | Joey’s Sister | Mary-Angela | Joey | Mary-Theresa | All | Joey's Grandmother | Cookie	Chandler	Mary-Theresa	False		Speaker agrees with available community-transcript mapping.	it's no big deal because	Mary-Theresa	Mary-Theresa	absent	char_tracker_stage05		unobserved			high	
29	183	433.91	435.39	Chandler was just kissing me.	Mary-Theresa	high	community_transcript_match	1.0	dialogue	False	True	Chandler | Joey’s Sister | Mary-Angela | Joey | Mary-Theresa | All | Joey's Grandmother | Cookie	Mary-Theresa	Mary-Theresa	False		Speaker agrees with available community-transcript mapping.	it's no big deal chandler was just kissin' me because	Mary-Theresa	Mary-Theresa	absent	char_tracker_stage05		unobserved			high	
29	184	435.39	437.27	Cause he thought I was Mary Angela.	Mary-Theresa	high	community_transcript_match	1.0	dialogue	False	True	Chandler | Joey’s Sister | Mary-Angela | Joey | Mary-Theresa | All | Joey's Grandmother | Cookie	Mary-Theresa	Joey	False		Speaker agrees with available community-transcript mapping.	It’s no big deal. Chandler was just kissin’ me because he thought I was Mary-Angela.	Mary-Theresa	Mary-Theresa	absent	char_tracker_stage05		unobserved			high	
29	185	437.91	438.31	What?	Joey	high	community_transcript_match	1.0	dialogue	False	True	Chandler | Joey’s Sister | Mary-Angela | Joey | Mary-Theresa | All | Joey's Grandmother | Cookie	Mary-Theresa	Joey	False		Speaker agrees with available community-transcript mapping.	what	Joey	Joey	present	char_tracker_stage05	joey	present	0.5		high	
29	186	438.71	439.47	How could you do that?	Joey	high	community_transcript_match	1.0	dialogue	False	True	Chandler | Joey’s Sister | Mary-Angela | Joey | Mary-Theresa | All | Joey's Grandmother | Cookie	Joey	Joey	False		Speaker agrees with available community-transcript mapping.	what how could you do that	Joey	Joey	present	char_tracker_stage05	joey	present	1.0		high	
29	187	439.47	441.19	How could you think she was Mary Angela?	Joey	high	community_transcript_match	1.0	dialogue	False	True	Chandler | Joey’s Sister | Mary-Angela | Joey | Mary-Theresa | All | Joey's Grandmother | Cookie	Joey	Chandler	False		Speaker agrees with available community-transcript mapping.	What?! How could you do that, how could you think she was Mary-Angela?	Joey	Joey	present	char_tracker_stage05	chandler|joey	present	0.6667		high	
29	188	441.27	443.83	I wasn't sure which one Mariangela was.	Chandler	high	community_transcript_match	1.0	dialogue	False	True	Chandler | Joey’s Sister | Mary-Angela | Joey | Mary-Theresa | All | Joey's Grandmother | Cookie	Joey	Chandler	False		Speaker agrees with available community-transcript mapping.	i wasn't sure which one mary angela was	Chandler	Chandler	present	char_tracker_stage05	chandler	present	1.0		high	
29	189	445.7	446.86	Look, I'm sorry, okay?	Chandler	high	community_transcript_match	1.0	dialogue	False	True	Chandler | Joey’s Sister | Mary-Angela | Joey | Mary-Theresa | All | Joey's Grandmother | Cookie	Chandler	Chandler	False		Speaker agrees with available community-transcript mapping.	i wasn't sure which one mary angela was look i'm sorry okay	Chandler	Chandler	present	char_tracker_stage05	chandler|joey	present	1.0		high	
29	190	446.86	449.86	I was really drunk and you guys all look really similar.	Chandler	high	community_transcript_match	1.0	dialogue	False	True	Chandler | Joey’s Sister | Mary-Angela | Joey | Mary-Theresa | All | Joey's Grandmother | Cookie	Chandler	Joey’s Sister	False		Speaker agrees with available community-transcript mapping.	I wasn’t sure which one Mary-Angela was. (all of Joey’s sisters gasp) Look, I’m sorry okay, I was really drunk, and you all look really similar.	Chandler	Chandler	present	char_tracker_stage05	chandler	present	1.0		high	
29	191	450.26	451.66	I say punch him, Joey.	Joey’s Sister	high	community_transcript_match	1.0	dialogue	False	True	Chandler | Joey’s Sister | Mary-Angela | Joey | Mary-Theresa | All | Joey's Grandmother | Cookie	Chandler	All	False		Speaker agrees with available community-transcript mapping.	I say, punch him Joey.	Joey’s Sister	Joey’s Sister	present	char_tracker_stage05	chandler	unobserved			high	
29	192	451.66	452.06	Yeah.	All	medium	short_turn_alternation	0.7	dialogue	True	False	Chandler | Joey’s Sister | Mary-Angela | Joey | Mary-Theresa | All | Joey's Grandmother | Cookie	Joey’s Sister	All	True	short_utterance_between_two_speakers	Short utterance inferred from local turn alternation.				present	char_tracker_stage05	chandler|joey	unobserved			medium	
29	193	452.06	452.5	Yeah.	All	high	community_transcript_match	1.0	dialogue	False	True	Chandler | Joey’s Sister | Mary-Angela | Joey | Mary-Theresa | All | Joey's Grandmother | Cookie	All	Chandler	False		Speaker agrees with available community-transcript mapping.	Yeah! Punch him!!	All	All	present	char_tracker_stage05	chandler|joey	unobserved			high	
29	194	453.38	454.1	No, you know what?	Chandler	medium	visual_disambiguation	0.74	dialogue	True	False	Chandler | Joey’s Sister | Mary-Angela | Joey | Mary-Theresa | All | Joey's Grandmother | Cookie	All	Chandler	False		Only one of the two text-context candidates was visually present in the window.				present	char_tracker_stage05	chandler|joey	present			medium	
29	195	454.1	457.38	We should all calm down because, you know, your brother's not gonna punch me.	Chandler	high	community_transcript_match	1.0	dialogue	False	True	Chandler | Joey’s Sister | Mary-Angela | Joey | Mary-Theresa | All | Joey's Grandmother | Cookie	Chandler	Chandler	False		Speaker agrees with available community-transcript mapping.	Y'know what, we should all calm down because your brother’s not going to punch me. (to Joey) Are ya?	Chandler	Chandler	present	char_tracker_stage05	chandler|joey	present	1.0		high	
29	196	458.34	458.98	Are you?	Chandler	high	community_transcript_match	1.0	dialogue	False	True	Chandler | Joey’s Sister | Mary-Angela | Joey | Mary-Theresa | All | Joey's Grandmother | Cookie	Chandler	Joey	False		Speaker agrees with available community-transcript mapping.	Are ya	Chandler	Chandler	present	char_tracker_stage05	chandler|joey	present	1.0		high	
29	197	460.18	462.1	Well, that is usually what I would do.	Joey	high	community_transcript_match	1.0	dialogue	False	True	Chandler | Joey’s Sister | Mary-Angela | Joey | Mary-Theresa | All | Joey's Grandmother | Cookie	Chandler	Joey	False		Speaker agrees with available community-transcript mapping.	Well, that is usually what I would do	Joey	Joey	present	char_tracker_stage05	joey	present	1.0		high	
29	198	462.1	464.98	But I just never thought you'd be on the receiving end of it.	Joey	high	community_transcript_match	1.0	dialogue	False	True	Chandler | Joey’s Sister | Mary-Angela | Joey | Mary-Theresa | All | Joey's Grandmother | Cookie	Joey	Joey	False		Speaker agrees with available community-transcript mapping.	Well, that is usually what I would do. But I just never thought you’d be on the receiving end of it. How could you do this?!	Joey	Joey	present	char_tracker_stage05	joey	present	1.0		high	
29	199	464.98	466.02	How could you do this?	Joey	high	community_transcript_match	1.0	dialogue	False	True	Chandler | Joey’s Sister | Mary-Angela | Joey | Mary-Theresa | All | Joey's Grandmother | Cookie	Joey	Joey's Grandmother	False		Speaker agrees with available community-transcript mapping.	How could you do this	Joey	Joey	present	char_tracker_stage05	joey	present	1.0		high	
29	200	466.34	468.34	Hey, where'd everybody go?	Joey's Grandmother	high	community_transcript_match	1.0	dialogue	False	True	Chandler | Joey’s Sister | Mary-Angela | Joey | Mary-Theresa | All | Joey's Grandmother | Cookie	Joey	Joey	False		Speaker agrees with available community-transcript mapping.	(runs in) Hey, where'd everybody go?	Joey's Grandmother	Joey's Grandmother	present	char_tracker_stage05	joey	unobserved			high	
29	201	468.58	468.94	Hey.	Joey	medium	visual_disambiguation	0.74	dialogue	True	False	Chandler | Joey’s Sister | Mary-Angela | Joey | Mary-Theresa | All | Joey's Grandmother | Cookie	Joey's Grandmother	Joey	False		Only one of the two text-context candidates was visually present in the window.				present	char_tracker_stage05	joey	present			medium	
29	202	468.94	469.3	No, no.	Joey	high	scene_context_bridge	0.88	dialogue	True	False	Chandler | Joey’s Sister | Mary-Angela | Joey | Mary-Theresa | All | Joey's Grandmother | Cookie	Joey	Joey	False		Same speaker appears on both sides within the same scene.				present	char_tracker_stage05	joey	present			high	
29	203	469.3	470.26	Why don't you go into the den?	Joey	high	community_transcript_match	1.0	dialogue	False	True	Chandler | Joey’s Sister | Mary-Angela | Joey | Mary-Theresa | All | Joey's Grandmother | Cookie	Joey	Joey	False		Speaker agrees with available community-transcript mapping.	Hey, Nonna, why don't you go into the den? I think Cops is on.	Joey	Joey	present	char_tracker_stage05	joey	present	1.0		high	
29	204	470.26	471.46	I think Cops is on.	Joey	high	community_transcript_match	1.0	dialogue	False	True	Chandler | Joey’s Sister | Mary-Angela | Joey | Mary-Theresa | All | Joey's Grandmother | Cookie	Joey	Chandler	False		Speaker agrees with available community-transcript mapping.	I think Cops is on	Joey	Joey	present	char_tracker_stage05	chandler|joey	present	1.0		high	
29	205	471.74	473.02	Oh, oh, oh.	Chandler	low	scene_context_inference	0.58	dialogue	True	False	Chandler | Joey’s Sister | Mary-Angela | Joey | Mary-Theresa | All | Joey's Grandmother | Cookie	Joey	Chandler	True	two_sided_context_ambiguous | low_speaker_confidence	No direct transcript match; weak local context only.				present	char_tracker_stage05	chandler|joey	present			low	low_speaker_confidence
29	206	476.38	478.22	Joey, if you want to punch me, go ahead.	Chandler	high	community_transcript_match	1.0	dialogue	False	True	Chandler | Joey’s Sister | Mary-Angela | Joey | Mary-Theresa | All | Joey's Grandmother | Cookie	Chandler	Chandler	False		Speaker agrees with available community-transcript mapping.	joey if you wanna punch me go ahead	Chandler	Chandler	present	char_tracker_stage05	chandler	present	1.0		high	
29	207	478.22	479.02	I deserve it.	Chandler	high	community_transcript_match	1.0	dialogue	False	True	Chandler | Joey’s Sister | Mary-Angela | Joey | Mary-Theresa | All | Joey's Grandmother | Cookie	Chandler	Chandler	False		Speaker agrees with available community-transcript mapping.	Joey if you wanna punch me, go ahead, I deserve it	Chandler	Chandler	present	char_tracker_stage05	chandler	present	1.0		high	
29	208	479.26	483.34	But I just want you to know that I would never soberly hurt you or your family.	Chandler	high	community_transcript_match	1.0	dialogue	False	True	Chandler | Joey’s Sister | Mary-Angela | Joey | Mary-Theresa | All | Joey's Grandmother | Cookie	Chandler	Chandler	False		Speaker agrees with available community-transcript mapping.	Joey if you wanna punch me, go ahead, I deserve it. But I just want you to know that I would never soberly hurt you or your family, you’re my best friend. I would never do anything like this ever again.	Chandler	Chandler	present	char_tracker_stage05	chandler	present	1.0		high	
29	209	483.82	488.62	You're my best friend and I would never do anything like this ever again.	Chandler	high	community_transcript_match	1.0	dialogue	False	True	Chandler | Joey’s Sister | Mary-Angela | Joey | Mary-Theresa | All | Joey's Grandmother | Cookie	Chandler	Cookie	False		Speaker agrees with available community-transcript mapping.	I would never do anything like this ever again	Chandler	Chandler	present	char_tracker_stage05	chandler|joey	present	1.0		high	
29	210	490.78	491.42	So what?	Cookie	high	community_transcript_match	1.0	dialogue	False	True	Chandler | Joey’s Sister | Mary-Angela | Joey | Mary-Theresa | All | Joey's Grandmother | Cookie	Chandler	Cookie	False		Speaker agrees with available community-transcript mapping.	So what	Cookie	Cookie	present	char_tracker_stage05	chandler|joey	unobserved			high	
29	211	491.9	493.46	I say punch him.	Cookie	high	community_transcript_match	1.0	dialogue	False	True	Chandler | Joey’s Sister | Mary-Angela | Joey | Mary-Theresa | All | Joey's Grandmother | Cookie	Cookie	All	False		Speaker agrees with available community-transcript mapping.	So what. I say, punch him.	Cookie	Cookie	partial	char_tracker_stage05		unobserved			high	
29	212	493.46	493.9	Yeah.	All	high	community_transcript_match	1.0	dialogue	False	True	Chandler | Joey’s Sister | Mary-Angela | Joey | Mary-Theresa | All | Joey's Grandmother | Cookie	Cookie	Joey	False		Speaker agrees with available community-transcript mapping.	Yeah! Punch him! Punch him!	All	All	absent	char_tracker_stage05		unobserved			high	
29	213	496.3	498.78	I'm not gonna punch Chandler.	Joey	high	community_transcript_match	1.0	dialogue	False	True	Chandler | Joey’s Sister | Mary-Angela | Joey | Mary-Theresa | All | Joey's Grandmother | Cookie	All	Cookie	False		Speaker agrees with available community-transcript mapping.	No! No! No! No, I’m not going to punch Chandler.	Joey	Joey	present	char_tracker_stage05	joey	present	1.0		high	
29	214	499.38	499.94	I'll do it.	Cookie	high	community_transcript_match	1.0	dialogue	False	True	Chandler | Joey’s Sister | Mary-Angela | Joey | Mary-Theresa | All | Joey's Grandmother | Cookie	Joey	Joey	False		Speaker agrees with available community-transcript mapping.	I’ll do it.	Cookie	Cookie	present	char_tracker_stage05	chandler	unobserved			high	
29	215	499.94	500.66	No, you won't.	Joey	high	qa_review_resolved_ct_support	1.0	dialogue	False	True	Chandler | Joey’s Sister | Mary-Angela | Joey | Mary-Theresa | All | Joey's Grandmother | Cookie	Cookie	Joey	True	speaker_offscreen	Speaker agrees with available community-transcript mapping. | QA resolved prior review with community-transcript support.	No you won't	Joey	Joey	present	char_tracker_stage05	chandler	absent	0.0		low	speaker_offscreen
29	216	501.7	504.42	Look, he knows he did a terrible thing and I believe him.	Joey	high	community_transcript_match	1.0	dialogue	False	True	Chandler | Joey’s Sister | Mary-Angela | Joey | Mary-Theresa | All | Joey's Grandmother | Cookie	Joey	Joey	False		Speaker agrees with available community-transcript mapping.	No you won’t. Look he knows he did a terrible thing and I believe him, he’s sorry. But, (to Chandler) you’ve got one more apology to make, all right, you’ve got to apologize to Mary-Angela.	Joey	Joey	present	char_tracker_stage05	joey	present	1.0		high	
29	217	504.42	505.22	He's sorry.	Joey	high	scene_context_bridge	0.88	dialogue	True	False	Chandler | Joey’s Sister | Mary-Angela | Joey | Mary-Theresa | All | Joey's Grandmother | Cookie	Joey	Joey	False		Same speaker appears on both sides within the same scene.				present	char_tracker_stage05	joey	present			high	
29	218	505.46	507.38	But you got one more apology to make.	Joey	high	scene_context_bridge	0.88	dialogue	True	False	Chandler | Joey’s Sister | Mary-Angela | Joey | Mary-Theresa | All | Joey's Grandmother | Cookie	Joey	Joey	False		Same speaker appears on both sides within the same scene.				present	char_tracker_stage05	joey	present			high	
29	219	507.38	507.86	All right.	Joey	high	community_transcript_match	1.0	dialogue	False	True	Chandler | Joey’s Sister | Mary-Angela | Joey | Mary-Theresa | All | Joey's Grandmother | Cookie	Joey	Joey	False		Speaker agrees with available community-transcript mapping.	All right.	Joey	Joey	present	char_tracker_stage05	joey	present	1.0		high	
29	220	507.86	510.3	You gotta apologize to Mary Angela.	Joey	high	scene_context_bridge	0.88	dialogue	True	False	Chandler | Joey’s Sister | Mary-Angela | Joey | Mary-Theresa | All | Joey's Grandmother | Cookie	Joey	Joey	False		Same speaker appears on both sides within the same scene.				present	char_tracker_stage05	joey	present			high	
29	221	510.3	510.86	Okay.	Joey	high	scene_context_bridge	0.88	dialogue	True	False	Chandler | Joey’s Sister | Mary-Angela | Joey | Mary-Theresa | All | Joey's Grandmother | Cookie	Joey	Joey	False		Same speaker appears on both sides within the same scene.				present	char_tracker_stage05	chandler|joey	present			high	
29	222	510.86	511.42	Absolutely.	Joey	high	scene_context_bridge	0.88	dialogue	True	False	Chandler | Joey’s Sister | Mary-Angela | Joey | Mary-Theresa | All | Joey's Grandmother | Cookie	Joey	Joey	False		Same speaker appears on both sides within the same scene.				present	char_tracker_stage05	chandler|joey	present			high	
29	223	511.42	523.3	You're right, cookie.	Joey	high	qa_review_resolved_bridge	1.0	dialogue	False	True	Chandler | Joey’s Sister | Mary-Angela | Joey | Mary-Theresa | All | Joey's Grandmother | Cookie	Joey	Joey	True	speaker_offscreen	Speaker agrees with available community-transcript mapping. | QA resolved prior review by same-speaker bridge.	cookie	Joey	Joey	present	char_tracker_stage05	chandler	absent	0.1538		low	speaker_offscreen
29	224	523.3	524.34	Now you can punch him.	Joey	high	community_transcript_match	1.0	dialogue	False	True	Chandler | Joey’s Sister | Mary-Angela | Joey | Mary-Theresa | All | Joey's Grandmother | Cookie	Joey	Chandler	False		Speaker agrees with available community-transcript mapping.	Cookie, now you can punch him!	Joey	Joey	present	char_tracker_stage05	joey	present	1.0		high	
29	225	524.34	524.66	What?	Chandler	high	qa_review_resolved_ct_support	1.0	dialogue	False	True	Chandler | Joey’s Sister | Mary-Angela | Joey | Mary-Theresa | All | Joey's Grandmother | Cookie	Joey		True	speaker_offscreen	Speaker agrees with available community-transcript mapping. | QA resolved prior review with community-transcript support.	What?! (Cookie punches him)	Chandler	Chandler	present	char_tracker_stage05	joey	absent	0.0		low	speaker_offscreen
30	226	533.49	533.81	Hey.	Rachel	high	qa_review_resolved_ct_support	1.0	dialogue	False	True	Rachel | Ross | Mark		Rachel	True	speaker_no_face	Speaker agrees with available community-transcript mapping. | QA resolved prior review with community-transcript support.	(getting of the elevator and noticing Ross) Hey!	Rachel	Rachel	absent	char_tracker_stage05		absent	0.0		medium	speaker_no_face
30	227	534.29	535.49	What are you doing here?	Rachel	high	qa_review_resolved_ct_support	1.0	dialogue	False	True	Rachel | Ross | Mark	Rachel	Ross	True	speaker_no_face	Speaker agrees with available community-transcript mapping. | QA resolved prior review with community-transcript support.	What are you doing here?	Rachel	Rachel	absent	char_tracker_stage05		absent	0.0		medium	speaker_no_face
30	228	535.65	538.05	You know, this building's on my paper route, so.	Ross	high	qa_review_resolved_ct_support	1.0	dialogue	False	True	Rachel | Ross | Mark	Rachel	Ross	True	speaker_no_face	Speaker agrees with available community-transcript mapping. | QA resolved prior review with community-transcript support.	Ah y'know, this building is on my paper route so I... (gives her a flower)	Ross	Ross	partial	char_tracker_stage05		absent	0.0		medium	speaker_no_face
30	229	539.25	539.73	Hi.	Ross	high	qa_review_resolved_ct_support	1.0	dialogue	False	True	Rachel | Ross | Mark	Ross	Rachel	True	speaker_offscreen	Speaker agrees with available community-transcript mapping. | QA resolved prior review with community-transcript support.	Hi. (kisses her)	Ross	Ross	present	char_tracker_stage05	rachel	absent	0.0		low	speaker_offscreen
30	230	539.81	540.37	Hi.	Rachel	high	community_transcript_match	1.0	dialogue	False	True	Rachel | Ross | Mark	Ross	Ross	False		Speaker agrees with available community-transcript mapping.	Hi.	Rachel	Rachel	present	char_tracker_stage05	rachel|ross	present	1.0		high	
30	231	540.45	541.33	How'd it go?	Ross	high	community_transcript_match	1.0	dialogue	False	True	Rachel | Ross | Mark	Rachel	Rachel	False		Speaker agrees with available community-transcript mapping.	How’d did it go?	Ross	Ross	present	char_tracker_stage05	rachel|ross	present	1.0		high	
30	232	541.57	544.45	Oh, well, the woman I interviewed with was pretty tough.	Rachel	high	community_transcript_match	1.0	dialogue	False	True	Rachel | Ross | Mark	Ross	Rachel	False		Speaker agrees with available community-transcript mapping.	oh well the woman i interviewed with was pretty tough but y'know	Rachel	Rachel	present	char_tracker_stage05	rachel|ross	present	1.0		high	
30	233	544.45	550.05	But, you know, thank God Mark coached me because once I started talking about the Fall line, she got all happy and wouldn't shut up.	Rachel	high	community_transcript_match	1.0	dialogue	False	True	Rachel | Ross | Mark	Rachel	Ross	False		Speaker agrees with available community-transcript mapping.	Oh well, the woman I interviewed with was pretty tough, but y'know thank God Mark coached me, because once I started talking about the fall line, she got all happy and wouldn’t shut up.	Rachel	Rachel	present	char_tracker_stage05	rachel	present	0.8571		high	
30	234	550.05	551.13	I'm so proud of you.	Ross	high	community_transcript_match	1.0	dialogue	False	True	Rachel | Ross | Mark	Rachel	Rachel	False		Speaker agrees with available community-transcript mapping.	I’m so proud of you.	Ross	Ross	present	char_tracker_stage05	ross	present	0.5		high	
30	235	551.13	551.73	Me too.	Rachel	high	qa_review_resolved_ct_support	1.0	dialogue	False	True	Rachel | Ross | Mark	Ross	Ross	True	speaker_offscreen	Speaker agrees with available community-transcript mapping. | QA resolved prior review with community-transcript support.	Me too!	Rachel	Rachel	present	char_tracker_stage05	ross	absent	0.0		low	speaker_offscreen
30	236	553.83	554.55	Listen, I'm.	Ross	high	community_transcript_match	1.0	dialogue	False	True	Rachel | Ross | Mark	Rachel	Ross	False		Speaker agrees with available community-transcript mapping.	listen i'm ah it's just that i like you a lot so	Ross	Ross	present	char_tracker_stage05	ross	present	1.0		high	
30	237	555.99	559.51	I'm sorry I've been so crazy and jealous and.	Ross	high	community_transcript_match	1.0	dialogue	False	True	Rachel | Ross | Mark	Ross	Ross	False		Speaker agrees with available community-transcript mapping.	Listen, I’m ah, I’m sorry I’ve been so crazy and jealous and, it’s just that I like you a lot, so...	Ross	Ross	present	char_tracker_stage05	ross	present	1.0		high	
30	238	560.55	562.55	It's just I like you a lot, so.	Ross	high	community_transcript_match	1.0	dialogue	False	True	Rachel | Ross | Mark	Ross	Rachel	False		Speaker agrees with available community-transcript mapping.	listen i'm ah it's just that i like you a lot so	Ross	Ross	present	char_tracker_stage05	ross	present	1.0		high	
30	239	563.11	563.67	I know.	Rachel	high	community_transcript_match	1.0	dialogue	False	True	Rachel | Ross | Mark	Ross	Ross	False		Speaker agrees with available community-transcript mapping.	I know.	Rachel	Rachel	present	char_tracker_stage05	rachel	present	1.0		high	
30	240	564.23	564.79	Yeah.	Ross	high	qa_review_resolved_ct_support	1.0	dialogue	False	True	Rachel | Ross | Mark	Rachel	Rachel	True	speaker_offscreen	Speaker agrees with available community-transcript mapping. | QA resolved prior review with community-transcript support.	Yeah.	Ross	Ross	present	char_tracker_stage05	rachel	absent	0.0		low	speaker_offscreen
30	241	564.79	565.31	Yeah.	Rachel	high	community_transcript_match	1.0	dialogue	False	True	Rachel | Ross | Mark	Ross	Mark	False		Speaker agrees with available community-transcript mapping.	Yeah.	Rachel	Rachel	present	char_tracker_stage05	rachel	present	1.0		high	
30	242	565.31	565.83	Rachel?	Mark	high	community_transcript_match	1.0	dialogue	False	True	Rachel | Ross | Mark	Rachel	Rachel	False		Speaker agrees with available community-transcript mapping.	Rachel?	Mark	Mark	present	char_tracker_stage05	rachel	unobserved			high	
30	243	565.91	566.39	Yeah.	Rachel	medium	visual_disambiguation	0.74	dialogue	True	False	Rachel | Ross | Mark	Mark	Rachel	False		Only one of the two text-context candidates was visually present in the window.				present	char_tracker_stage05	rachel	present			medium	
30	244	566.47	566.87	Hi.	Rachel	high	scene_context_bridge	0.88	dialogue	True	False	Rachel | Ross | Mark	Rachel	Rachel	False		Same speaker appears on both sides within the same scene.				present	char_tracker_stage05	rachel	present			high	
30	245	566.87	567.51	Hi, Mark.	Rachel	high	community_transcript_match	1.0	dialogue	False	True	Rachel | Ross | Mark	Rachel	Mark	False		Speaker agrees with available community-transcript mapping.	Yeah. (turns around) Hi Mark!	Rachel	Rachel	present	char_tracker_stage05	rachel	present	0.5		high	
30	246	567.51	567.99	Hi.	Mark	high	community_transcript_match	1.0	dialogue	False	True	Rachel | Ross | Mark	Rachel	Mark	False		Speaker agrees with available community-transcript mapping.	Hi	Mark	Mark	absent	char_tracker_stage05		unobserved			high	
30	247	568.149	570.19	I just talked to Joanna and she loves you.	Mark	high	community_transcript_match	1.0	dialogue	False	True	Rachel | Ross | Mark	Mark	Mark	False		Speaker agrees with available community-transcript mapping.	Hi. I just talked to Joanna, and she loves you. You got it, you got the job.	Mark	Mark	absent	char_tracker_stage05		unobserved			high	
30	248	570.19	570.75	You got it.	Mark	high	community_transcript_match	1.0	dialogue	False	True	Rachel | Ross | Mark	Mark	Mark	False		Speaker agrees with available community-transcript mapping.	You got it, you got the job	Mark	Mark	absent	char_tracker_stage05		unobserved			high	
30	249	570.75	571.35	You got the job.	Mark	high	community_transcript_match	1.0	dialogue	False	True	Rachel | Ross | Mark	Mark	Rachel	False		Speaker agrees with available community-transcript mapping.	you got the job	Mark	Mark	absent	char_tracker_stage05		unobserved			high	
30	250	572.31	572.87	I did?	Rachel	high	qa_review_resolved_ct_support	1.0	dialogue	False	True	Rachel | Ross | Mark	Mark	Mark	True	speaker_no_face	Speaker agrees with available community-transcript mapping. | QA resolved prior review with community-transcript support.	Oh, I did!	Rachel	Rachel	absent	char_tracker_stage05		absent	0.0		medium	speaker_no_face
30	251	572.95	573.43	Yes.	Mark	high	community_transcript_match	1.0	dialogue	False	True	Rachel | Ross | Mark	Rachel	Rachel	False		Speaker agrees with available community-transcript mapping.	Yes.	Mark	Mark	absent	char_tracker_stage05		unobserved			high	
30	252	574.79	575.75	Oh, my God.	Rachel	high	qa_review_resolved_ct_support	1.0	dialogue	False	True	Rachel | Ross | Mark	Mark	Ross	True	speaker_no_face	Speaker agrees with available community-transcript mapping. | QA resolved prior review with community-transcript support.	(to Ross) Oh my God!! (she turns around and hugs Mark, not Ross)	Rachel	Rachel	absent	char_tracker_stage05		absent	0.0		medium	speaker_no_face
30	253	575.83	577.83	Congratulations.	Ross	high	community_transcript_match	1.0	dialogue	False	True	Rachel | Ross | Mark	Rachel		False		Speaker agrees with available community-transcript mapping.	Congratu!! (sees her hug Mark) -lations-lations.	Ross	Ross	present	char_tracker_stage05	ross	present	0.6667		high	
32	254	582.95	585.59	So, Phoe, how was your date?	Monica	high	qa_review_resolved_ct_support	1.0	dialogue	False	True	Monica | Phoebe | Rachel		Phoebe	True	speaker_no_face	Speaker agrees with available community-transcript mapping. | QA resolved prior review with community-transcript support.	So ah, Phoebe, how was your date?	Monica	Monica	partial	char_tracker_stage05		absent	0.0		medium	speaker_no_face
32	255	585.75	586.95	Oh, well, you know.	Phoebe	high	community_transcript_match	1.0	dialogue	False	True	Monica | Phoebe | Rachel	Monica	Monica	False		Speaker agrees with available community-transcript mapping.	Oh well y'know. (laughs)	Phoebe	Phoebe	present	char_tracker_stage05	phoebe	present	1.0		high	
32	256	587.91	589.43	Yeah, I do know.	Monica	high	community_transcript_match	1.0	dialogue	False	True	Monica | Phoebe | Rachel	Phoebe	Phoebe	False		Speaker agrees with available community-transcript mapping.	Yeah, I do know.	Monica	Monica	present	char_tracker_stage05	chandler|monica	present	1.0		high	
32	257	590.79	591.19	Ugh.	Phoebe	medium	short_turn_alternation	0.7	dialogue	True	False	Monica | Phoebe | Rachel	Monica	Phoebe	True	short_utterance_between_two_speakers	Short utterance inferred from local turn alternation.				present	char_tracker_stage05	chandler|monica|phoebe	present			medium	
32	258	591.19	592.27	You were eavesdropping.	Phoebe	high	community_transcript_match	1.0	dialogue	False	True	Monica | Phoebe | Rachel	Phoebe	Rachel	False		Speaker agrees with available community-transcript mapping.	Ick, you were eavesdropping.	Phoebe	Phoebe	present	char_tracker_stage05	phoebe|rachel|ross	present	1.0		high	
32	259	592.27	593.11	Eavesdropping?	Rachel	high	community_transcript_match	1.0	dialogue	False	True	Monica | Phoebe | Rachel	Phoebe	Rachel	False		Speaker agrees with available community-transcript mapping.	Eavesdropping	Rachel	Rachel	present	char_tracker_stage05	phoebe|rachel|ross	present	1.0		high	
32	260	593.11	595.59	Thebes, the ceiling tiles were falling down.	Rachel	high	community_transcript_match	1.0	dialogue	False	True	Monica | Phoebe | Rachel	Rachel	Phoebe	False		Speaker agrees with available community-transcript mapping.	Eavesdropping. Pheebs, the ceiling tiles were falling down.	Rachel	Rachel	present	char_tracker_stage05	rachel|ross	present	1.0		high	
32	261	597.91	599.03	Oh, I'm sorry.	Phoebe	high	community_transcript_match	1.0	dialogue	False	True	Monica | Phoebe | Rachel	Rachel	Phoebe	False		Speaker agrees with available community-transcript mapping.	Oh, I'm sorry	Phoebe	Phoebe	present	char_tracker_stage05	phoebe	present	1.0		high	
32	262	599.51	601.67	But I really like this guy.	Phoebe	high	community_transcript_match	1.0	dialogue	False	True	Monica | Phoebe | Rachel	Phoebe	Phoebe	False		Speaker agrees with available community-transcript mapping.	But I really like this guy	Phoebe	Phoebe	present	char_tracker_stage05	phoebe	present	1.0		high	
32	263	601.67	604.39	And I think he really happens to like me.	Phoebe	high	community_transcript_match	1.0	dialogue	False	True	Monica | Phoebe | Rachel	Phoebe		False		Speaker agrees with available community-transcript mapping.	Oh, I’m sorry. But I really like this guy. And I think he really happens to like me.	Phoebe	Phoebe	present	char_tracker_stage05	phoebe	present	1.0		high	
33	264	609.99	613.96	Maybe he's just jumping on a pogo stick and he really likes it.	Ross	high	community_transcript_match	1.0	dialogue	False	True	Ross			False		Speaker agrees with available community-transcript mapping.	Maybe he’s just jumping on a pogo-stick and really likes it?	Ross	Ross	present	char_tracker_stage05	joey|ross	present	0.8		high	
34	265	618.44	620.28	Maybe the pogo stick likes it too.	Ross	high	community_transcript_match	1.0	dialogue	False	True	Ross | Joey | Chandler | Phoebe | Rachel | Monica		Joey	False		Speaker agrees with available community-transcript mapping.	Maybe the pogo-stick likes it too?	Ross	Ross	present	char_tracker_stage05	phoebe|rachel|ross	present	1.0		high	
34	266	622.12	623.08	All right, that's it.	Joey	high	community_transcript_match	1.0	dialogue	False	True	Ross | Joey | Chandler | Phoebe | Rachel | Monica	Ross	Joey	False		Speaker agrees with available community-transcript mapping.	All right, that's it	Joey	Joey	present	char_tracker_stage05	joey|phoebe|rachel	present	1.0		high	
34	267	623.4	625.16	He cannot do this to Phoebe.	Joey	high	community_transcript_match	1.0	dialogue	False	True	Ross | Joey | Chandler | Phoebe | Rachel | Monica	Joey	Joey	False		Speaker agrees with available community-transcript mapping.	All right, that’s it! He cannot do this to Phoebe. (gets up) This guy is going to get the butt kicking of a lifetime! (stops and turns around and asks Rachel) But, is he a big guy?	Joey	Joey	present	char_tracker_stage05	joey|rachel	present	1.0		high	
34	268	625.24	628.04	This guy's gonna get the butt kicking of a lifetime.	Joey	high	qa_review_resolved_bridge	1.0	dialogue	False	True	Ross | Joey | Chandler | Phoebe | Rachel | Monica	Joey	Joey	True	speaker_no_face	Speaker agrees with available community-transcript mapping. | QA resolved prior review by same-speaker bridge.	This guy is going to get the butt kicking of a lifetime	Joey	Joey	partial	char_tracker_stage05		absent	0.25		medium	speaker_no_face
34	269	628.6	630.12	But is he a big guy?	Joey	high	community_transcript_match	1.0	dialogue	False	True	Ross | Joey | Chandler | Phoebe | Rachel | Monica	Joey	Ross	False		Speaker agrees with available community-transcript mapping.	But, is he a big guy	Joey	Joey	present	char_tracker_stage05	joey|rachel|ross	present	0.6667		high	
34	270	631.32	632.08	We'll all go.	Ross	high	community_transcript_match	1.0	dialogue	False	True	Ross | Joey | Chandler | Phoebe | Rachel | Monica	Joey	Ross	False		Speaker agrees with available community-transcript mapping.	Ah, we’ll all go. (motions to Chandler) Come on. (the guys leave)	Ross	Ross	present	char_tracker_stage05	chandler|joey|monica|rachel|ross	present	0.5		high	
34	271	632.08	632.6	Come on.	Ross	high	qa_review_resolved_ct_support	1.0	dialogue	False	True	Ross | Joey | Chandler | Phoebe | Rachel | Monica	Ross	Chandler	True	speaker_offscreen	Speaker agrees with available community-transcript mapping. | QA resolved prior review with community-transcript support.	Come on	Ross	Ross	present	char_tracker_stage05	chandler|joey|monica|rachel	absent	0.0		low	speaker_offscreen
34	272	632.6	632.96	Well, I.	Chandler	high	community_transcript_match	1.0	dialogue	False	True	Ross | Joey | Chandler | Phoebe | Rachel | Monica	Ross	Chandler	False		Speaker agrees with available community-transcript mapping.	Well, let's see	Chandler	Chandler	present	char_tracker_stage05	chandler|joey|monica|rachel	present	1.0		high	
34	273	632.96	634.28	See I just got beat up by a girl.	Chandler	high	community_transcript_match	1.0	dialogue	False	True	Ross | Joey | Chandler | Phoebe | Rachel | Monica	Chandler	Chandler	False		Speaker agrees with available community-transcript mapping.	Well, let's see...I just got beat up by a girl. (thinks about it) They need me. (leaves with the other two)	Chandler	Chandler	present	char_tracker_stage05	chandler|monica	present	1.0		high	
34	274	635.8	636.68	Thinny me.	Chandler	high	community_transcript_match	1.0	dialogue	False	True	Ross | Joey | Chandler | Phoebe | Rachel | Monica	Chandler	Phoebe	False		Speaker agrees with available community-transcript mapping.	They need me	Chandler	Chandler	present	char_tracker_stage05	chandler|monica	present	1.0		high	
34	275	638.44	639.36	Thanks, you guys.	Phoebe	high	qa_review_resolved_ct_support	1.0	dialogue	False	True	Ross | Joey | Chandler | Phoebe | Rachel | Monica	Chandler	Phoebe	True	speaker_no_face	Speaker agrees with available community-transcript mapping. | QA resolved prior review with community-transcript support.	Thanks you guys! Thank you.	Phoebe	Phoebe	absent	char_tracker_stage05		absent	0.0		medium	speaker_no_face
34	276	639.36	639.96	Thank you.	Phoebe	high	qa_review_resolved_ct_support	1.0	dialogue	False	True	Ross | Joey | Chandler | Phoebe | Rachel | Monica	Phoebe	Chandler	True	speaker_no_face	Speaker agrees with available community-transcript mapping. | QA resolved prior review with community-transcript support.	Thank you	Phoebe	Phoebe	absent	char_tracker_stage05		absent	0.0		medium	speaker_no_face
34	277	640.72	641.36	Don't worry.	Chandler	high	qa_review_resolved_ct_support	1.0	dialogue	False	True	Ross | Joey | Chandler | Phoebe | Rachel | Monica	Phoebe	Phoebe	True	speaker_offscreen	Speaker agrees with available community-transcript mapping. | QA resolved prior review with community-transcript support.	Don’t worry.	Chandler	Chandler	present	char_tracker_stage05	monica	absent	0.0		low	speaker_offscreen
34	278	642.4	643.6	Hope they kick his ass.	Phoebe	high	community_transcript_match	1.0	dialogue	False	True	Ross | Joey | Chandler | Phoebe | Rachel | Monica	Chandler	Rachel	False		Speaker agrees with available community-transcript mapping.	God, I hope they kick his ass!	Phoebe	Phoebe	present	char_tracker_stage05	monica|phoebe	present	0.5		high	
34	279	645.12	646.32	Honey, I'm sorry.	Rachel	high	community_transcript_match	1.0	dialogue	False	True	Ross | Joey | Chandler | Phoebe | Rachel | Monica	Phoebe	Monica	False		Speaker agrees with available community-transcript mapping.	Honey, I’m sorry.	Rachel	Rachel	present	char_tracker_stage05	monica|phoebe|rachel	present	1.0		high	
34	280	646.48	650.48	You know, if it's any consolation, he really did sound like he was having more fun with you.	Monica	high	community_transcript_match	1.0	dialogue	False	True	Ross | Joey | Chandler | Phoebe | Rachel | Monica	Rachel		False		Speaker agrees with available community-transcript mapping.	Y'know if it’s any consolation, he really did sound like he was having more fun with you. (Rachel nods in agreement)	Monica	Monica	present	char_tracker_stage05	monica	present	1.0		high	
