scene_id	sentence_id	start	end	utterance	speaker	speaker_confidence	speaker_method	alignment_score	row_type	filled_from_missing	matched_to_ct	scene_speaker_set	prev_speaker_scene	next_speaker_scene	review_flag	review_reason	notes	utterance_ct	speaker_ct	speaker_original	visual_presence	visual_presence_source	visual_presence_chars	speaker_visual_presence	speaker_visual_ratio	visual_presence_note	annotation_confidence	annotation_review_reason
9	1	0.56	4.24	You know, starve a fever, you go to a play for a cold.	Joey	high	community_transcript_match	1.0	dialogue	False	True	Joey | Monica | Chandler		Monica	False		Speaker agrees with available community-transcript mapping.	Uh, y’know, starve a fever, go to a play for a cold.	Joey	Joey	present	char_tracker_stage05	joey	present	0.8		high	
9	2	6.08	9.52	Joey, why is Janine not coming over for dinner?	Monica	high	community_transcript_match	1.0	dialogue	False	True	Joey | Monica | Chandler	Joey	Joey	False		Speaker agrees with available community-transcript mapping.	Joey! Why is Janine not coming over for dinner?!	Monica	Monica	present	char_tracker_stage05	chandler|monica	present	1.0		high	
9	3	9.68	13.76	Well, she didn't want to hang out with you guys two nights in a row.	Joey	high	community_transcript_match	1.0	dialogue	False	True	Joey | Monica | Chandler	Monica	Joey	False		Speaker agrees with available community-transcript mapping.	Well uh, she didn’t want to hang out with you guys two nights in a row. I’m so sorry.	Joey	Joey	present	char_tracker_stage05	joey	present	0.8		high	
9	4	13.76	14.96	I'm so sorry.	Joey	high	community_transcript_match	1.0	dialogue	False	True	Joey | Monica | Chandler	Joey	Chandler	False		Speaker agrees with available community-transcript mapping.	I'm so sorry	Joey	Joey	present	char_tracker_stage05	joey	present	1.0		high	
9	5	16.24	17.92	Why does she not want to hang out with us?	Chandler	high	community_transcript_match	1.0	dialogue	False	True	Joey | Monica | Chandler	Joey	Joey	False		Speaker agrees with available community-transcript mapping.	Well, why does she not want to hang out with us?!	Chandler	Chandler	present	char_tracker_stage05	chandler|monica	present	1.0		high	
9	6	19.84	20.56	Because she.	Joey	medium	visual_disambiguation	0.74	dialogue	True	False	Joey | Monica | Chandler	Chandler	Joey	False		Only one of the two text-context candidates was visually present in the window.				present	char_tracker_stage05	joey	present			medium	
9	7	20.72	21.12	She.	Joey	high	scene_context_bridge	0.88	dialogue	True	False	Joey | Monica | Chandler	Joey	Joey	False		Same speaker appears on both sides within the same scene.				present	char_tracker_stage05	joey	present			high	
9	8	21.12	23.28	She thinks that you are blah.	Joey	high	community_transcript_match	1.0	dialogue	False	True	Joey | Monica | Chandler	Joey	Joey	False		Speaker agrees with available community-transcript mapping.	Because she uh, she-she thinks that you are blah and that you, Monica, are too loud.	Joey	Joey	present	char_tracker_stage05	joey	present	1.0		high	
9	9	24.88	28.0	And that you, Monica, are too.	Joey	high	community_transcript_match	1.0	dialogue	False	True	Joey | Monica | Chandler	Joey	Chandler	False		Speaker agrees with available community-transcript mapping.	because she uh she and that you monica are too loud	Joey	Joey	present	char_tracker_stage05	chandler|joey|monica	present	1.0		high	
9	10	28.0	28.32	Lo.	Chandler	medium	short_turn_alternation	0.7	dialogue	True	False	Joey | Monica | Chandler	Joey	Chandler	True	short_utterance_between_two_speakers	Short utterance inferred from local turn alternation.				present	char_tracker_stage05	chandler|joey|monica	present			medium	
9	11	34.3	36.46	So she was just pretending to have a good time last night?	Chandler	high	community_transcript_match	1.0	dialogue	False	True	Joey | Monica | Chandler	Chandler	Chandler	False		Speaker agrees with available community-transcript mapping.	So she was just pretending to have a good time last night? She was lying to our faces?!	Chandler	Chandler	present	char_tracker_stage05	chandler|monica	present	1.0		high	
9	12	36.46	37.9	She was lying to our faces.	Chandler	high	community_transcript_match	1.0	dialogue	False	True	Joey | Monica | Chandler	Chandler	Monica	False		Speaker agrees with available community-transcript mapping.	She was lying to our faces	Chandler	Chandler	present	char_tracker_stage05	chandler|joey|monica	present	1.0		high	
9	13	38.3	39.5	I can't believe this.	Monica	high	community_transcript_match	1.0	dialogue	False	True	Joey | Monica | Chandler	Chandler	Monica	False		Speaker agrees with available community-transcript mapping.	Ugh, I can not believe this	Monica	Monica	present	char_tracker_stage05	chandler|joey|monica	present	1.0		high	
9	14	39.5	41.1	I mean, who is she to judge us?	Monica	high	community_transcript_match	1.0	dialogue	False	True	Joey | Monica | Chandler	Monica	Monica	False		Speaker agrees with available community-transcript mapping.	I mean, who is she to judge us	Monica	Monica	present	char_tracker_stage05	chandler|monica	present	1.0		high	
9	15	41.1	42.42	We could not have been nicer to her.	Monica	high	community_transcript_match	1.0	dialogue	False	True	Joey | Monica | Chandler	Monica	Chandler	False		Speaker agrees with available community-transcript mapping.	Ugh, I can not believe this! I mean, who is she to judge us? We could not have been nicer to her!	Monica	Monica	present	char_tracker_stage05	chandler|monica	present	1.0		high	
9	16	42.42	43.7	And I am not blah.	Chandler	high	community_transcript_match	1.0	dialogue	False	True	Joey | Monica | Chandler	Monica	Chandler	False		Speaker agrees with available community-transcript mapping.	And I am not blah, I am a hoot!	Chandler	Chandler	present	char_tracker_stage05	chandler|monica	present	1.0		high	
9	17	43.7	44.7	I am a hoot.	Chandler	high	community_transcript_match	1.0	dialogue	False	True	Joey | Monica | Chandler	Chandler	Chandler	False		Speaker agrees with available community-transcript mapping.	i am a hoot	Chandler	Chandler	present	char_tracker_stage05	chandler|monica	present	1.0		high	
9	18	46.94	49.34	Come on, please, please, you guys, don't be mad.	Chandler	high	qa_review_resolved_bridge	0.9	dialogue	True	False	Joey | Monica | Chandler	Chandler	Chandler	True	speaker_no_face	No direct transcript match; longer line defaulted to previous speaker in same scene. | QA resolved prior review by same-speaker bridge.				absent	char_tracker_stage05		absent			medium	speaker_no_face
9	19	49.42	50.3	I'm sure she just.	Chandler	medium	scene_context_inference	0.66	dialogue	True	False	Joey | Monica | Chandler	Chandler	Joey	True	two_sided_context_ambiguous | speaker_no_face	No direct transcript match; longer line defaulted to previous speaker in same scene.				absent	char_tracker_stage05		absent			medium	speaker_no_face
9	20	50.3	52.34	She just said that stuff because she was nervous.	Joey	high	community_transcript_match	1.0	dialogue	False	True	Joey | Monica | Chandler	Chandler	Joey	False		Speaker agrees with available community-transcript mapping.	I know! I know! Come on, please-please you guys, don’t-don’t be mad. I’m sure she just, she just said that stuff because she was nervous and you guys are like my best friends! Y’know? And it was our first date! Plus, she’s really sick!	Joey	Joey	present	char_tracker_stage05	joey	present	0.6667		high	
9	21	52.34	54.94	Cause you guys are like my best friends, you know?	Joey	medium	visual_disambiguation	0.74	dialogue	True	False	Joey | Monica | Chandler	Joey	Chandler	False		Only one of the two text-context candidates was visually present in the window.				present	char_tracker_stage05	joey	present			medium	
9	22	54.94	56.86	And it was our first date.	Chandler	medium	visual_disambiguation	0.74	dialogue	True	False	Joey | Monica | Chandler	Joey	Chandler	False		Only one of the two text-context candidates was visually present in the window.				present	char_tracker_stage05	chandler|monica	present			medium	
9	23	57.26	59.63	Plus, she's really sick.	Chandler	high	qa_review_resolved_bridge	0.9	dialogue	True	False	Joey | Monica | Chandler	Chandler	Chandler	True	speaker_offscreen	Same speaker appears on both sides within the same scene. | QA resolved prior review by same-speaker bridge.				present	char_tracker_stage05	joey	absent			low	speaker_offscreen
9	24	62.11	62.63	No, you.	Chandler	high	scene_context_bridge	0.88	dialogue	True	False	Joey | Monica | Chandler	Chandler	Chandler	False		Same speaker appears on both sides within the same scene.				present	char_tracker_stage05	chandler|monica	present			high	
9	25	62.63	62.95	Shoot.	Chandler	high	scene_context_bridge	0.88	dialogue	True	False	Joey | Monica | Chandler	Chandler	Chandler	False		Same speaker appears on both sides within the same scene.				present	char_tracker_stage05	chandler|monica	present			high	
9	26	62.95	64.19	No, you said you made that up.	Chandler	high	community_transcript_match	1.0	dialogue	False	True	Joey | Monica | Chandler	Chandler	Joey	False		Speaker agrees with available community-transcript mapping.	No, you sh—No you said you made that up!!	Chandler	Chandler	present	char_tracker_stage05	chandler|monica	present	1.0		high	
9	27	64.19	66.99	I know, but don't you think the sick thing is way better than the plaything?	Joey	high	community_transcript_match	1.0	dialogue	False	True	Joey | Monica | Chandler	Chandler	Chandler	False		Speaker agrees with available community-transcript mapping.	I know, but don’t you think the sick thing is way better than the play thing?	Joey	Joey	present	char_tracker_stage05	joey	present	1.0		high	
9	28	68.11	69.07	Well, they're both good.	Chandler	high	community_transcript_match	1.0	dialogue	False	True	Joey | Monica | Chandler	Joey	Chandler	False		Speaker agrees with available community-transcript mapping.	Eh, they're both good	Chandler	Chandler	present	char_tracker_stage05	chandler|monica	present	1.0		high	
9	29	69.07	70.99	I generally just go with, monica's drunk again.	Chandler	high	community_transcript_match	1.0	dialogue	False	True	Joey | Monica | Chandler	Chandler	Joey	False		Speaker agrees with available community-transcript mapping.	Eh, they’re both good. I generally just go with, Monica’s drunk again. (Monica glares at him.)	Chandler	Chandler	present	char_tracker_stage05	chandler|monica	present	1.0		high	
9	30	73.71	74.75	Come on, you guys.	Joey	low	scene_context_inference	0.58	dialogue	True	False	Joey | Monica | Chandler	Chandler	Joey	True	two_sided_context_ambiguous | low_speaker_confidence	No direct transcript match; weak local context only.				present	char_tracker_stage05	chandler|joey	present			low	low_speaker_confidence
9	31	74.75	75.19	Come on.	Joey	high	scene_context_bridge	0.88	dialogue	True	False	Joey | Monica | Chandler	Joey	Joey	False		Same speaker appears on both sides within the same scene.				present	char_tracker_stage05	joey	present			high	
9	32	75.19	77.51	Please, please, just give her another chance, huh?	Joey	high	community_transcript_match	1.0	dialogue	False	True	Joey | Monica | Chandler	Joey	Joey	False		Speaker agrees with available community-transcript mapping.	Come on you guys, come on please-please just give her another chance, huh? She’ll come around I promise.	Joey	Joey	present	char_tracker_stage05	joey	present	1.0		high	
9	33	77.51	78.75	She'll come around, I promise.	Joey	high	community_transcript_match	1.0	dialogue	False	True	Joey | Monica | Chandler	Joey	Monica	False		Speaker agrees with available community-transcript mapping.	She'll come around I promise	Joey	Joey	present	char_tracker_stage05	chandler|joey|monica	present	1.0		high	
9	34	79.39	80.43	Of course we will.	Monica	high	community_transcript_match	1.0	dialogue	False	True	Joey | Monica | Chandler	Joey	Monica	False		Speaker agrees with available community-transcript mapping.	of course we will	Monica	Monica	present	char_tracker_stage05	chandler|monica	present	1.0		high	
9	35	81.07	82.43	Come on, we gotta make dinner.	Monica	high	community_transcript_match	1.0	dialogue	False	True	Joey | Monica | Chandler	Monica	Chandler	False		Speaker agrees with available community-transcript mapping.	Of course we will, come on we gotta make dinner.	Monica	Monica	present	char_tracker_stage05	chandler|monica	present	0.5		high	
9	36	82.43	82.91	Okay.	Chandler	high	community_transcript_match	1.0	dialogue	False	True	Joey | Monica | Chandler	Monica		False		Speaker agrees with available community-transcript mapping.	Okay.	Chandler	Chandler	present	char_tracker_stage05	chandler	present	1.0		high	
10	37	88.36	89.64	I do not like that woman.	Monica	high	qa_review_resolved_ct_support	1.0	dialogue	False	True	Monica | Joey		Joey	True	speaker_offscreen	Speaker agrees with available community-transcript mapping. | QA resolved prior review with community-transcript support.	(from the hallway) I do not like that woman!	Monica	Monica	present	char_tracker_stage05	joey	absent	0.0		low	speaker_offscreen
10	38	90.2	91.24	I can hear you.	Joey	high	community_transcript_match	1.0	dialogue	False	True	Monica | Joey	Monica	Monica	False		Speaker agrees with available community-transcript mapping.	(shouting) I can hear you!	Joey	Joey	present	char_tracker_stage05	joey	present	1.0		high	
10	39	93.64	94.76	I am loud.	Monica	high	qa_review_resolved_ct_support	1.0	dialogue	False	True	Monica | Joey	Joey		True	speaker_offscreen	Speaker agrees with available community-transcript mapping. | QA resolved prior review with community-transcript support.	I am loud!	Monica	Monica	present	char_tracker_stage05	joey	absent	0.0		low	speaker_offscreen
11	40	106.28	110.77	Phoebe, can you please not put your feet up on my new old sheep?	Ross	high	community_transcript_match	1.0	dialogue	False	True	Ross | Phoebe | Rachel		Ross	False		Speaker agrees with available community-transcript mapping.	Hey Pheebs, could you please not put your feet up on my new…(On Rachel’s glare)…old sheet?	Ross	Ross	present	char_tracker_stage05	phoebe|rachel|ross	present	1.0		high	
11	41	114.37	116.05	My apothecary table.	Ross	high	qa_review_resolved_ct_support	1.0	dialogue	False	True	Ross | Phoebe | Rachel	Ross	Phoebe	True	speaker_no_face	Speaker agrees with available community-transcript mapping. | QA resolved prior review with community-transcript support.	My apothecary table!!!	Ross	Ross	absent	char_tracker_stage05		absent	0.0		medium	speaker_no_face
11	42	117.33	117.73	What?	Phoebe	high	qa_review_resolved_ct_support	1.0	dialogue	False	True	Ross | Phoebe | Rachel	Ross	Phoebe	True	speaker_no_face	Speaker agrees with available community-transcript mapping. | QA resolved prior review with community-transcript support.	What?!	Phoebe	Phoebe	absent	char_tracker_stage05		absent	0.0		medium	speaker_no_face
11	43	117.89	118.29	No.	Phoebe	high	qa_review_resolved_bridge	0.9	dialogue	True	False	Ross | Phoebe | Rachel	Phoebe	Phoebe	True	speaker_no_face	Same speaker appears on both sides within the same scene. | QA resolved prior review by same-speaker bridge.				absent	char_tracker_stage05		absent			medium	speaker_no_face
11	44	118.85	119.65	Oh, no.	Phoebe	high	qa_review_resolved_bridge	0.9	dialogue	True	False	Ross | Phoebe | Rachel	Phoebe	Phoebe	True	speaker_no_face	Same speaker appears on both sides within the same scene. | QA resolved prior review by same-speaker bridge.				absent	char_tracker_stage05		absent			medium	speaker_no_face
11	45	120.13	121.61	Ross, where did you get this?	Phoebe	high	qa_review_resolved_ct_support	1.0	dialogue	False	True	Ross | Phoebe | Rachel	Phoebe	Ross	True	speaker_offscreen	Speaker agrees with available community-transcript mapping. | QA resolved prior review with community-transcript support.	Ross, where did you get this?!	Phoebe	Phoebe	present	char_tracker_stage05	ross	absent	0.0		low	speaker_offscreen
11	46	121.61	123.57	I got it at Pottery Barn, okay?	Ross	high	community_transcript_match	1.0	dialogue	False	True	Ross | Phoebe | Rachel	Phoebe	Rachel	False		Speaker agrees with available community-transcript mapping.	I got it at Pottery Barn!! Okay?!	Ross	Ross	present	char_tracker_stage05	ross	present	1.0		high	
11	47	126.13	127.89	Oh, my God.	Rachel	high	community_transcript_match	1.0	dialogue	False	True	Ross | Phoebe | Rachel	Ross	Rachel	False		Speaker agrees with available community-transcript mapping.	oh my god phoebe	Rachel	Rachel	present	char_tracker_stage05	phoebe|rachel	present	1.0		high	
11	48	128.21	132.21	Baby, Pottery Barn has ripped off the design of our antique.	Rachel	high	community_transcript_match	1.0	dialogue	False	True	Ross | Phoebe | Rachel	Rachel	Phoebe	False		Speaker agrees with available community-transcript mapping.	Oh my God, Phoebe, Pottery Barn has ripped off the design of our antique!	Rachel	Rachel	present	char_tracker_stage05	rachel	present	1.0		high	
11	49	133.33	133.81	Wow.	Phoebe	high	community_transcript_match	1.0	dialogue	False	True	Ross | Phoebe | Rachel	Rachel	Rachel	False		Speaker agrees with available community-transcript mapping.	Wow! Oh my God, well if they’ve ripped off our table ours must be much more than one and fifty dollars!	Phoebe	Phoebe	present	char_tracker_stage05	phoebe	present	1.0		high	
11	50	134.53	135.41	Oh, my God.	Rachel	high	qa_review_resolved_ct_support	1.0	dialogue	False	True	Ross | Phoebe | Rachel	Phoebe	Phoebe	True	speaker_offscreen	Speaker agrees with available community-transcript mapping. | QA resolved prior review with community-transcript support.	Oh yes.	Rachel	Rachel	present	char_tracker_stage05	phoebe	absent	0.0		low	speaker_offscreen
11	51	135.41	139.97	Well, if they've ripped off our table, ours must be worth much more than 1 in 50 doll.	Phoebe	medium	visual_disambiguation	0.74	dialogue	True	False	Ross | Phoebe | Rachel	Rachel	Phoebe	False		Only one of the two text-context candidates was visually present in the window.				present	char_tracker_stage05	phoebe	present			medium	
11	52	142.35	144.43	Well, this doesn't even smell like opium.	Phoebe	high	qa_review_resolved_ct_support	1.0	dialogue	False	True	Ross | Phoebe | Rachel	Phoebe	Ross	True	speaker_no_face	Speaker agrees with available community-transcript mapping. | QA resolved prior review with community-transcript support.	Well this doesn’t even smell like opium.	Phoebe	Phoebe	absent	char_tracker_stage05		absent	0.0		medium	speaker_no_face
11	53	144.99	145.79	Of course not.	Ross	high	qa_review_resolved_ct_support	1.0	dialogue	False	True	Ross | Phoebe | Rachel	Phoebe	Ross	True	speaker_no_face	Speaker agrees with available community-transcript mapping. | QA resolved prior review with community-transcript support.	of course not	Ross	Ross	absent	char_tracker_stage05		absent	0.0		medium	speaker_no_face
11	54	145.79	146.75	It smells like wine.	Ross	high	qa_review_resolved_bridge	1.0	dialogue	False	True	Ross | Phoebe | Rachel	Ross	Ross	True	speaker_no_face	Speaker agrees with available community-transcript mapping. | QA resolved prior review by same-speaker bridge.	of course not it smells like wine	Ross	Ross	absent	char_tracker_stage05		absent	0.0		medium	speaker_no_face
11	55	146.75	147.95	Which you spilled.	Ross	high	community_transcript_match	1.0	dialogue	False	True	Ross | Phoebe | Rachel	Ross	Ross	False		Speaker agrees with available community-transcript mapping.	Of course not, it smells like wine, which you spilled	Ross	Ross	present	char_tracker_stage05	ross	present	0.5		high	
11	56	147.95	150.11	And thanks for wrecking my sheep, by the way.	Ross	high	community_transcript_match	1.0	dialogue	False	True	Ross | Phoebe | Rachel	Ross	Phoebe	False		Speaker agrees with available community-transcript mapping.	Of course not, it smells like wine, which you spilled! And thanks for wrecking my sheet by the way.	Ross	Ross	present	char_tracker_stage05	ross	present	1.0		high	
11	57	150.27	151.55	Oh, Ross, calm down.	Phoebe	high	community_transcript_match	1.0	dialogue	False	True	Ross | Phoebe | Rachel	Ross	Phoebe	False		Speaker agrees with available community-transcript mapping.	oh ross calm down	Phoebe	Phoebe	present	char_tracker_stage05	phoebe|ross	present	1.0		high	
11	58	151.55	152.91	I'll give you the 80 cents.	Phoebe	high	community_transcript_match	1.0	dialogue	False	True	Ross | Phoebe | Rachel	Phoebe		False		Speaker agrees with available community-transcript mapping.	Oh Ross, calm down, I’ll give you the 80 cents. (Ross glares at Rachel)	Phoebe	Phoebe	present	char_tracker_stage05	phoebe|ross	present	1.0		high	
12	59	159.47	160.59	Okay, one more time.	Chandler	high	community_transcript_match	1.0	dialogue	False	True	Chandler | Monica | Joey		Monica	False		Speaker agrees with available community-transcript mapping.	Okay, one more time.	Chandler	Chandler	present	char_tracker_stage05	chandler|monica	present	1.0		high	
12	60	161.23	163.15	Chandler, would you like some more orange juice?	Monica	high	community_transcript_match	1.0	dialogue	False	True	Chandler | Monica | Joey	Chandler	Chandler	False		Speaker agrees with available community-transcript mapping.	Chandler, would you like some more orange juice?	Monica	Monica	present	char_tracker_stage05	chandler|monica	present	1.0		high	
12	61	163.23	164.43	Perfect decibels.	Chandler	high	community_transcript_match	1.0	dialogue	False	True	Chandler | Monica | Joey	Monica	Monica	False		Speaker agrees with available community-transcript mapping.	Perfect decibel.	Chandler	Chandler	present	char_tracker_stage05	chandler|monica	present	1.0		high	
12	62	164.59	165.31	I know.	Monica	high	community_transcript_match	1.0	dialogue	False	True	Chandler | Monica | Joey	Chandler	Joey	False		Speaker agrees with available community-transcript mapping.	(loudly) I know!!!	Monica	Monica	present	char_tracker_stage05	chandler|monica	present	1.0		high	
12	63	167.87	168.35	Hey.	Joey	high	community_transcript_match	1.0	dialogue	False	True	Chandler | Monica | Joey	Monica	Chandler	False		Speaker agrees with available community-transcript mapping.	(entering) Hey!	Joey	Joey	present	char_tracker_stage05	joey|monica	present	0.5		high	
12	64	169.1	169.42	Hey.	Chandler	high	qa_review_resolved_ct_support	1.0	dialogue	False	True	Chandler | Monica | Joey	Joey	Joey	True	speaker_offscreen	Speaker agrees with available community-transcript mapping. | QA resolved prior review with community-transcript support.	Hey.	Chandler	Chandler	present	char_tracker_stage05	joey|monica	absent	0.0		low	speaker_offscreen
12	65	170.46	172.22	So, what are you guys doing?	Joey	high	community_transcript_match	1.0	dialogue	False	True	Chandler | Monica | Joey	Chandler	Chandler	False		Speaker agrees with available community-transcript mapping.	So uh, what are you guys doing?	Joey	Joey	present	char_tracker_stage05	joey|monica	present	1.0		high	
12	66	172.54	173.22	Oh, nothing.	Chandler	high	community_transcript_match	1.0	dialogue	False	True	Chandler | Monica | Joey	Joey	Chandler	False		Speaker agrees with available community-transcript mapping.	oh nothing y'know blah blah blah	Chandler	Chandler	present	char_tracker_stage05	chandler|joey|monica	present	1.0		high	
12	67	173.22	173.9	We're just talking.	Chandler	high	community_transcript_match	1.0	dialogue	False	True	Chandler | Monica | Joey	Chandler	Chandler	False		Speaker agrees with available community-transcript mapping.	Oh nothing, we’re just talking. Y’know, blah-blah-blah.	Chandler	Chandler	present	char_tracker_stage05	chandler|monica	present	1.0		high	
12	68	173.9	175.02	You know, blah, blah, blah.	Chandler	high	community_transcript_match	1.0	dialogue	False	True	Chandler | Monica | Joey	Chandler	Joey	False		Speaker agrees with available community-transcript mapping.	Y'know, blah-blah-blah	Chandler	Chandler	present	char_tracker_stage05	chandler|monica	present	1.0		high	
12	69	177.42	178.38	Come on, you guys.	Joey	high	community_transcript_match	1.0	dialogue	False	True	Chandler | Monica | Joey	Chandler	Joey	False		Speaker agrees with available community-transcript mapping.	look come on you guys	Joey	Joey	present	char_tracker_stage05	joey	present	1.0		high	
12	70	178.38	179.42	You said you were gonna try.	Joey	high	community_transcript_match	1.0	dialogue	False	True	Chandler | Monica | Joey	Joey	Joey	False		Speaker agrees with available community-transcript mapping.	Look, come on you guys, you said you were gonna try	Joey	Joey	present	char_tracker_stage05	joey	present	1.0		high	
12	71	179.98	184.1	All right, look, I came over here to invite you guys to a movie with me and Jeanine.	Joey	high	community_transcript_match	1.0	dialogue	False	True	Chandler | Monica | Joey	Joey	Monica	False		Speaker agrees with available community-transcript mapping.	Look, come on you guys, you said you were gonna try! All right look, I came over here to invite you guys to a movie with me and Janine.	Joey	Joey	present	char_tracker_stage05	joey	present	1.0		high	
12	72	184.1	184.7	What do you say?	Monica	low	scene_context_inference	0.58	dialogue	True	False	Chandler | Monica | Joey	Joey	Monica	True	two_sided_context_ambiguous | low_speaker_confidence	No direct transcript match; weak local context only.				present	char_tracker_stage05	joey|monica	present			low	low_speaker_confidence
12	73	184.939	186.1	Well, I'd like to, but I'm not sure.	Monica	high	community_transcript_match	1.0	dialogue	False	True	Chandler | Monica | Joey	Monica	Monica	False		Speaker agrees with available community-transcript mapping.	Well, I’d like to but, (extremely quietly) I’m not sure we have time to go.	Monica	Monica	present	char_tracker_stage05	monica	present	1.0		high	
12	74	186.1	186.86	Perfectly at the time.	Monica	medium	visual_disambiguation	0.74	dialogue	True	False	Chandler | Monica | Joey	Monica	Joey	False		Only one of the two text-context candidates was visually present in the window.				present	char_tracker_stage05	monica	present			medium	
12	75	189.18	189.78	Aha.	Joey	medium	visual_disambiguation	0.74	dialogue	True	False	Chandler | Monica | Joey	Monica	Joey	False		Only one of the two text-context candidates was visually present in the window.				present	char_tracker_stage05	joey	present			medium	
12	76	189.78	190.34	Very funny.	Joey	high	community_transcript_match	1.0	dialogue	False	True	Chandler | Monica | Joey	Joey	Joey	False		Speaker agrees with available community-transcript mapping.	Ha-ha, very funny—Look	Joey	Joey	present	char_tracker_stage05	joey	present	1.0		high	
12	77	190.34	191.58	Look, I don't know what to do.	Joey	high	community_transcript_match	1.0	dialogue	False	True	Chandler | Monica | Joey	Joey	Joey	False		Speaker agrees with available community-transcript mapping.	I don't know what to do	Joey	Joey	present	char_tracker_stage05	joey	present	1.0		high	
12	78	191.9	193.5	I really want you guys to get along.	Joey	high	community_transcript_match	1.0	dialogue	False	True	Chandler | Monica | Joey	Joey	Joey	False		Speaker agrees with available community-transcript mapping.	I really want you guys to get along	Joey	Joey	present	char_tracker_stage05	joey	present	1.0		high	
12	79	193.5	195.66	Just please come to the movie with us.	Joey	high	community_transcript_match	1.0	dialogue	False	True	Chandler | Monica | Joey	Joey	Joey	False		Speaker agrees with available community-transcript mapping.	Ha-ha, very funny—Look! I don’t know what to do! I really want you guys to get along. Just please come to the movie with us. I mean you owe me!	Joey	Joey	present	char_tracker_stage05	joey	present	1.0		high	
12	80	195.66	196.86	I mean, you owe me.	Joey	high	community_transcript_match	1.0	dialogue	False	True	Chandler | Monica | Joey	Joey	Monica	False		Speaker agrees with available community-transcript mapping.	I mean you owe me	Joey	Joey	present	char_tracker_stage05	joey	present	1.0		high	
12	81	197.31	198.11	We owe you?	Monica	high	community_transcript_match	1.0	dialogue	False	True	Chandler | Monica | Joey	Joey	Joey	False		Speaker agrees with available community-transcript mapping.	We owe you?!	Monica	Monica	present	char_tracker_stage05	joey|monica	present	1.0		high	
12	82	198.11	198.75	That's right.	Joey	low	scene_context_inference	0.58	dialogue	True	False	Chandler | Monica | Joey	Monica	Joey	True	two_sided_context_ambiguous | low_speaker_confidence	No direct transcript match; weak local context only.				present	char_tracker_stage05	joey|monica	present			low	low_speaker_confidence
12	83	198.83	200.35	I helped you guys out a Lot.	Joey	high	community_transcript_match	1.0	dialogue	False	True	Chandler | Monica | Joey	Joey	Joey	False		Speaker agrees with available community-transcript mapping.	that's right i helped you guys out a lot and i looked like an idiot and i was humiliated and i only made 200 dollars	Joey	Joey	present	char_tracker_stage05	joey	present	1.0		high	
12	84	200.35	204.43	In the start of your relationship, I helped you sneak around for, like, six months.	Joey	high	community_transcript_match	1.0	dialogue	False	True	Chandler | Monica | Joey	Joey	Joey	False		Speaker agrees with available community-transcript mapping.	That’s right! I helped you guys out a lot in the start of your relationship. Huh? I helped you guys sneak around for like six months, and I looked like an idiot! And I was humiliated. And I only made 200 dollars!	Joey	Joey	present	char_tracker_stage05	chandler|joey|monica	present	1.0		high	
12	85	204.51	208.03	I looked like an idiot, and I was humiliated.	Joey	high	community_transcript_match	1.0	dialogue	False	True	Chandler | Monica | Joey	Joey	Joey	False		Speaker agrees with available community-transcript mapping.	that's right i helped you guys out a lot and i looked like an idiot and i was humiliated and i only made 200 dollars	Joey	Joey	present	char_tracker_stage05	joey	present	1.0		high	
12	86	208.03	209.95	And I only made $200.	Joey	high	community_transcript_match	1.0	dialogue	False	True	Chandler | Monica | Joey	Joey	Monica	False		Speaker agrees with available community-transcript mapping.	that's right i helped you guys out a lot and and i only made 200 dollars	Joey	Joey	present	char_tracker_stage05	joey	present	1.0		high	
12	87	212.03	213.39	We didn't give you any money.	Monica	high	community_transcript_match	1.0	dialogue	False	True	Chandler | Monica | Joey	Joey	Joey	False		Speaker agrees with available community-transcript mapping.	"We didn’t give you any money! (Chandler is motioning, ""No!"")"	Monica	Monica	present	char_tracker_stage05	chandler|monica	present	1.0		high	
12	88	217.79	219.23	You don't think I know that?	Joey	high	community_transcript_match	1.0	dialogue	False	True	Chandler | Monica | Joey	Monica		False		Speaker agrees with available community-transcript mapping.	You don’t think I know that!	Joey	Joey	present	char_tracker_stage05	joey	present	1.0		high	
13	89	223.87	227.23	See, I can't decide whether it would go better next to the new wicker dining chair.	Rachel	high	qa_review_resolved_ct_support	1.0	dialogue	False	True	Rachel | Ross | Phoebe		Ross	True	speaker_no_face	Speaker agrees with available community-transcript mapping. | QA resolved prior review with community-transcript support.	…see I can’t decide whether it would go better next to the new wicker dining chair, the Sahara desk, or the Parker console table.	Rachel	Rachel	absent	char_tracker_stage05		absent	0.0		medium	speaker_no_face
13	90	227.23	228.43	The Sahara Des.	Ross	low	scene_context_inference	0.58	dialogue	True	False	Rachel | Ross | Phoebe	Rachel	Ross	True	two_sided_context_ambiguous | speaker_no_face	No direct transcript match; weak local context only.				absent	char_tracker_stage05		absent			low	speaker_no_face
13	91	228.91	230.67	Or the Parker console table.	Ross	high	qa_review_resolved_bridge	0.9	dialogue	True	False	Rachel | Ross | Phoebe	Ross	Ross	True	speaker_no_face	Same speaker appears on both sides within the same scene. | QA resolved prior review by same-speaker bridge.				partial	char_tracker_stage05		absent			medium	speaker_no_face
13	92	230.75	232.99	Wow, I didn't know there was a Pottery Barn up here.	Ross	high	community_transcript_match	1.0	dialogue	False	True	Rachel | Ross | Phoebe	Ross	Rachel	False		Speaker agrees with available community-transcript mapping.	Wow! I didn’t know that there was a Pottery Barn up here.	Ross	Ross	present	char_tracker_stage05	ross	present	1.0		high	
13	93	234.83	235.67	I know, I know.	Rachel	high	qa_review_resolved_ct_support	1.0	dialogue	False	True	Rachel | Ross | Phoebe	Ross	Rachel	True	speaker_no_face	Speaker agrees with available community-transcript mapping. | QA resolved prior review with community-transcript support.	I know, I know	Rachel	Rachel	absent	char_tracker_stage05		absent	0.0		medium	speaker_no_face
13	94	235.67	236.67	I went a little crazy.	Rachel	high	qa_review_resolved_ct_support	1.0	dialogue	False	True	Rachel | Ross | Phoebe	Rachel	Ross	True	speaker_no_face	Speaker agrees with available community-transcript mapping. | QA resolved prior review with community-transcript support.	I know, I know. I went a little crazy.	Rachel	Rachel	absent	char_tracker_stage05		absent	0.0		medium	speaker_no_face
13	95	236.75	237.23	A little?	Ross	high	community_transcript_match	1.0	dialogue	False	True	Rachel | Ross | Phoebe	Rachel	Ross	False		Speaker agrees with available community-transcript mapping.	A little	Ross	Ross	present	char_tracker_stage05	ross	present	0.5		high	
13	96	237.23	239.71	Your place looks like page 72 of the catalog.	Ross	high	community_transcript_match	1.0	dialogue	False	True	Rachel | Ross | Phoebe	Ross	Ross	False		Speaker agrees with available community-transcript mapping.	A little? Your place looks like page 72 of the catalogue. Oh look at that! The ornamental bird cage! Large!	Ross	Ross	present	char_tracker_stage05	ross	present	1.0		high	
13	97	241.39	242.59	Oh, look at that.	Ross	high	qa_review_resolved_bridge	1.0	dialogue	False	True	Rachel | Ross | Phoebe	Ross	Ross	True	speaker_no_face	Speaker agrees with available community-transcript mapping. | QA resolved prior review by same-speaker bridge.	Oh look at that	Ross	Ross	absent	char_tracker_stage05		absent	0.0		medium	speaker_no_face
13	98	243.23	245.23	The ornamental birdcage.	Ross	high	community_transcript_match	1.0	dialogue	False	True	Rachel | Ross | Phoebe	Ross	Ross	False		Speaker agrees with available community-transcript mapping.	The ornamental bird cage	Ross	Ross	present	char_tracker_stage05	ross	present	1.0		high	
13	99	245.55	245.95	Large.	Ross	high	community_transcript_match	1.0	dialogue	False	True	Rachel | Ross | Phoebe	Ross	Phoebe	False		Speaker agrees with available community-transcript mapping.	Large	Ross	Ross	present	char_tracker_stage05	ross	present	1.0		high	
13	100	248.91	249.39	Hey.	Phoebe	high	qa_review_resolved_ct_support	1.0	dialogue	False	True	Rachel | Ross | Phoebe	Ross	Phoebe	True	speaker_offscreen	Speaker agrees with available community-transcript mapping. | QA resolved prior review with community-transcript support.	(entering) Hey!	Phoebe	Phoebe	present	char_tracker_stage05	rachel|ross	absent	0.0		low	speaker_offscreen
13	101	249.87	251.03	Oh, Ross, no.	Phoebe	high	qa_review_resolved_bridge	0.9	dialogue	True	False	Rachel | Ross | Phoebe	Phoebe	Phoebe	True	speaker_no_face	Same speaker appears on both sides within the same scene. | QA resolved prior review by same-speaker bridge.				partial	char_tracker_stage05		absent			medium	speaker_no_face
13	102	251.03	251.63	Be careful.	Phoebe	high	community_transcript_match	1.0	dialogue	False	True	Rachel | Ross | Phoebe	Phoebe	Phoebe	False		Speaker agrees with available community-transcript mapping.	be careful	Phoebe	Phoebe	present	char_tracker_stage05	phoebe	present	1.0		high	
13	103	251.63	252.67	That is very old.	Phoebe	high	community_transcript_match	1.0	dialogue	False	True	Rachel | Ross | Phoebe	Phoebe	Phoebe	False		Speaker agrees with available community-transcript mapping.	Be careful, that is very old	Phoebe	Phoebe	present	char_tracker_stage05	phoebe|ross	present	1.0		high	
13	104	253.23	253.71	Okay.	Phoebe	high	community_transcript_match	1.0	dialogue	False	True	Rachel | Ross | Phoebe	Phoebe	Phoebe	False		Speaker agrees with available community-transcript mapping.	Okay	Phoebe	Phoebe	present	char_tracker_stage05	phoebe|ross	present	1.0		high	
13	105	253.71	256.99	Early Colonial bird merchants used to bring their birds to market in there.	Phoebe	high	community_transcript_match	1.0	dialogue	False	True	Rachel | Ross | Phoebe	Phoebe	Ross	False		Speaker agrees with available community-transcript mapping.	(sees Ross) Oh Ross no. Be careful, that is very old! Okay? Early Colonial bird merchants used to bring their birds to market in that.	Phoebe	Phoebe	present	char_tracker_stage05	phoebe	present	1.0		high	
13	106	259.249	259.889	Fascinating.	Ross	high	community_transcript_match	1.0	dialogue	False	True	Rachel | Ross | Phoebe	Phoebe	Phoebe	False		Speaker agrees with available community-transcript mapping.	(glaring at Rachel) Fascinating.	Ross	Ross	present	char_tracker_stage05	ross	present	1.0		high	
13	107	262.609	264.689	Another amazing find.	Phoebe	high	qa_review_resolved_ct_support	1.0	dialogue	False	True	Rachel | Ross | Phoebe	Ross	Phoebe	True	speaker_no_face	Speaker agrees with available community-transcript mapping. | QA resolved prior review with community-transcript support.	Another amazing find	Phoebe	Phoebe	partial	char_tracker_stage05		absent	0.0		medium	speaker_no_face
13	108	265.489	266.049	Wow.	Phoebe	high	qa_review_resolved_bridge	1.0	dialogue	False	True	Rachel | Ross | Phoebe	Phoebe	Phoebe	True	speaker_no_face	Speaker agrees with available community-transcript mapping. | QA resolved prior review by same-speaker bridge.	Wow	Phoebe	Phoebe	absent	char_tracker_stage05		absent	0.0		medium	speaker_no_face
13	109	266.529	268.769	Oh, I bet this has a great story too.	Phoebe	high	community_transcript_match	1.0	dialogue	False	True	Rachel | Ross | Phoebe	Phoebe	Rachel	False		Speaker agrees with available community-transcript mapping.	(gasps) Another amazing find! Wow! Oh I bet this has a great story too!	Phoebe	Phoebe	present	char_tracker_stage05	phoebe	present	0.6667		high	
13	110	268.769	269.249	It does.	Rachel	high	community_transcript_match	1.0	dialogue	False	True	Rachel | Ross | Phoebe	Phoebe	Rachel	False		Speaker agrees with available community-transcript mapping.	oh it does	Rachel	Rachel	present	char_tracker_stage05	phoebe|rachel|ross	present	0.5		high	
13	111	269.249	269.649	It does.	Rachel	high	community_transcript_match	1.0	dialogue	False	True	Rachel | Ross | Phoebe	Rachel	Rachel	False		Speaker agrees with available community-transcript mapping.	Oh it does, it does	Rachel	Rachel	present	char_tracker_stage05	phoebe|rachel|ross	present	1.0		high	
13	112	269.649	273.649	It is a room separating apparatus from Colonial time.	Rachel	high	community_transcript_match	1.0	dialogue	False	True	Rachel | Ross | Phoebe	Rachel	Phoebe	False		Speaker agrees with available community-transcript mapping.	Oh it does, it does! It is a room separating apparatus from Colonial times.	Rachel	Rachel	present	char_tracker_stage05	rachel|ross	present	1.0		high	
13	113	273.649	274.049	Ah.	Phoebe	high	qa_review_resolved_ct_support	1.0	reaction	False	True	Rachel | Ross | Phoebe	Rachel	Ross	True	speaker_offscreen	Speaker agrees with available community-transcript mapping. | QA resolved prior review with community-transcript support.	Ah!	Phoebe	Phoebe	present	char_tracker_stage05	rachel|ross	absent	0.0		low	speaker_offscreen
13	114	276.129	278.929	A lot of this stuff is from the colonial times.	Ross	high	community_transcript_match	1.0	dialogue	False	True	Rachel | Ross | Phoebe	Phoebe	Ross	False		Speaker agrees with available community-transcript mapping.	Hmm, a lot of this stuff is from Colonial times	Ross	Ross	present	char_tracker_stage05	rachel|ross	present	1.0		high	
13	115	279.409	282.049	Hey, what are some other time periods, Rachel?	Ross	high	community_transcript_match	1.0	dialogue	False	True	Rachel | Ross | Phoebe	Ross	Ross	False		Speaker agrees with available community-transcript mapping.	Hmm, a lot of this stuff is from Colonial times. Hey, what are some other time periods Rachel? (She glares at him.)	Ross	Ross	present	char_tracker_stage05	rachel|ross	present	1.0		high	
13	116	285.169	286.129	Well, there's your.	Ross	medium	scene_context_inference	0.7100000000000001	dialogue	True	False	Rachel | Ross | Phoebe	Ross	Rachel	True	medium_confidence_context_fill	Continuation-style opener favors previous speaker within the same scene.				present	char_tracker_stage05	phoebe|rachel|ross	present			medium	
13	117	289.46	290.82	And, you know.	Rachel	medium	visual_disambiguation	0.74	dialogue	True	False	Rachel | Ross | Phoebe	Ross	Rachel	False		Only one of the two text-context candidates was visually present in the window.				present	char_tracker_stage05	rachel	present			medium	
13	118	290.82	291.62	Yesteryear.	Rachel	high	community_transcript_match	1.0	dialogue	False	True	Rachel | Ross | Phoebe	Rachel	Phoebe	False		Speaker agrees with available community-transcript mapping.	Well there’s yore. And uh, y’know, yesteryear.	Rachel	Rachel	present	char_tracker_stage05	rachel	present	1.0		high	
13	119	293.78	294.14	Yeah.	Phoebe	medium	short_turn_alternation	0.7	dialogue	True	False	Rachel | Ross | Phoebe	Rachel	Phoebe	True	short_utterance_between_two_speakers	Short utterance inferred from local turn alternation.				present	char_tracker_stage05	phoebe|rachel	present			medium	
13	120	294.14	297.3	No, I'm telling you, Rachel has such a good eye for this stuff.	Phoebe	high	community_transcript_match	1.0	dialogue	False	True	Rachel | Ross | Phoebe	Phoebe	Phoebe	False		Speaker agrees with available community-transcript mapping.	Yeah no, I’m telling you Rachel has such a great eye for this stuff. Ross, y’know if you ever decide you need to redecorate—And I think that you should. You should, you should ask Rachel to help.	Phoebe	Phoebe	present	char_tracker_stage05	phoebe	present	1.0		high	
13	121	297.62	300.38	Ross, you know, if you ever decide to redecorate.	Phoebe	high	community_transcript_match	1.0	dialogue	False	True	Rachel | Ross | Phoebe	Phoebe	Phoebe	False		Speaker agrees with available community-transcript mapping.	Ross, y'know if you ever decide you need to redecorate—And I think that you should	Phoebe	Phoebe	present	char_tracker_stage05	phoebe	present	1.0		high	
13	122	300.38	301.38	And I think that you should.	Phoebe	high	community_transcript_match	1.0	dialogue	False	True	Rachel | Ross | Phoebe	Phoebe	Phoebe	False		Speaker agrees with available community-transcript mapping.	and i think that you should	Phoebe	Phoebe	present	char_tracker_stage05	phoebe|rachel|ross	present	1.0		high	
13	123	303.14	304.58	You should ask Rachel to help.	Phoebe	medium	name_address_rule	0.74	dialogue	True	False	Rachel | Ross | Phoebe	Phoebe	Rachel	False		Utterance names the next speaker, so the previous speaker is more likely.				present	char_tracker_stage05	phoebe	present			medium	
13	124	304.66	306.34	Oh, honey, he doesn't need my help.	Rachel	high	qa_review_resolved_ct_support	1.0	dialogue	False	True	Rachel | Ross | Phoebe	Phoebe	Phoebe	True	speaker_no_face	Speaker agrees with available community-transcript mapping. | QA resolved prior review with community-transcript support.	Oh honey he doesn’t need my help.	Rachel	Rachel	partial	char_tracker_stage05		absent	0.0		medium	speaker_no_face
13	125	306.58	307.14	Come on.	Phoebe	high	community_transcript_match	1.0	dialogue	False	True	Rachel | Ross | Phoebe	Rachel	Phoebe	False		Speaker agrees with available community-transcript mapping.	Oh, come on	Phoebe	Phoebe	present	char_tracker_stage05	phoebe	present	0.5		high	
13	126	307.14	308.74	I think he's ready to get rid of the.	Phoebe	high	community_transcript_match	1.0	dialogue	False	True	Rachel | Ross | Phoebe	Phoebe	Phoebe	False		Speaker agrees with available community-transcript mapping.	Oh, come on! I think he’s ready to get rid of, what did you call it? The cheap knock-offs and dinosaur junk.	Phoebe	Phoebe	present	char_tracker_stage05	phoebe	present	1.0		high	
13	127	308.74	309.54	What'd you call it?	Phoebe	medium	visual_disambiguation	0.74	dialogue	True	False	Rachel | Ross | Phoebe	Phoebe	Phoebe	False		Only one of the two text-context candidates was visually present in the window.				present	char_tracker_stage05	phoebe	present			medium	
13	128	309.54	312.1	The cheap knockoffs and dinosaur junk.	Phoebe	medium	visual_disambiguation	0.74	dialogue	True	False	Rachel | Ross | Phoebe	Phoebe	Ross	False		Only one of the two text-context candidates was visually present in the window.				present	char_tracker_stage05	phoebe	present			medium	
13	129	317.38	317.78	Really?	Ross	medium	visual_disambiguation	0.74	dialogue	True	False	Rachel | Ross | Phoebe	Phoebe	Ross	False		Only one of the two text-context candidates was visually present in the window.				present	char_tracker_stage05	ross	present			medium	
13	130	319.57	320.37	Hey, you know what?	Ross	high	scene_context_bridge	0.88	dialogue	True	False	Rachel | Ross | Phoebe	Ross	Ross	False		Same speaker appears on both sides within the same scene.				present	char_tracker_stage05	rachel|ross	present			high	
13	131	320.37	323.57	Since you have such a great sense of what I need.	Ross	high	scene_context_bridge	0.88	dialogue	True	False	Rachel | Ross | Phoebe	Ross	Ross	False		Same speaker appears on both sides within the same scene.				present	char_tracker_stage05	ross	present			high	
13	132	324.13	325.09	Oh, here's.	Ross	high	scene_context_bridge	0.88	dialogue	True	False	Rachel | Ross | Phoebe	Ross	Ross	False		Same speaker appears on both sides within the same scene.				present	char_tracker_stage05	ross	present			high	
13	133	325.25	326.45	Here's 60 bucks.	Ross	high	scene_context_bridge	0.88	dialogue	True	False	Rachel | Ross | Phoebe	Ross	Ross	False		Same speaker appears on both sides within the same scene.				present	char_tracker_stage05	ross	present			high	
13	134	326.45	331.81	Why don't you take Phoebe down to that Colonial flea market of yours and get me some stuff?	Ross	high	community_transcript_match	1.0	dialogue	False	True	Rachel | Ross | Phoebe	Ross	Rachel	False		Speaker agrees with available community-transcript mapping.	Really?! (To Rachel) Hey, y’know what? Since you have such a great sense of what I need, uh ooh, here’s-here’s 60 bucks, why don’t you take Phoebe down to that Colonial flea market of yours and get me some stuff.	Ross	Ross	present	char_tracker_stage05	ross	present	1.0		high	
13	135	336.93	337.57	You know what?	Rachel	high	community_transcript_match	1.0	dialogue	False	True	Rachel | Ross | Phoebe	Ross	Rachel	False		Speaker agrees with available community-transcript mapping.	Y'know what	Rachel	Rachel	present	char_tracker_stage05	rachel	present	1.0		high	
13	136	337.73	339.29	I don't really think Phoebe wants to come.	Rachel	high	community_transcript_match	1.0	dialogue	False	True	Rachel | Ross | Phoebe	Rachel	Phoebe	False		Speaker agrees with available community-transcript mapping.	(not sure of what to do) Y’know what? I don’t, I don’t think Phoebe really wants to come.	Rachel	Rachel	present	char_tracker_stage05	rachel	present	1.0		high	
13	137	339.29	340.17	No, I do want to.	Phoebe	high	qa_review_resolved_ct_support	1.0	dialogue	False	True	Rachel | Ross | Phoebe	Rachel	Rachel	True	speaker_offscreen	Speaker agrees with available community-transcript mapping. | QA resolved prior review with community-transcript support.	No! I do want to!	Phoebe	Phoebe	present	char_tracker_stage05	rachel	absent	0.0		low	speaker_offscreen
13	138	340.17	341.21	Oh, she does want to.	Rachel	high	community_transcript_match	1.0	dialogue	False	True	Rachel | Ross | Phoebe	Phoebe	Ross	False		Speaker agrees with available community-transcript mapping.	Oh, she does want to.	Rachel	Rachel	present	char_tracker_stage05	rachel|ross	present	1.0		high	
13	139	341.21	342.45	She does want to.	Ross	high	community_transcript_match	1.0	dialogue	False	True	Rachel | Ross | Phoebe	Rachel	Phoebe	False		Speaker agrees with available community-transcript mapping.	She does want to.	Ross	Ross	present	char_tracker_stage05	rachel|ross	present	1.0		high	
13	140	342.45	342.93	Yeah.	Phoebe	high	qa_review_resolved_ct_support	1.0	dialogue	False	True	Rachel | Ross | Phoebe	Ross	Ross	True	speaker_offscreen	Speaker agrees with available community-transcript mapping. | QA resolved prior review with community-transcript support.	Yeah! I'm gonna get my purse. (Runs to her room.)	Phoebe	Phoebe	present	char_tracker_stage05	ross	absent	0.0		low	speaker_offscreen
13	141	345.89	346.37	Hey.	Ross	high	community_transcript_match	1.0	dialogue	False	True	Rachel | Ross | Phoebe	Phoebe	Ross	False		Speaker agrees with available community-transcript mapping.	okay hey	Ross	Ross	present	char_tracker_stage05	ross	present	0.5		high	
13	142	346.45	346.85	Hey.	Ross	high	community_transcript_match	1.0	dialogue	False	True	Rachel | Ross | Phoebe	Ross	Ross	False		Speaker agrees with available community-transcript mapping.	okay hey hey	Ross	Ross	present	char_tracker_stage05	ross	present	1.0		high	
13	143	346.85	349.57	Can I have all this stuff when she makes you throw it out?	Ross	high	community_transcript_match	1.0	dialogue	False	True	Rachel | Ross | Phoebe	Ross	Rachel	False		Speaker agrees with available community-transcript mapping.	Okay. Hey, hey, can I have all this stuff when she makes you throw it out?	Ross	Ross	present	char_tracker_stage05	ross	present	1.0		high	
13	144	350.83	351.39	Well, sure.	Rachel	high	community_transcript_match	1.0	dialogue	False	True	Rachel | Ross | Phoebe	Ross	Rachel	False		Speaker agrees with available community-transcript mapping.	well sure	Rachel	Rachel	present	char_tracker_stage05	rachel|ross	present	1.0		high	
13	145	351.63	353.55	And I'll show you right where you can put it.	Rachel	high	community_transcript_match	1.0	dialogue	False	True	Rachel | Ross | Phoebe	Rachel	Rachel	False		Speaker agrees with available community-transcript mapping.	Well, sure, and I'll show you were you can put it.	Rachel	Rachel	present	char_tracker_stage05	rachel	present	1.0		high	
13	146	360.27	360.75	Peeps.	Rachel	medium	scene_context_inference	0.68	dialogue	True	False	Rachel | Ross | Phoebe	Rachel		True	scene_end_short_utterance | speaker_no_face	Filled from previous same-scene context.				absent	char_tracker_stage05		absent			medium	speaker_no_face
14	147	360.75	361.47	I don't know what to say.	Rachel	high	qa_review_resolved_ct_support	1.0	dialogue	False	True	Rachel | Phoebe		Rachel	True	speaker_no_face	Speaker agrees with available community-transcript mapping. | QA resolved prior review with community-transcript support.	Pheebs, I don't know what to say	Rachel	Rachel	absent	char_tracker_stage05		absent	0.0		medium	speaker_no_face
14	148	361.47	363.95	I guess the flea market was just better last time.	Rachel	high	qa_review_resolved_ct_support	1.0	dialogue	False	True	Rachel | Phoebe	Rachel	Phoebe	True	speaker_no_face	Speaker agrees with available community-transcript mapping. | QA resolved prior review with community-transcript support.	Pheebs, I don’t know what to say. I guess the flea market was just better last time.	Rachel	Rachel	absent	char_tracker_stage05		absent	0.0		medium	speaker_no_face
14	149	364.11	366.349	Well, at least I got these sheets for Ross too.	Phoebe	high	qa_review_resolved_ct_support	1.0	dialogue	False	True	Rachel | Phoebe	Rachel	Rachel	True	speaker_no_face	Speaker agrees with available community-transcript mapping. | QA resolved prior review with community-transcript support.	Well at least I got these sheets for Ross.	Phoebe	Phoebe	absent	char_tracker_stage05		absent	0.0		medium	speaker_no_face
14	150	368.43	368.95	Ugh.	Rachel	medium	short_turn_alternation	0.7	dialogue	True	False	Rachel | Phoebe	Phoebe	Rachel	True	short_utterance_between_two_speakers | speaker_no_face	Short utterance inferred from local turn alternation.				absent	char_tracker_stage05		absent			medium	speaker_no_face
14	151	368.95	369.71	Look at this.	Rachel	high	qa_review_resolved_bridge	0.9	dialogue	True	False	Rachel | Phoebe	Rachel	Rachel	True	speaker_no_face	Same speaker appears on both sides within the same scene. | QA resolved prior review by same-speaker bridge.				absent	char_tracker_stage05		absent			medium	speaker_no_face
14	152	369.87	370.99	Pottery Barn.	Rachel	high	qa_review_resolved_bridge	0.9	dialogue	True	False	Rachel | Phoebe	Rachel	Rachel	True	speaker_no_face	Same speaker appears on both sides within the same scene. | QA resolved prior review by same-speaker bridge.				absent	char_tracker_stage05		absent			medium	speaker_no_face
14	153	371.23	371.71	Oh.	Rachel	high	qa_review_resolved_bridge	0.9	reaction	True	False	Rachel | Phoebe	Rachel	Rachel	True	speaker_no_face	Same speaker appears on both sides within the same scene. | QA resolved prior review by same-speaker bridge.				absent	char_tracker_stage05		absent			medium	speaker_no_face
14	154	371.71	372.15	Ugh.	Rachel	high	qa_review_resolved_bridge	0.9	dialogue	True	False	Rachel | Phoebe	Rachel	Rachel	True	speaker_no_face	Same speaker appears on both sides within the same scene. | QA resolved prior review by same-speaker bridge.				absent	char_tracker_stage05		absent			medium	speaker_no_face
14	155	372.15	372.43	Yeah.	Rachel	high	qa_review_resolved_ct_support	1.0	dialogue	False	True	Rachel | Phoebe	Rachel		True	speaker_no_face	Speaker agrees with available community-transcript mapping. | QA resolved prior review with community-transcript support.	Yeah.	Rachel	Rachel	absent	char_tracker_stage05		absent	0.0		medium	speaker_no_face
15	156	372.43	372.87	You know what?	Rachel	high	qa_review_resolved_ct_support	1.0	dialogue	False	True	Rachel | Phoebe		Rachel	True	speaker_no_face	Speaker agrees with available community-transcript mapping. | QA resolved prior review with community-transcript support.	Yeah, y'know what	Rachel	Rachel	absent	char_tracker_stage05		absent	0.0		medium	speaker_no_face
15	157	372.87	373.71	Don't look at it.	Rachel	high	qa_review_resolved_bridge	1.0	dialogue	False	True	Rachel | Phoebe	Rachel	Rachel	True	speaker_no_face	Speaker agrees with available community-transcript mapping. | QA resolved prior review by same-speaker bridge.	Don't look at it	Rachel	Rachel	absent	char_tracker_stage05		absent	0.0		medium	speaker_no_face
15	158	374.99	376.19	Seriously, don't look at it.	Rachel	high	qa_review_resolved_ct_support	1.0	dialogue	False	True	Rachel | Phoebe	Rachel	Phoebe	True	speaker_no_face	Speaker agrees with available community-transcript mapping. | QA resolved prior review with community-transcript support.	Yeah, y’know what? Don’t look at it. (Realizes the display is their living room) Seriously, don’t look at it. (Tries to pull Phoebe away.)	Rachel	Rachel	absent	char_tracker_stage05		absent	0.0		medium	speaker_no_face
15	159	377.47	379.79	Look, there's the coffee table they stole from us.	Phoebe	high	qa_review_resolved_ct_support	1.0	dialogue	False	True	Rachel | Phoebe	Rachel	Rachel	True	speaker_no_face	Speaker agrees with available community-transcript mapping. | QA resolved prior review with community-transcript support.	No! Look-look! There’s the coffee table they stole from us!	Phoebe	Phoebe	partial	char_tracker_stage05		absent	0.3333		medium	speaker_no_face
15	160	379.87	381.19	Ah, those bastards.	Rachel	high	community_transcript_match	1.0	dialogue	False	True	Rachel | Phoebe	Phoebe	Rachel	False		Speaker agrees with available community-transcript mapping.	Ugh, those bastards	Rachel	Rachel	present	char_tracker_stage05	phoebe|rachel	present	1.0		high	
15	161	381.19	381.71	Let's go.	Rachel	high	community_transcript_match	1.0	dialogue	False	True	Rachel | Phoebe	Rachel	Rachel	False		Speaker agrees with available community-transcript mapping.	Ugh, those bastards! Let’s go.	Rachel	Rachel	present	char_tracker_stage05	phoebe|rachel	present	1.0		high	
15	162	383.69	385.45	That fan kind of looks like ours.	Rachel	medium	scene_context_inference	0.66	dialogue	True	False	Rachel | Phoebe	Rachel	Phoebe	True	two_sided_context_ambiguous | speaker_no_face	No direct transcript match; longer line defaulted to previous speaker in same scene.				absent	char_tracker_stage05		absent			medium	speaker_no_face
15	163	385.45	386.65	And the birdcage.	Phoebe	high	qa_review_resolved_ct_support	1.0	dialogue	False	True	Rachel | Phoebe	Rachel	Phoebe	True	speaker_no_face	Speaker agrees with available community-transcript mapping. | QA resolved prior review with community-transcript support.	the birdcage and the	Phoebe	Phoebe	absent	char_tracker_stage05		absent	0.0		medium	speaker_no_face
15	164	386.73	388.09	And this.	Phoebe	high	qa_review_resolved_bridge	1.0	dialogue	False	True	Rachel | Phoebe	Phoebe	Phoebe	True	speaker_no_face	Speaker agrees with available community-transcript mapping. | QA resolved prior review by same-speaker bridge.	And the birdcage and the	Phoebe	Phoebe	absent	char_tracker_stage05		absent	0.0		medium	speaker_no_face
15	165	388.41	389.05	Wait a sec.	Phoebe	high	qa_review_resolved_bridge	1.0	dialogue	False	True	Rachel | Phoebe	Phoebe	Phoebe	True	speaker_no_face	Speaker agrees with available community-transcript mapping. | QA resolved prior review by same-speaker bridge.	wait a sec	Phoebe	Phoebe	absent	char_tracker_stage05		absent	0.0		medium	speaker_no_face
15	166	389.05	390.89	This is our exact living room.	Phoebe	high	qa_review_resolved_ct_support	1.0	dialogue	False	True	Rachel | Phoebe	Phoebe	Rachel	True	speaker_no_face	Speaker agrees with available community-transcript mapping. | QA resolved prior review with community-transcript support.	That fan kinda looks like ours. And the birdcage and the…wait a sec! This is our exact living room!	Phoebe	Phoebe	absent	char_tracker_stage05		absent	0.0		medium	speaker_no_face
15	167	391.69	392.37	No, no.	Rachel	high	community_transcript_match	1.0	dialogue	False	True	Rachel | Phoebe	Phoebe	Rachel	False		Speaker agrees with available community-transcript mapping.	No	Rachel	Rachel	present	char_tracker_stage05	phoebe|rachel	present	1.0		high	
15	168	392.37	393.21	No, it's not.	Rachel	high	community_transcript_match	1.0	dialogue	False	True	Rachel | Phoebe	Rachel	Rachel	False		Speaker agrees with available community-transcript mapping.	No it's not	Rachel	Rachel	present	char_tracker_stage05	phoebe|rachel	present	1.0		high	
15	169	393.21	393.97	No, it's not.	Rachel	high	community_transcript_match	1.0	dialogue	False	True	Rachel | Phoebe	Rachel	Rachel	False		Speaker agrees with available community-transcript mapping.	No it's not	Rachel	Rachel	present	char_tracker_stage05	phoebe|rachel	present	1.0		high	
15	170	393.97	394.73	Come on, Phoebe.	Rachel	high	community_transcript_match	1.0	dialogue	False	True	Rachel | Phoebe	Rachel	Rachel	False		Speaker agrees with available community-transcript mapping.	Come on	Rachel	Rachel	present	char_tracker_stage05	phoebe|rachel	present	1.0		high	
15	171	394.73	395.85	Ours is totally different.	Rachel	high	community_transcript_match	1.0	dialogue	False	True	Rachel | Phoebe	Rachel	Rachel	False		Speaker agrees with available community-transcript mapping.	No! No! No! No it’s not! No it’s not! Come on! Phoebe, ours is totally different! I mean we don’t have the… (Looks desperately for something different.) We don’t have the…that lamp! And-and that screen is y’know, on the other side.	Rachel	Rachel	present	char_tracker_stage05	phoebe|rachel	present	1.0		high	
15	172	396.33	397.57	I mean, we don't have the.	Rachel	high	community_transcript_match	1.0	dialogue	False	True	Rachel | Phoebe	Rachel	Rachel	False		Speaker agrees with available community-transcript mapping.	I mean we don't have the	Rachel	Rachel	present	char_tracker_stage05	phoebe|rachel	present	1.0		high	
15	173	397.57	398.33	We don't have.	Rachel	high	community_transcript_match	1.0	dialogue	False	True	Rachel | Phoebe	Rachel	Rachel	False		Speaker agrees with available community-transcript mapping.	We don't have the	Rachel	Rachel	present	char_tracker_stage05	phoebe|rachel	present	0.5		high	
15	174	399.13	400.25	We don't have that lamp.	Rachel	high	qa_review_resolved_bridge	1.0	dialogue	False	True	Rachel | Phoebe	Rachel	Rachel	True	speaker_offscreen	Speaker agrees with available community-transcript mapping. | QA resolved prior review by same-speaker bridge.	that lamp	Rachel	Rachel	present	char_tracker_stage05	phoebe	absent	0.0		low	speaker_offscreen
15	175	400.97	404.57	And that screen is, you know, on the other side.	Rachel	high	qa_review_resolved_ct_support	1.0	dialogue	False	True	Rachel | Phoebe	Rachel	Phoebe	True	speaker_no_face	Speaker agrees with available community-transcript mapping. | QA resolved prior review with community-transcript support.	And-and that screen is y'know, on the other side	Rachel	Rachel	partial	char_tracker_stage05		absent	0.4		medium	speaker_no_face
15	176	406.41	407.29	Oh, my God.	Phoebe	medium	visual_disambiguation	0.74	dialogue	True	False	Rachel | Phoebe	Rachel	Phoebe	False		Only one of the two text-context candidates was visually present in the window.				present	char_tracker_stage05	phoebe	present			medium	
15	177	407.77	408.37	Oh, my God.	Phoebe	high	community_transcript_match	1.0	dialogue	False	True	Rachel | Phoebe	Phoebe	Phoebe	False		Speaker agrees with available community-transcript mapping.	Oh my God	Phoebe	Phoebe	present	char_tracker_stage05	phoebe	present	1.0		high	
15	178	408.37	409.81	This is where you got all our stuff.	Phoebe	high	community_transcript_match	1.0	dialogue	False	True	Rachel | Phoebe	Phoebe	Phoebe	False		Speaker agrees with available community-transcript mapping.	Oh my God. This is where you got all our stuff, Pottery Barn! Oh my God!	Phoebe	Phoebe	present	char_tracker_stage05	phoebe	present	1.0		high	
15	179	409.81	410.61	Pottery Barn.	Phoebe	high	community_transcript_match	1.0	dialogue	False	True	Rachel | Phoebe	Phoebe	Phoebe	False		Speaker agrees with available community-transcript mapping.	oh my god pottery barn oh my god	Phoebe	Phoebe	present	char_tracker_stage05	phoebe	present	1.0		high	
15	180	410.61	411.29	Oh, my God.	Phoebe	high	community_transcript_match	1.0	dialogue	False	True	Rachel | Phoebe	Phoebe	Phoebe	False		Speaker agrees with available community-transcript mapping.	oh my god oh my god	Phoebe	Phoebe	present	char_tracker_stage05	phoebe	present	1.0		high	
15	181	411.29	413.69	Okay, we'll adore.	Phoebe	medium	visual_disambiguation	0.74	dialogue	True	False	Rachel | Phoebe	Phoebe	Rachel	False		Only one of the two text-context candidates was visually present in the window.				present	char_tracker_stage05	phoebe	present			medium	
15	182	414.07	414.39	All right.	Rachel	medium	short_turn_alternation	0.7	dialogue	True	False	Rachel | Phoebe	Phoebe	Rachel	True	short_utterance_between_two_speakers | speaker_no_face	Short utterance inferred from local turn alternation.				absent	char_tracker_stage05		absent			medium	speaker_no_face
15	183	414.39	415.79	I'm sorry, Phoebe.	Rachel	high	scene_context_bridge	0.88	dialogue	True	False	Rachel | Phoebe	Rachel	Rachel	False		Same speaker appears on both sides within the same scene.				present	char_tracker_stage05	rachel	present			high	
15	184	415.79	416.67	I wanted this stuff.	Rachel	high	community_transcript_match	1.0	dialogue	False	True	Rachel | Phoebe	Rachel	Rachel	False		Speaker agrees with available community-transcript mapping.	okay okay okay look no i did i just wanted this stuff barn just come on don't be mad	Rachel	Rachel	present	char_tracker_stage05	rachel	present	1.0		high	
15	185	416.67	418.91	And I know how you feel about Pottery Barns.	Rachel	high	community_transcript_match	1.0	dialogue	False	True	Rachel | Phoebe	Rachel	Rachel	False		Speaker agrees with available community-transcript mapping.	Okay! Okay-okay look—no I did, I just wanted this stuff and I know how you feel about Pottery Barn. Just… Come on don’t be mad.	Rachel	Rachel	present	char_tracker_stage05	rachel	present	1.0		high	
15	186	418.91	419.35	It's just.	Rachel	high	community_transcript_match	1.0	dialogue	False	True	Rachel | Phoebe	Rachel	Rachel	False		Speaker agrees with available community-transcript mapping.	Just	Rachel	Rachel	present	char_tracker_stage05	rachel	present	1.0		high	
15	187	419.67	420.95	Come on, don't be mad.	Rachel	high	community_transcript_match	1.0	dialogue	False	True	Rachel | Phoebe	Rachel	Phoebe	False		Speaker agrees with available community-transcript mapping.	Come on don't be mad	Rachel	Rachel	present	char_tracker_stage05	rachel	present	1.0		high	
15	188	420.95	421.63	No, no, no.	Phoebe	high	community_transcript_match	1.0	dialogue	False	True	Rachel | Phoebe	Rachel	Phoebe	False		Speaker agrees with available community-transcript mapping.	No-no-no, but I am mad	Phoebe	Phoebe	present	char_tracker_stage05	phoebe|rachel	present	0.5		high	
15	189	421.63	422.39	But I am mad.	Phoebe	high	community_transcript_match	1.0	dialogue	False	True	Rachel | Phoebe	Phoebe	Phoebe	False		Speaker agrees with available community-transcript mapping.	I am mad	Phoebe	Phoebe	present	char_tracker_stage05	phoebe|rachel	present	1.0		high	
15	190	422.39	426.07	I am mad because this stuff is everything that is wrong with the world.	Phoebe	high	community_transcript_match	1.0	dialogue	False	True	Rachel | Phoebe	Phoebe	Phoebe	False		Speaker agrees with available community-transcript mapping.	No-no-no, but I am mad! I am mad! Because this stuff is everything that is wrong with the world! And it’s all sitting up in my living room and all I can think about is how I don’t have that lamp!	Phoebe	Phoebe	present	char_tracker_stage05	phoebe	present	1.0		high	
15	191	426.07	428.47	And it's all sitting up in my living room.	Phoebe	high	community_transcript_match	1.0	dialogue	False	True	Rachel | Phoebe	Phoebe	Phoebe	False		Speaker agrees with available community-transcript mapping.	And it's all sitting up in my living room and all I can think about is how I don't have that lamp	Phoebe	Phoebe	present	char_tracker_stage05	phoebe	present	1.0		high	
15	192	428.71	431.59	And all I can think about is how I don't have that lamp.	Phoebe	high	community_transcript_match	1.0	dialogue	False	True	Rachel | Phoebe	Phoebe	Rachel	False		Speaker agrees with available community-transcript mapping.	and all i can think about is how i don't have that lamp	Phoebe	Phoebe	present	char_tracker_stage05	phoebe	present	1.0		high	
15	193	434.31	435.99	Lenny, buy the lamp.	Rachel	high	community_transcript_match	1.0	dialogue	False	True	Rachel | Phoebe	Phoebe	Rachel	False		Speaker agrees with available community-transcript mapping.	Well then honey, buy the lamp	Rachel	Rachel	present	char_tracker_stage05	rachel	present	1.0		high	
15	194	435.99	437.91	Hey, we have that 60 bucks from Ross.	Rachel	high	community_transcript_match	1.0	dialogue	False	True	Rachel | Phoebe	Rachel	Phoebe	False		Speaker agrees with available community-transcript mapping.	Well then honey, buy the lamp! Hey, we have that 60 bucks from Ross.	Rachel	Rachel	present	char_tracker_stage05	rachel	present	1.0		high	
15	195	440.15	440.95	I can't.	Phoebe	high	community_transcript_match	1.0	dialogue	False	True	Rachel | Phoebe	Rachel	Phoebe	False		Speaker agrees with available community-transcript mapping.	I can't	Phoebe	Phoebe	present	char_tracker_stage05	phoebe	present	1.0		high	
15	196	440.95	441.75	I can't.	Phoebe	high	community_transcript_match	1.0	dialogue	False	True	Rachel | Phoebe	Phoebe	Phoebe	False		Speaker agrees with available community-transcript mapping.	I can't	Phoebe	Phoebe	present	char_tracker_stage05	phoebe	present	1.0		high	
15	197	443.35	443.67	Unless.	Phoebe	high	community_transcript_match	1.0	dialogue	False	True	Rachel | Phoebe	Phoebe	Phoebe	False		Speaker agrees with available community-transcript mapping.	Unless	Phoebe	Phoebe	present	char_tracker_stage05	phoebe	present	1.0		high	
15	198	445.11	448.71	Are you saying that you would move out if I didn't buy that lamp?	Phoebe	high	community_transcript_match	1.0	dialogue	False	True	Rachel | Phoebe	Phoebe	Rachel	False		Speaker agrees with available community-transcript mapping.	I can’t! I can’t! Unless… Well are you saying that-that you would move out if-if I didn’t buy that lamp?	Phoebe	Phoebe	present	char_tracker_stage05	phoebe	present	1.0		high	
15	199	449.27	450.79	No, I'm not gonna move out.	Rachel	high	community_transcript_match	1.0	dialogue	False	True	Rachel | Phoebe	Phoebe	Phoebe	False		Speaker agrees with available community-transcript mapping.	What?! No! I’m not gonna move out!	Rachel	Rachel	present	char_tracker_stage05	rachel	present	1.0		high	
15	200	450.79	454.31	But are you saying that you would move out if I didn't buy that lamp?	Phoebe	high	community_transcript_match	1.0	dialogue	False	True	Rachel | Phoebe	Rachel	Rachel	False		Speaker agrees with available community-transcript mapping.	But are you saying that you would move out if I didn’t buy that lamp?	Phoebe	Phoebe	present	char_tracker_stage05	phoebe	present	0.8		high	
15	201	456.15	457.11	Oh, yes.	Rachel	high	community_transcript_match	1.0	dialogue	False	True	Rachel | Phoebe	Phoebe	Rachel	False		Speaker agrees with available community-transcript mapping.	Yes	Rachel	Rachel	present	char_tracker_stage05	rachel	present	1.0		high	
15	202	457.19	458.75	I would so move out.	Rachel	high	community_transcript_match	1.0	dialogue	False	True	Rachel | Phoebe	Rachel	Phoebe	False		Speaker agrees with available community-transcript mapping.	(gets it) Oh. Yes! I would so move out!	Rachel	Rachel	present	char_tracker_stage05	phoebe|rachel	present	1.0		high	
15	203	458.75	460.19	Okay, then I don't have a choice.	Phoebe	high	community_transcript_match	1.0	dialogue	False	True	Rachel | Phoebe	Rachel	Phoebe	False		Speaker agrees with available community-transcript mapping.	Okay then I don’t have a choice! I have to buy that lamp!	Phoebe	Phoebe	present	char_tracker_stage05	phoebe	present	1.0		high	
15	204	460.19	461.51	I have to buy that land.	Phoebe	high	community_transcript_match	1.0	dialogue	False	True	Rachel | Phoebe	Phoebe	Rachel	False		Speaker agrees with available community-transcript mapping.	I have to buy that lamp	Phoebe	Phoebe	present	char_tracker_stage05	phoebe	present	1.0		high	
15	205	461.51	462.23	That's right.	Rachel	high	qa_review_resolved_ct_support	1.0	dialogue	False	True	Rachel | Phoebe	Phoebe		True	speaker_offscreen	Speaker agrees with available community-transcript mapping. | QA resolved prior review with community-transcript support.	That’s right!	Rachel	Rachel	present	char_tracker_stage05	phoebe	absent	0.0		low	speaker_offscreen
16	206	463.99	466.07	But at least the apothecary table's real.	Phoebe	high	community_transcript_match	1.0	dialogue	False	True	Phoebe			False		Speaker agrees with available community-transcript mapping.	But at least the apothecary table is real.	Phoebe	Phoebe	present	char_tracker_stage05	phoebe	present	0.75		high	
17	207	472.07	473.43	Well, this was.	Joey	high	qa_review_resolved_ct_support	1.0	dialogue	False	True	Joey | Janine | Chandler | Monica		Joey	True	speaker_no_face	Speaker agrees with available community-transcript mapping. | QA resolved prior review with community-transcript support.	Well, this-this-this was great	Joey	Joey	absent	char_tracker_stage05		absent	0.0		medium	speaker_no_face
17	208	473.89	475.49	Didn't everybody have a great time?	Joey	high	qa_review_resolved_ct_support	1.0	dialogue	False	True	Joey | Janine | Chandler | Monica	Joey	Janine	True	speaker_no_face	Speaker agrees with available community-transcript mapping. | QA resolved prior review with community-transcript support.	Well, this-this-this was great. Didn’t everybody have a great time?	Joey	Joey	partial	char_tracker_stage05		absent	0.3333		medium	speaker_no_face
17	209	475.97	476.49	I did.	Janine	high	community_transcript_match	1.0	dialogue	False	True	Joey | Janine | Chandler | Monica	Joey	Janine	False		Speaker agrees with available community-transcript mapping.	Well I did	Janine	Janine	present	char_tracker_stage05	joey	unobserved			high	
17	210	476.49	477.29	I really did.	Janine	high	community_transcript_match	1.0	dialogue	False	True	Joey | Janine | Chandler | Monica	Janine	Janine	False		Speaker agrees with available community-transcript mapping.	I really did	Janine	Janine	present	char_tracker_stage05	joey	unobserved			high	
17	211	477.29	482.37	And you know, guys, I gotta say I'm sorry if I was a little weird after the last time we went out.	Janine	high	community_transcript_match	1.0	dialogue	False	True	Joey | Janine | Chandler | Monica	Janine	Janine	False		Speaker agrees with available community-transcript mapping.	Well I did. I really did. And you guys, I’ve got to say, I’m sorry if I was a little weird after the last time we went out. I guess I was just nervous or something.	Janine	Janine	present	char_tracker_stage05	joey	unobserved			high	
17	212	482.37	484.21	I guess I was just nervous or something.	Janine	high	community_transcript_match	1.0	dialogue	False	True	Joey | Janine | Chandler | Monica	Janine	Chandler	False		Speaker agrees with available community-transcript mapping.	I guess I was just nervous or something	Janine	Janine	present	char_tracker_stage05	joey	unobserved			high	
17	213	484.37	485.81	That's totally understandable.	Chandler	high	community_transcript_match	1.0	dialogue	False	True	Joey | Janine | Chandler | Monica	Janine	Monica	False		Speaker agrees with available community-transcript mapping.	That’s totally understandable.	Chandler	Chandler	present	char_tracker_stage05	chandler|joey|monica	present	0.5		high	
17	214	485.81	487.09	Yeah, don't worry about it.	Monica	high	community_transcript_match	1.0	dialogue	False	True	Joey | Janine | Chandler | Monica	Chandler	Janine	False		Speaker agrees with available community-transcript mapping.	Don’t worry about it.	Monica	Monica	present	char_tracker_stage05	chandler|joey|monica	present	1.0		high	
17	215	487.41	488.45	So we can go out again?	Janine	high	community_transcript_match	1.0	dialogue	False	True	Joey | Janine | Chandler | Monica	Monica	Chandler	False		Speaker agrees with available community-transcript mapping.	So we can go out again?	Janine	Janine	present	char_tracker_stage05	chandler|joey|monica	unobserved			high	
17	216	488.45	489.13	Oh, yeah.	Chandler	high	community_transcript_match	1.0	dialogue	False	True	Joey | Janine | Chandler | Monica	Janine	Monica	False		Speaker agrees with available community-transcript mapping.	Oh yeah!	Chandler	Chandler	present	char_tracker_stage05	chandler|joey|monica	present	1.0		high	
17	217	489.13	489.89	Absolutely.	Monica	high	community_transcript_match	1.0	dialogue	False	True	Joey | Janine | Chandler | Monica	Chandler	Joey	False		Speaker agrees with available community-transcript mapping.	Absolutely!	Monica	Monica	present	char_tracker_stage05	chandler|joey|monica	present	1.0		high	
17	218	490.29	490.65	All right.	Joey	medium	short_turn_alternation	0.7	dialogue	True	False	Joey | Janine | Chandler | Monica	Monica	Joey	True	short_utterance_between_two_speakers	Short utterance inferred from local turn alternation.				present	char_tracker_stage05	chandler|joey|monica	present			medium	
17	219	490.65	491.17	Well, good night.	Joey	high	community_transcript_match	1.0	dialogue	False	True	Joey | Janine | Chandler | Monica	Joey	Monica	False		Speaker agrees with available community-transcript mapping.	Oh well then, good night!	Joey	Joey	present	char_tracker_stage05	chandler|joey|monica	present	1.0		high	
17	220	491.17	491.65	Good night.	Monica	high	qa_review_resolved_ct_support	1.0	dialogue	False	True	Joey | Janine | Chandler | Monica	Joey		True	speaker_offscreen	Speaker agrees with available community-transcript mapping. | QA resolved prior review with community-transcript support.	Good night! (They go into their respective apartments.)	Monica	Monica	present	char_tracker_stage05	joey	absent	0.0		low	speaker_offscreen
18	221	497.57	497.97	See?	Joey	high	community_transcript_match	1.0	dialogue	False	True	Joey | Janine | Monica | Chandler		Joey	False		Speaker agrees with available community-transcript mapping.	See	Joey	Joey	present	char_tracker_stage05	joey	present	1.0		high	
18	222	499.09	499.97	Wasn't that fun?	Joey	high	community_transcript_match	1.0	dialogue	False	True	Joey | Janine | Monica | Chandler	Joey	Janine	False		Speaker agrees with available community-transcript mapping.	See? Eh, wasn’t that fun?	Joey	Joey	present	char_tracker_stage05	joey	present	1.0		high	
18	223	500.65	502.01	We have got to move.	Janine	high	community_transcript_match	1.0	dialogue	False	True	Joey | Janine | Monica | Chandler	Joey	Monica	False		Speaker agrees with available community-transcript mapping.	We have got to move!	Janine	Janine	present	char_tracker_stage05	joey	unobserved			high	
18	224	504.97	506.01	I knew it.	Monica	high	community_transcript_match	1.0	dialogue	False	True	Joey | Janine | Monica | Chandler	Janine	Monica	False		Speaker agrees with available community-transcript mapping.	I knew it	Monica	Monica	present	char_tracker_stage05	joey|monica	present	1.0		high	
18	225	507.77	510.33	You know, you're not so quiet yourself, missy.	Monica	high	community_transcript_match	1.0	dialogue	False	True	Joey | Janine | Monica | Chandler	Monica	Chandler	False		Speaker agrees with available community-transcript mapping.	(bursting in) I knew it!! Y’know, you’re not so quiet yourself, missy!	Monica	Monica	present	char_tracker_stage05	chandler|joey|monica	present	1.0		high	
18	226	512.01	513.05	And I'm blah.	Chandler	high	community_transcript_match	1.0	dialogue	False	True	Joey | Janine | Monica | Chandler	Monica	Chandler	False		Speaker agrees with available community-transcript mapping.	And I'm blah	Chandler	Chandler	present	char_tracker_stage05	chandler|joey|monica	present	1.0		high	
18	227	513.21	517.01	Listen, the only thing that's more boring than watching modern dance is having to listen to you talk about it.	Chandler	high	community_transcript_match	1.0	dialogue	False	True	Joey | Janine | Monica | Chandler	Chandler	Chandler	False		Speaker agrees with available community-transcript mapping.	"And I’m blah? Listen, the only thing more boring than watching modern dance is having to listen to you talk about it, (Imitating her) ""Oh Chandler, I just lost myself in the moment."""	Chandler	Chandler	present	char_tracker_stage05	chandler|monica	present	1.0		high	
18	228	517.01	519.25	Oh, Chandler, I just lost myself in the mood.	Chandler	high	community_transcript_match	1.0	dialogue	False	True	Joey | Janine | Monica | Chandler	Chandler	Chandler	False		Speaker agrees with available community-transcript mapping.	and i'm blah oh chandler i just lost myself in the moment	Chandler	Chandler	present	char_tracker_stage05	chandler|monica	present	1.0		high	
18	229	519.25	519.53	Me.	Chandler	medium	visual_disambiguation	0.74	dialogue	True	False	Joey | Janine | Monica | Chandler	Chandler	Janine	False		Only one of the two text-context candidates was visually present in the window.				present	char_tracker_stage05	chandler|monica	present			medium	
18	230	523.85	529.08	You know, I know you're talking, but all I hear is blah, blah, blah, blah, blah.	Janine	high	community_transcript_match	1.0	dialogue	False	True	Joey | Janine | Monica | Chandler	Chandler	Monica	False		Speaker agrees with available community-transcript mapping.	"Y’know, I know you’re talking, but all I hear is, ""Blah. Blah. Blah-blah-blah."""	Janine	Janine	present	char_tracker_stage05	joey	unobserved			high	
18	231	529.24	531.4	All right, you and me, let's go.	Monica	high	community_transcript_match	1.0	dialogue	False	True	Joey | Janine | Monica | Chandler	Janine	Monica	False		Speaker agrees with available community-transcript mapping.	(steps up and points at her) All right! You and me! Let’s go! Right now!	Monica	Monica	present	char_tracker_stage05	chandler|monica	present	1.0		high	
18	232	531.56	532.2	Right now.	Monica	high	community_transcript_match	1.0	dialogue	False	True	Joey | Janine | Monica | Chandler	Monica	Joey	False		Speaker agrees with available community-transcript mapping.	right now	Monica	Monica	present	char_tracker_stage05	chandler|joey|monica	present	1.0		high	
18	233	533.16	535.72	Enough, enough, enough, enough.	Joey	high	community_transcript_match	1.0	dialogue	False	True	Joey | Janine | Monica | Chandler	Monica	Joey	False		Speaker agrees with available community-transcript mapping.	All right! All right! Enough! Enough! Enough!! Enough! (To Chandler and Monica) You two go home! I-I-I gotta talk to Janine! (They start to leave.)	Joey	Joey	present	char_tracker_stage05	chandler|joey	present	1.0		high	
18	234	535.72	536.68	You two go home.	Joey	high	community_transcript_match	1.0	dialogue	False	True	Joey | Janine | Monica | Chandler	Joey	Joey	False		Speaker agrees with available community-transcript mapping.	all right all right you two go home i i i gotta talk to janine	Joey	Joey	present	char_tracker_stage05	chandler|joey|monica	present	1.0		high	
18	235	536.68	538.36	I gotta talk to Janine.	Joey	high	community_transcript_match	1.0	dialogue	False	True	Joey | Janine | Monica | Chandler	Joey	Chandler	False		Speaker agrees with available community-transcript mapping.	all right all right i i i gotta talk to janine	Joey	Joey	present	char_tracker_stage05	joey|monica	present	1.0		high	
18	236	538.44	539.96	You know, I really think you could take her.	Chandler	high	qa_review_resolved_ct_support	1.0	dialogue	False	True	Joey | Janine | Monica | Chandler	Joey	Monica	True	speaker_offscreen	Speaker agrees with available community-transcript mapping. | QA resolved prior review with community-transcript support.	(To Monica) Y’know I think you can take her.	Chandler	Chandler	present	char_tracker_stage05	joey|monica	absent	0.0		low	speaker_offscreen
18	237	541.4	543.48	You better hope I don't see you in the hallway.	Monica	high	community_transcript_match	1.0	dialogue	False	True	Joey | Janine | Monica | Chandler	Chandler	Joey	False		Speaker agrees with available community-transcript mapping.	(to Janine) You’d better hope I don’t see you in the hallway!! (They exit.)	Monica	Monica	present	char_tracker_stage05	chandler|monica	present	1.0		high	
18	238	549.08	551.04	All right, look.	Joey	medium	visual_disambiguation	0.74	dialogue	True	False	Joey | Janine | Monica | Chandler	Monica	Joey	False		Only one of the two text-context candidates was visually present in the window.				present	char_tracker_stage05	joey	present			medium	
18	239	551.04	552.88	We got a little bit of a problem here.	Joey	high	community_transcript_match	1.0	dialogue	False	True	Joey | Janine | Monica | Chandler	Joey	Joey	False		Speaker agrees with available community-transcript mapping.	All right, uh, we've got a little bit of a problem here	Joey	Joey	present	char_tracker_stage05	joey	present	1.0		high	
18	240	552.88	554.92	Dean, these people are my friends.	Joey	high	community_transcript_match	1.0	dialogue	False	True	Joey | Janine | Monica | Chandler	Joey	Joey	False		Speaker agrees with available community-transcript mapping.	These people are my friends	Joey	Joey	present	char_tracker_stage05	joey	present	1.0		high	
18	241	554.92	556.28	You can't treat them that way.	Joey	high	community_transcript_match	1.0	dialogue	False	True	Joey | Janine | Monica | Chandler	Joey	Janine	False		Speaker agrees with available community-transcript mapping.	All right, uh, we’ve got a little bit of a problem here. These people are my friends; you can’t treat them that way.	Joey	Joey	present	char_tracker_stage05	joey	present	1.0		high	
18	242	556.28	557.64	They said stuff to me too, you know.	Janine	high	community_transcript_match	1.0	dialogue	False	True	Joey | Janine | Monica | Chandler	Joey	Joey	False		Speaker agrees with available community-transcript mapping.	They said stuff to me too, y’know!	Janine	Janine	present	char_tracker_stage05	joey	unobserved			high	
18	243	557.64	558.16	I know, I know.	Joey	medium	visual_disambiguation	0.74	dialogue	True	False	Joey | Janine | Monica | Chandler	Janine	Joey	False		Only one of the two text-context candidates was visually present in the window.				present	char_tracker_stage05	joey	present			medium	
18	244	558.16	559.68	And I'm gonna talk to them about it.	Joey	high	scene_context_bridge	0.88	dialogue	True	False	Joey | Janine | Monica | Chandler	Joey	Joey	False		Same speaker appears on both sides within the same scene.				present	char_tracker_stage05	joey	present			high	
18	245	559.68	562.68	But they mean so much to me.	Joey	high	scene_context_bridge	0.88	dialogue	True	False	Joey | Janine | Monica | Chandler	Joey	Joey	False		Same speaker appears on both sides within the same scene.				present	char_tracker_stage05	joey	present			high	
18	246	563.0	564.44	They're like my family, you know?	Joey	high	community_transcript_match	1.0	dialogue	False	True	Joey | Janine | Monica | Chandler	Joey	Joey	False		Speaker agrees with available community-transcript mapping.	They're like my family	Joey	Joey	present	char_tracker_stage05	joey	present	1.0		high	
18	247	564.44	568.28	And if you guys are gonna be fighting all the time, then I just.	Joey	high	community_transcript_match	1.0	dialogue	False	True	Joey | Janine | Monica | Chandler	Joey	Joey	False		Speaker agrees with available community-transcript mapping.	I know! I know! And I’m going to talk to them about it. They mean so much to me. They… They’re like my family. If you guys are gonna be fighting all the time, I-I… I don’t think we can be together. It just, it just can’t work. It can’t. (Starts to break up) I’m very upset.	Joey	Joey	present	char_tracker_stage05	joey	present	1.0		high	
18	248	570.04	571.24	I don't think we can be together.	Joey	high	community_transcript_match	1.0	dialogue	False	True	Joey | Janine | Monica | Chandler	Joey	Joey	False		Speaker agrees with available community-transcript mapping.	I don't think we can be together	Joey	Joey	present	char_tracker_stage05	joey	present	1.0		high	
18	249	572.52	573.48	It just can't work.	Joey	high	qa_review_resolved_ct_support	1.0	dialogue	False	True	Joey | Janine | Monica | Chandler	Joey	Janine	True	speaker_no_face	Speaker agrees with available community-transcript mapping. | QA resolved prior review with community-transcript support.	It just, it just can't work	Joey	Joey	absent	char_tracker_stage05		absent	0.0		medium	speaker_no_face
18	250	573.48	573.92	Okay?	Janine	medium	short_turn_alternation	0.7	dialogue	True	False	Joey | Janine | Monica | Chandler	Joey	Janine	True	short_utterance_between_two_speakers	Short utterance inferred from local turn alternation.				absent	char_tracker_stage05		unobserved			medium	
18	251	573.92	574.68	It can't.	Janine	high	scene_context_bridge	0.88	dialogue	True	False	Joey | Janine | Monica | Chandler	Janine	Janine	False		Same speaker appears on both sides within the same scene.				present	char_tracker_stage05	joey	unobserved			high	
18	252	575.4	576.44	I'm very upset.	Janine	high	scene_context_bridge	0.88	dialogue	True	False	Joey | Janine | Monica | Chandler	Janine	Janine	False		Same speaker appears on both sides within the same scene.				present	char_tracker_stage05	joey	unobserved			high	
18	253	578.92	579.52	Okay.	Janine	high	community_transcript_match	1.0	dialogue	False	True	Joey | Janine | Monica | Chandler	Janine	Janine	False		Speaker agrees with available community-transcript mapping.	Okay	Janine	Janine	absent	char_tracker_stage05		unobserved			high	
18	254	579.52	580.04	Okay.	Janine	high	community_transcript_match	1.0	dialogue	False	True	Joey | Janine | Monica | Chandler	Janine	Janine	False		Speaker agrees with available community-transcript mapping.	Okay	Janine	Janine	absent	char_tracker_stage05		unobserved			high	
18	255	580.52	582.76	Would it help if I went over and apologized?	Janine	high	community_transcript_match	1.0	dialogue	False	True	Joey | Janine | Monica | Chandler	Janine	Joey	False		Speaker agrees with available community-transcript mapping.	Okay. Okay. Would, would it help if I went over and apologized?	Janine	Janine	absent	char_tracker_stage05		unobserved			high	
18	256	583.67	584.07	Yeah.	Joey	high	community_transcript_match	1.0	dialogue	False	True	Joey | Janine | Monica | Chandler	Janine	Joey	False		Speaker agrees with available community-transcript mapping.	Yeah	Joey	Joey	present	char_tracker_stage05	joey	present	1.0		high	
18	257	584.07	586.27	Yeah, that'd be very helpful.	Joey	high	community_transcript_match	1.0	dialogue	False	True	Joey | Janine | Monica | Chandler	Joey	Joey	False		Speaker agrees with available community-transcript mapping.	Yeah! Yeah! That would be very helpful! Yeah. (He opens the door for her and she exits into the hallway.)	Joey	Joey	present	char_tracker_stage05	joey	present	1.0		high	
18	258	586.27	586.71	Yeah.	Joey	high	community_transcript_match	1.0	dialogue	False	True	Joey | Janine | Monica | Chandler	Joey		False		Speaker agrees with available community-transcript mapping.	Yeah	Joey	Joey	present	char_tracker_stage05	joey	present	1.0		high	
19	259	591.75	593.75	What did I tell you about the hall?	Monica	high	community_transcript_match	1.0	dialogue	False	True	Monica | Janine		Janine	False		Speaker agrees with available community-transcript mapping.	What did I tell you about the hall?!	Monica	Monica	present	char_tracker_stage05	monica	present	1.0		high	
19	260	596.47	599.35	I was just coming over here to apologize for my behavior.	Janine	high	community_transcript_match	1.0	dialogue	False	True	Monica | Janine	Monica	Janine	False		Speaker agrees with available community-transcript mapping.	I was just coming over here to apologize for my behavior! I’d really like it if we could be friends.	Janine	Janine	partial	char_tracker_stage05		unobserved			high	
19	261	601.03	602.87	I'd really like it if we could be friends.	Janine	high	community_transcript_match	1.0	dialogue	False	True	Monica | Janine	Janine	Monica	False		Speaker agrees with available community-transcript mapping.	I'd really like it if we could be friends	Janine	Janine	absent	char_tracker_stage05		unobserved			high	
19	262	606.39	611.93	Well, I know that would make Joey happy, so I would like that too.	Monica	high	community_transcript_match	1.0	dialogue	False	True	Monica | Janine	Janine	Janine	False		Speaker agrees with available community-transcript mapping.	Well, I know that would make Joey happy, so, I would like that too.	Monica	Monica	present	char_tracker_stage05	monica	present	1.0		high	
19	263	613.77	614.17	Great.	Janine	high	community_transcript_match	1.0	dialogue	False	True	Monica | Janine	Monica	Monica	False		Speaker agrees with available community-transcript mapping.	Great.	Janine	Janine	present	char_tracker_stage05	monica	unobserved			high	
19	264	614.81	615.61	Now, come on.	Monica	low	scene_context_inference	0.58	dialogue	True	False	Monica | Janine	Janine	Monica	True	two_sided_context_ambiguous | speaker_no_face	No direct transcript match; weak local context only.				absent	char_tracker_stage05		absent			low	speaker_no_face
19	265	619.53	619.85	Cool.	Monica	high	scene_context_bridge	0.88	dialogue	True	False	Monica | Janine	Monica	Monica	False		Same speaker appears on both sides within the same scene.				present	char_tracker_stage05	monica	present			high	
19	266	619.85	620.89	I'm glad we worked things out.	Monica	high	community_transcript_match	1.0	dialogue	False	True	Monica | Janine	Monica	Janine	False		Speaker agrees with available community-transcript mapping.	Now come on. (They hug like men.) Well, I’m glad we worked things out.	Monica	Monica	present	char_tracker_stage05	monica	present	1.0		high	
19	267	621.21	621.73	Me too.	Janine	high	community_transcript_match	1.0	dialogue	False	True	Monica | Janine	Monica	Monica	False		Speaker agrees with available community-transcript mapping.	Me too.	Janine	Janine	present	char_tracker_stage05	monica	unobserved			high	
19	268	621.73	622.17	Hi.	Monica	medium	visual_disambiguation	0.74	dialogue	True	False	Monica | Janine	Janine	Monica	False		Only one of the two text-context candidates was visually present in the window.				present	char_tracker_stage05	monica	present			medium	
19	269	622.17	622.65	Okay.	Monica	high	qa_review_resolved_ct_support	1.0	dialogue	False	True	Monica | Janine	Monica	Janine	True	speaker_no_face	Speaker agrees with available community-transcript mapping. | QA resolved prior review with community-transcript support.	Okay.	Monica	Monica	absent	char_tracker_stage05		absent	0.0		medium	speaker_no_face
19	270	622.65	623.25	I'll see you.	Janine	high	community_transcript_match	1.0	dialogue	False	True	Monica | Janine	Monica	Monica	False		Speaker agrees with available community-transcript mapping.	I’ll see you.	Janine	Janine	absent	char_tracker_stage05		unobserved			high	
19	271	623.25	623.69	Bye.	Monica	high	qa_review_resolved_ct_support	1.0	dialogue	False	True	Monica | Janine	Janine	Janine	True	speaker_no_face	Speaker agrees with available community-transcript mapping. | QA resolved prior review with community-transcript support.	Bye. (Leaves to resume her garbage removal task.)	Monica	Monica	absent	char_tracker_stage05		absent	0.0		medium	speaker_no_face
19	272	624.25	625.17	Or I'll hear you.	Janine	high	community_transcript_match	1.0	dialogue	False	True	Monica | Janine	Monica	Monica	False		Speaker agrees with available community-transcript mapping.	(muttering to herself) Or I’ll hear you.	Janine	Janine	absent	char_tracker_stage05		unobserved			high	
19	273	625.17	625.57	That's it.	Monica	high	qa_review_resolved_ct_support	1.0	dialogue	False	True	Monica | Janine	Janine	Monica	True	speaker_no_face	Speaker agrees with available community-transcript mapping. | QA resolved prior review with community-transcript support.	(hearing that) That’s it big girl! (Hits Janine in the butt with the garbage bag) Come on!	Monica	Monica	absent	char_tracker_stage05		absent	0.0		medium	speaker_no_face
19	274	625.57	626.57	Victor, come on.	Monica	high	qa_review_resolved_ct_support	1.0	dialogue	False	True	Monica | Janine	Monica	Janine	True	speaker_no_face	Speaker agrees with available community-transcript mapping. | QA resolved prior review with community-transcript support.	Come on	Monica	Monica	absent	char_tracker_stage05		absent	0.0		medium	speaker_no_face
19	275	629.69	630.17	Wait.	Janine	high	community_transcript_match	1.0	dialogue	False	True	Monica | Janine	Monica	Monica	False		Speaker agrees with available community-transcript mapping.	Wait! (Janine pauses, then runs down the stairs.)	Janine	Janine	present	char_tracker_stage05	monica	unobserved			high	
19	276	634.73	635.77	You better run.	Monica	high	qa_review_resolved_ct_support	1.0	dialogue	False	True	Monica | Janine	Janine		True	speaker_no_face	Speaker agrees with available community-transcript mapping. | QA resolved prior review with community-transcript support.	(chasing her) You’d better run!	Monica	Monica	absent	char_tracker_stage05		absent	0.0		medium	speaker_no_face
20	277	637.69	638.65	Did you hear that?	Chandler	high	qa_review_resolved_ct_support	1.0	dialogue	False	True	Chandler | Joey		Joey	True	speaker_no_face	Speaker agrees with available community-transcript mapping. | QA resolved prior review with community-transcript support.	Did you hear that?	Chandler	Chandler	absent	char_tracker_stage05		absent	0.0		medium	speaker_no_face
20	278	639.48	639.8	Yeah.	Joey	high	qa_review_resolved_ct_support	1.0	dialogue	False	True	Chandler | Joey	Chandler	Joey	True	speaker_no_face	Speaker agrees with available community-transcript mapping. | QA resolved prior review with community-transcript support.	yeah uh	Joey	Joey	absent	char_tracker_stage05		absent	0.0		medium	speaker_no_face
20	279	640.76	641.8	What am I gonna do?	Joey	high	community_transcript_match	1.0	dialogue	False	True	Chandler | Joey	Joey	Chandler	False		Speaker agrees with available community-transcript mapping.	Yeah uh, what am I gonna do?	Joey	Joey	present	char_tracker_stage05	joey	present	1.0		high	
20	280	642.04	642.64	I don't know.	Chandler	low	scene_context_inference	0.58	dialogue	True	False	Chandler | Joey	Joey	Chandler	True	two_sided_context_ambiguous | low_speaker_confidence	No direct transcript match; weak local context only.				present	char_tracker_stage05	chandler|joey	present			low	low_speaker_confidence
20	281	642.64	643.4	I'm sorry, man.	Chandler	high	community_transcript_match	1.0	dialogue	False	True	Chandler | Joey	Chandler	Chandler	False		Speaker agrees with available community-transcript mapping.	Yeah, I'm sorry man	Chandler	Chandler	present	char_tracker_stage05	chandler|joey	present	1.0		high	
20	282	645.8	646.76	You wanna go watch?	Chandler	high	community_transcript_match	1.0	dialogue	False	True	Chandler | Joey	Chandler	Joey	False		Speaker agrees with available community-transcript mapping.	Yeah, I’m sorry man. (Pause) You wanna go watch?	Chandler	Chandler	present	char_tracker_stage05	chandler|joey	present	1.0		high	
20	283	646.76	647.4	Yeah.	Joey	high	community_transcript_match	1.0	dialogue	False	True	Chandler | Joey	Chandler		False		Speaker agrees with available community-transcript mapping.	Yeah! (They head downstairs.)	Joey	Joey	present	char_tracker_stage05	chandler|joey	present	1.0		high	
22	284	655.4	657.4	You know, I'm not sure you could have taken Jeanine.	Chandler	high	community_transcript_match	1.0	dialogue	False	True	Chandler | Monica | Ross		Monica	False		Speaker agrees with available community-transcript mapping.	(to Monica) You know, I'm not sure you could have taken Janine.	Chandler	Chandler	present	char_tracker_stage05	chandler|monica	present	1.0		high	
22	285	659.0	660.52	I could have taken her.	Monica	high	community_transcript_match	1.0	dialogue	False	True	Chandler | Monica | Ross	Chandler	Ross	False		Speaker agrees with available community-transcript mapping.	(scoffs) I could have taken her.	Monica	Monica	present	char_tracker_stage05	monica|ross	present	1.0		high	
22	286	660.92	663.16	Well, she's much bigger than you were.	Ross	high	community_transcript_match	1.0	dialogue	False	True	Chandler | Monica | Ross	Monica	Monica	False		Speaker agrees with available community-transcript mapping.	I don't know. She's much bigger than you.	Ross	Ross	present	char_tracker_stage05	monica|ross	present	1.0		high	
22	287	663.24	664.28	Are you kidding me?	Monica	high	community_transcript_match	1.0	dialogue	False	True	Chandler | Monica | Ross	Ross	Monica	False		Speaker agrees with available community-transcript mapping.	Are you kidding me	Monica	Monica	present	char_tracker_stage05	monica|ross	present	1.0		high	
22	288	664.93	666.77	I know what to do with tall girls.	Monica	high	community_transcript_match	1.0	dialogue	False	True	Chandler | Monica | Ross	Monica	Monica	False		Speaker agrees with available community-transcript mapping.	Are you kidding me?! I know what to do with tall girls. You go for their knees!	Monica	Monica	present	char_tracker_stage05	monica	present	1.0		high	
22	289	666.93	668.21	You go for their knees.	Monica	high	community_transcript_match	1.0	dialogue	False	True	Chandler | Monica | Ross	Monica	Monica	False		Speaker agrees with available community-transcript mapping.	You go for their knees	Monica	Monica	present	char_tracker_stage05	monica	present	1.0		high	
22	290	671.57	672.01	Hey.	Monica	medium	scene_context_inference	0.68	dialogue	True	False	Chandler | Monica | Ross	Monica		True	scene_end_short_utterance | speaker_offscreen	Filled from previous same-scene context.				present	char_tracker_stage05	joey	absent			low	speaker_offscreen
23	291	672.01	672.37	Hey.	Ross	high	qa_review_resolved_ct_support	1.0	dialogue	False	True	Ross | Joey | Chandler | Monica		Joey	True	speaker_offscreen	Speaker agrees with available community-transcript mapping. | QA resolved prior review with community-transcript support.	Hey!	Ross	Ross	present	char_tracker_stage05	joey	absent	0.0		low	speaker_offscreen
23	292	672.37	672.97	How you doing?	Joey	high	community_transcript_match	1.0	dialogue	False	True	Ross | Joey | Chandler | Monica	Ross	Chandler	False		Speaker agrees with available community-transcript mapping.	How ya doin’?	Joey	Joey	present	char_tracker_stage05	joey	present	1.0		high	
23	293	672.97	673.41	Hey.	Chandler	high	community_transcript_match	1.0	dialogue	False	True	Ross | Joey | Chandler | Monica	Joey	Chandler	False		Speaker agrees with available community-transcript mapping.	hey so did uh	Chandler	Chandler	present	char_tracker_stage05	chandler|joey	present	0.5		high	
23	294	673.41	675.17	So did she move out?	Chandler	high	community_transcript_match	1.0	dialogue	False	True	Ross | Joey | Chandler | Monica	Chandler	Joey	False		Speaker agrees with available community-transcript mapping.	Hey so, did uh, did she move out?	Chandler	Chandler	present	char_tracker_stage05	chandler|joey	present	1.0		high	
23	295	675.57	676.85	Pretty much, yeah.	Joey	high	community_transcript_match	1.0	dialogue	False	True	Ross | Joey | Chandler | Monica	Chandler	Monica	False		Speaker agrees with available community-transcript mapping.	Pretty much, yeah.	Joey	Joey	present	char_tracker_stage05	chandler|joey	present	1.0		high	
23	296	677.25	679.65	I cannot believe you just broke up with her, just like that.	Monica	high	community_transcript_match	1.0	dialogue	False	True	Ross | Joey | Chandler | Monica	Joey	Joey	False		Speaker agrees with available community-transcript mapping.	I cannot believe you broke up with her just like that.	Monica	Monica	present	char_tracker_stage05	chandler|joey|monica	present	1.0		high	
23	297	679.89	681.81	Well, when it's not right, you know it.	Joey	high	community_transcript_match	1.0	dialogue	False	True	Ross | Joey | Chandler | Monica	Monica	Chandler	False		Speaker agrees with available community-transcript mapping.	Well, when it’s not right, you know it.	Joey	Joey	present	char_tracker_stage05	joey	present	1.0		high	
23	298	682.29	683.09	You okay?	Chandler	high	community_transcript_match	1.0	dialogue	False	True	Ross | Joey | Chandler | Monica	Joey	Joey	False		Speaker agrees with available community-transcript mapping.	You okay?	Chandler	Chandler	present	char_tracker_stage05	chandler|joey|monica	present	1.0		high	
23	299	683.73	685.57	Yeah, I'll be all right.	Joey	high	community_transcript_match	1.0	dialogue	False	True	Ross | Joey | Chandler | Monica	Chandler	Ross	False		Speaker agrees with available community-transcript mapping.	Yeah! Yeah. I’ll be all right.	Joey	Joey	present	char_tracker_stage05	joey	present	1.0		high	
23	300	687.01	688.53	You know what would cheer you up?	Ross	high	community_transcript_match	1.0	dialogue	False	True	Ross | Joey | Chandler | Monica	Joey	Joey	False		Speaker agrees with available community-transcript mapping.	Y’know what would cheer you up?	Ross	Ross	present	char_tracker_stage05	joey|ross	present	1.0		high	
23	301	689.33	689.73	What?	Joey	high	community_transcript_match	1.0	dialogue	False	True	Ross | Joey | Chandler | Monica	Ross	Ross	False		Speaker agrees with available community-transcript mapping.	What?	Joey	Joey	present	char_tracker_stage05	joey|ross	present	1.0		high	
23	302	690.5	694.02	I'm giving this lecture on erosion theories tomorrow night.	Ross	high	community_transcript_match	1.0	dialogue	False	True	Ross | Joey | Chandler | Monica	Joey	Ross	False		Speaker agrees with available community-transcript mapping.	I’m giving this lecture on erosion theories tomorrow night, I think you should come.	Ross	Ross	present	char_tracker_stage05	ross	present	1.0		high	
23	303	696.58	697.78	I think you should come.	Ross	high	community_transcript_match	1.0	dialogue	False	True	Ross | Joey | Chandler | Monica	Ross	Joey	False		Speaker agrees with available community-transcript mapping.	i think you should come	Ross	Ross	present	char_tracker_stage05	ross	present	1.0		high	
23	304	705.14	706.82	You're right, that did cheer me up.	Joey	high	community_transcript_match	1.0	dialogue	False	True	Ross | Joey | Chandler | Monica	Ross		False		Speaker agrees with available community-transcript mapping.	(laughing hysterically) You’re right! That did cheer me up!	Joey	Joey	present	char_tracker_stage05	joey	present	1.0		high	
