scene_id	sentence_id	start	end	utterance	speaker	speaker_confidence	speaker_method	alignment_score	row_type	filled_from_missing	matched_to_ct	scene_speaker_set	prev_speaker_scene	next_speaker_scene	review_flag	review_reason	notes	utterance_ct	speaker_ct	speaker_original	visual_presence	visual_presence_source	visual_presence_chars	speaker_visual_presence	speaker_visual_ratio	visual_presence_note	annotation_confidence	annotation_review_reason
14	1	1.04	4.32	Um, Ross, I think you misunderstood what I was saying.	Elizabeth	high	community_transcript_match	1.0	dialogue	False	True	Elizabeth | Ross		Elizabeth	False		Speaker agrees with available community-transcript mapping.	Ross, I think you misunderstood what I was saying	Elizabeth	Elizabeth	partial	char_tracker_stage05		unobserved			high	
14	2	5.12	8.4	I just wanted to tell you that I'm going to Florida for a couple weeks.	Elizabeth	high	community_transcript_match	1.0	dialogue	False	True	Elizabeth | Ross	Elizabeth	Ross	False		Speaker agrees with available community-transcript mapping.	Ross, I think you misunderstood what I was saying. I just wanted to tell you that I’m going to Florida for a couple weeks.	Elizabeth	Elizabeth	absent	char_tracker_stage05		unobserved			high	
14	3	13.68	18.8	No, I think you misunderstood what I was saying.	Ross	high	community_transcript_match	1.0	dialogue	False	True	Elizabeth | Ross	Elizabeth	Ross	False		Speaker agrees with available community-transcript mapping.	No. I think you misunderstood what I was saying. What I meant was…	Ross	Ross	present	char_tracker_stage05	ross	present	1.0		high	
14	4	20.32	21.52	What I meant was.	Ross	high	community_transcript_match	1.0	dialogue	False	True	Elizabeth | Ross	Ross	Elizabeth	False		Speaker agrees with available community-transcript mapping.	What I meant was	Ross	Ross	present	char_tracker_stage05	ross	present	1.0		high	
14	5	21.68	23.12	You are so adorable.	Elizabeth	high	community_transcript_match	1.0	dialogue	False	True	Elizabeth | Ross	Ross	Ross	False		Speaker agrees with available community-transcript mapping.	You are so adorable.	Elizabeth	Elizabeth	present	char_tracker_stage05	ross	unobserved			high	
14	6	23.36	23.76	That.	Ross	high	community_transcript_match	1.0	dialogue	False	True	Elizabeth | Ross	Elizabeth	Ross	False		Speaker agrees with available community-transcript mapping.	That	Ross	Ross	present	char_tracker_stage05	ross	present	1.0		high	
14	7	24.88	26.0	Let's talk about that.	Ross	high	community_transcript_match	1.0	dialogue	False	True	Elizabeth | Ross	Ross		False		Speaker agrees with available community-transcript mapping.	That! Let’s talk about that.	Ross	Ross	present	char_tracker_stage05	ross	present	1.0		high	
15	8	29.84	30.32	Hey.	Ross	high	qa_review_resolved_ct_support	1.0	dialogue	False	True	Ross | Chandler | Phoebe | Monica		Chandler	True	speaker_no_face	Speaker agrees with available community-transcript mapping. | QA resolved prior review with community-transcript support.	Hey!	Ross	Ross	absent	char_tracker_stage05		absent	0.0		medium	speaker_no_face
15	9	30.32	30.8	Hey.	Chandler	high	qa_review_resolved_ct_support	1.0	dialogue	False	True	Ross | Chandler | Phoebe | Monica	Ross	Phoebe	True	speaker_no_face	Speaker agrees with available community-transcript mapping. | QA resolved prior review with community-transcript support.	Hey!	Chandler	Chandler	absent	char_tracker_stage05		absent	0.0		medium	speaker_no_face
15	10	30.88	31.24	Hey.	Phoebe	high	qa_review_resolved_ct_support	1.0	dialogue	False	True	Ross | Chandler | Phoebe | Monica	Chandler	Monica	True	speaker_offscreen	Speaker agrees with available community-transcript mapping. | QA resolved prior review with community-transcript support.	Hey!	Phoebe	Phoebe	present	char_tracker_stage05	chandler|monica	absent	0.0		low	speaker_offscreen
15	11	31.24	31.905	How'd it go with Elizabeth?	Monica	high	community_transcript_match	1.0	dialogue	False	True	Ross | Chandler | Phoebe | Monica	Phoebe	Ross	False		Speaker agrees with available community-transcript mapping.	Hey! How did it go with Elizabeth?	Monica	Monica	present	char_tracker_stage05	chandler|monica	present	1.0		high	
15	12	31.905	32.46	What else do we.	Ross	low	scene_context_inference	0.58	dialogue	True	False	Ross | Chandler | Phoebe | Monica	Monica	Ross	True	two_sided_context_ambiguous | low_speaker_confidence	No direct transcript match; weak local context only.				present	char_tracker_stage05	chandler|monica|ross	present			low	low_speaker_confidence
15	13	32.54	32.94	Oh.	Ross	high	community_transcript_match	1.0	reaction	False	True	Ross | Chandler | Phoebe | Monica	Ross	Ross	False		Speaker agrees with available community-transcript mapping.	oh	Ross	Ross	present	char_tracker_stage05	chandler|monica|ross	present	1.0		high	
15	14	32.94	34.22	Oh, it was fine.	Ross	high	community_transcript_match	1.0	dialogue	False	True	Ross | Chandler | Phoebe | Monica	Ross	Ross	False		Speaker agrees with available community-transcript mapping.	Oh-oh, it was fine	Ross	Ross	present	char_tracker_stage05	ross	present	1.0		high	
15	15	34.38	36.3	It was just a misunderstanding.	Ross	high	community_transcript_match	1.0	dialogue	False	True	Ross | Chandler | Phoebe | Monica	Ross	Ross	False		Speaker agrees with available community-transcript mapping.	Uh, it was just a misunderstanding	Ross	Ross	present	char_tracker_stage05	ross	present	1.0		high	
15	16	36.38	37.82	She didn't want me to go with her.	Ross	high	community_transcript_match	1.0	dialogue	False	True	Ross | Chandler | Phoebe | Monica	Ross	Ross	False		Speaker agrees with available community-transcript mapping.	She didn't want me to go with her	Ross	Ross	present	char_tracker_stage05	ross	present	1.0		high	
15	17	37.82	41.26	She just wanted to let me know that she's going to Florida for spring vacation.	Ross	high	community_transcript_match	1.0	dialogue	False	True	Ross | Chandler | Phoebe | Monica	Ross	Chandler	False		Speaker agrees with available community-transcript mapping.	Huh? Oh-oh, it was fine. Uh, it was just a misunderstanding. She didn’t want me to go with her. She just wanted to let me know that she’s going to Florida for spring vacation.	Ross	Ross	present	char_tracker_stage05	ross	present	1.0		high	
15	18	41.34	41.86	Wait a minute.	Chandler	high	community_transcript_match	1.0	dialogue	False	True	Ross | Chandler | Phoebe | Monica	Ross	Chandler	False		Speaker agrees with available community-transcript mapping.	wait a minute	Chandler	Chandler	present	char_tracker_stage05	chandler|monica|ross	present	1.0		high	
15	19	41.86	44.38	Is she going for spring vacation or is she going for spring break?	Chandler	high	community_transcript_match	1.0	dialogue	False	True	Ross | Chandler | Phoebe | Monica	Chandler	Ross	False		Speaker agrees with available community-transcript mapping.	Wait a minute, is she going for spring vacation or is she going for spring break? (Does a little whooping/party noise.)	Chandler	Chandler	present	char_tracker_stage05	chandler|monica	present	1.0		high	
15	20	47.979	48.86	What's the difference?	Ross	high	community_transcript_match	1.0	dialogue	False	True	Ross | Chandler | Phoebe | Monica	Chandler	Monica	False		Speaker agrees with available community-transcript mapping.	What’s-what’s the difference?	Ross	Ross	present	char_tracker_stage05	ross	present	1.0		high	
15	21	48.86	52.06	Well, spring vacation, you're doing nice things with your grandparents.	Monica	high	community_transcript_match	1.0	dialogue	False	True	Ross | Chandler | Phoebe | Monica	Ross	Monica	False		Speaker agrees with available community-transcript mapping.	Well, spring vacation is doing nice things with your grandparents. Spring break you’re doing frat guys.	Monica	Monica	present	char_tracker_stage05	chandler|monica	present	0.8		high	
15	22	52.46	54.86	Spring break, you're doing frat guys.	Monica	high	community_transcript_match	1.0	dialogue	False	True	Ross | Chandler | Phoebe | Monica	Monica	Ross	False		Speaker agrees with available community-transcript mapping.	Spring break you're doing frat guys	Monica	Monica	present	char_tracker_stage05	chandler|monica	present	1.0		high	
15	23	57.02	57.66	You know what?	Ross	high	community_transcript_match	1.0	dialogue	False	True	Ross | Chandler | Phoebe | Monica	Monica	Ross	False		Speaker agrees with available community-transcript mapping.	Hey, y'know what	Ross	Ross	present	char_tracker_stage05	ross	present	1.0		high	
15	24	57.66	58.82	Not all spring break.	Ross	high	community_transcript_match	1.0	dialogue	False	True	Ross | Chandler | Phoebe | Monica	Ross	Ross	False		Speaker agrees with available community-transcript mapping.	Hey, y’know what? Not all spring breaks are like that.	Ross	Ross	present	char_tracker_stage05	ross	present	1.0		high	
15	25	58.82	59.9	So I like that.	Ross	medium	visual_disambiguation	0.74	dialogue	True	False	Ross | Chandler | Phoebe | Monica	Ross	Phoebe	False		Only one of the two text-context candidates was visually present in the window.				present	char_tracker_stage05	ross	present			medium	
15	26	60.15	61.19	What'd you do on yours?	Phoebe	high	community_transcript_match	1.0	dialogue	False	True	Ross | Chandler | Phoebe | Monica	Ross	Ross	False		Speaker agrees with available community-transcript mapping.	What did you do on yours?	Phoebe	Phoebe	present	char_tracker_stage05	phoebe|ross	present	1.0		high	
15	27	61.35	63.11	I went to Egypt with my dad.	Ross	high	community_transcript_match	1.0	dialogue	False	True	Ross | Chandler | Phoebe | Monica	Phoebe	Chandler	False		Speaker agrees with available community-transcript mapping.	I went to Egypt with my dad.	Ross	Ross	present	char_tracker_stage05	phoebe|ross	present	1.0		high	
15	28	65.19	66.31	I can see it now.	Chandler	high	community_transcript_match	1.0	dialogue	False	True	Ross | Chandler | Phoebe | Monica	Ross	Chandler	False		Speaker agrees with available community-transcript mapping.	i can see it now	Chandler	Chandler	present	char_tracker_stage05	chandler|monica	present	1.0		high	
15	29	66.47	67.75	Look, dad, it's the Sphinx.	Chandler	high	community_transcript_match	1.0	dialogue	False	True	Ross | Chandler | Phoebe | Monica	Chandler	Ross	False		Speaker agrees with available community-transcript mapping.	"I can see it now, ""Look dad, it’s the Sphinx!"" (Does that party noise again.)"	Chandler	Chandler	present	char_tracker_stage05	chandler|monica	present	1.0		high	
15	30	70.39	73.35	I think Elizabeth is a little more serious than spring break.	Ross	high	community_transcript_match	1.0	dialogue	False	True	Ross | Chandler | Phoebe | Monica	Chandler	Monica	False		Speaker agrees with available community-transcript mapping.	"Hey, I think Elizabeth is a little more serious than, ""Spring break!"" (Imitates the party noise.) All right? I mean she’s taken my class!"	Ross	Ross	present	char_tracker_stage05	ross	present	1.0		high	
15	31	76.07	79.43	I mean, come on, she's taken my class and slept with the professor.	Monica	high	community_transcript_match	1.0	dialogue	False	True	Ross | Chandler | Phoebe | Monica	Ross	Ross	False		Speaker agrees with available community-transcript mapping.	And slept with the professor.	Monica	Monica	present	char_tracker_stage05	chandler|monica|ross	present	0.5		high	
15	32	79.43	80.15	I'm going to call her.	Ross	high	community_transcript_match	1.0	dialogue	False	True	Ross | Chandler | Phoebe | Monica	Monica	Chandler	False		Speaker agrees with available community-transcript mapping.	I’m gonna call her.	Ross	Ross	present	char_tracker_stage05	chandler|monica|ross	present	1.0		high	
15	33	80.15	80.55	Yeah.	Chandler	high	qa_review_resolved_ct_support	1.0	dialogue	False	True	Ross | Chandler | Phoebe | Monica	Ross		True	speaker_offscreen	Speaker agrees with available community-transcript mapping. | QA resolved prior review with community-transcript support.	Yeah.	Chandler	Chandler	present	char_tracker_stage05	ross	absent	0.0		low	speaker_offscreen
16	34	84.15	87.83	Hey, you guys, I want you to meet Sebastian.	Rachel	high	qa_review_resolved_ct_support	1.0	dialogue	False	True	Rachel | Sebastian | Phoebe | Monica | Chandler		Sebastian	True	speaker_no_face	Speaker agrees with available community-transcript mapping. | QA resolved prior review with community-transcript support.	Hey! You guys umm, I want you to meet Sebastian.	Rachel	Rachel	partial	char_tracker_stage05		absent	0.25		medium	speaker_no_face
16	35	88.23	88.71	Hi.	Sebastian	high	community_transcript_match	1.0	dialogue	False	True	Rachel | Sebastian | Phoebe | Monica | Chandler	Rachel	Rachel	False		Speaker agrees with available community-transcript mapping.	Hi.	Sebastian	Sebastian	present	char_tracker_stage05	rachel	unobserved			high	
16	36	88.79	89.35	We just.	Rachel	high	community_transcript_match	1.0	dialogue	False	True	Rachel | Sebastian | Phoebe | Monica | Chandler	Sebastian	Rachel	False		Speaker agrees with available community-transcript mapping.	we just uh	Rachel	Rachel	present	char_tracker_stage05	rachel	present	1.0		high	
16	37	89.41	90.69	And we just met at the newsstand.	Rachel	high	community_transcript_match	1.0	dialogue	False	True	Rachel | Sebastian | Phoebe | Monica | Chandler	Rachel	Rachel	False		Speaker agrees with available community-transcript mapping.	We just uh, we just met at the newsstand	Rachel	Rachel	present	char_tracker_stage05	rachel	present	1.0		high	
16	38	90.69	92.85	We both grabbed for the last Field and Stream.	Rachel	high	community_transcript_match	1.0	dialogue	False	True	Rachel | Sebastian | Phoebe | Monica | Chandler	Rachel	Rachel	False		Speaker agrees with available community-transcript mapping.	We just uh, we just met at the newsstand. We both grabbed for the last Field & Stream. (Chandler’s shocked.) What? I read that.	Rachel	Rachel	present	char_tracker_stage05	rachel	present	1.0		high	
16	39	95.25	95.57	What?	Rachel	high	community_transcript_match	1.0	dialogue	False	True	Rachel | Sebastian | Phoebe | Monica | Chandler	Rachel	Rachel	False		Speaker agrees with available community-transcript mapping.	What	Rachel	Rachel	present	char_tracker_stage05	rachel	present	1.0		high	
16	40	95.57	96.29	I read that.	Rachel	high	community_transcript_match	1.0	dialogue	False	True	Rachel | Sebastian | Phoebe | Monica | Chandler	Rachel	Sebastian	False		Speaker agrees with available community-transcript mapping.	I read that	Rachel	Rachel	present	char_tracker_stage05	rachel	present	1.0		high	
16	41	98.05	99.41	Can I get you a cup of coffee?	Sebastian	high	community_transcript_match	1.0	dialogue	False	True	Rachel | Sebastian | Phoebe | Monica | Chandler	Rachel	Rachel	False		Speaker agrees with available community-transcript mapping.	Can I get you a cup of coffee?	Sebastian	Sebastian	present	char_tracker_stage05	rachel	unobserved			high	
16	42	99.41	100.53	Oh, yes, thank you.	Rachel	high	qa_review_resolved_ct_support	1.0	dialogue	False	True	Rachel | Sebastian | Phoebe | Monica | Chandler	Sebastian	Phoebe	True	speaker_no_face	Speaker agrees with available community-transcript mapping. | QA resolved prior review with community-transcript support.	Oh yes! Thank you! (He does so and Rachel sits down on the couch.)	Rachel	Rachel	absent	char_tracker_stage05		absent	0.0		medium	speaker_no_face
16	43	104.21	105.73	Rachel, what the hell is this?	Phoebe	high	community_transcript_match	1.0	dialogue	False	True	Rachel | Sebastian | Phoebe | Monica | Chandler	Rachel	Rachel	False		Speaker agrees with available community-transcript mapping.	Rachel, what the hell is this?!	Phoebe	Phoebe	present	char_tracker_stage05	phoebe	present	1.0		high	
16	44	107.01	107.41	What?	Rachel	high	community_transcript_match	1.0	dialogue	False	True	Rachel | Sebastian | Phoebe | Monica | Chandler	Phoebe	Phoebe	False		Speaker agrees with available community-transcript mapping.	(shocked) What?	Rachel	Rachel	present	char_tracker_stage05	phoebe|rachel	present	1.0		high	
16	45	107.57	111.81	You ask us to find you a guy and then you come traipsing in here with a guy of your own?	Phoebe	high	community_transcript_match	1.0	dialogue	False	True	Rachel | Sebastian | Phoebe | Monica | Chandler	Rachel	Rachel	False		Speaker agrees with available community-transcript mapping.	You ask us to find you a guy and you come traipsing in here with your own!	Phoebe	Phoebe	present	char_tracker_stage05	phoebe	present	1.0		high	
16	46	111.81	112.93	You found me a guy?	Rachel	high	community_transcript_match	1.0	dialogue	False	True	Rachel | Sebastian | Phoebe | Monica | Chandler	Phoebe	Monica	False		Speaker agrees with available community-transcript mapping.	You found me a guy?	Rachel	Rachel	present	char_tracker_stage05	phoebe|rachel	present	1.0		high	
16	47	113.01	113.45	Yes.	Monica	high	qa_review_resolved_ct_support	1.0	dialogue	False	True	Rachel | Sebastian | Phoebe | Monica | Chandler	Rachel	Monica	True	speaker_offscreen	Speaker agrees with available community-transcript mapping. | QA resolved prior review with community-transcript support.	Yes	Monica	Monica	present	char_tracker_stage05	rachel	absent	0.0		low	speaker_offscreen
16	48	113.45	116.85	We found you a really cute, funny guy from Taylor's work.	Monica	high	qa_review_resolved_ct_support	1.0	dialogue	False	True	Rachel | Sebastian | Phoebe | Monica | Chandler	Monica	Phoebe	True	speaker_no_face	Speaker agrees with available community-transcript mapping. | QA resolved prior review with community-transcript support.	Yes! We found you a really cute and funny guy from Chandler’s work!	Monica	Monica	partial	char_tracker_stage05		absent	0.0		medium	speaker_no_face
16	49	117.11	120.15	Yeah, and I found you one too, who is not a weirdo.	Phoebe	high	community_transcript_match	1.0	dialogue	False	True	Rachel | Sebastian | Phoebe | Monica | Chandler	Monica	Rachel	False		Speaker agrees with available community-transcript mapping.	Yeah and I-I found you one too who is not a weirdo.	Phoebe	Phoebe	present	char_tracker_stage05	phoebe	present	1.0		high	
16	50	121.91	122.79	Well, you know what, though?	Rachel	high	community_transcript_match	1.0	dialogue	False	True	Rachel | Sebastian | Phoebe | Monica | Chandler	Phoebe	Rachel	False		Speaker agrees with available community-transcript mapping.	well y'know what though	Rachel	Rachel	present	char_tracker_stage05	rachel	present	1.0		high	
16	51	122.79	124.75	You guys, I really appreciate that.	Rachel	high	community_transcript_match	1.0	dialogue	False	True	Rachel | Sebastian | Phoebe | Monica | Chandler	Rachel	Rachel	False		Speaker agrees with available community-transcript mapping.	well y'know what though you guys i really appreciate that	Rachel	Rachel	present	char_tracker_stage05	rachel	present	1.0		high	
16	52	124.75	127.43	But I think I'm just gonna take Sebastian to the charity.	Rachel	high	community_transcript_match	1.0	dialogue	False	True	Rachel | Sebastian | Phoebe | Monica | Chandler	Rachel	Chandler	False		Speaker agrees with available community-transcript mapping.	Well, y’know what though you guys? I really appreciate that but I think I’m just gonna take Sebastian to the charity.	Rachel	Rachel	present	char_tracker_stage05	rachel	present	1.0		high	
16	53	127.51	128.19	Are you sure?	Chandler	high	community_transcript_match	1.0	dialogue	False	True	Rachel | Sebastian | Phoebe | Monica | Chandler	Rachel	Chandler	False		Speaker agrees with available community-transcript mapping.	Are you sure	Chandler	Chandler	present	char_tracker_stage05	chandler|monica|rachel	present	1.0		high	
16	54	128.19	130.47	Because our guy smells incredible.	Chandler	high	community_transcript_match	1.0	dialogue	False	True	Rachel | Sebastian | Phoebe | Monica | Chandler	Chandler	Monica	False		Speaker agrees with available community-transcript mapping.	Are you sure?! Because our guy smells incredible!	Chandler	Chandler	present	char_tracker_stage05	chandler|monica	present	1.0		high	
16	55	130.63	131.99	Would you stop it with that already?	Monica	high	community_transcript_match	1.0	dialogue	False	True	Rachel | Sebastian | Phoebe | Monica | Chandler	Chandler		False		Speaker agrees with available community-transcript mapping.	Uh, would you stop it with that already?!	Monica	Monica	present	char_tracker_stage05	chandler|monica	present	1.0		high	
17	56	133.43	134.15	Here you go.	Sebastian	high	community_transcript_match	1.0	dialogue	False	True	Sebastian | Rachel | Phoebe | Chandler | Monica | Joey		Rachel	False		Speaker agrees with available community-transcript mapping.	Here you go. (Hands her, her cup.)	Sebastian	Sebastian	present	char_tracker_stage05	chandler|monica	unobserved			high	
17	57	134.39	135.31	Oh, thank you.	Rachel	high	qa_review_resolved_ct_support	1.0	dialogue	False	True	Sebastian | Rachel | Phoebe | Chandler | Monica | Joey	Sebastian	Sebastian	True	speaker_no_face	Speaker agrees with available community-transcript mapping. | QA resolved prior review with community-transcript support.	Oh, thank you.	Rachel	Rachel	absent	char_tracker_stage05		absent	0.0		medium	speaker_no_face
17	58	135.31	135.67	Sure.	Sebastian	high	community_transcript_match	1.0	dialogue	False	True	Sebastian | Rachel | Phoebe | Chandler | Monica | Joey	Rachel	Phoebe	False		Speaker agrees with available community-transcript mapping.	Sure.	Sebastian	Sebastian	absent	char_tracker_stage05		unobserved			high	
17	59	137.51	140.39	So, Sebastian, do you do any volunteer work?	Phoebe	high	community_transcript_match	1.0	dialogue	False	True	Sebastian | Rachel | Phoebe | Chandler | Monica | Joey	Sebastian	Sebastian	False		Speaker agrees with available community-transcript mapping.	So, Sebastian, do you do any volunteer work?	Phoebe	Phoebe	present	char_tracker_stage05	phoebe	present	0.75		high	
17	60	141.03	141.79	No, not really.	Sebastian	high	community_transcript_match	1.0	dialogue	False	True	Sebastian | Rachel | Phoebe | Chandler | Monica | Joey	Phoebe	Sebastian	False		Speaker agrees with available community-transcript mapping.	Uh, no not really. Why?	Sebastian	Sebastian	present	char_tracker_stage05	phoebe|rachel	unobserved			high	
17	61	141.79	142.15	Why?	Sebastian	high	community_transcript_match	1.0	dialogue	False	True	Sebastian | Rachel | Phoebe | Chandler | Monica | Joey	Sebastian	Phoebe	False		Speaker agrees with available community-transcript mapping.	Why	Sebastian	Sebastian	present	char_tracker_stage05	phoebe|rachel	unobserved			high	
17	62	142.23	142.79	No reason.	Phoebe	high	community_transcript_match	1.0	dialogue	False	True	Sebastian | Rachel | Phoebe | Chandler | Monica | Joey	Sebastian	Phoebe	False		Speaker agrees with available community-transcript mapping.	no reason	Phoebe	Phoebe	present	char_tracker_stage05	phoebe|rachel	present	1.0		high	
17	63	143.1	145.98	It's just I know a single guy who does care about other people.	Phoebe	high	community_transcript_match	1.0	dialogue	False	True	Sebastian | Rachel | Phoebe | Chandler | Monica | Joey	Phoebe	Chandler	False		Speaker agrees with available community-transcript mapping.	No reason, it’s just I know a single guy that cares about other people.	Phoebe	Phoebe	present	char_tracker_stage05	phoebe	present	1.0		high	
17	64	147.58	148.54	Are you funny?	Chandler	high	community_transcript_match	1.0	dialogue	False	True	Sebastian | Rachel | Phoebe | Chandler | Monica | Joey	Phoebe	Sebastian	False		Speaker agrees with available community-transcript mapping.	Are you funny?	Chandler	Chandler	present	char_tracker_stage05	chandler|monica|rachel	present	1.0		high	
17	65	150.46	151.18	Excuse me.	Sebastian	high	community_transcript_match	1.0	dialogue	False	True	Sebastian | Rachel | Phoebe | Chandler | Monica | Joey	Chandler	Rachel	False		Speaker agrees with available community-transcript mapping.	Excuse me?	Sebastian	Sebastian	present	char_tracker_stage05	rachel	unobserved			high	
17	66	151.42	152.94	What are you guys doing?	Rachel	high	community_transcript_match	1.0	dialogue	False	True	Sebastian | Rachel | Phoebe | Chandler | Monica | Joey	Sebastian	Monica	False		Speaker agrees with available community-transcript mapping.	What are you guys doing?	Rachel	Rachel	present	char_tracker_stage05	rachel	present	1.0		high	
17	67	153.02	153.9	Are you funny?	Monica	high	community_transcript_match	1.0	dialogue	False	True	Sebastian | Rachel | Phoebe | Chandler | Monica | Joey	Rachel	Monica	False		Speaker agrees with available community-transcript mapping.	Are you funny	Monica	Monica	present	char_tracker_stage05	chandler|monica|rachel	present	1.0		high	
17	68	153.9	154.94	Tell us a joke.	Monica	high	community_transcript_match	1.0	dialogue	False	True	Sebastian | Rachel | Phoebe | Chandler | Monica | Joey	Monica	Sebastian	False		Speaker agrees with available community-transcript mapping.	Are you funny? Tell us a joke!	Monica	Monica	present	char_tracker_stage05	chandler|monica|rachel	present	1.0		high	
17	69	157.02	158.94	Look, I just wanted to have coffee with Rachel.	Sebastian	high	community_transcript_match	1.0	dialogue	False	True	Sebastian | Rachel | Phoebe | Chandler | Monica | Joey	Monica	Phoebe	False		Speaker agrees with available community-transcript mapping.	Look, I just wanted to have coffee with Rachel.	Sebastian	Sebastian	present	char_tracker_stage05	rachel	unobserved			high	
17	70	159.02	160.62	Yeah, well, so do a lot of people.	Phoebe	high	community_transcript_match	1.0	dialogue	False	True	Sebastian | Rachel | Phoebe | Chandler | Monica | Joey	Sebastian	Sebastian	False		Speaker agrees with available community-transcript mapping.	Well, so do a lot of people.	Phoebe	Phoebe	present	char_tracker_stage05	phoebe	present	1.0		high	
17	71	163.1	165.18	Actually, I gotta get going here.	Sebastian	high	community_transcript_match	1.0	dialogue	False	True	Sebastian | Rachel | Phoebe | Chandler | Monica | Joey	Phoebe	Sebastian	False		Speaker agrees with available community-transcript mapping.	Actually, I uh, I gotta get going	Sebastian	Sebastian	absent	char_tracker_stage05		unobserved			high	
17	72	165.98	167.02	Give me a call sometime.	Sebastian	high	community_transcript_match	1.0	dialogue	False	True	Sebastian | Rachel | Phoebe | Chandler | Monica | Joey	Sebastian	Rachel	False		Speaker agrees with available community-transcript mapping.	Actually, I uh, I gotta get going. (To Rachel) Give me a call sometime.	Sebastian	Sebastian	partial	char_tracker_stage05		unobserved			high	
17	73	167.02	169.18	Oh, but you didn't give me your phone number.	Rachel	high	qa_review_resolved_ct_support	1.0	dialogue	False	True	Sebastian | Rachel | Phoebe | Chandler | Monica | Joey	Sebastian	Sebastian	True	speaker_offscreen	Speaker agrees with available community-transcript mapping. | QA resolved prior review with community-transcript support.	Oh, but y’know, no, you didn’t give me your phone number.	Rachel	Rachel	present	char_tracker_stage05	chandler	absent	0.0		low	speaker_offscreen
17	74	169.34	170.3	Okay, see you later.	Sebastian	high	community_transcript_match	1.0	dialogue	False	True	Sebastian | Rachel | Phoebe | Chandler | Monica | Joey	Rachel	Chandler	False		Speaker agrees with available community-transcript mapping.	Okay! See you later! (Exits.)	Sebastian	Sebastian	present	char_tracker_stage05	chandler	unobserved			high	
17	75	172.79	174.07	Turns out he is kind of funny.	Chandler	high	qa_review_resolved_ct_support	1.0	dialogue	False	True	Sebastian | Rachel | Phoebe | Chandler | Monica | Joey	Sebastian	Rachel	True	speaker_offscreen	Speaker agrees with available community-transcript mapping. | QA resolved prior review with community-transcript support.	(To Monica) Turns out he is kinda funny.	Chandler	Chandler	present	char_tracker_stage05	monica	absent	0.0		low	speaker_offscreen
17	76	176.55	178.63	I cannot believe you guys.	Rachel	high	qa_review_resolved_ct_support	1.0	dialogue	False	True	Sebastian | Rachel | Phoebe | Chandler | Monica | Joey	Chandler	Rachel	True	speaker_no_face	Speaker agrees with available community-transcript mapping. | QA resolved prior review with community-transcript support.	I cannot believe you guys	Rachel	Rachel	partial	char_tracker_stage05		absent	0.0		medium	speaker_no_face
17	77	178.87	181.99	He was really nice and he just left because of you.	Rachel	high	community_transcript_match	1.0	dialogue	False	True	Sebastian | Rachel | Phoebe | Chandler | Monica | Joey	Rachel	Chandler	False		Speaker agrees with available community-transcript mapping.	I cannot believe you guys! He was really nice and he left because of you!	Rachel	Rachel	present	char_tracker_stage05	rachel	present	0.75		high	
17	78	182.31	183.67	Yeah, but Sebastian?	Chandler	high	community_transcript_match	1.0	dialogue	False	True	Sebastian | Rachel | Phoebe | Chandler | Monica | Joey	Rachel	Chandler	False		Speaker agrees with available community-transcript mapping.	yeah but sebastian	Chandler	Chandler	present	char_tracker_stage05	chandler|monica	present	1.0		high	
17	79	183.83	185.11	What is that, a cat's name?	Chandler	high	community_transcript_match	1.0	dialogue	False	True	Sebastian | Rachel | Phoebe | Chandler | Monica | Joey	Chandler	Phoebe	False		Speaker agrees with available community-transcript mapping.	Yeah, but Sebastian? What is that? A cat’s name?	Chandler	Chandler	present	char_tracker_stage05	chandler|monica	present	1.0		high	
17	80	186.63	189.51	Yeah, you know what I noticed, Rachel, he scares easy.	Phoebe	high	community_transcript_match	1.0	dialogue	False	True	Sebastian | Rachel | Phoebe | Chandler | Monica | Joey	Chandler	Phoebe	False		Speaker agrees with available community-transcript mapping.	He scares easy	Phoebe	Phoebe	present	char_tracker_stage05	phoebe|rachel	present	0.75		high	
17	81	190.07	192.39	Now, is that the kind of guy you Want to take to a ball?	Phoebe	high	community_transcript_match	1.0	dialogue	False	True	Sebastian | Rachel | Phoebe | Chandler | Monica | Joey	Phoebe	Phoebe	False		Speaker agrees with available community-transcript mapping.	Is that the kind of guy you'd like to take to a ball	Phoebe	Phoebe	present	char_tracker_stage05	phoebe	present	1.0		high	
17	82	192.79	194.55	Hey Sebastian, would you like to dance?	Phoebe	high	community_transcript_match	1.0	dialogue	False	True	Sebastian | Rachel | Phoebe | Chandler | Monica | Joey	Phoebe	Phoebe	False		Speaker agrees with available community-transcript mapping.	"Yeah, y’know what I noticed Rachel? He scares easy. Is that the kind of guy you’d like to take to a ball? ""Hey Sebastian, would you like to dance?"" (Imitates him.) ""Uhh, okay—I gotta go!"""	Phoebe	Phoebe	present	char_tracker_stage05	phoebe	present	1.0		high	
17	83	195.35	196.55	Okay, I gotta go.	Phoebe	high	community_transcript_match	1.0	dialogue	False	True	Sebastian | Rachel | Phoebe | Chandler | Monica | Joey	Phoebe	Phoebe	False		Speaker agrees with available community-transcript mapping.	""" ""Uhh, okay—I gotta go"	Phoebe	Phoebe	present	char_tracker_stage05	phoebe	present	1.0		high	
17	84	198.26	199.22	All right, guys, stop it.	Phoebe	medium	scene_context_inference	0.66	dialogue	True	False	Sebastian | Rachel | Phoebe | Chandler | Monica | Joey	Phoebe	Monica	True	two_sided_context_ambiguous	No direct transcript match; longer line defaulted to previous speaker in same scene.				present	char_tracker_stage05	chandler|monica|phoebe	present			medium	
17	85	199.46	200.9	Rachel, we're very sorry.	Monica	medium	visual_disambiguation	0.74	dialogue	True	False	Sebastian | Rachel | Phoebe | Chandler | Monica | Joey	Phoebe	Monica	False		Only one of the two text-context candidates was visually present in the window.				present	char_tracker_stage05	chandler|monica	present			medium	
17	86	200.9	203.14	That is a very insensitive thing for us to do.	Monica	high	community_transcript_match	1.0	dialogue	False	True	Sebastian | Rachel | Phoebe | Chandler | Monica | Joey	Monica	Monica	False		Speaker agrees with available community-transcript mapping.	All right guys stop it. Rachel, we’re very sorry that is a very insensitive thing for us to do. And y’know what? Let us make it up to you, we have two really great guys for you.	Monica	Monica	present	char_tracker_stage05	chandler|monica	present	1.0		high	
17	87	203.14	204.38	And you know what?	Monica	high	community_transcript_match	1.0	dialogue	False	True	Sebastian | Rachel | Phoebe | Chandler | Monica | Joey	Monica	Monica	False		Speaker agrees with available community-transcript mapping.	And y'know what	Monica	Monica	present	char_tracker_stage05	chandler|monica	present	1.0		high	
17	88	204.38	205.3	Let us make it up to you.	Monica	high	community_transcript_match	1.0	dialogue	False	True	Sebastian | Rachel | Phoebe | Chandler | Monica | Joey	Monica	Monica	False		Speaker agrees with available community-transcript mapping.	Let us make it up to you, we have two really great guys for you	Monica	Monica	present	char_tracker_stage05	chandler|monica	present	1.0		high	
17	89	205.3	207.46	We have two really great guys for you.	Monica	high	community_transcript_match	1.0	dialogue	False	True	Sebastian | Rachel | Phoebe | Chandler | Monica | Joey	Monica	Phoebe	False		Speaker agrees with available community-transcript mapping.	we have two really great guys for you	Monica	Monica	present	char_tracker_stage05	chandler|monica	present	1.0		high	
17	90	207.78	209.22	Yeah, what have you got to lose?	Phoebe	high	qa_review_resolved_ct_support	1.0	dialogue	False	True	Sebastian | Rachel | Phoebe | Chandler | Monica | Joey	Monica	Phoebe	True	speaker_offscreen	Speaker agrees with available community-transcript mapping. | QA resolved prior review with community-transcript support.	What have you got to lose	Phoebe	Phoebe	present	char_tracker_stage05	rachel	absent	0.3333		low	speaker_offscreen
17	91	209.22	213.06	You know, you might even end up with someone really special if you pick my guy.	Phoebe	high	community_transcript_match	1.0	dialogue	False	True	Sebastian | Rachel | Phoebe | Chandler | Monica | Joey	Phoebe	Rachel	False		Speaker agrees with available community-transcript mapping.	Yeah! What have you got to lose? Y’know you might even end up with someone really special (whispers) if you pick my guy.	Phoebe	Phoebe	present	char_tracker_stage05	phoebe	present	1.0		high	
17	92	215.06	215.62	All right.	Rachel	high	community_transcript_match	1.0	dialogue	False	True	Sebastian | Rachel | Phoebe | Chandler | Monica | Joey	Phoebe	Chandler	False		Speaker agrees with available community-transcript mapping.	All right.	Rachel	Rachel	present	char_tracker_stage05	rachel	present	1.0		high	
17	93	215.94	216.58	Okay.	Chandler	high	qa_review_resolved_ct_support	1.0	dialogue	False	True	Sebastian | Rachel | Phoebe | Chandler | Monica | Joey	Rachel	Chandler	True	speaker_offscreen	Speaker agrees with available community-transcript mapping. | QA resolved prior review with community-transcript support.	okay	Chandler	Chandler	present	char_tracker_stage05	rachel	absent	0.0		low	speaker_offscreen
17	94	216.58	217.82	So you will meet our guys?	Chandler	high	qa_review_resolved_ct_support	1.0	dialogue	False	True	Sebastian | Rachel | Phoebe | Chandler | Monica | Joey	Chandler	Rachel	True	speaker_offscreen	Speaker agrees with available community-transcript mapping. | QA resolved prior review with community-transcript support.	Okay, so you will meet our guys?	Chandler	Chandler	present	char_tracker_stage05	rachel	absent	0.0		low	speaker_offscreen
17	95	217.82	218.78	Yes, I'll meet them.	Rachel	high	community_transcript_match	1.0	dialogue	False	True	Sebastian | Rachel | Phoebe | Chandler | Monica | Joey	Chandler	Chandler	False		Speaker agrees with available community-transcript mapping.	Yes, I’ll meet ‘em.	Rachel	Rachel	present	char_tracker_stage05	rachel	present	1.0		high	
17	96	218.78	219.18	Okay.	Chandler	medium	short_turn_alternation	0.7	dialogue	True	False	Sebastian | Rachel | Phoebe | Chandler | Monica | Joey	Rachel	Chandler	True	short_utterance_between_two_speakers	Short utterance inferred from local turn alternation.				present	char_tracker_stage05	chandler|monica|rachel	present			medium	
17	97	219.18	220.66	Now it doesn't matter which one you choose.	Chandler	high	scene_context_bridge	0.88	dialogue	True	False	Sebastian | Rachel | Phoebe | Chandler | Monica | Joey	Chandler	Chandler	False		Same speaker appears on both sides within the same scene.				present	char_tracker_stage05	chandler|monica|rachel	present			high	
17	98	220.66	222.18	You know, it's completely up to you.	Chandler	high	scene_context_bridge	0.88	dialogue	True	False	Sebastian | Rachel | Phoebe | Chandler | Monica | Joey	Chandler	Chandler	False		Same speaker appears on both sides within the same scene.				present	char_tracker_stage05	chandler|monica	present			high	
17	99	222.18	223.07	Our guy is.	Chandler	high	scene_context_bridge	0.88	dialogue	True	False	Sebastian | Rachel | Phoebe | Chandler | Monica | Joey	Chandler	Chandler	False		Same speaker appears on both sides within the same scene.				present	char_tracker_stage05	chandler|monica	present			high	
17	100	223.3	223.94	Is perfect.	Chandler	high	scene_context_bridge	0.88	dialogue	True	False	Sebastian | Rachel | Phoebe | Chandler | Monica | Joey	Chandler	Chandler	False		Same speaker appears on both sides within the same scene.				present	char_tracker_stage05	chandler|monica	present			high	
17	101	224.58	228.02	Or you could go out with the guy that Phoebe deemed not good enough to go out with herself.	Chandler	high	community_transcript_match	1.0	dialogue	False	True	Sebastian | Rachel | Phoebe | Chandler | Monica | Joey	Chandler	Joey	False		Speaker agrees with available community-transcript mapping.	Okay now it doesn’t matter which one you choose, y’know? It’s completely up to you. Our guy is perfect, or you can go out with the guy Phoebe deemed not good enough to go out with herself.	Chandler	Chandler	present	char_tracker_stage05	chandler|monica	present	1.0		high	
17	102	229.86	231.22	Phoebe, There you are.	Joey	high	qa_review_resolved_ct_support	1.0	dialogue	False	True	Sebastian | Rachel | Phoebe | Chandler | Monica | Joey	Chandler	Joey	True	speaker_no_face	Speaker agrees with available community-transcript mapping. | QA resolved prior review with community-transcript support.	There you are	Joey	Joey	partial	char_tracker_stage05		absent	0.3333		medium	speaker_no_face
17	103	231.22	232.34	Okay, you broke my fridge.	Joey	high	community_transcript_match	1.0	dialogue	False	True	Sebastian | Rachel | Phoebe | Chandler | Monica | Joey	Joey	Joey	False		Speaker agrees with available community-transcript mapping.	(entering) Pheebs! There you are! Okay, you broke my fridge; you owe me 400 bucks!	Joey	Joey	present	char_tracker_stage05	joey	present	1.0		high	
17	104	232.34	233.38	Owe me 400 bucks.	Joey	high	community_transcript_match	1.0	dialogue	False	True	Sebastian | Rachel | Phoebe | Chandler | Monica | Joey	Joey	Phoebe	False		Speaker agrees with available community-transcript mapping.	you owe me 400 bucks	Joey	Joey	present	char_tracker_stage05	joey	present	1.0		high	
17	105	235.62	236.42	Okay, sure.	Phoebe	high	community_transcript_match	1.0	dialogue	False	True	Sebastian | Rachel | Phoebe | Chandler | Monica | Joey	Joey	Joey	False		Speaker agrees with available community-transcript mapping.	Okay sure!	Phoebe	Phoebe	present	char_tracker_stage05	joey|phoebe	present	1.0		high	
17	106	236.74	237.14	Really?	Joey	high	community_transcript_match	1.0	dialogue	False	True	Sebastian | Rachel | Phoebe | Chandler | Monica | Joey	Phoebe	Phoebe	False		Speaker agrees with available community-transcript mapping.	Really?!	Joey	Joey	present	char_tracker_stage05	joey|phoebe	present	1.0		high	
17	107	238.74	244.5	Ooh, technically you owe me $600 for sending out happy thoughts on your last 10 auditions.	Phoebe	high	community_transcript_match	1.0	dialogue	False	True	Sebastian | Rachel | Phoebe | Chandler | Monica | Joey	Joey	Joey	False		Speaker agrees with available community-transcript mapping.	Ooh, technically you owe me $600 for sending out happy thoughts on your last ten auditions.	Phoebe	Phoebe	present	char_tracker_stage05	phoebe	present	1.0		high	
17	108	250.1	250.66	Call it even.	Joey	high	community_transcript_match	1.0	dialogue	False	True	Sebastian | Rachel | Phoebe | Chandler | Monica | Joey	Phoebe	Phoebe	False		Speaker agrees with available community-transcript mapping.	Call it even?	Joey	Joey	present	char_tracker_stage05	joey	present	1.0		high	
17	109	253.06	253.7	Okay.	Phoebe	high	community_transcript_match	1.0	dialogue	False	True	Sebastian | Rachel | Phoebe | Chandler | Monica | Joey	Joey		False		Speaker agrees with available community-transcript mapping.	Okay.	Phoebe	Phoebe	present	char_tracker_stage05	phoebe	present	1.0		high	
18	110	256.74	257.7	Well, there you are.	Chandler	high	community_transcript_match	1.0	dialogue	False	True	Chandler | Ross | Joey | Monica | Phoebe		Chandler	False		Speaker agrees with available community-transcript mapping.	(To Ross) Well, there you are! So what did Elizabeth say?	Chandler	Chandler	present	char_tracker_stage05	chandler|monica	present	0.5		high	
18	111	257.86	259.14	So what'd Elizabeth say?	Chandler	high	community_transcript_match	1.0	dialogue	False	True	Chandler | Ross | Joey | Monica | Phoebe	Chandler	Chandler	False		Speaker agrees with available community-transcript mapping.	So what did Elizabeth say	Chandler	Chandler	present	char_tracker_stage05	chandler|monica	present	1.0		high	
18	112	259.22	262.5	Well, turns out she is going to Daytona for spring break.	Chandler	medium	scene_context_inference	0.7100000000000001	dialogue	True	False	Chandler | Ross | Joey | Monica | Phoebe	Chandler	Ross	True	medium_confidence_context_fill	Continuation-style opener favors previous speaker within the same scene.				present	char_tracker_stage05	chandler|monica|ross	present			medium	
18	113	262.5	263.22	Woo hoo.	Ross	medium	visual_disambiguation	0.74	dialogue	True	False	Chandler | Ross | Joey | Monica | Phoebe	Chandler	Ross	False		Only one of the two text-context candidates was visually present in the window.				present	char_tracker_stage05	ross	present			medium	
18	114	264.26	264.82	That means.	Ross	high	scene_context_bridge	0.88	dialogue	True	False	Chandler | Ross | Joey | Monica | Phoebe	Ross	Ross	False		Same speaker appears on both sides within the same scene.				present	char_tracker_stage05	ross	present			high	
18	115	264.82	270.5	That means wet T shirt contest, Guys doing shots off of girls bodies, waking up next to people you don't even know.	Ross	high	community_transcript_match	1.0	dialogue	False	True	Chandler | Ross | Joey | Monica | Phoebe	Ross	Joey	False		Speaker agrees with available community-transcript mapping.	Well, it turns out that she is going to Daytona for spring break woo-hoo. That means, that means wet T-shirt contests, guys doing shots off of girl’s bodies, waking up next to people you don’t even know…	Ross	Ross	present	char_tracker_stage05	ross	present	1.0		high	
18	116	270.66	272.82	Man, she is gonna have a great time.	Joey	high	community_transcript_match	1.0	dialogue	False	True	Chandler | Ross | Joey | Monica | Phoebe	Ross	Joey	False		Speaker agrees with available community-transcript mapping.	Man, she is going to have a great time	Joey	Joey	present	char_tracker_stage05	joey|rachel	present	1.0		high	
18	117	275.22	276.98	Is she staying at the Hotel Corona?	Joey	high	community_transcript_match	1.0	dialogue	False	True	Chandler | Ross | Joey | Monica | Phoebe	Joey	Chandler	False		Speaker agrees with available community-transcript mapping.	Man, she is going to have a great time! Is she staying at the Hotel Corona?	Joey	Joey	present	char_tracker_stage05	joey	present	1.0		high	
18	118	278.07	279.03	You know the hotels?	Chandler	high	community_transcript_match	1.0	dialogue	False	True	Chandler | Ross | Joey | Monica | Phoebe	Joey	Joey	False		Speaker agrees with available community-transcript mapping.	You know the hotels?	Chandler	Chandler	present	char_tracker_stage05	chandler|joey|monica|rachel	present	1.0		high	
18	119	279.03	280.11	Sure, I was there.	Joey	high	community_transcript_match	1.0	dialogue	False	True	Chandler | Ross | Joey | Monica | Phoebe	Chandler	Joey	False		Speaker agrees with available community-transcript mapping.	Sure! I was there! Spring Break ’81! Woo-hoo!	Joey	Joey	present	char_tracker_stage05	chandler|joey|monica|rachel	present	1.0		high	
18	120	280.11	281.35	Spring break 81.	Joey	high	community_transcript_match	1.0	dialogue	False	True	Chandler | Ross | Joey | Monica | Phoebe	Joey	Monica	False		Speaker agrees with available community-transcript mapping.	Spring Break '81	Joey	Joey	present	char_tracker_stage05	joey|rachel	present	1.0		high	
18	121	282.95	283.99	In 1981.	Monica	high	community_transcript_match	1.0	dialogue	False	True	Chandler | Ross | Joey | Monica | Phoebe	Joey	Monica	False		Speaker agrees with available community-transcript mapping.	in 1981	Monica	Monica	present	char_tracker_stage05	chandler|monica|rachel	present	1.0		high	
18	122	283.99	284.71	You were 13.	Monica	high	community_transcript_match	1.0	dialogue	False	True	Chandler | Ross | Joey | Monica | Phoebe	Monica	Joey	False		Speaker agrees with available community-transcript mapping.	In 1981 you were 13!	Monica	Monica	present	char_tracker_stage05	chandler|monica	present	1.0		high	
18	123	285.11	285.75	So what?	Joey	high	community_transcript_match	1.0	dialogue	False	True	Chandler | Ross | Joey | Monica | Phoebe	Monica	Joey	False		Speaker agrees with available community-transcript mapping.	So what	Joey	Joey	present	char_tracker_stage05	chandler|joey|monica	present	1.0		high	
18	124	286.15	288.31	I drove down, sold T shirts, had a blast.	Joey	high	community_transcript_match	1.0	dialogue	False	True	Chandler | Ross | Joey | Monica | Phoebe	Joey	Joey	False		Speaker agrees with available community-transcript mapping.	So what? I drove down, sold T-shirts, had a blast. And y’know who knows how to party? Drunk college chicks.	Joey	Joey	present	char_tracker_stage05	joey	present	1.0		high	
18	125	288.31	290.15	And you know who knows how to party?	Joey	high	community_transcript_match	1.0	dialogue	False	True	Chandler | Ross | Joey | Monica | Phoebe	Joey	Joey	False		Speaker agrees with available community-transcript mapping.	And y'know who knows how to party	Joey	Joey	present	char_tracker_stage05	joey	present	1.0		high	
18	126	290.63	292.23	Drunk college chicks.	Joey	high	community_transcript_match	1.0	dialogue	False	True	Chandler | Ross | Joey | Monica | Phoebe	Joey	Ross	False		Speaker agrees with available community-transcript mapping.	Drunk college chicks	Joey	Joey	present	char_tracker_stage05	joey	present	1.0		high	
18	127	294.63	295.99	Okay, she can't go.	Ross	high	community_transcript_match	1.0	dialogue	False	True	Chandler | Ross | Joey | Monica | Phoebe	Joey	Phoebe	False		Speaker agrees with available community-transcript mapping.	Okay, she can’t go.	Ross	Ross	present	char_tracker_stage05	ross	present	1.0		high	
18	128	297.27	298.87	Ross, you can't tell her not to go.	Phoebe	high	community_transcript_match	1.0	dialogue	False	True	Chandler | Ross | Joey | Monica | Phoebe	Ross	Phoebe	False		Speaker agrees with available community-transcript mapping.	Ross, you can’t tell her not to go. You just started dating.	Phoebe	Phoebe	present	char_tracker_stage05	phoebe|ross	present	1.0		high	
18	129	298.87	299.91	You just started dating.	Phoebe	high	community_transcript_match	1.0	dialogue	False	True	Chandler | Ross | Joey | Monica | Phoebe	Phoebe	Ross	False		Speaker agrees with available community-transcript mapping.	You just started dating	Phoebe	Phoebe	present	char_tracker_stage05	phoebe	present	1.0		high	
18	130	299.99	301.35	Then what am I supposed to do?	Ross	high	community_transcript_match	1.0	dialogue	False	True	Chandler | Ross | Joey | Monica | Phoebe	Phoebe	Phoebe	False		Speaker agrees with available community-transcript mapping.	Then what am I supposed to do?	Ross	Ross	present	char_tracker_stage05	phoebe|ross	present	0.6667		high	
18	131	301.43	301.87	Nothing.	Phoebe	high	community_transcript_match	1.0	dialogue	False	True	Chandler | Ross | Joey | Monica | Phoebe	Ross	Phoebe	False		Speaker agrees with available community-transcript mapping.	nothing	Phoebe	Phoebe	present	char_tracker_stage05	phoebe|ross	present	1.0		high	
18	132	301.87	303.35	You just have to be cool with it.	Phoebe	high	community_transcript_match	1.0	dialogue	False	True	Chandler | Ross | Joey | Monica | Phoebe	Phoebe	Ross	False		Speaker agrees with available community-transcript mapping.	Nothing, you just have to be cool with it.	Phoebe	Phoebe	present	char_tracker_stage05	phoebe|ross	present	1.0		high	
18	133	303.51	306.15	Well, what if she goes down there and sleeps with a bunch of guys?	Ross	high	community_transcript_match	1.0	dialogue	False	True	Chandler | Ross | Joey | Monica | Phoebe	Phoebe	Chandler	False		Speaker agrees with available community-transcript mapping.	Well, what is she goes down and-and sleeps with a bunch of guys?	Ross	Ross	present	char_tracker_stage05	ross	present	1.0		high	
18	134	306.55	308.39	Well, maybe you don't marry this one.	Chandler	high	community_transcript_match	1.0	dialogue	False	True	Chandler | Ross | Joey | Monica | Phoebe	Ross		False		Speaker agrees with available community-transcript mapping.	Well, maybe you don’t marry this one.	Chandler	Chandler	present	char_tracker_stage05	chandler|monica	present	1.0		high	
19	135	313.75	315.43	No, I'm sorry, this is very serious.	Rachel	high	community_transcript_match	1.0	dialogue	False	True	Rachel | Ross | Joey		Rachel	False		Speaker agrees with available community-transcript mapping.	I'm sorry, this is very serious	Rachel	Rachel	present	char_tracker_stage05	joey|rachel	present	1.0		high	
19	136	315.43	315.83	It is.	Rachel	high	community_transcript_match	1.0	dialogue	False	True	Rachel | Ross | Joey	Rachel	Rachel	False		Speaker agrees with available community-transcript mapping.	It is	Rachel	Rachel	present	char_tracker_stage05	joey|rachel	present	1.0		high	
19	137	315.83	316.43	And you know what?	Rachel	high	community_transcript_match	1.0	dialogue	False	True	Rachel | Ross | Joey	Rachel	Rachel	False		Speaker agrees with available community-transcript mapping.	And you know what, Ross	Rachel	Rachel	present	char_tracker_stage05	joey|rachel	present	1.0		high	
19	138	316.43	320.31	Ross here, you like her, she likes you, everything's gonna be fine.	Rachel	high	community_transcript_match	1.0	dialogue	False	True	Rachel | Ross | Joey	Rachel	Ross	False		Speaker agrees with available community-transcript mapping.	I'm sorry, this is very serious. It is. And you know what, Ross? Here, you like her, she likes you, everything's going to be fine.	Rachel	Rachel	present	char_tracker_stage05	joey|rachel	present	1.0		high	
19	139	320.79	321.35	You're right.	Ross	high	community_transcript_match	1.0	dialogue	False	True	Rachel | Ross | Joey	Rachel	Ross	False		Speaker agrees with available community-transcript mapping.	You're right	Ross	Ross	present	char_tracker_stage05	joey|rachel|ross	present	0.5		high	
19	140	321.35	322.87	I'm probably just overreacting.	Ross	high	community_transcript_match	1.0	dialogue	False	True	Rachel | Ross | Joey	Ross	Ross	False		Speaker agrees with available community-transcript mapping.	I'm just probably overreacting	Ross	Ross	present	char_tracker_stage05	ross	present	1.0		high	
19	141	323.19	328.95	So she's staying at this party hotel on the beach with a huge pool and free drinks with every meal.	Ross	high	community_transcript_match	1.0	dialogue	False	True	Rachel | Ross | Joey	Ross	Joey	False		Speaker agrees with available community-transcript mapping.	You're right. I'm just probably overreacting. So if she is staying at this party hotel on the beach with a huge pool and free drinks with every meal.	Ross	Ross	present	char_tracker_stage05	ross	present	1.0		high	
19	142	329.03	332.39	Well, if she's got enough money for that, she can certainly pay for the fridge she broke.	Joey	high	community_transcript_match	1.0	dialogue	False	True	Rachel | Ross | Joey	Ross	Joey	False		Speaker agrees with available community-transcript mapping.	Well, if she's got enough money for that, she can certainly pay for the fridge she broke.	Joey	Joey	present	char_tracker_stage05	joey|rachel	present	1.0		high	
19	143	332.77	333.09	Yeah.	Joey	medium	scene_context_inference	0.68	dialogue	True	False	Rachel | Ross | Joey	Joey		True	scene_end_short_utterance	Filled from previous same-scene context.				present	char_tracker_stage05	joey|rachel|ross	present			medium	
20	144	340.13	342.21	I'm so glad you're going on this trip.	Ross	high	qa_review_resolved_ct_support	1.0	dialogue	False	True	Ross | Elizabeth		Elizabeth	True	speaker_no_face	Speaker agrees with available community-transcript mapping. | QA resolved prior review with community-transcript support.	I’m so glad you’re going on this trip!	Ross	Ross	absent	char_tracker_stage05		absent	0.0		medium	speaker_no_face
20	145	342.29	348.61	Yeah, I've been working so hard this semester, I really need to go crazy, you know, blow off some steam.	Elizabeth	high	community_transcript_match	1.0	dialogue	False	True	Ross | Elizabeth	Ross	Ross	False		Speaker agrees with available community-transcript mapping.	Yeah! I’ve been working so hard this semester. I really need to go crazy y’know, blow off some steam.	Elizabeth	Elizabeth	absent	char_tracker_stage05		unobserved			high	
20	146	348.69	349.65	Sure, sure.	Ross	high	qa_review_resolved_ct_support	1.0	dialogue	False	True	Ross | Elizabeth	Elizabeth	Ross	True	speaker_no_face	Speaker agrees with available community-transcript mapping. | QA resolved prior review with community-transcript support.	Sure	Ross	Ross	absent	char_tracker_stage05		absent	0.0		medium	speaker_no_face
20	147	351.97	359.41	Look, I don't know if your plans are finalized yet, but hey, I know another great way to blow off steam.	Ross	high	community_transcript_match	1.0	dialogue	False	True	Ross | Elizabeth	Ross	Elizabeth	False		Speaker agrees with available community-transcript mapping.	Sure. Sure. Look I don’t, I don’t know if your plans are finalized yet, but umm, hey I-I know another great way to blow off steam.	Ross	Ross	present	char_tracker_stage05	ross	present	0.7778		high	
20	148	359.84	360.08	What?	Elizabeth	high	community_transcript_match	1.0	dialogue	False	True	Ross | Elizabeth	Ross	Ross	False		Speaker agrees with available community-transcript mapping.	What?	Elizabeth	Elizabeth	present	char_tracker_stage05	ross	unobserved			high	
20	149	360.16	362.32	Are you into crafts at all?	Ross	high	community_transcript_match	1.0	dialogue	False	True	Ross | Elizabeth	Elizabeth	Elizabeth	False		Speaker agrees with available community-transcript mapping.	Are you into crafts at all?	Ross	Ross	present	char_tracker_stage05	ross	present	1.0		high	
20	150	364.48	365.6	Ross, are you okay?	Elizabeth	high	community_transcript_match	1.0	dialogue	False	True	Ross | Elizabeth	Ross	Ross	False		Speaker agrees with available community-transcript mapping.	Ross, are you okay?	Elizabeth	Elizabeth	present	char_tracker_stage05	ross	unobserved			high	
20	151	366.16	367.76	Yeah, of course I'm okay.	Ross	medium	visual_disambiguation	0.74	dialogue	True	False	Ross | Elizabeth	Elizabeth	Ross	False		Only one of the two text-context candidates was visually present in the window.				present	char_tracker_stage05	ross	present			medium	
20	152	368.16	370.24	I'm just Being supportive.	Ross	high	community_transcript_match	1.0	dialogue	False	True	Ross | Elizabeth	Ross	Ross	False		Speaker agrees with available community-transcript mapping.	I'm just being supportive	Ross	Ross	present	char_tracker_stage05	ross	present	1.0		high	
20	153	370.32	373.68	Supportive of you and this whole trip and.	Ross	high	community_transcript_match	1.0	dialogue	False	True	Ross | Elizabeth	Ross	Ross	False		Speaker agrees with available community-transcript mapping.	Well, yeah, of-of course I’m okay! What? I’m just being supportive. Supportive of you and this whole trip, and-and (notices something) what-what is uh, what’s this? (He holds up a rather skimpy bathing suit.)	Ross	Ross	present	char_tracker_stage05	ross	present	1.0		high	
20	154	373.68	374.0	What.	Ross	medium	visual_disambiguation	0.74	dialogue	True	False	Ross | Elizabeth	Ross	Ross	False		Only one of the two text-context candidates was visually present in the window.				present	char_tracker_stage05	ross	present			medium	
20	155	374.0	374.64	What is.	Ross	medium	visual_disambiguation	0.74	dialogue	True	False	Ross | Elizabeth	Ross	Ross	False		Only one of the two text-context candidates was visually present in the window.				present	char_tracker_stage05	ross	present			medium	
20	156	375.599	376.24	What's this?	Ross	medium	visual_disambiguation	0.74	dialogue	True	False	Ross | Elizabeth	Ross	Elizabeth	False		Only one of the two text-context candidates was visually present in the window.				present	char_tracker_stage05	ross	present			medium	
20	157	378.4	379.84	It's a bathing suit.	Elizabeth	high	community_transcript_match	1.0	dialogue	False	True	Ross | Elizabeth	Ross	Ross	False		Speaker agrees with available community-transcript mapping.	It’s a bathing suit?	Elizabeth	Elizabeth	present	char_tracker_stage05	ross	unobserved			high	
20	158	380.0	381.36	To wear in front of people.	Ross	high	community_transcript_match	1.0	dialogue	False	True	Ross | Elizabeth	Elizabeth	Elizabeth	False		Speaker agrees with available community-transcript mapping.	To wear in front of people?	Ross	Ross	present	char_tracker_stage05	ross	present	1.0		high	
20	159	383.68	384.88	Is that supportive?	Elizabeth	high	community_transcript_match	1.0	dialogue	False	True	Ross | Elizabeth	Ross	Ross	False		Speaker agrees with available community-transcript mapping.	Is that supportive?	Elizabeth	Elizabeth	present	char_tracker_stage05	ross	unobserved			high	
20	160	384.96	385.6	Is this.	Ross	high	community_transcript_match	1.0	dialogue	False	True	Ross | Elizabeth	Elizabeth		False		Speaker agrees with available community-transcript mapping.	Is this?!	Ross	Ross	present	char_tracker_stage05	ross	present	1.0		high	
21	161	388.75	390.27	Hey, good, good, good, good.	Chandler	high	qa_review_resolved_ct_support	1.0	dialogue	False	True	Chandler | Monica | Rachel | Eldad | Phoebe | Patrick | All		Monica	True	speaker_no_face	Speaker agrees with available community-transcript mapping. | QA resolved prior review with community-transcript support.	Good-good-good-good.	Chandler	Chandler	partial	char_tracker_stage05		absent	0.0		medium	speaker_no_face
21	162	390.35	390.79	Hey.	Monica	high	qa_review_resolved_ct_support	1.0	dialogue	False	True	Chandler | Monica | Rachel | Eldad | Phoebe | Patrick | All	Chandler	Chandler	True	speaker_no_face	Speaker agrees with available community-transcript mapping. | QA resolved prior review with community-transcript support.	Hey!	Monica	Monica	absent	char_tracker_stage05		absent	0.0		medium	speaker_no_face
21	163	390.79	391.23	Hey.	Chandler	high	qa_review_resolved_ct_support	1.0	dialogue	False	True	Chandler | Monica | Rachel | Eldad | Phoebe | Patrick | All	Monica	Monica	True	speaker_no_face	Speaker agrees with available community-transcript mapping. | QA resolved prior review with community-transcript support.	Hey!	Chandler	Chandler	absent	char_tracker_stage05		absent	0.0		medium	speaker_no_face
21	164	391.39	393.39	We're really glad you decided to meet our guy.	Monica	high	qa_review_resolved_ct_support	1.0	dialogue	False	True	Chandler | Monica | Rachel | Eldad | Phoebe | Patrick | All	Chandler	Rachel	True	speaker_no_face	Speaker agrees with available community-transcript mapping. | QA resolved prior review with community-transcript support.	We’re really glad you decided to meet our guy.	Monica	Monica	absent	char_tracker_stage05		absent	0.0		medium	speaker_no_face
21	165	393.39	393.87	Oh.	Rachel	high	qa_review_resolved_ct_support	1.0	reaction	False	True	Chandler | Monica | Rachel | Eldad | Phoebe | Patrick | All	Monica	Monica	True	speaker_no_face	Speaker agrees with available community-transcript mapping. | QA resolved prior review with community-transcript support.	Oh…	Rachel	Rachel	absent	char_tracker_stage05		absent	0.0		medium	speaker_no_face
21	166	394.19	395.23	Gonna like him so much.	Monica	high	community_transcript_match	1.0	dialogue	False	True	Chandler | Monica | Rachel | Eldad | Phoebe | Patrick | All	Rachel	Monica	False		Speaker agrees with available community-transcript mapping.	You're gonna like him so much	Monica	Monica	present	char_tracker_stage05	chandler|monica|rachel	present	0.5		high	
21	167	395.87	397.47	So when do you want to meet him?	Monica	high	community_transcript_match	1.0	dialogue	False	True	Chandler | Monica | Rachel | Eldad | Phoebe | Patrick | All	Monica	Rachel	False		Speaker agrees with available community-transcript mapping.	You’re gonna like him so much. So umm, when do you want to meet him?	Monica	Monica	present	char_tracker_stage05	chandler|monica|rachel	present	1.0		high	
21	168	397.71	398.35	I don't know.	Rachel	high	community_transcript_match	1.0	dialogue	False	True	Chandler | Monica | Rachel | Eldad | Phoebe | Patrick | All	Monica	Rachel	False		Speaker agrees with available community-transcript mapping.	I don't know	Rachel	Rachel	present	char_tracker_stage05	chandler|monica|rachel	present	1.0		high	
21	169	398.67	400.31	I know that I don't work late tomorrow night.	Rachel	high	community_transcript_match	1.0	dialogue	False	True	Chandler | Monica | Rachel | Eldad | Phoebe | Patrick | All	Rachel	Chandler	False		Speaker agrees with available community-transcript mapping.	I don’t know. I know I don’t work late tomorrow night.	Rachel	Rachel	present	char_tracker_stage05	rachel	present	1.0		high	
21	170	400.31	401.23	Tomorrow night is good.	Chandler	low	scene_context_inference	0.58	dialogue	True	False	Chandler | Monica | Rachel | Eldad | Phoebe | Patrick | All	Rachel	Chandler	True	two_sided_context_ambiguous | low_speaker_confidence	No direct transcript match; weak local context only.				present	char_tracker_stage05	chandler|rachel	present			low	low_speaker_confidence
21	171	401.23	402.11	Tomorrow night is good.	Chandler	high	community_transcript_match	1.0	dialogue	False	True	Chandler | Monica | Rachel | Eldad | Phoebe | Patrick | All	Chandler	Rachel	False		Speaker agrees with available community-transcript mapping.	Tomorrow night is good. Tomorrow night is good, but uh, y’know what? Why put off something till tomorrow that you can do right now? (Laughs) Eldad come here! (He stands up from the next table.)	Chandler	Chandler	present	char_tracker_stage05	chandler	present	1.0		high	
21	172	402.11	402.99	But you know what?	Rachel	high	qa_review_resolved_ct_support	1.0	dialogue	False	True	Chandler | Monica | Rachel | Eldad | Phoebe | Patrick | All	Chandler	Monica	True	speaker_offscreen	Speaker agrees with available community-transcript mapping. | QA resolved prior review with community-transcript support.	What?	Rachel	Rachel	present	char_tracker_stage05	chandler	absent	0.0		low	speaker_offscreen
21	173	402.99	405.63	Why put off something till tomorrow that you can do right now?	Monica	medium	visual_disambiguation	0.74	dialogue	True	False	Chandler | Monica | Rachel | Eldad | Phoebe | Patrick | All	Rachel	Monica	False		Only one of the two text-context candidates was visually present in the window.				present	char_tracker_stage05	chandler|monica	present			medium	
21	174	406.43	407.55	Eldot, Come here.	Monica	high	scene_context_bridge	0.88	dialogue	True	False	Chandler | Monica | Rachel | Eldad | Phoebe | Patrick | All	Monica	Monica	False		Same speaker appears on both sides within the same scene.				present	char_tracker_stage05	chandler|monica	present			high	
21	175	409.55	410.99	Eldad, this is Rachel.	Monica	high	community_transcript_match	1.0	dialogue	False	True	Chandler | Monica | Rachel | Eldad | Phoebe | Patrick | All	Monica	Eldad	False		Speaker agrees with available community-transcript mapping.	Eldad, this is Rachel.	Monica	Monica	present	char_tracker_stage05	chandler|monica|rachel	present	0.5		high	
21	176	411.15	411.71	How are you?	Eldad	high	community_transcript_match	1.0	dialogue	False	True	Chandler | Monica | Rachel | Eldad | Phoebe | Patrick | All	Monica	Rachel	False		Speaker agrees with available community-transcript mapping.	How are you?	Eldad	Eldad	present	char_tracker_stage05	chandler|monica|rachel	unobserved			high	
21	177	412.5	414.18	Well, a little blindsided, but, you know, good.	Rachel	high	community_transcript_match	1.0	dialogue	False	True	Chandler | Monica | Rachel | Eldad | Phoebe | Patrick | All	Eldad	Chandler	False		Speaker agrees with available community-transcript mapping.	Well-well a little blind sided but y’know good.	Rachel	Rachel	present	char_tracker_stage05	chandler|rachel	present	1.0		high	
21	178	415.86	416.9	L. Sit down.	Chandler	high	community_transcript_match	1.0	dialogue	False	True	Chandler | Monica | Rachel | Eldad | Phoebe | Patrick | All	Rachel	Chandler	False		Speaker agrees with available community-transcript mapping.	Eldad, sit down	Chandler	Chandler	present	char_tracker_stage05	chandler|monica	present	1.0		high	
21	179	416.98	417.46	Move over.	Chandler	high	community_transcript_match	1.0	dialogue	False	True	Chandler | Monica | Rachel | Eldad | Phoebe | Patrick | All	Chandler	Chandler	False		Speaker agrees with available community-transcript mapping.	Move over	Chandler	Chandler	present	char_tracker_stage05	chandler|monica	present	0.5		high	
21	180	417.46	418.18	Move over now.	Chandler	high	qa_review_resolved_bridge	1.0	dialogue	False	True	Chandler | Monica | Rachel | Eldad | Phoebe | Patrick | All	Chandler	Chandler	True	speaker_no_face	Speaker agrees with available community-transcript mapping. | QA resolved prior review by same-speaker bridge.	Eldad, sit down. (To Rachel) Move over! Move over now!	Chandler	Chandler	absent	char_tracker_stage05		absent	0.0		medium	speaker_no_face
21	181	419.54	420.14	There you go.	Chandler	high	qa_review_resolved_bridge	1.0	dialogue	False	True	Chandler | Monica | Rachel | Eldad | Phoebe | Patrick | All	Chandler	Chandler	True	speaker_offscreen	Speaker agrees with available community-transcript mapping. | QA resolved prior review by same-speaker bridge.	There you go	Chandler	Chandler	present	char_tracker_stage05	rachel	absent	0.0		low	speaker_offscreen
21	182	420.14	420.74	There you are.	Chandler	high	qa_review_resolved_ct_support	1.0	dialogue	False	True	Chandler | Monica | Rachel | Eldad | Phoebe | Patrick | All	Chandler	Monica	True	speaker_offscreen	Speaker agrees with available community-transcript mapping. | QA resolved prior review with community-transcript support.	There you go! There you are! (Rachel stares at Monica and Chandler)	Chandler	Chandler	present	char_tracker_stage05	rachel	absent	0.0		low	speaker_offscreen
21	183	422.5	422.9	Okay.	Monica	high	community_transcript_match	1.0	dialogue	False	True	Chandler | Monica | Rachel | Eldad | Phoebe | Patrick | All	Chandler	Monica	False		Speaker agrees with available community-transcript mapping.	Okay	Monica	Monica	present	char_tracker_stage05	chandler|monica|rachel	present	1.0		high	
21	184	422.9	423.86	Okay, we can take a hit.	Monica	high	community_transcript_match	1.0	dialogue	False	True	Chandler | Monica | Rachel | Eldad | Phoebe | Patrick | All	Monica	Monica	False		Speaker agrees with available community-transcript mapping.	We can take a hint	Monica	Monica	present	char_tracker_stage05	chandler|monica|rachel	present	1.0		high	
21	185	427.14	428.58	What are you doing here?	Monica	high	community_transcript_match	1.0	dialogue	False	True	Chandler | Monica | Rachel | Eldad | Phoebe | Patrick | All	Monica	Phoebe	False		Speaker agrees with available community-transcript mapping.	Okay! Okay! We can take a hint! (They start to leave but run into Phoebe with her guy in tow.) (To Phoebe) What are you doing here?!	Monica	Monica	present	char_tracker_stage05	monica	present	1.0		high	
21	186	428.66	429.78	This is Patrick.	Phoebe	high	qa_review_resolved_ct_support	1.0	dialogue	False	True	Chandler | Monica | Rachel | Eldad | Phoebe | Patrick | All	Monica	Patrick	True	speaker_offscreen	Speaker agrees with available community-transcript mapping. | QA resolved prior review with community-transcript support.	This is Patrick. (Points to him.)	Phoebe	Phoebe	present	char_tracker_stage05	monica	absent	0.0		low	speaker_offscreen
21	187	429.86	430.34	Hi.	Patrick	medium	short_turn_alternation	0.7	dialogue	True	False	Chandler | Monica | Rachel | Eldad | Phoebe | Patrick | All	Phoebe	Patrick	True	short_utterance_between_two_speakers	Short utterance inferred from local turn alternation.				present	char_tracker_stage05	chandler|monica	unobserved			medium	
21	188	430.34	430.82	Hi.	Patrick	high	community_transcript_match	1.0	dialogue	False	True	Chandler | Monica | Rachel | Eldad | Phoebe | Patrick | All	Patrick	Chandler	False		Speaker agrees with available community-transcript mapping.	Hi.	Patrick	Patrick	present	char_tracker_stage05	chandler|monica	unobserved			high	
21	189	431.06	432.38	Okay, you're too late, okay?	Chandler	high	community_transcript_match	1.0	dialogue	False	True	Chandler | Monica | Rachel | Eldad | Phoebe | Patrick | All	Patrick	Chandler	False		Speaker agrees with available community-transcript mapping.	Okay, you're too late okay	Chandler	Chandler	present	char_tracker_stage05	chandler|monica	present	1.0		high	
21	190	432.38	433.7	Because she's already with our guy.	Chandler	high	community_transcript_match	1.0	dialogue	False	True	Chandler | Monica | Rachel | Eldad | Phoebe | Patrick | All	Chandler	Phoebe	False		Speaker agrees with available community-transcript mapping.	Hi. (To Phoebe) Okay, you’re too late okay? Because she’s already with our guy.	Chandler	Chandler	present	char_tracker_stage05	chandler|monica	present	1.0		high	
21	191	433.86	435.22	Oh, my God, you're right.	Phoebe	high	qa_review_resolved_ct_support	1.0	dialogue	False	True	Chandler | Monica | Rachel | Eldad | Phoebe | Patrick | All	Chandler	Phoebe	True	speaker_no_face	Speaker agrees with available community-transcript mapping. | QA resolved prior review with community-transcript support.	Oh my God, you're right	Phoebe	Phoebe	partial	char_tracker_stage05		absent	0.0		medium	speaker_no_face
21	192	435.22	436.1	I am too late.	Phoebe	high	community_transcript_match	1.0	dialogue	False	True	Chandler | Monica | Rachel | Eldad | Phoebe | Patrick | All	Phoebe	Phoebe	False		Speaker agrees with available community-transcript mapping.	I am too late	Phoebe	Phoebe	present	char_tracker_stage05	phoebe	present	0.5		high	
21	193	436.1	437.94	They're sitting on the couch and talking.	Phoebe	high	community_transcript_match	1.0	dialogue	False	True	Chandler | Monica | Rachel | Eldad | Phoebe | Patrick | All	Phoebe	Phoebe	False		Speaker agrees with available community-transcript mapping.	(looks) Oh my God, you’re right! I am too late; they’re sitting on the couch and talking! (To Patrick) Come on! (They go over to the couch.) Rachel?	Phoebe	Phoebe	present	char_tracker_stage05	phoebe	present	1.0		high	
21	194	442.01	442.45	Rachel?	Phoebe	medium	name_address_rule	0.74	dialogue	True	False	Chandler | Monica | Rachel | Eldad | Phoebe | Patrick | All	Phoebe	Rachel	True	speaker_no_face	Utterance names the next speaker, so the previous speaker is more likely.				absent	char_tracker_stage05		absent			medium	speaker_no_face
21	195	442.45	442.89	Yeah?	Rachel	high	qa_review_resolved_ct_support	1.0	dialogue	False	True	Chandler | Monica | Rachel | Eldad | Phoebe | Patrick | All	Phoebe	Phoebe	True	speaker_no_face	Speaker agrees with available community-transcript mapping. | QA resolved prior review with community-transcript support.	Yeah?	Rachel	Rachel	absent	char_tracker_stage05		absent	0.0		medium	speaker_no_face
21	196	442.89	443.85	This is Patrick.	Phoebe	high	qa_review_resolved_ct_support	1.0	dialogue	False	True	Chandler | Monica | Rachel | Eldad | Phoebe | Patrick | All	Rachel	Rachel	True	speaker_offscreen	Speaker agrees with available community-transcript mapping. | QA resolved prior review with community-transcript support.	This is Patrick.	Phoebe	Phoebe	present	char_tracker_stage05	rachel	absent	0.0		low	speaker_offscreen
21	197	444.65	445.57	Oh, hi.	Rachel	high	community_transcript_match	1.0	dialogue	False	True	Chandler | Monica | Rachel | Eldad | Phoebe | Patrick | All	Phoebe	Patrick	False		Speaker agrees with available community-transcript mapping.	Oh, hi.	Rachel	Rachel	present	char_tracker_stage05	phoebe|rachel	present	1.0		high	
21	198	445.57	446.01	Hi.	Patrick	high	community_transcript_match	1.0	dialogue	False	True	Chandler | Monica | Rachel | Eldad | Phoebe | Patrick | All	Rachel	Phoebe	False		Speaker agrees with available community-transcript mapping.	Hi.	Patrick	Patrick	present	char_tracker_stage05	phoebe|rachel	unobserved			high	
21	199	446.17	447.53	This is the guy I was telling you about.	Phoebe	high	community_transcript_match	1.0	dialogue	False	True	Chandler | Monica | Rachel | Eldad | Phoebe | Patrick | All	Patrick	Rachel	False		Speaker agrees with available community-transcript mapping.	Yeah, this is the guy I was telling you about.	Phoebe	Phoebe	present	char_tracker_stage05	phoebe	present	1.0		high	
21	200	447.53	448.45	Yeah, yeah.	Rachel	high	qa_review_resolved_ct_support	1.0	dialogue	False	True	Chandler | Monica | Rachel | Eldad | Phoebe | Patrick | All	Phoebe	Phoebe	True	speaker_offscreen	Speaker agrees with available community-transcript mapping. | QA resolved prior review with community-transcript support.	Yeah?	Rachel	Rachel	present	char_tracker_stage05	phoebe	absent	0.0		low	speaker_offscreen
21	201	448.45	451.69	And believe me, this suit does not do justice to what's underneath it.	Phoebe	high	community_transcript_match	1.0	dialogue	False	True	Chandler | Monica | Rachel | Eldad | Phoebe | Patrick | All	Rachel	Rachel	False		Speaker agrees with available community-transcript mapping.	Yeah. And believe me, this suit does not do justice to what’s underneath it.	Phoebe	Phoebe	present	char_tracker_stage05	phoebe	present	1.0		high	
21	202	453.69	458.49	Okay, but, Phoebs, I'm just sort of in the middle of something.	Rachel	medium	visual_disambiguation	0.74	dialogue	True	False	Chandler | Monica | Rachel | Eldad | Phoebe | Patrick | All	Phoebe	Rachel	False		Only one of the two text-context candidates was visually present in the window.				present	char_tracker_stage05	rachel	present			medium	
21	203	458.97	459.97	Oh, okay.	Rachel	high	community_transcript_match	1.0	dialogue	False	True	Chandler | Monica | Rachel | Eldad | Phoebe | Patrick | All	Rachel	Phoebe	False		Speaker agrees with available community-transcript mapping.	Oh-okay, but Pheebs?	Rachel	Rachel	present	char_tracker_stage05	phoebe|rachel	present	0.5		high	
21	204	459.97	460.73	Yeah, that's okay.	Phoebe	high	community_transcript_match	1.0	dialogue	False	True	Chandler | Monica | Rachel | Eldad | Phoebe | Patrick | All	Rachel	Phoebe	False		Speaker agrees with available community-transcript mapping.	Yeah?	Phoebe	Phoebe	present	char_tracker_stage05	phoebe	present	1.0		high	
21	205	460.73	461.37	Have a seat.	Phoebe	high	community_transcript_match	1.0	dialogue	False	True	Chandler | Monica | Rachel | Eldad | Phoebe | Patrick | All	Phoebe	Monica	False		Speaker agrees with available community-transcript mapping.	Oh! Okay! Yeah, that’s okay. (To Patrick) Have a seat. (Sits Patrick down next to Rachel.)	Phoebe	Phoebe	present	char_tracker_stage05	phoebe	present	0.5		high	
21	206	462.73	463.69	You can't do that.	Monica	high	qa_review_resolved_ct_support	1.0	dialogue	False	True	Chandler | Monica | Rachel | Eldad | Phoebe | Patrick | All	Phoebe	Eldad	True	speaker_no_face	Speaker agrees with available community-transcript mapping. | QA resolved prior review with community-transcript support.	No! You can’t do that!	Monica	Monica	absent	char_tracker_stage05		absent	0.0		medium	speaker_no_face
21	207	463.69	464.45	Maybe I should go.	Eldad	high	community_transcript_match	1.0	dialogue	False	True	Chandler | Monica | Rachel | Eldad | Phoebe | Patrick | All	Monica	Monica	False		Speaker agrees with available community-transcript mapping.	Maybe I should go!	Eldad	Eldad	present	char_tracker_stage05	monica	unobserved			high	
21	208	464.45	465.29	Better sit down.	Monica	high	community_transcript_match	1.0	dialogue	False	True	Chandler | Monica | Rachel | Eldad | Phoebe | Patrick | All	Eldad	Monica	False		Speaker agrees with available community-transcript mapping.	Sit down	Monica	Monica	present	char_tracker_stage05	monica	present	1.0		high	
21	209	465.29	465.93	We're winning.	Monica	high	community_transcript_match	1.0	dialogue	False	True	Chandler | Monica | Rachel | Eldad | Phoebe | Patrick | All	Monica	Rachel	False		Speaker agrees with available community-transcript mapping.	(stopping him) Sit down! We’re winning!	Monica	Monica	present	char_tracker_stage05	monica	present	1.0		high	
21	210	468.48	469.08	Okay, you know what?	Rachel	high	community_transcript_match	1.0	dialogue	False	True	Chandler | Monica | Rachel | Eldad | Phoebe | Patrick | All	Monica	Rachel	False		Speaker agrees with available community-transcript mapping.	Okay, y'know what	Rachel	Rachel	present	char_tracker_stage05	monica|rachel	present	1.0		high	
21	211	469.08	469.72	Maybe I should go.	Rachel	high	community_transcript_match	1.0	dialogue	False	True	Chandler | Monica | Rachel | Eldad | Phoebe | Patrick | All	Rachel	All	False		Speaker agrees with available community-transcript mapping.	Okay, y’know what? Maybe I should go!	Rachel	Rachel	present	char_tracker_stage05	monica|rachel	present	1.0		high	
21	212	469.72	470.52	No, no, no, no.	All	high	community_transcript_match	1.0	dialogue	False	True	Chandler | Monica | Rachel | Eldad | Phoebe | Patrick | All	Rachel	All	False		Speaker agrees with available community-transcript mapping.	no no no no have a seat	All	All	present	char_tracker_stage05	monica|rachel	unobserved			high	
21	213	470.52	471.04	Have a seat.	All	high	community_transcript_match	1.0	dialogue	False	True	Chandler | Monica | Rachel | Eldad | Phoebe | Patrick | All	All	All	False		Speaker agrees with available community-transcript mapping.	(Chandler stops her) No-no-no-no! Have a seat! Have a seat!	All	All	present	char_tracker_stage05	monica|rachel	unobserved			high	
21	214	471.04	471.84	You have a seat.	All	high	community_transcript_match	1.0	dialogue	False	True	Chandler | Monica | Rachel | Eldad | Phoebe | Patrick | All	All	Monica	False		Speaker agrees with available community-transcript mapping.	no no no no have a seat	All	All	present	char_tracker_stage05	monica|rachel	unobserved			high	
21	215	471.92	472.48	Rachel.	Monica	high	community_transcript_match	1.0	dialogue	False	True	Chandler | Monica | Rachel | Eldad | Phoebe | Patrick | All	All	Monica	False		Speaker agrees with available community-transcript mapping.	Rachel	Monica	Monica	present	char_tracker_stage05	chandler|monica|rachel	present	1.0		high	
21	216	472.64	474.56	Rachel, you haven't touched Eldon's hair.	Monica	high	community_transcript_match	1.0	dialogue	False	True	Chandler | Monica | Rachel | Eldad | Phoebe | Patrick | All	Monica	Chandler	False		Speaker agrees with available community-transcript mapping.	Rachel! Rachel! You haven’t touched Eldad’s hair!	Monica	Monica	present	char_tracker_stage05	chandler|monica|rachel	present	1.0		high	
21	217	475.2	476.64	It's the softest hair.	Chandler	high	community_transcript_match	1.0	dialogue	False	True	Chandler | Monica | Rachel | Eldad | Phoebe | Patrick | All	Monica	Chandler	False		Speaker agrees with available community-transcript mapping.	It is the softest hair! Touch it! (Both he and Monica do so.)	Chandler	Chandler	present	char_tracker_stage05	chandler|monica	present	1.0		high	
21	218	476.64	477.28	Touch it.	Chandler	high	community_transcript_match	1.0	dialogue	False	True	Chandler | Monica | Rachel | Eldad | Phoebe | Patrick | All	Chandler	Rachel	False		Speaker agrees with available community-transcript mapping.	Touch it	Chandler	Chandler	present	char_tracker_stage05	chandler|monica	present	1.0		high	
21	219	477.28	477.92	I'm good.	Rachel	high	qa_review_resolved_ct_support	1.0	dialogue	False	True	Chandler | Monica | Rachel | Eldad | Phoebe | Patrick | All	Chandler	Phoebe	True	speaker_offscreen	Speaker agrees with available community-transcript mapping. | QA resolved prior review with community-transcript support.	Yeah, I’m good.	Rachel	Rachel	present	char_tracker_stage05	chandler|monica	absent	0.0		low	speaker_offscreen
21	220	478.08	480.44	Rachel, Patrick is really rich.	Phoebe	high	community_transcript_match	1.0	dialogue	False	True	Chandler | Monica | Rachel | Eldad | Phoebe | Patrick | All	Rachel	Phoebe	False		Speaker agrees with available community-transcript mapping.	Rachel? Patrick is really rich. (To Patrick) Give her some money.	Phoebe	Phoebe	present	char_tracker_stage05	phoebe	present	1.0		high	
21	221	480.44	481.28	Give her some money.	Phoebe	high	community_transcript_match	1.0	dialogue	False	True	Chandler | Monica | Rachel | Eldad | Phoebe | Patrick | All	Phoebe	Patrick	False		Speaker agrees with available community-transcript mapping.	Give her some money	Phoebe	Phoebe	present	char_tracker_stage05	phoebe|rachel	present	1.0		high	
21	222	484.64	485.4	You know what, Phoebe?	Patrick	high	community_transcript_match	1.0	dialogue	False	True	Chandler | Monica | Rachel | Eldad | Phoebe | Patrick | All	Phoebe	Patrick	False		Speaker agrees with available community-transcript mapping.	Y'know what Phoebe	Patrick	Patrick	present	char_tracker_stage05	rachel	unobserved			high	
21	223	485.4	486.88	This isn't really worth the free massage.	Patrick	high	community_transcript_match	1.0	dialogue	False	True	Chandler | Monica | Rachel | Eldad | Phoebe | Patrick | All	Patrick	Monica	False		Speaker agrees with available community-transcript mapping.	Y’know what Phoebe? This isn’t really worth the free massage.	Patrick	Patrick	present	char_tracker_stage05	chandler|monica|rachel	unobserved			high	
21	224	486.88	487.8	That's right, Patrick.	Monica	high	community_transcript_match	1.0	dialogue	False	True	Chandler | Monica | Rachel | Eldad | Phoebe | Patrick | All	Patrick	Monica	False		Speaker agrees with available community-transcript mapping.	That’s right Patrick, bye-bye!	Monica	Monica	present	char_tracker_stage05	chandler|monica|rachel	present	1.0		high	
21	225	487.8	488.04	Bye.	Monica	high	community_transcript_match	1.0	dialogue	False	True	Chandler | Monica | Rachel | Eldad | Phoebe | Patrick | All	Monica	Monica	False		Speaker agrees with available community-transcript mapping.	bye bye	Monica	Monica	present	char_tracker_stage05	chandler|monica|rachel	present	1.0		high	
21	226	488.04	488.4	Bye.	Monica	high	community_transcript_match	1.0	dialogue	False	True	Chandler | Monica | Rachel | Eldad | Phoebe | Patrick | All	Monica	Chandler	False		Speaker agrees with available community-transcript mapping.	bye	Monica	Monica	present	char_tracker_stage05	chandler|monica|rachel	present	1.0		high	
21	227	488.4	488.8	No.	Chandler	medium	short_turn_alternation	0.7	dialogue	True	False	Chandler | Monica | Rachel | Eldad | Phoebe | Patrick | All	Monica	Chandler	True	short_utterance_between_two_speakers	Short utterance inferred from local turn alternation.				present	char_tracker_stage05	chandler|monica|rachel	present			medium	
21	228	489.12	491.32	Elda is much more cooperative.	Chandler	high	community_transcript_match	1.0	dialogue	False	True	Chandler | Monica | Rachel | Eldad | Phoebe | Patrick | All	Chandler	Chandler	False		Speaker agrees with available community-transcript mapping.	(To Rachel) Eldad is much more cooperative! And he can dance! (To Eldad) You dance for Rachel!	Chandler	Chandler	present	char_tracker_stage05	chandler|monica|rachel	present	1.0		high	
21	229	491.32	493.2	And you dance her.	Chandler	high	qa_review_resolved_bridge	0.9	dialogue	True	False	Chandler | Monica | Rachel | Eldad | Phoebe | Patrick | All	Chandler	Chandler	False		Continuation-style opener favors previous speaker within the same scene. | QA resolved prior review by same-speaker bridge.				present	char_tracker_stage05	chandler|monica|rachel	present			high	
21	230	493.2	493.64	Rachel.	Chandler	high	qa_review_resolved_bridge	0.9	dialogue	True	False	Chandler | Monica | Rachel | Eldad | Phoebe | Patrick | All	Chandler	Chandler	False		Filled from previous same-scene context. | QA resolved prior review by same-speaker bridge.				present	char_tracker_stage05	chandler|rachel	present			high	
21	231	494.68	495.28	No, no, no.	Chandler	high	qa_review_resolved_bridge	0.9	dialogue	True	False	Chandler | Monica | Rachel | Eldad | Phoebe | Patrick | All	Chandler	Chandler	False		Filled from previous same-scene context. | QA resolved prior review by same-speaker bridge.				present	char_tracker_stage05	chandler|rachel	present			high	
21	232	495.28	495.92	Don't dance for me.	Chandler	medium	scene_context_inference	0.68	dialogue	True	False	Chandler | Monica | Rachel | Eldad | Phoebe | Patrick | All	Chandler		True	medium_confidence_context_fill	Filled from previous same-scene context.				present	char_tracker_stage05	chandler|rachel	present			medium	
22	233	495.92	496.68	Please don't dance.	Rachel	high	community_transcript_match	1.0	dialogue	False	True	Rachel | Phoebe | Eldad		Rachel	False		Speaker agrees with available community-transcript mapping.	Don't	Rachel	Rachel	present	char_tracker_stage05	chandler|rachel	present	1.0		high	
22	234	497.16	499.32	What's the matter with you guys?	Rachel	high	qa_review_resolved_ct_support	1.0	dialogue	False	True	Rachel | Phoebe | Eldad	Rachel	Phoebe	True	speaker_no_face	Speaker agrees with available community-transcript mapping. | QA resolved prior review with community-transcript support.	No-no! Don’t dance for me! Please? Don’t! (She gets up to yell at her ‘friends.’) What is the matter with you guys?	Rachel	Rachel	absent	char_tracker_stage05		absent	0.0		medium	speaker_no_face
22	235	499.4	500.68	Yeah, okay, let's talk it out.	Phoebe	high	community_transcript_match	1.0	dialogue	False	True	Rachel | Phoebe | Eldad	Rachel	Rachel	False		Speaker agrees with available community-transcript mapping.	Yeah, okay, let’s talk it out.	Phoebe	Phoebe	present	char_tracker_stage05	chandler|phoebe	present	0.5		high	
22	236	500.68	501.0	I.	Rachel	high	qa_review_resolved_ct_support	1.0	dialogue	False	True	Rachel | Phoebe | Eldad	Phoebe	Rachel	True	speaker_offscreen	Speaker agrees with available community-transcript mapping. | QA resolved prior review with community-transcript support.	I	Rachel	Rachel	present	char_tracker_stage05	chandler|phoebe	absent	0.0		low	speaker_offscreen
22	237	502.44	505.08	Am I the only one that this is embarrassing for?	Rachel	high	community_transcript_match	1.0	dialogue	False	True	Rachel | Phoebe | Eldad	Rachel	Eldad	False		Speaker agrees with available community-transcript mapping.	I… Am I the only one that this is embarrassing for?	Rachel	Rachel	present	char_tracker_stage05	rachel	present	1.0		high	
22	238	505.16	506.44	I'm a little embarrassed.	Eldad	high	community_transcript_match	1.0	dialogue	False	True	Rachel | Phoebe | Eldad	Rachel	Rachel	False		Speaker agrees with available community-transcript mapping.	I’m a little embarrassed. (Chandler shushes him.)	Eldad	Eldad	present	char_tracker_stage05	chandler|monica|phoebe|rachel	unobserved			high	
22	239	506.52	507.16	Shh.	Rachel	medium	short_turn_alternation	0.7	dialogue	True	False	Rachel | Phoebe | Eldad	Eldad	Rachel	True	short_utterance_between_two_speakers | speaker_offscreen	Short utterance inferred from local turn alternation.				present	char_tracker_stage05	chandler|monica|phoebe	absent			low	speaker_offscreen
22	240	507.16	507.64	Shh.	Rachel	high	qa_review_resolved_bridge	0.9	dialogue	True	False	Rachel | Phoebe | Eldad	Rachel	Rachel	True	speaker_offscreen	Same speaker appears on both sides within the same scene. | QA resolved prior review by same-speaker bridge.				present	char_tracker_stage05	chandler|monica|phoebe	absent			low	speaker_offscreen
22	241	509.16	510.72	I'll tell you who should be embarrassed.	Rachel	high	community_transcript_match	1.0	dialogue	False	True	Rachel | Phoebe | Eldad	Rachel	Rachel	False		Speaker agrees with available community-transcript mapping.	I'll tell ya who should be embarrassed	Rachel	Rachel	present	char_tracker_stage05	rachel	present	1.0		high	
22	242	510.72	511.56	It's you guys.	Rachel	high	community_transcript_match	1.0	dialogue	False	True	Rachel | Phoebe | Eldad	Rachel	Rachel	False		Speaker agrees with available community-transcript mapping.	It's you guys	Rachel	Rachel	present	char_tracker_stage05	chandler|monica|phoebe|rachel	present	1.0		high	
22	243	511.72	512.16	Come on.	Rachel	high	community_transcript_match	1.0	dialogue	False	True	Rachel | Phoebe | Eldad	Rachel	Rachel	False		Speaker agrees with available community-transcript mapping.	Come on	Rachel	Rachel	present	char_tracker_stage05	chandler|monica|phoebe|rachel	present	1.0		high	
22	244	512.16	513.48	This is ridiculous.	Rachel	high	community_transcript_match	1.0	dialogue	False	True	Rachel | Phoebe | Eldad	Rachel	Rachel	False		Speaker agrees with available community-transcript mapping.	This is ridiculous	Rachel	Rachel	present	char_tracker_stage05	chandler|monica|phoebe|rachel	present	1.0		high	
22	245	513.64	516.04	Thank you very much, but I do not need you to get me a date.	Rachel	high	community_transcript_match	1.0	dialogue	False	True	Rachel | Phoebe | Eldad	Rachel	Phoebe	False		Speaker agrees with available community-transcript mapping.	I’ll tell ya who should be embarrassed! It’s you guys! Come on! This is ridiculous! Thank you very much, but I do not need you to get me a date!	Rachel	Rachel	present	char_tracker_stage05	chandler|monica|phoebe|rachel	present	1.0		high	
22	246	516.04	517.32	Then why did she ask us to?	Phoebe	high	community_transcript_match	1.0	dialogue	False	True	Rachel | Phoebe | Eldad	Rachel	Rachel	False		Speaker agrees with available community-transcript mapping.	Then why did she ask us to…	Phoebe	Phoebe	present	char_tracker_stage05	chandler|monica|phoebe|rachel	present	1.0		high	
22	247	517.32	518.36	I am still talking.	Rachel	low	scene_context_inference	0.58	dialogue	True	False	Rachel | Phoebe | Eldad	Phoebe	Rachel	True	two_sided_context_ambiguous | low_speaker_confidence	No direct transcript match; weak local context only.				present	char_tracker_stage05	chandler|monica|phoebe|rachel	present			low	low_speaker_confidence
22	248	518.76	521.84	And then you chase away the one guy that I actually liked.	Rachel	high	scene_context_bridge	0.88	dialogue	True	False	Rachel | Phoebe | Eldad	Rachel	Rachel	False		Same speaker appears on both sides within the same scene.				present	char_tracker_stage05	rachel	present			high	
22	249	522.23	523.91	I mean, no offense to you guys, really.	Rachel	high	scene_context_bridge	0.88	dialogue	True	False	Rachel | Phoebe | Eldad	Rachel	Rachel	False		Same speaker appears on both sides within the same scene.				present	char_tracker_stage05	monica|rachel	present			high	
22	250	523.91	526.95	I mean, congratulations on all the cash.	Rachel	high	community_transcript_match	1.0	dialogue	False	True	Rachel | Phoebe | Eldad	Rachel	Rachel	False		Speaker agrees with available community-transcript mapping.	I mean congratulations on all the cash, and-and y'know— —Wow	Rachel	Rachel	present	char_tracker_stage05	monica|rachel	present	1.0		high	
22	251	528.07	531.43	And, you know you really well, you do have very soft hair.	Rachel	high	community_transcript_match	1.0	dialogue	False	True	Rachel | Phoebe | Eldad	Rachel	Rachel	False		Speaker agrees with available community-transcript mapping.	You do have very soft hair	Rachel	Rachel	present	char_tracker_stage05	chandler|rachel	present	1.0		high	
22	252	531.43	536.79	But I would much rather go to the ball all by myself than go through any more of this.	Rachel	high	community_transcript_match	1.0	dialogue	False	True	Rachel | Phoebe | Eldad	Rachel	Rachel	False		Speaker agrees with available community-transcript mapping.	But I would much rather go to the ball all by myself than go through anymore of this	Rachel	Rachel	present	char_tracker_stage05	rachel	present	0.8333		high	
22	253	536.87	537.59	Goodbye.	Rachel	high	qa_review_resolved_bridge	1.0	dialogue	False	True	Rachel | Phoebe | Eldad	Rachel	Rachel	True	speaker_no_face	Speaker agrees with available community-transcript mapping. | QA resolved prior review by same-speaker bridge.	Good-bye	Rachel	Rachel	absent	char_tracker_stage05		absent	0.0		medium	speaker_no_face
22	254	540.39	543.11	Now, do you use some sort of special conditioner on that hair?	Rachel	high	qa_review_resolved_ct_support	1.0	dialogue	False	True	Rachel | Phoebe | Eldad	Rachel	Eldad	True	speaker_no_face	Speaker agrees with available community-transcript mapping. | QA resolved prior review with community-transcript support.	I am still talking!! And then you chase away the one guy that I actually liked! I mean, no offense to you guys. Really! I mean (To Patrick) congratulations on all the cash, (He nods) and-and y’know—(Feels Eldad’s hair)—Wow! You do have very soft hair! But I would much rather go to the ball all by myself than go through anymore of this! Good-bye! (Grabs her stuff, starts to leave, then turns back suddenly, and to Eldad) Now do you use some sort of special conditioner on that hair?!	Rachel	Rachel	absent	char_tracker_stage05		absent	0.0		medium	speaker_no_face
22	255	544.31	544.75	Yes.	Eldad	high	community_transcript_match	1.0	dialogue	False	True	Rachel | Phoebe | Eldad	Rachel	Eldad	False		Speaker agrees with available community-transcript mapping.	yes	Eldad	Eldad	absent	char_tracker_stage05		unobserved			high	
22	256	544.75	545.67	Papaya extract.	Eldad	high	community_transcript_match	1.0	dialogue	False	True	Rachel | Phoebe | Eldad	Eldad	Rachel	False		Speaker agrees with available community-transcript mapping.	Yes, Papaya Extract.	Eldad	Eldad	absent	char_tracker_stage05		unobserved			high	
22	257	545.75	553.52	Thank you so much.	Rachel	high	qa_review_resolved_ct_support	1.0	dialogue	False	True	Rachel | Phoebe | Eldad	Eldad		True	speaker_no_face	Speaker agrees with available community-transcript mapping. | QA resolved prior review with community-transcript support.	Thank you! (Storms out.)	Rachel	Rachel	absent	char_tracker_stage05		absent	0.0		medium	speaker_no_face
23	258	553.91	555.19	Have a great time down there.	Ross	high	qa_review_resolved_ct_support	1.0	dialogue	False	True	Ross | Elizabeth		Elizabeth	True	speaker_no_face	Speaker agrees with available community-transcript mapping. | QA resolved prior review with community-transcript support.	So uh, have a great time down there.	Ross	Ross	absent	char_tracker_stage05		absent	0.0		medium	speaker_no_face
23	259	555.27	555.83	I will.	Elizabeth	high	community_transcript_match	1.0	dialogue	False	True	Ross | Elizabeth	Ross	Ross	False		Speaker agrees with available community-transcript mapping.	I will.	Elizabeth	Elizabeth	absent	char_tracker_stage05		unobserved			high	
23	260	555.83	556.39	Yeah.	Ross	high	community_transcript_match	1.0	dialogue	False	True	Ross | Elizabeth	Elizabeth	Ross	False		Speaker agrees with available community-transcript mapping.	Yeah	Ross	Ross	present	char_tracker_stage05	ross	present	0.5		high	
23	261	556.87	558.31	Did you pack that bathing suit?	Ross	high	community_transcript_match	1.0	dialogue	False	True	Ross | Elizabeth	Ross	Ross	False		Speaker agrees with available community-transcript mapping.	Yeah. And did you, did you pack that bathing suit?	Ross	Ross	present	char_tracker_stage05	ross	present	1.0		high	
23	262	558.31	561.91	Yeah, it was pretty funny when I hid it for a while, huh?	Ross	high	community_transcript_match	1.0	dialogue	False	True	Ross | Elizabeth	Ross	Ross	False		Speaker agrees with available community-transcript mapping.	it was pretty funny when i when i hid it for a while huh no i'm concerned about your health sun exposure	Ross	Ross	present	char_tracker_stage05	ross	present	1.0		high	
23	263	565.91	571.11	Anyway, I am worried about that bathing suit.	Ross	high	community_transcript_match	1.0	dialogue	False	True	Ross | Elizabeth	Ross	Ross	False		Speaker agrees with available community-transcript mapping.	it was pretty funny when i when i hid it for a while huh anyway umm i i am worried about that bathing suit no i'm concerned about your health sun exposure	Ross	Ross	present	char_tracker_stage05	ross	present	1.0		high	
23	264	571.27	573.99	Not because it's revealing, which I'm fine with.	Ross	high	community_transcript_match	1.0	dialogue	False	True	Ross | Elizabeth	Ross	Ross	False		Speaker agrees with available community-transcript mapping.	It was pretty funny when I, when I hid it for a while, huh? Anyway, umm, I-I am worried about that bathing suit, not because it’s revealing which I’m fine with, no I’m concerned about your health, sun exposure.	Ross	Ross	present	char_tracker_stage05	ross	present	1.0		high	
23	265	574.15	575.99	No, I'm concerned about your health.	Ross	high	community_transcript_match	1.0	dialogue	False	True	Ross | Elizabeth	Ross	Ross	False		Speaker agrees with available community-transcript mapping.	it was pretty funny when i when i hid it for a while huh anyway umm i i am worried about that bathing suit no i'm concerned about your health sun exposure	Ross	Ross	present	char_tracker_stage05	ross	present	1.0		high	
23	266	577.91	579.19	Sun exposure.	Ross	medium	visual_disambiguation	0.74	dialogue	True	False	Ross | Elizabeth	Ross	Elizabeth	False		Only one of the two text-context candidates was visually present in the window.				present	char_tracker_stage05	ross	present			medium	
23	267	579.55	580.31	Oh, don't worry.	Elizabeth	high	community_transcript_match	1.0	dialogue	False	True	Ross | Elizabeth	Ross	Elizabeth	False		Speaker agrees with available community-transcript mapping.	Oh, don’t worry I have plenty of sun block, it’s SPF-30.	Elizabeth	Elizabeth	present	char_tracker_stage05	ross	unobserved			high	
23	268	580.31	581.75	I have plenty of sunblock.	Elizabeth	high	community_transcript_match	1.0	dialogue	False	True	Ross | Elizabeth	Elizabeth	Elizabeth	False		Speaker agrees with available community-transcript mapping.	i have plenty of sun block it's spf 30	Elizabeth	Elizabeth	absent	char_tracker_stage05		unobserved			high	
23	269	581.75	582.91	It's SPF 30.	Elizabeth	high	community_transcript_match	1.0	dialogue	False	True	Ross | Elizabeth	Elizabeth	Ross	False		Speaker agrees with available community-transcript mapping.	sun block it's spf 30	Elizabeth	Elizabeth	absent	char_tracker_stage05		unobserved			high	
23	270	583.79	586.83	Well, if what's in the bottle is actually 30.	Ross	high	community_transcript_match	1.0	dialogue	False	True	Ross | Elizabeth	Elizabeth	Ross	False		Speaker agrees with available community-transcript mapping.	well if what's in the bottle is actually 30 it's get 4	Ross	Ross	present	char_tracker_stage05	ross	present	1.0		high	
23	271	587.07	589.63	I mean, sometimes you get 30, sometimes it's four.	Ross	high	community_transcript_match	1.0	dialogue	False	True	Ross | Elizabeth	Ross	Ross	False		Speaker agrees with available community-transcript mapping.	well if what's in the bottle is actually 30 i mean sometimes you get 30 sometimes it's it's get 4	Ross	Ross	present	char_tracker_stage05	ross	present	1.0		high	
23	272	589.63	592.11	And I swear to God, more often than not, it's just milk.	Ross	high	community_transcript_match	1.0	dialogue	False	True	Ross | Elizabeth	Ross	Elizabeth	False		Speaker agrees with available community-transcript mapping.	Well, if what’s in the bottle is actually 30. I mean sometimes you get 30, sometimes it’s-it’s get 4, and I swear to God more often than not it’s just milk.	Ross	Ross	present	char_tracker_stage05	ross	present	1.0		high	
23	273	593.87	596.27	Ross, it's gonna be okay.	Elizabeth	high	community_transcript_match	1.0	dialogue	False	True	Ross | Elizabeth	Ross	Elizabeth	False		Speaker agrees with available community-transcript mapping.	Ross, it's going to be okay	Elizabeth	Elizabeth	partial	char_tracker_stage05		unobserved			high	
23	274	596.75	599.31	I'm not going down there to hook up with a bunch of guys.	Elizabeth	high	community_transcript_match	1.0	dialogue	False	True	Ross | Elizabeth	Elizabeth	Elizabeth	False		Speaker agrees with available community-transcript mapping.	Ross, it’s going to be okay. I’m not going down there to hook up with a bunch of guys. I really like you. I like how things are going between us.	Elizabeth	Elizabeth	absent	char_tracker_stage05		unobserved			high	
23	275	600.11	601.31	I really like you.	Elizabeth	high	community_transcript_match	1.0	dialogue	False	True	Ross | Elizabeth	Elizabeth	Elizabeth	False		Speaker agrees with available community-transcript mapping.	I really like you	Elizabeth	Elizabeth	present	char_tracker_stage05	ross	unobserved			high	
23	276	601.71	603.47	I like how things are going between us.	Elizabeth	high	community_transcript_match	1.0	dialogue	False	True	Ross | Elizabeth	Elizabeth	Ross	False		Speaker agrees with available community-transcript mapping.	I like how things are going between us	Elizabeth	Elizabeth	present	char_tracker_stage05	ross	unobserved			high	
23	277	604.27	604.67	Really?	Ross	high	community_transcript_match	1.0	dialogue	False	True	Ross | Elizabeth	Elizabeth	Elizabeth	False		Speaker agrees with available community-transcript mapping.	Really?	Ross	Ross	present	char_tracker_stage05	ross	present	1.0		high	
23	278	605.08	605.4	Yeah.	Elizabeth	high	community_transcript_match	1.0	dialogue	False	True	Ross | Elizabeth	Ross	Elizabeth	False		Speaker agrees with available community-transcript mapping.	Yeah	Elizabeth	Elizabeth	absent	char_tracker_stage05		unobserved			high	
23	279	605.64	608.28	Just going down there to relax and hang out with my friends.	Elizabeth	high	community_transcript_match	1.0	dialogue	False	True	Ross | Elizabeth	Elizabeth	Ross	False		Speaker agrees with available community-transcript mapping.	Yeah! I’m just going down there to relax and hang out with my friends.	Elizabeth	Elizabeth	partial	char_tracker_stage05		unobserved			high	
23	280	609.72	610.36	Okay.	Ross	high	community_transcript_match	1.0	dialogue	False	True	Ross | Elizabeth	Elizabeth	Ross	False		Speaker agrees with available community-transcript mapping.	Okay	Ross	Ross	present	char_tracker_stage05	ross	present	1.0		high	
23	281	611.08	611.56	Cool.	Ross	high	community_transcript_match	1.0	dialogue	False	True	Ross | Elizabeth	Ross	Elizabeth	False		Speaker agrees with available community-transcript mapping.	Okay. Cool.	Ross	Ross	present	char_tracker_stage05	ross	present	1.0		high	
23	282	612.44	613.64	Oh, hey, here they are.	Elizabeth	high	community_transcript_match	1.0	dialogue	False	True	Ross | Elizabeth	Ross		False		Speaker agrees with available community-transcript mapping.	Oh hey! Here they are!	Elizabeth	Elizabeth	present	char_tracker_stage05	ross	unobserved			high	
24	283	613.72	614.92	Hey, Elizabeth.	Guy	high	community_transcript_match	1.0	dialogue	False	True	Guy			False		Speaker agrees with available community-transcript mapping.	Elizabeth!	Guy	Guy	absent	char_tracker_stage05		unobserved			high	
25	284	626.28	633.16	Call me Rachel.	Ross	high	qa_review_resolved_ct_support	1.0	dialogue	False	True	Ross			True	speaker_no_face	Speaker agrees with available community-transcript mapping. | QA resolved prior review with community-transcript support.	Call me!	Ross	Ross	partial	char_tracker_stage05		absent	0.375		medium	speaker_no_face
27	285	633.16	634.85	We're sorry for pushing those guys on you.	Phoebe	high	qa_review_resolved_ct_support	1.0	dialogue	False	True	Phoebe | Rachel | Chandler | Joey		Rachel	True	speaker_no_face	Speaker agrees with available community-transcript mapping. | QA resolved prior review with community-transcript support.	Rachel, we’re sorry for pushing those guys on you.	Phoebe	Phoebe	absent	char_tracker_stage05		absent	0.0		medium	speaker_no_face
27	286	635.16	636.12	Oh, that's all right.	Rachel	high	community_transcript_match	1.0	dialogue	False	True	Phoebe | Rachel | Chandler | Joey	Phoebe	Rachel	False		Speaker agrees with available community-transcript mapping.	Oh that's all right	Rachel	Rachel	present	char_tracker_stage05	rachel	present	1.0		high	
27	287	636.2	637.88	I ended up having a really good time.	Rachel	high	community_transcript_match	1.0	dialogue	False	True	Phoebe | Rachel | Chandler | Joey	Rachel	Rachel	False		Speaker agrees with available community-transcript mapping.	Y'know, I ended up having a really good time	Rachel	Rachel	present	char_tracker_stage05	rachel	present	1.0		high	
27	288	638.36	642.52	You know, the charity was a big success and they raised a lot of money and awareness.	Rachel	high	community_transcript_match	1.0	dialogue	False	True	Phoebe | Rachel | Chandler | Joey	Rachel	Chandler	False		Speaker agrees with available community-transcript mapping.	Oh that’s all right! Y’know, I ended up having a really good time. Y’know, the charity was a big success and they raised a lot of money and awareness.	Rachel	Rachel	present	char_tracker_stage05	rachel	present	1.0		high	
27	289	642.92	644.28	So, what was it for, anyway?	Chandler	high	community_transcript_match	1.0	dialogue	False	True	Phoebe | Rachel | Chandler | Joey	Rachel	Rachel	False		Speaker agrees with available community-transcript mapping.	So what was it for anyway?	Chandler	Chandler	present	char_tracker_stage05	chandler|rachel	present	1.0		high	
27	290	646.28	647.96	I want to say a disease.	Rachel	high	community_transcript_match	1.0	dialogue	False	True	Phoebe | Rachel | Chandler | Joey	Chandler	Joey	False		Speaker agrees with available community-transcript mapping.	I wanna say a disease.	Rachel	Rachel	present	char_tracker_stage05	rachel	present	1.0		high	
27	291	650.919	654.12	Hey, I just got this really weird message from Ross.	Joey	high	community_transcript_match	1.0	dialogue	False	True	Phoebe | Rachel | Chandler | Joey	Rachel	Joey	False		Speaker agrees with available community-transcript mapping.	I just got this really weird message from Ross	Joey	Joey	present	char_tracker_stage05	joey	present	0.8		high	
27	292	654.12	655.4	He said, turn on mtv.	Joey	high	community_transcript_match	1.0	dialogue	False	True	Phoebe | Rachel | Chandler | Joey	Joey		False		Speaker agrees with available community-transcript mapping.	I just got this really weird message from Ross. He said turn on MTV.	Joey	Joey	present	char_tracker_stage05	joey	present	1.0		high	
28	293	661.4	662.0	Oh, my God.	Phoebe	high	qa_review_resolved_ct_support	1.0	dialogue	False	True	Phoebe | Rachel		Phoebe	True	speaker_offscreen	Speaker agrees with available community-transcript mapping. | QA resolved prior review with community-transcript support.	Oh my God, look	Phoebe	Phoebe	present	char_tracker_stage05	rachel	absent	0.0		low	speaker_offscreen
28	294	662.0	663.24	Look, that's Elizabeth.	Phoebe	high	qa_review_resolved_ct_support	1.0	dialogue	False	True	Phoebe | Rachel	Phoebe	Rachel	True	speaker_offscreen	Speaker agrees with available community-transcript mapping. | QA resolved prior review with community-transcript support.	Oh my God, look! That’s Elizabeth!	Phoebe	Phoebe	present	char_tracker_stage05	rachel	absent	0.0		low	speaker_offscreen
28	295	673.06	673.38	Oh.	Rachel	high	community_transcript_match	1.0	reaction	False	True	Phoebe | Rachel	Phoebe		False		Speaker agrees with available community-transcript mapping.	oh	Rachel	Rachel	present	char_tracker_stage05	rachel	present	1.0		high	
29	296	673.7	675.86	Oh, professor geller.	Rachel	high	community_transcript_match	1.0	dialogue	False	True	Rachel | Joey		Joey	False		Speaker agrees with available community-transcript mapping.	Oh-oh Professor Geller.	Rachel	Rachel	present	char_tracker_stage05	rachel	present	1.0		high	
29	297	678.74	680.26	Gotta be 13 again.	Joey	high	community_transcript_match	1.0	dialogue	False	True	Rachel | Joey	Rachel		False		Speaker agrees with available community-transcript mapping.	Ahh, to be 13 again.	Joey	Joey	present	char_tracker_stage05	joey	present	1.0		high	
