scene_id	sentence_id	start	end	utterance	speaker	speaker_confidence	speaker_method	alignment_score	row_type	filled_from_missing	matched_to_ct	scene_speaker_set	prev_speaker_scene	next_speaker_scene	review_flag	review_reason	notes	utterance_ct	speaker_ct	speaker_original	visual_presence	visual_presence_source	visual_presence_chars	speaker_visual_presence	speaker_visual_ratio	visual_presence_note	annotation_confidence	annotation_review_reason
1	1	3.28	3.56	Hey.	Ross	high	community_transcript_match	1.0	dialogue	False	True	Ross | Chandler		Chandler	True	speaker_no_face	Speaker agrees with available community-transcript mapping.	Hey!	Ross	Ross	absent	char_tracker_stage05		absent	0.0		medium	speaker_no_face
1	2	3.56	4.0	Hey.	Chandler	high	community_transcript_match	1.0	dialogue	False	True	Ross | Chandler	Ross	Ross	True	speaker_no_face	Speaker agrees with available community-transcript mapping.	Hey!	Chandler	Chandler	absent	char_tracker_stage05		absent	0.0		medium	speaker_no_face
1	3	4.0	5.8	Wow, you look nice.	Ross	high	community_transcript_match	1.0	dialogue	False	True	Ross | Chandler	Chandler	Ross	True	speaker_no_face	Speaker agrees with available community-transcript mapping.	You look nice	Ross	Ross	absent	char_tracker_stage05		absent	0.0		medium	speaker_no_face
1	4	5.8	6.76	What's the occasion?	Ross	high	community_transcript_match	1.0	dialogue	False	True	Ross | Chandler	Ross	Chandler	True	speaker_offscreen	Speaker agrees with available community-transcript mapping.	Wow! You look nice. What's the occasion?	Ross	Ross	present	char_tracker_stage05	chandler	absent	0.0		low	speaker_offscreen
1	5	6.76	9.0	Monica and I are celebrating our 10 month anniversary.	Chandler	high	community_transcript_match	1.0	dialogue	False	True	Ross | Chandler	Ross	Chandler	False		Speaker agrees with available community-transcript mapping.	Monica and I are celebrating our ten-month anniversary, we've got reservations at Ja George.	Chandler	Chandler	present	char_tracker_stage05	chandler	present	1.0		high	
1	6	9.0	10.72	Got reservations at Jean Georges.	Chandler	high	community_transcript_match	1.0	dialogue	False	True	Ross | Chandler	Chandler	Ross	False		Speaker agrees with available community-transcript mapping.	we've got reservations at ja george	Chandler	Chandler	present	char_tracker_stage05	chandler	present	1.0		high	
1	7	10.88	11.36	Wow.	Ross	high	community_transcript_match	1.0	dialogue	False	True	Ross | Chandler	Chandler	Ross	False		Speaker agrees with available community-transcript mapping.	Wow	Ross	Ross	present	char_tracker_stage05	chandler|ross	present	0.5		high	
1	8	11.92	13.04	How'd you get in there?	Ross	high	community_transcript_match	1.0	dialogue	False	True	Ross | Chandler	Ross	Chandler	False		Speaker agrees with available community-transcript mapping.	Wow! How'd you get in there?	Ross	Ross	present	char_tracker_stage05	ross	present	1.0		high	
1	9	13.2	18.56	Made a few calls, pulled some strings and they agreed to seat us at 11:30 if we both had the chicken and didn't get dessert.	Chandler	high	community_transcript_match	1.0	dialogue	False	True	Ross | Chandler	Ross	Chandler	False		Speaker agrees with available community-transcript mapping.	Made a few calls, pulled some strings, and they agreed to seat us at 11:30 if we both had the chicken and didn't get desert.	Chandler	Chandler	present	char_tracker_stage05	chandler	present	0.5		high	
1	10	18.56	18.96	Nice.	Chandler	medium	scene_context_inference	0.68	dialogue	True	False	Ross | Chandler	Chandler		True	scene_end_short_utterance	Filled from previous same-scene context.				present	char_tracker_stage05	chandler	present			medium	
2	11	23.12	24.16	Hi, Chandler.	Delivery Girl	high	community_transcript_match	1.0	dialogue	False	True	Delivery Girl | Chandler | Caitlin		Chandler	False		Speaker agrees with available community-transcript mapping.	Hi Chandler!	Delivery Girl	Delivery Girl	present	char_tracker_stage05	chandler|ross	unobserved			high	
2	12	24.4	24.92	Katelyn.	Chandler	medium	visual_disambiguation	0.74	dialogue	True	False	Delivery Girl | Chandler | Caitlin	Delivery Girl	Chandler	False		Only one of the two text-context candidates was visually present in the window.				present	char_tracker_stage05	chandler|ross	present			medium	
2	13	24.92	25.92	Somebody got a haircut.	Chandler	high	community_transcript_match	1.0	dialogue	False	True	Delivery Girl | Chandler | Caitlin	Chandler	Caitlin	False		Speaker agrees with available community-transcript mapping.	Hey Caitlin! Somebody got a haircut.	Chandler	Chandler	present	char_tracker_stage05	chandler|ross	present	1.0		high	
2	14	26.08	26.8	I hate it.	Caitlin	high	community_transcript_match	1.0	dialogue	False	True	Delivery Girl | Chandler | Caitlin	Chandler	Caitlin	False		Speaker agrees with available community-transcript mapping.	Ugh, I hate it	Caitlin	Caitlin	present	char_tracker_stage05	chandler|ross	unobserved			high	
2	15	26.8	28.56	I look like an eight year old boy.	Caitlin	high	community_transcript_match	1.0	dialogue	False	True	Delivery Girl | Chandler | Caitlin	Caitlin	Chandler	False		Speaker agrees with available community-transcript mapping.	Ugh, I hate it! I look like an 8-year-old boy.	Caitlin	Caitlin	present	char_tracker_stage05	chandler|ross	unobserved			high	
2	16	29.02	31.5	Yeah, well, if that was true, gym class would have been a lot more interesting.	Chandler	high	community_transcript_match	1.0	dialogue	False	True	Delivery Girl | Chandler | Caitlin	Caitlin	Caitlin	False		Speaker agrees with available community-transcript mapping.	Yeah, if that was true, gym class would've been a lot more interesting.	Chandler	Chandler	present	char_tracker_stage05	chandler|ross	present	1.0		high	
2	17	35.02	37.7	It's $27 even.	Caitlin	high	community_transcript_match	1.0	dialogue	False	True	Delivery Girl | Chandler | Caitlin	Chandler	Chandler	False		Speaker agrees with available community-transcript mapping.	It's uh, 27 dollars even.	Caitlin	Caitlin	partial	char_tracker_stage05		unobserved			high	
2	18	37.7	38.46	Oh, okay.	Chandler	high	community_transcript_match	1.0	dialogue	False	True	Delivery Girl | Chandler | Caitlin	Caitlin	Chandler	True	speaker_no_face	Speaker agrees with available community-transcript mapping.	Oh, okay. (Hands her the money.) Here you go.	Chandler	Chandler	absent	char_tracker_stage05		absent	0.0		medium	speaker_no_face
2	19	38.46	39.14	There you go.	Chandler	high	community_transcript_match	1.0	dialogue	False	True	Delivery Girl | Chandler | Caitlin	Chandler		True	speaker_no_face	Speaker agrees with available community-transcript mapping.	Here you go	Chandler	Chandler	absent	char_tracker_stage05		absent	0.0		medium	speaker_no_face
3	20	39.14	40.22	Hey, where's the chicken?	Caitlin	high	community_transcript_match	1.0	dialogue	False	True	Caitlin | Chandler		Chandler	False		Speaker agrees with available community-transcript mapping.	Hey, where's the chicken?	Caitlin	Caitlin	absent	char_tracker_stage05		unobserved			high	
3	21	40.22	41.02	Oh, he's in the back.	Chandler	high	community_transcript_match	1.0	dialogue	False	True	Caitlin | Chandler	Caitlin	Chandler	False		Speaker agrees with available community-transcript mapping.	Oh, he's in the back	Chandler	Chandler	present	char_tracker_stage05	chandler|ross	present	0.5		high	
3	22	41.02	42.14	The duck pissed him off.	Chandler	high	community_transcript_match	1.0	dialogue	False	True	Caitlin | Chandler	Chandler	Chandler	False		Speaker agrees with available community-transcript mapping.	Oh, he's in the back. The duck pissed him off, said that eggs came first.	Chandler	Chandler	present	char_tracker_stage05	chandler|ross	present	1.0		high	
3	23	43.34	44.62	Said the next came first.	Chandler	high	community_transcript_match	1.0	dialogue	False	True	Caitlin | Chandler	Chandler	Chandler	False		Speaker agrees with available community-transcript mapping.	oh he's in the back said that eggs came first	Chandler	Chandler	present	char_tracker_stage05	chandler|ross	present	1.0		high	
3	24	45.98	46.38	Thanks.	Chandler	medium	visual_disambiguation	0.74	dialogue	True	False	Caitlin | Chandler	Chandler	Caitlin	False		Only one of the two text-context candidates was visually present in the window.				present	char_tracker_stage05	chandler|ross	present			medium	
3	25	46.38	47.06	I'll see you later.	Caitlin	high	community_transcript_match	1.0	dialogue	False	True	Caitlin | Chandler	Chandler	Chandler	False		Speaker agrees with available community-transcript mapping.	(laughs) Great. I'll see you later!	Caitlin	Caitlin	absent	char_tracker_stage05		unobserved			high	
3	26	47.06	47.9	Okay, bye.	Chandler	high	community_transcript_match	1.0	dialogue	False	True	Caitlin | Chandler	Caitlin		True	speaker_no_face	Speaker agrees with available community-transcript mapping.	Okay, bye!	Chandler	Chandler	absent	char_tracker_stage05		absent	0.0		medium	speaker_no_face
4	27	51.9	53.34	What the hell was that?	Ross	high	community_transcript_match	1.0	dialogue	False	True	Ross | Chandler | Rachel		Chandler	False		Speaker agrees with available community-transcript mapping.	What the hell was that?!	Ross	Ross	present	char_tracker_stage05	chandler|ross	present	1.0		high	
4	28	54.46	54.86	What?	Chandler	high	community_transcript_match	1.0	dialogue	False	True	Ross | Chandler | Rachel	Ross	Ross	False		Speaker agrees with available community-transcript mapping.	What?	Chandler	Chandler	present	char_tracker_stage05	chandler|ross	present	1.0		high	
4	29	55.02	55.9	The flirting.	Ross	high	community_transcript_match	1.0	dialogue	False	True	Ross | Chandler | Rachel	Chandler	Ross	False		Speaker agrees with available community-transcript mapping.	The flirting	Ross	Ross	present	char_tracker_stage05	ross	present	1.0		high	
4	30	56.39	57.51	Aren't you supposed to be going out with.	Ross	high	community_transcript_match	1.0	dialogue	False	True	Ross | Chandler | Rachel	Ross	Ross	False		Speaker agrees with available community-transcript mapping.	The flirting! Aren't you supposed to be going out with, I don't know hmm, let's say my sister?!	Ross	Ross	present	char_tracker_stage05	ross	present	1.0		high	
4	31	57.51	57.95	I don't know.	Ross	high	community_transcript_match	1.0	dialogue	False	True	Ross | Chandler | Rachel	Ross	Ross	False		Speaker agrees with available community-transcript mapping.	the flirting i don't know hmm let's say my sister	Ross	Ross	present	char_tracker_stage05	ross	present	1.0		high	
4	32	57.95	58.47	Hmm, let's see.	Ross	medium	visual_disambiguation	0.74	dialogue	True	False	Ross | Chandler | Rachel	Ross	Chandler	False		Only one of the two text-context candidates was visually present in the window.				present	char_tracker_stage05	ross	present			medium	
4	33	58.47	59.03	My sister.	Chandler	medium	short_turn_alternation	0.7	dialogue	True	False	Ross | Chandler | Rachel	Ross	Chandler	True	short_utterance_between_two_speakers	Short utterance inferred from local turn alternation.				present	char_tracker_stage05	chandler|ross	present			medium	
4	34	60.47	61.59	I was not flirting.	Chandler	high	community_transcript_match	1.0	dialogue	False	True	Ross | Chandler | Rachel	Chandler	Ross	False		Speaker agrees with available community-transcript mapping.	I was not flirting.	Chandler	Chandler	present	char_tracker_stage05	chandler	present	1.0		high	
4	35	61.59	63.67	Well, it was totally flirting.	Ross	high	community_transcript_match	1.0	dialogue	False	True	Ross | Chandler | Rachel	Chandler	Ross	False		Speaker agrees with available community-transcript mapping.	It was totally flirting	Ross	Ross	present	char_tracker_stage05	chandler|ross	present	0.6667		high	
4	36	63.99	65.43	Somebody got a haircut.	Ross	high	community_transcript_match	1.0	dialogue	False	True	Ross | Chandler | Rachel	Ross	Chandler	False		Speaker agrees with available community-transcript mapping.	"It was totally flirting. ""Somebody got a haircut (Makes some whiney, nasally noises.)"""	Ross	Ross	present	char_tracker_stage05	chandler|ross	present	1.0		high	
4	37	68.39	69.91	Okay, first of all, the impression.	Chandler	medium	visual_disambiguation	0.74	dialogue	True	False	Ross | Chandler | Rachel	Ross	Chandler	False		Only one of the two text-context candidates was visually present in the window.				present	char_tracker_stage05	chandler	present			medium	
4	38	69.91	70.79	Uncanny.	Chandler	high	scene_context_bridge	0.88	dialogue	True	False	Ross | Chandler | Rachel	Chandler	Chandler	False		Same speaker appears on both sides within the same scene.				present	char_tracker_stage05	chandler	present			high	
4	39	72.229	73.43	And second, that was not flirting.	Chandler	high	community_transcript_match	1.0	dialogue	False	True	Ross | Chandler | Rachel	Chandler	Chandler	False		Speaker agrees with available community-transcript mapping.	okay first of all the impression uncanny and second that was not flirting that is all	Chandler	Chandler	present	char_tracker_stage05	chandler	present	1.0		high	
4	40	73.43	75.59	That was just casual conversation between two people.	Chandler	high	community_transcript_match	1.0	dialogue	False	True	Ross | Chandler | Rachel	Chandler	Chandler	False		Speaker agrees with available community-transcript mapping.	Okay first of all, the impression, uncanny. And second, that was not flirting, that was just casual conversation between two people. That is all.	Chandler	Chandler	present	char_tracker_stage05	chandler	present	1.0		high	
4	41	75.59	76.31	That is all.	Chandler	high	community_transcript_match	1.0	dialogue	False	True	Ross | Chandler | Rachel	Chandler	Ross	False		Speaker agrees with available community-transcript mapping.	That is all	Chandler	Chandler	present	char_tracker_stage05	chandler|ross	present	1.0		high	
4	42	76.87	77.75	Yeah, right.	Ross	high	community_transcript_match	1.0	dialogue	False	True	Ross | Chandler | Rachel	Chandler	Chandler	False		Speaker agrees with available community-transcript mapping.	Yeah, right.	Ross	Ross	present	char_tracker_stage05	chandler|ross	present	1.0		high	
4	43	78.15	78.99	You wanna see flirting?	Chandler	high	community_transcript_match	1.0	dialogue	False	True	Ross | Chandler | Rachel	Ross	Chandler	False		Speaker agrees with available community-transcript mapping.	You wanna see flirting	Chandler	Chandler	present	char_tracker_stage05	chandler|ross	present	1.0		high	
4	44	78.99	79.83	I'll show you flirting.	Chandler	high	community_transcript_match	1.0	dialogue	False	True	Ross | Chandler | Rachel	Chandler	Ross	False		Speaker agrees with available community-transcript mapping.	You wanna see flirting? I'll show you flirting. (Starts to move towards Ross.)	Chandler	Chandler	present	char_tracker_stage05	chandler|ross	present	1.0		high	
4	45	81.59	82.27	I'm good.	Ross	high	community_transcript_match	1.0	dialogue	False	True	Ross | Chandler | Rachel	Chandler	Rachel	False		Speaker agrees with available community-transcript mapping.	(backing away) I'm good.	Ross	Ross	present	char_tracker_stage05	chandler|ross	present	1.0		high	
4	46	132.11	133.79	I am so proud of Joey.	Rachel	high	community_transcript_match	1.0	dialogue	False	True	Ross | Chandler | Rachel	Ross		True	speaker_no_face	Speaker agrees with available community-transcript mapping.	i am so proud of joey	Rachel	Rachel	absent	char_tracker_stage05		absent	0.0		medium	speaker_no_face
6	47	133.95	135.67	I can't believe he's gonna be on Law and Order.	Rachel	high	community_transcript_match	1.0	dialogue	False	True	Rachel | Phoebe		Phoebe	True	speaker_no_face	Speaker agrees with available community-transcript mapping.	I am so proud of Joey, I can't believe he's going to be on Law & Order!	Rachel	Rachel	absent	char_tracker_stage05		absent	0.0		medium	speaker_no_face
6	48	135.67	138.59	I know, but don't you think that it should be called Order and Law?	Phoebe	high	community_transcript_match	1.0	dialogue	False	True	Rachel | Phoebe	Rachel	Rachel	False		Speaker agrees with available community-transcript mapping.	I know. But don't you think that it should be called Order and Law?	Phoebe	Phoebe	present	char_tracker_stage05	phoebe|rachel	present	0.75		high	
6	49	139.71	142.63	Well, no, because first they arrest the guy and then they try him.	Rachel	high	community_transcript_match	1.0	dialogue	False	True	Rachel | Phoebe	Phoebe	Phoebe	False		Speaker agrees with available community-transcript mapping.	No because first they arrest the guy and then they try him.	Rachel	Rachel	present	char_tracker_stage05	phoebe|rachel	present	1.0		high	
6	50	142.63	144.11	Yeah, don't get me started on that.	Phoebe	high	community_transcript_match	1.0	dialogue	False	True	Rachel | Phoebe	Rachel		False		Speaker agrees with available community-transcript mapping.	Don't get me started on that.	Phoebe	Phoebe	present	char_tracker_stage05	phoebe|rachel	present	1.0		high	
7	51	146.03	147.07	I was not flirting.	Chandler	high	community_transcript_match	1.0	dialogue	False	True	Chandler | Ross | Rachel | Phoebe		Ross	True	speaker_offscreen	Speaker agrees with available community-transcript mapping.	I was not flirting.	Chandler	Chandler	present	char_tracker_stage05	ross	absent	0.0		low	speaker_offscreen
7	52	147.07	148.55	And on your anniversary.	Ross	high	community_transcript_match	1.0	dialogue	False	True	Chandler | Ross | Rachel | Phoebe	Chandler	Ross	False		Speaker agrees with available community-transcript mapping.	And on your anniversary, for shame!	Ross	Ross	present	char_tracker_stage05	ross	present	1.0		high	
7	53	148.55	149.31	For shame.	Ross	high	community_transcript_match	1.0	dialogue	False	True	Chandler | Ross | Rachel | Phoebe	Ross	Rachel	False		Speaker agrees with available community-transcript mapping.	for shame	Ross	Ross	present	char_tracker_stage05	ross	present	1.0		high	
7	54	150.45	151.17	What's going on?	Rachel	high	community_transcript_match	1.0	dialogue	False	True	Chandler | Ross | Rachel | Phoebe	Ross	Ross	True	speaker_offscreen	Speaker agrees with available community-transcript mapping.	What's going on?	Rachel	Rachel	present	char_tracker_stage05	chandler|ross	absent	0.0		low	speaker_offscreen
7	55	151.25	153.73	Chandler was hitting on the hot delivery girl.	Ross	high	community_transcript_match	1.0	dialogue	False	True	Chandler | Ross | Rachel | Phoebe	Rachel	Chandler	False		Speaker agrees with available community-transcript mapping.	Chandler was hitting on the hot delivery girl!	Ross	Ross	present	char_tracker_stage05	chandler|ross	present	1.0		high	
7	56	154.05	154.85	I was not.	Chandler	high	community_transcript_match	1.0	dialogue	False	True	Chandler | Ross | Rachel | Phoebe	Ross	Chandler	False		Speaker agrees with available community-transcript mapping.	I was not and oh God, shh!	Chandler	Chandler	present	char_tracker_stage05	chandler|phoebe	present	1.0		high	
7	57	154.85	155.05	And.	Chandler	high	community_transcript_match	1.0	dialogue	False	True	Chandler | Ross | Rachel | Phoebe	Chandler	Chandler	False		Speaker agrees with available community-transcript mapping.	and oh god shh	Chandler	Chandler	present	char_tracker_stage05	chandler|phoebe	present	1.0		high	
7	58	155.05	155.61	Oh God.	Chandler	high	community_transcript_match	1.0	dialogue	False	True	Chandler | Ross | Rachel | Phoebe	Chandler	Chandler	False		Speaker agrees with available community-transcript mapping.	oh god shh	Chandler	Chandler	present	char_tracker_stage05	chandler|phoebe	present	1.0		high	
7	59	155.61	156.13	Shh.	Chandler	high	community_transcript_match	1.0	dialogue	False	True	Chandler | Ross | Rachel | Phoebe	Chandler	Ross	False		Speaker agrees with available community-transcript mapping.	shh	Chandler	Chandler	present	char_tracker_stage05	chandler|phoebe	present	0.5		high	
7	60	157.49	159.01	Well, I'm sorry, but you were.	Ross	high	community_transcript_match	1.0	dialogue	False	True	Chandler | Ross | Rachel | Phoebe	Chandler	Ross	False		Speaker agrees with available community-transcript mapping.	Well I'm sorry but you were	Ross	Ross	present	char_tracker_stage05	ross	present	1.0		high	
7	61	159.01	159.45	Okay?	Ross	high	community_transcript_match	1.0	dialogue	False	True	Chandler | Ross | Rachel | Phoebe	Ross	Ross	False		Speaker agrees with available community-transcript mapping.	Okay	Ross	Ross	present	char_tracker_stage05	ross	present	1.0		high	
7	62	159.45	162.97	And besides, if anyone should be hitting on her, it's the guy who's single, okay?	Ross	high	community_transcript_match	1.0	dialogue	False	True	Chandler | Ross | Rachel | Phoebe	Ross	Ross	False		Speaker agrees with available community-transcript mapping.	Well I'm sorry but you were! Okay? And besides if anyone should be hitting on her it's the guy who's single, the guy that who-who-who can do something about it.	Ross	Ross	present	char_tracker_stage05	ross	present	1.0		high	
7	63	162.97	165.09	The guy who can do something about it.	Ross	high	community_transcript_match	1.0	dialogue	False	True	Chandler | Ross | Rachel | Phoebe	Ross	Phoebe	False		Speaker agrees with available community-transcript mapping.	well i'm sorry but you were okay the guy that who who who can do something about it	Ross	Ross	present	char_tracker_stage05	ross	present	1.0		high	
7	64	165.17	167.73	Sounds like someone wants to be Mr. Pizza Delivery Girl.	Phoebe	high	community_transcript_match	1.0	dialogue	False	True	Chandler | Ross | Rachel | Phoebe	Ross	Chandler	False		Speaker agrees with available community-transcript mapping.	Sounds like somebody wants to be Mr. Pizza Delivery Girl.	Phoebe	Phoebe	present	char_tracker_stage05	chandler|phoebe	present	1.0		high	
7	65	169.73	171.17	Well, is that what this is about?	Chandler	high	community_transcript_match	1.0	dialogue	False	True	Chandler | Ross | Rachel | Phoebe	Phoebe	Chandler	False		Speaker agrees with available community-transcript mapping.	Is that what this is about	Chandler	Chandler	present	char_tracker_stage05	chandler|ross	present	1.0		high	
7	66	171.25	172.13	You like Caitlin?	Chandler	high	community_transcript_match	1.0	dialogue	False	True	Chandler | Ross | Rachel | Phoebe	Chandler		False		Speaker agrees with available community-transcript mapping.	Is that what this is about? You like Caitlin?	Chandler	Chandler	present	char_tracker_stage05	chandler|ross	present	1.0		high	
8	67	175.73	178.38	Ross, we broke up two years ago.	Rachel	high	community_transcript_match	1.0	dialogue	False	True	Rachel | Ross | Phoebe | Joey | Chandler | Grandma Tribbiani | Monica		Rachel	False		Speaker agrees with available community-transcript mapping.	We broke up two years ago	Rachel	Rachel	present	char_tracker_stage05	rachel	present	0.75		high	
8	68	178.46	180.22	You've been married since then.	Rachel	high	community_transcript_match	1.0	dialogue	False	True	Rachel | Ross | Phoebe | Joey | Chandler | Grandma Tribbiani | Monica	Rachel	Rachel	False		Speaker agrees with available community-transcript mapping.	Ross! We broke up two years ago; you've been married since then. I think it's okay that we see other people.	Rachel	Rachel	present	char_tracker_stage05	rachel	present	1.0		high	
8	69	180.22	182.06	I think it's okay that we see other people.	Rachel	high	community_transcript_match	1.0	dialogue	False	True	Rachel | Ross | Phoebe | Joey | Chandler | Grandma Tribbiani | Monica	Rachel	Ross	False		Speaker agrees with available community-transcript mapping.	I think it's okay that we see other people	Rachel	Rachel	present	char_tracker_stage05	rachel|ross	present	1.0		high	
8	70	184.3	192.86	Well, I. I was watching her the other day at the pizza place and she was just so sexy and funny and has the cutest little okay, you know what?	Ross	high	community_transcript_match	1.0	dialogue	False	True	Rachel | Ross | Phoebe | Joey | Chandler | Grandma Tribbiani | Monica	Rachel	Rachel	False		Speaker agrees with available community-transcript mapping.	And she's just so sexy and funny and has the cutest little…	Ross	Ross	present	char_tracker_stage05	ross	present	1.0		high	
8	71	192.86	193.82	We don't need her measurements.	Rachel	high	community_transcript_match	1.0	dialogue	False	True	Rachel | Ross | Phoebe | Joey | Chandler | Grandma Tribbiani | Monica	Ross	Phoebe	False		Speaker agrees with available community-transcript mapping.	Okay, y'know what? We don't need her measurements.	Rachel	Rachel	present	char_tracker_stage05	rachel|ross	present	1.0		high	
8	72	195.9	197.86	Pepperoni, pepperoni, pepperoni.	Phoebe	high	community_transcript_match	1.0	dialogue	False	True	Rachel | Ross | Phoebe | Joey | Chandler | Grandma Tribbiani | Monica	Rachel	Phoebe	True	speaker_no_face	Speaker agrees with available community-transcript mapping.	okay pepperoni pepperoni pepperoni okay she forgot my vegetarian	Phoebe	Phoebe	partial	char_tracker_stage05		absent	0.3333		medium	speaker_no_face
8	73	197.86	200.54	Ross, I know she's pretty and you love her, but is she stupid?	Phoebe	high	community_transcript_match	1.0	dialogue	False	True	Rachel | Ross | Phoebe | Joey | Chandler | Grandma Tribbiani | Monica	Phoebe	Phoebe	False		Speaker agrees with available community-transcript mapping.	(looking through the pizzas) Okay pepperoni, pepperoni, pepperoni, okay Ross, I know she's pretty and you love her, but is she stupid?! She forgot my vegetarian!	Phoebe	Phoebe	present	char_tracker_stage05	chandler|phoebe	present	1.0		high	
8	74	202.22	203.82	She forgot my vegetarian.	Phoebe	high	community_transcript_match	1.0	dialogue	False	True	Rachel | Ross | Phoebe | Joey | Chandler | Grandma Tribbiani | Monica	Phoebe	Ross	False		Speaker agrees with available community-transcript mapping.	She forgot my vegetarian	Phoebe	Phoebe	present	char_tracker_stage05	chandler|phoebe|rachel|ross	present	1.0		high	
8	75	204.72	205.84	This is perfect.	Ross	high	community_transcript_match	1.0	dialogue	False	True	Rachel | Ross | Phoebe | Joey | Chandler | Grandma Tribbiani | Monica	Phoebe	Ross	False		Speaker agrees with available community-transcript mapping.	This is perfect	Ross	Ross	present	char_tracker_stage05	chandler|phoebe|rachel|ross	present	1.0		high	
8	76	206.56	208.84	She'll have to come back here with your pizza.	Ross	high	community_transcript_match	1.0	dialogue	False	True	Rachel | Ross | Phoebe | Joey | Chandler | Grandma Tribbiani | Monica	Ross	Ross	False		Speaker agrees with available community-transcript mapping.	This is perfect! She'll have to come back here with your pizza, and when she does, I'll turn on the Charm-O-Ross. Oh I'm so glad you don't eat meat.	Ross	Ross	present	char_tracker_stage05	ross	present	1.0		high	
8	77	208.84	211.04	And when she does, I will turn on the charm.	Ross	high	community_transcript_match	1.0	dialogue	False	True	Rachel | Ross | Phoebe | Joey | Chandler | Grandma Tribbiani | Monica	Ross	Phoebe	False		Speaker agrees with available community-transcript mapping.	this is perfect and when she does i'll turn on the charm o ross oh i'm so glad you don't eat meat	Ross	Ross	present	char_tracker_stage05	ross	present	1.0		high	
8	78	211.2	212.0	Oh, Ross.	Phoebe	medium	name_address_rule	0.74	dialogue	True	False	Rachel | Ross | Phoebe | Joey | Chandler | Grandma Tribbiani | Monica	Ross	Phoebe	True	speaker_offscreen	Utterance names the previous speaker, so the next speaker is more likely.				present	char_tracker_stage05	ross	absent			low	speaker_offscreen
8	79	213.76	215.76	Oh, I'm so glad you don't eat meat.	Phoebe	high	scene_context_bridge	0.88	dialogue	True	False	Rachel | Ross | Phoebe | Joey | Chandler | Grandma Tribbiani | Monica	Phoebe	Phoebe	True	speaker_offscreen	Same speaker appears on both sides within the same scene.				present	char_tracker_stage05	rachel|ross	absent			low	speaker_offscreen
8	80	216.8	218.88	See, Vegetarianism benefits everyone.	Phoebe	high	community_transcript_match	1.0	dialogue	False	True	Rachel | Ross | Phoebe | Joey | Chandler | Grandma Tribbiani | Monica	Phoebe	Joey	False		Speaker agrees with available community-transcript mapping.	See? Vegetarianism benefits everyone.	Phoebe	Phoebe	present	char_tracker_stage05	chandler|phoebe	present	1.0		high	
8	81	220.4	221.96	Hey, everybody, look who's here.	Joey	high	community_transcript_match	1.0	dialogue	False	True	Rachel | Ross | Phoebe | Joey | Chandler | Grandma Tribbiani | Monica	Phoebe	Joey	True	speaker_offscreen	Speaker agrees with available community-transcript mapping.	(entering, with his grandmother) Hey everybody, look who's here! You remember my grandmother!	Joey	Joey	present	char_tracker_stage05	chandler	absent	0.0		low	speaker_offscreen
8	82	221.96	223.12	You remember my grandmother.	Joey	high	community_transcript_match	1.0	dialogue	False	True	Rachel | Ross | Phoebe | Joey | Chandler | Grandma Tribbiani | Monica	Joey	Rachel	False		Speaker agrees with available community-transcript mapping.	You remember my grandmother	Joey	Joey	present	char_tracker_stage05	joey	present	0.6667		high	
8	83	224.4	225.04	Big night.	Rachel	high	community_transcript_match	1.0	dialogue	False	True	Rachel | Ross | Phoebe | Joey | Chandler | Grandma Tribbiani | Monica	Joey	Phoebe	False		Speaker agrees with available community-transcript mapping.	Big night!	Rachel	Rachel	present	char_tracker_stage05	phoebe|rachel	present	1.0		high	
8	84	225.2	226.32	That's so cool.	Phoebe	high	community_transcript_match	1.0	dialogue	False	True	Rachel | Ross | Phoebe | Joey | Chandler | Grandma Tribbiani | Monica	Rachel	Chandler	False		Speaker agrees with available community-transcript mapping.	This is so cool!	Phoebe	Phoebe	present	char_tracker_stage05	chandler|phoebe|rachel|ross	present	1.0		high	
8	85	226.32	227.68	So Joey on Law and Order.	Chandler	high	community_transcript_match	1.0	dialogue	False	True	Rachel | Ross | Phoebe | Joey | Chandler | Grandma Tribbiani | Monica	Phoebe	Chandler	False		Speaker agrees with available community-transcript mapping.	so joey on law order	Chandler	Chandler	present	char_tracker_stage05	chandler|phoebe|rachel|ross	present	1.0		high	
8	86	227.68	228.88	You must be very proud.	Chandler	high	community_transcript_match	1.0	dialogue	False	True	Rachel | Ross | Phoebe | Joey | Chandler | Grandma Tribbiani | Monica	Chandler	Joey	False		Speaker agrees with available community-transcript mapping.	So, Joey on Law & Order, you must be very proud!	Chandler	Chandler	present	char_tracker_stage05	chandler|ross	present	1.0		high	
8	87	229.44	231.6	Chandler, she doesn't understand a word of English.	Joey	high	community_transcript_match	1.0	dialogue	False	True	Rachel | Ross | Phoebe | Joey | Chandler | Grandma Tribbiani | Monica	Chandler	Chandler	False		Speaker agrees with available community-transcript mapping.	Chandler, she doesn't understand a word of English.	Joey	Joey	present	char_tracker_stage05	chandler|joey|ross	present	1.0		high	
8	88	232.35	232.79	I'm sorry.	Chandler	high	community_transcript_match	1.0	dialogue	False	True	Rachel | Ross | Phoebe | Joey | Chandler | Grandma Tribbiani | Monica	Joey	Chandler	False		Speaker agrees with available community-transcript mapping.	i'm sorry i've done it again	Chandler	Chandler	present	char_tracker_stage05	chandler|ross	present	1.0		high	
8	89	232.79	234.59	I thought you were Joey's other grandmother.	Chandler	high	community_transcript_match	1.0	dialogue	False	True	Rachel | Ross | Phoebe | Joey | Chandler | Grandma Tribbiani | Monica	Chandler	Chandler	False		Speaker agrees with available community-transcript mapping.	I'm sorry, I thought you were Joey's other grandmother. (She just stares at him.) I've done it again.	Chandler	Chandler	present	char_tracker_stage05	chandler|ross	present	1.0		high	
8	90	236.83	237.79	I've done it again.	Chandler	high	community_transcript_match	1.0	dialogue	False	True	Rachel | Ross | Phoebe | Joey | Chandler | Grandma Tribbiani | Monica	Chandler	Joey	False		Speaker agrees with available community-transcript mapping.	I've done it again	Chandler	Chandler	present	char_tracker_stage05	chandler|joey|rachel	present	1.0		high	
8	91	240.19	241.11	No, no, Noni.	Joey	medium	visual_disambiguation	0.74	dialogue	True	False	Rachel | Ross | Phoebe | Joey | Chandler | Grandma Tribbiani | Monica	Chandler	Joey	False		Only one of the two text-context candidates was visually present in the window.				present	char_tracker_stage05	joey	present			medium	
8	92	241.11	242.51	Noni's my biggest fan.	Joey	high	community_transcript_match	1.0	dialogue	False	True	Rachel | Ross | Phoebe | Joey | Chandler | Grandma Tribbiani | Monica	Joey	Joey	False		Speaker agrees with available community-transcript mapping.	No Nonnie, Nonnie's my biggest fan	Joey	Joey	present	char_tracker_stage05	joey	present	1.0		high	
8	93	242.51	245.39	Yeah, she's the only one in the family who's always believed in me.	Joey	high	community_transcript_match	1.0	dialogue	False	True	Rachel | Ross | Phoebe | Joey | Chandler | Grandma Tribbiani | Monica	Joey	Joey	False		Speaker agrees with available community-transcript mapping.	No Nonnie, Nonnie's my biggest fan. Yeah, she's the only one in the family that's believed in me. (To his grandmother in Italian.) Si Nonni, Iuo Numero Uno, no?	Joey	Joey	present	char_tracker_stage05	joey	present	1.0		high	
8	94	245.39	247.39	See, Noni, yo sono numero undo.	Joey	medium	visual_disambiguation	0.74	dialogue	True	False	Rachel | Ross | Phoebe | Joey | Chandler | Grandma Tribbiani | Monica	Joey	Joey	False		Only one of the two text-context candidates was visually present in the window.				present	char_tracker_stage05	joey	present			medium	
8	95	247.39	247.63	No.	Joey	medium	visual_disambiguation	0.74	dialogue	True	False	Rachel | Ross | Phoebe | Joey | Chandler | Grandma Tribbiani | Monica	Joey	Joey	False		Only one of the two text-context candidates was visually present in the window.				present	char_tracker_stage05	joey	present			medium	
8	96	247.71	248.109	See?	Joey	medium	visual_disambiguation	0.74	dialogue	True	False	Rachel | Ross | Phoebe | Joey | Chandler | Grandma Tribbiani | Monica	Joey	Grandma Tribbiani	False		Only one of the two text-context candidates was visually present in the window.				present	char_tracker_stage05	joey	present			medium	
8	97	248.19	249.23	Vega star.	Grandma Tribbiani	high	community_transcript_match	1.0	dialogue	False	True	Rachel | Ross | Phoebe | Joey | Chandler | Grandma Tribbiani | Monica	Joey	Grandma Tribbiani	False		Speaker agrees with available community-transcript mapping.	Si, Big star	Grandma Tribbiani	Grandma Tribbiani	present	char_tracker_stage05	joey	unobserved			high	
8	98	249.95	252.43	My Vega fat Joey star.	Grandma Tribbiani	high	community_transcript_match	1.0	dialogue	False	True	Rachel | Ross | Phoebe | Joey | Chandler | Grandma Tribbiani | Monica	Grandma Tribbiani	Joey	False		Speaker agrees with available community-transcript mapping.	Si, Big star. My big fat Joey star. (grabs his stomach)	Grandma Tribbiani	Grandma Tribbiani	present	char_tracker_stage05	joey	unobserved			high	
8	99	256.75	257.23	Yeah.	Joey	high	community_transcript_match	1.0	dialogue	False	True	Rachel | Ross | Phoebe | Joey | Chandler | Grandma Tribbiani | Monica	Grandma Tribbiani	Joey	False		Speaker agrees with available community-transcript mapping.	yeah i uh so	Joey	Joey	present	char_tracker_stage05	joey	present	1.0		high	
8	100	257.939	259.939	Weighed like, 27 pounds when I was born.	Joey	high	community_transcript_match	1.0	dialogue	False	True	Rachel | Ross | Phoebe | Joey | Chandler | Grandma Tribbiani | Monica	Joey	Monica	False		Speaker agrees with available community-transcript mapping.	Yeah, I uh weighted like 27 pounds when I was born so…	Joey	Joey	present	char_tracker_stage05	joey	present	1.0		high	
8	101	262.579	264.979	Hey, happy anniversary.	Monica	high	community_transcript_match	1.0	dialogue	False	True	Rachel | Ross | Phoebe | Joey | Chandler | Grandma Tribbiani | Monica	Joey	Chandler	False		Speaker agrees with available community-transcript mapping.	(entering from the bathroom) Hey! Happy Anniversary!	Monica	Monica	present	char_tracker_stage05	monica	present	0.6667		high	
8	102	264.979	266.139	Happy anniversary.	Chandler	high	community_transcript_match	1.0	dialogue	False	True	Rachel | Ross | Phoebe | Joey | Chandler | Grandma Tribbiani | Monica	Monica	Monica	True	speaker_offscreen	Speaker agrees with available community-transcript mapping.	Happy Anniversary, 10 months! (They kiss.)	Chandler	Chandler	present	char_tracker_stage05	monica	absent	0.3333		low	speaker_offscreen
8	103	266.139	266.739	Ten months.	Monica	medium	short_turn_alternation	0.7	dialogue	True	False	Rachel | Ross | Phoebe | Joey | Chandler | Grandma Tribbiani | Monica	Chandler	Monica	True	short_utterance_between_two_speakers	Short utterance inferred from local turn alternation.				present	char_tracker_stage05	chandler|monica	present			medium	
8	104	268.899	272.459	So when I was in the shower I was thinking about our first night in London.	Monica	high	community_transcript_match	1.0	dialogue	False	True	Rachel | Ross | Phoebe | Joey | Chandler | Grandma Tribbiani | Monica	Monica	Chandler	False		Speaker agrees with available community-transcript mapping.	So umm, when I was in the shower I was thinking about our first night in London…	Monica	Monica	present	char_tracker_stage05	monica	present	1.0		high	
8	105	272.459	274.499	Oh, Joey's grandmother is right there.	Chandler	high	community_transcript_match	1.0	dialogue	False	True	Rachel | Ross | Phoebe | Joey | Chandler | Grandma Tribbiani | Monica	Monica	Monica	False		Speaker agrees with available community-transcript mapping.	Uhh, Joey's grandmother is right there. (Points)	Chandler	Chandler	present	char_tracker_stage05	chandler	present	1.0		high	
8	106	274.659	276.379	Is that the one who speaks English or the one who doesn't?	Monica	high	community_transcript_match	1.0	dialogue	False	True	Rachel | Ross | Phoebe | Joey | Chandler | Grandma Tribbiani | Monica	Chandler	Chandler	False		Speaker agrees with available community-transcript mapping.	Is that the one that speaks English or the one that doesn't?	Monica	Monica	present	char_tracker_stage05	monica	present	0.6667		high	
8	107	276.379	277.139	The one who doesn't.	Chandler	high	community_transcript_match	1.0	dialogue	False	True	Rachel | Ross | Phoebe | Joey | Chandler | Grandma Tribbiani | Monica	Monica	Monica	True	speaker_offscreen	Speaker agrees with available community-transcript mapping.	The one that doesn't.	Chandler	Chandler	present	char_tracker_stage05	monica	absent	0.0		low	speaker_offscreen
8	108	277.619	279.379	That was some hot love you gave me.	Monica	high	community_transcript_match	1.0	dialogue	False	True	Rachel | Ross | Phoebe | Joey | Chandler | Grandma Tribbiani | Monica	Chandler	Chandler	False		Speaker agrees with available community-transcript mapping.	That was some hot love you gave me! I'm gonna go get ready.	Monica	Monica	present	char_tracker_stage05	monica	present	1.0		high	
8	109	281.859	283.619	Hey, why don't you wear those earrings I got you tonight?	Chandler	high	community_transcript_match	1.0	dialogue	False	True	Rachel | Ross | Phoebe | Joey | Chandler | Grandma Tribbiani | Monica	Monica	Monica	False		Speaker agrees with available community-transcript mapping.	Hey, why don't you wear those earrings I gave you?	Chandler	Chandler	present	char_tracker_stage05	chandler	present	1.0		high	
8	110	283.69	284.73	Oh, that's a great idea.	Monica	high	community_transcript_match	1.0	dialogue	False	True	Rachel | Ross | Phoebe | Joey | Chandler | Grandma Tribbiani | Monica	Chandler	Monica	False		Speaker agrees with available community-transcript mapping.	That's a great idea	Monica	Monica	present	char_tracker_stage05	chandler|monica	present	1.0		high	
8	111	284.73	286.17	I was saving them for something special.	Monica	high	community_transcript_match	1.0	dialogue	False	True	Rachel | Ross | Phoebe | Joey | Chandler | Grandma Tribbiani | Monica	Monica	Monica	False		Speaker agrees with available community-transcript mapping.	That's a great idea! I was saving them for something special.	Monica	Monica	present	char_tracker_stage05	monica	present	1.0		high	
8	112	286.25	290.57	Okay, you've got to go home.	Monica	high	community_transcript_match	1.0	dialogue	False	True	Rachel | Ross | Phoebe | Joey | Chandler | Grandma Tribbiani | Monica	Monica	Phoebe	True	speaker_no_face	Speaker agrees with available community-transcript mapping.	(runs over to Phoebe) You have got to go home!	Monica	Monica	partial	char_tracker_stage05		absent	0.4		medium	speaker_no_face
8	113	290.65	291.69	But I like it here.	Phoebe	high	community_transcript_match	1.0	dialogue	False	True	Rachel | Ross | Phoebe | Joey | Chandler | Grandma Tribbiani | Monica	Monica	Monica	False		Speaker agrees with available community-transcript mapping.	But I like it here!	Phoebe	Phoebe	present	char_tracker_stage05	phoebe	present	1.0		high	
8	114	294.09	296.09	Gotta go home and get the earrings that you borrowed from me.	Monica	high	community_transcript_match	1.0	dialogue	False	True	Rachel | Ross | Phoebe | Joey | Chandler | Grandma Tribbiani | Monica	Phoebe	Phoebe	True	speaker_offscreen	Speaker agrees with available community-transcript mapping.	You gotta go home and get the earrings that you borrowed from me okay? Chandler wants me to wear them tonight.	Monica	Monica	present	char_tracker_stage05	phoebe	absent	0.0		low	speaker_offscreen
8	115	296.09	296.37	Okay.	Phoebe	medium	visual_disambiguation	0.74	dialogue	True	False	Rachel | Ross | Phoebe | Joey | Chandler | Grandma Tribbiani | Monica	Monica	Phoebe	False		Only one of the two text-context candidates was visually present in the window.				present	char_tracker_stage05	phoebe	present			medium	
8	116	296.37	297.53	Chandler wants me to wear them tonight.	Phoebe	high	scene_context_bridge	0.88	dialogue	True	False	Rachel | Ross | Phoebe | Joey | Chandler | Grandma Tribbiani | Monica	Phoebe	Phoebe	False		Same speaker appears on both sides within the same scene.				present	char_tracker_stage05	phoebe	present			high	
8	117	297.53	298.81	Okay, well, I think they're in my purse.	Phoebe	high	community_transcript_match	1.0	dialogue	False	True	Rachel | Ross | Phoebe | Joey | Chandler | Grandma Tribbiani | Monica	Phoebe	Phoebe	False		Speaker agrees with available community-transcript mapping.	Okay, well I think that they're in my purse	Phoebe	Phoebe	present	char_tracker_stage05	phoebe	present	1.0		high	
8	118	298.81	300.37	Why don't you go get dressed and I'll look for him.	Phoebe	high	community_transcript_match	1.0	dialogue	False	True	Rachel | Ross | Phoebe | Joey | Chandler | Grandma Tribbiani | Monica	Phoebe	Monica	False		Speaker agrees with available community-transcript mapping.	Okay, well I think that they're in my purse. Why don't you go get dressed and I'll look for them.	Phoebe	Phoebe	present	char_tracker_stage05	phoebe	present	1.0		high	
8	119	300.37	300.61	Great.	Monica	high	community_transcript_match	1.0	dialogue	False	True	Rachel | Ross | Phoebe | Joey | Chandler | Grandma Tribbiani | Monica	Phoebe	Phoebe	True	speaker_offscreen	Speaker agrees with available community-transcript mapping.	Great!	Monica	Monica	present	char_tracker_stage05	phoebe	absent	0.0		low	speaker_offscreen
8	120	300.61	301.13	Okay.	Phoebe	medium	visual_disambiguation	0.74	dialogue	True	False	Rachel | Ross | Phoebe | Joey | Chandler | Grandma Tribbiani | Monica	Monica	Phoebe	False		Only one of the two text-context candidates was visually present in the window.				present	char_tracker_stage05	phoebe	present			medium	
8	121	304.09	304.57	Rach?	Phoebe	high	scene_context_bridge	0.88	dialogue	True	False	Rachel | Ross | Phoebe | Joey | Chandler | Grandma Tribbiani | Monica	Phoebe	Phoebe	False		Same speaker appears on both sides within the same scene.				present	char_tracker_stage05	phoebe	present			high	
8	122	304.81	305.29	Hi.	Phoebe	high	scene_context_bridge	0.88	dialogue	True	False	Rachel | Ross | Phoebe | Joey | Chandler | Grandma Tribbiani | Monica	Phoebe	Phoebe	False		Same speaker appears on both sides within the same scene.				present	char_tracker_stage05	phoebe	present			high	
8	123	305.29	306.81	I need those earrings you borrowed.	Phoebe	high	community_transcript_match	1.0	dialogue	False	True	Rachel | Ross | Phoebe | Joey | Chandler | Grandma Tribbiani | Monica	Phoebe	Rachel	False		Speaker agrees with available community-transcript mapping.	Okay! (Walks over to Rachel) Rach, hi, I need those earrings you borrowed.	Phoebe	Phoebe	present	char_tracker_stage05	phoebe	present	1.0		high	
8	124	309.84	311.92	Oh, okay.	Rachel	medium	visual_disambiguation	0.74	dialogue	True	False	Rachel | Ross | Phoebe | Joey | Chandler | Grandma Tribbiani | Monica	Phoebe	Rachel	False		Only one of the two text-context candidates was visually present in the window.				present	char_tracker_stage05	rachel	present			medium	
8	125	311.92	312.36	Yeah.	Rachel	high	scene_context_bridge	0.88	dialogue	True	False	Rachel | Ross | Phoebe | Joey | Chandler | Grandma Tribbiani | Monica	Rachel	Rachel	False		Same speaker appears on both sides within the same scene.				present	char_tracker_stage05	rachel	present			high	
8	126	312.36	313.04	I'll be right back.	Rachel	high	community_transcript_match	1.0	dialogue	False	True	Rachel | Ross | Phoebe | Joey | Chandler | Grandma Tribbiani | Monica	Rachel	Rachel	False		Speaker agrees with available community-transcript mapping.	Oh, umm, okay, yeah, I'll be, yeah I'll be right back. (Goes to her room.)	Rachel	Rachel	present	char_tracker_stage05	rachel	present	0.5		high	
8	127	313.04	313.52	Okay.	Rachel	medium	scene_context_inference	0.68	dialogue	True	False	Rachel | Ross | Phoebe | Joey | Chandler | Grandma Tribbiani | Monica	Rachel	Rachel	True	scene_end_short_utterance | speaker_no_face	Filled from previous same-scene context.				absent	char_tracker_stage05		absent			medium	speaker_no_face
8	128	316.0	317.28	Scusa, Senora.	Rachel	medium	scene_context_inference	0.68	dialogue	True	False	Rachel | Ross | Phoebe | Joey | Chandler | Grandma Tribbiani | Monica	Rachel	Rachel	True	scene_end_short_utterance | speaker_offscreen	Filled from previous same-scene context.				present	char_tracker_stage05	phoebe	absent			low	speaker_offscreen
8	129	317.92	320.24	Voile berri quaque cosa niente.	Rachel	medium	scene_context_inference	0.68	dialogue	True	False	Rachel | Ross | Phoebe | Joey | Chandler | Grandma Tribbiani | Monica	Rachel	Rachel	True	medium_confidence_context_fill | speaker_offscreen	Filled from previous same-scene context.				present	char_tracker_stage05	joey|phoebe	absent			low	speaker_offscreen
8	130	320.24	320.88	Grazie.	Rachel	medium	scene_context_inference	0.68	dialogue	True	False	Rachel | Ross | Phoebe | Joey | Chandler | Grandma Tribbiani | Monica	Rachel	Rachel	True	scene_end_short_utterance | speaker_offscreen	Filled from previous same-scene context.				present	char_tracker_stage05	joey|phoebe	absent			low	speaker_offscreen
8	131	320.88	323.04	Le e si bellina certosi.	Rachel	medium	scene_context_inference	0.68	dialogue	True	False	Rachel | Ross | Phoebe | Joey | Chandler | Grandma Tribbiani | Monica	Rachel		True	medium_confidence_context_fill | speaker_offscreen	Filled from previous same-scene context.				present	char_tracker_stage05	joey|phoebe	absent			low	speaker_offscreen
9	132	323.76	325.439	Wow, Pheebs, you speak Italian.	Joey	high	community_transcript_match	1.0	dialogue	False	True	Joey | Phoebe | Rachel		Phoebe	False		Speaker agrees with available community-transcript mapping.	Wow Pheebs, you speak Italian?	Joey	Joey	present	char_tracker_stage05	chandler|joey	present	1.0		high	
9	133	325.44	326.24	I guess so.	Phoebe	high	community_transcript_match	1.0	dialogue	False	True	Joey | Phoebe | Rachel	Joey	Rachel	False		Speaker agrees with available community-transcript mapping.	I guess so. (See, the brief possession didn't affect her at all, like we could really tell.)	Phoebe	Phoebe	present	char_tracker_stage05	chandler|joey|phoebe	present	1.0		high	
9	134	330.64	331.24	There you go.	Rachel	high	community_transcript_match	1.0	dialogue	False	True	Joey | Phoebe | Rachel	Phoebe	Rachel	True	speaker_no_face	Speaker agrees with available community-transcript mapping.	Here you go	Rachel	Rachel	absent	char_tracker_stage05		absent	0.0		medium	speaker_no_face
9	135	331.24	331.84	Thank you.	Rachel	high	community_transcript_match	1.0	dialogue	False	True	Joey | Phoebe | Rachel	Rachel	Phoebe	True	speaker_no_face	Speaker agrees with available community-transcript mapping.	(She enters and hands Phoebe the earring) Here you go. Thank you!	Rachel	Rachel	absent	char_tracker_stage05		absent	0.0		medium	speaker_no_face
9	136	331.92	333.6	Wait, Rach, where's the other one?	Phoebe	high	community_transcript_match	1.0	dialogue	False	True	Joey | Phoebe | Rachel	Rachel	Rachel	True	speaker_no_face	Speaker agrees with available community-transcript mapping.	Wait, Rach! Where's the other one?	Phoebe	Phoebe	partial	char_tracker_stage05		absent	0.0		medium	speaker_no_face
9	137	333.68	335.36	Oh, what, you want both of them?	Rachel	high	community_transcript_match	1.0	dialogue	False	True	Joey | Phoebe | Rachel	Phoebe	Rachel	False		Speaker agrees with available community-transcript mapping.	Oh what, you-you want both of them	Rachel	Rachel	present	char_tracker_stage05	rachel	present	1.0		high	
9	138	336.96	338.4	A little greedy, don't you think?	Rachel	high	community_transcript_match	1.0	dialogue	False	True	Joey | Phoebe | Rachel	Rachel	Phoebe	False		Speaker agrees with available community-transcript mapping.	Oh what, you-you want both of them? That's a little greedy don't you think?	Rachel	Rachel	present	char_tracker_stage05	rachel	present	1.0		high	
9	139	339.04	340.2	Rachel Karen Green.	Phoebe	high	community_transcript_match	1.0	dialogue	False	True	Joey | Phoebe | Rachel	Rachel	Phoebe	False		Speaker agrees with available community-transcript mapping.	rachel karen green	Phoebe	Phoebe	present	char_tracker_stage05	phoebe	present	1.0		high	
9	140	340.2	341.11	Where's the other earring?	Phoebe	high	community_transcript_match	1.0	dialogue	False	True	Joey | Phoebe | Rachel	Phoebe	Rachel	False		Speaker agrees with available community-transcript mapping.	Rachel Karen Green, where's the other earring?!	Phoebe	Phoebe	present	char_tracker_stage05	phoebe|rachel	present	1.0		high	
9	141	341.66	342.54	Okay, okay, okay.	Rachel	high	community_transcript_match	1.0	dialogue	False	True	Joey | Phoebe | Rachel	Phoebe	Rachel	False		Speaker agrees with available community-transcript mapping.	okay okay okay	Rachel	Rachel	present	char_tracker_stage05	phoebe|rachel	present	1.0		high	
9	142	342.54	344.9	Look, just don't freak out, but I kind of lost it.	Rachel	high	community_transcript_match	1.0	dialogue	False	True	Joey | Phoebe | Rachel	Rachel	Rachel	False		Speaker agrees with available community-transcript mapping.	Okay, okay, okay, look, just don't freak out, but I kinda lost it	Rachel	Rachel	present	char_tracker_stage05	rachel	present	1.0		high	
9	143	344.9	348.3	Oh, I know it's in the apartment, but I definitely lost it.	Rachel	high	community_transcript_match	1.0	dialogue	False	True	Joey | Phoebe | Rachel	Rachel	Phoebe	False		Speaker agrees with available community-transcript mapping.	Okay, okay, okay, look, just don't freak out, but I kinda lost it. I know it's in the apartment, but I definitely lost it.	Rachel	Rachel	present	char_tracker_stage05	phoebe|rachel	present	1.0		high	
9	144	349.1	350.42	What am I gonna tell Monica?	Phoebe	high	community_transcript_match	1.0	dialogue	False	True	Joey | Phoebe | Rachel	Rachel	Phoebe	False		Speaker agrees with available community-transcript mapping.	Well, what am I going to tell Monica	Phoebe	Phoebe	present	char_tracker_stage05	phoebe	present	1.0		high	
9	145	350.42	351.74	She wants to wear them tonight.	Phoebe	high	community_transcript_match	1.0	dialogue	False	True	Joey | Phoebe | Rachel	Phoebe	Phoebe	False		Speaker agrees with available community-transcript mapping.	Well, what am I going to tell Monica? She wants to wear them tonight!	Phoebe	Phoebe	present	char_tracker_stage05	phoebe	present	1.0		high	
9	146	351.98	352.66	I don't know.	Phoebe	medium	visual_disambiguation	0.74	dialogue	True	False	Joey | Phoebe | Rachel	Phoebe	Rachel	False		Only one of the two text-context candidates was visually present in the window.				present	char_tracker_stage05	phoebe	present			medium	
9	147	352.66	354.18	Tell her to wear her own earrings.	Rachel	high	community_transcript_match	1.0	dialogue	False	True	Joey | Phoebe | Rachel	Phoebe	Phoebe	True	speaker_no_face	Speaker agrees with available community-transcript mapping.	Tell her to wear her own earrings.	Rachel	Rachel	partial	char_tracker_stage05		absent	0.0		medium	speaker_no_face
9	148	354.18	355.58	These are her earrings.	Phoebe	high	community_transcript_match	1.0	dialogue	False	True	Joey | Phoebe | Rachel	Rachel	Rachel	True	speaker_offscreen	Speaker agrees with available community-transcript mapping.	These are her earrings.	Phoebe	Phoebe	present	char_tracker_stage05	rachel	absent	0.0		low	speaker_offscreen
9	149	355.74	357.26	No, no.	Rachel	medium	visual_disambiguation	0.74	dialogue	True	False	Joey | Phoebe | Rachel	Phoebe	Rachel	False		Only one of the two text-context candidates was visually present in the window.				present	char_tracker_stage05	rachel	present			medium	
9	150	358.22	359.74	You lent me Monica's earrings.	Rachel	high	community_transcript_match	1.0	dialogue	False	True	Joey | Phoebe | Rachel	Rachel	Rachel	False		Speaker agrees with available community-transcript mapping.	Nooo! Nooooo! You lent me Monica's earrings?! I'm not allowed to borrow her stuff!	Rachel	Rachel	present	char_tracker_stage05	rachel	present	1.0		high	
9	151	359.74	361.58	I'm not allowed to borrow her stuff.	Rachel	high	community_transcript_match	1.0	dialogue	False	True	Joey | Phoebe | Rachel	Rachel	Rachel	False		Speaker agrees with available community-transcript mapping.	I'm not allowed to borrow her stuff	Rachel	Rachel	present	char_tracker_stage05	rachel	present	1.0		high	
9	152	363.5	365.66	Why not because I lose her stuff.	Rachel	high	community_transcript_match	1.0	dialogue	False	True	Joey | Phoebe | Rachel	Rachel	Rachel	False		Speaker agrees with available community-transcript mapping.	Because I lose her stuff!	Rachel	Rachel	present	char_tracker_stage05	phoebe|rachel	present	1.0		high	
9	153	371.74	372.94	He left a little.	Rachel	medium	scene_context_inference	0.68	dialogue	True	False	Joey | Phoebe | Rachel	Rachel		True	medium_confidence_context_fill | speaker_no_face	Filled from previous same-scene context.				absent	char_tracker_stage05		absent			medium	speaker_no_face
10	154	373.96	375.56	Okay, now you see that blind guy right there?	Joey	high	community_transcript_match	1.0	dialogue	False	True	Joey		Joey	True	speaker_no_face	Speaker agrees with available community-transcript mapping.	Okay, see that blind guy right there	Joey	Joey	partial	char_tracker_stage05		absent	0.3333		medium	speaker_no_face
10	155	375.64	377.08	I'm gonna bash his head in later.	Joey	high	community_transcript_match	1.0	dialogue	False	True	Joey	Joey	Joey	False		Speaker agrees with available community-transcript mapping.	Okay, see that blind guy right there? I'm gonna bash his head in later.	Joey	Joey	present	char_tracker_stage05	joey	present	1.0		high	
10	156	378.52	379.44	Domain Joey.	Joey	medium	scene_context_inference	0.68	dialogue	True	False	Joey	Joey	Joey	True	scene_end_short_utterance	Filled from previous same-scene context.				present	char_tracker_stage05	joey	present			medium	
10	157	379.44	380.16	Domain Joey.	Joey	medium	scene_context_inference	0.68	dialogue	True	False	Joey	Joey		True	scene_end_short_utterance	Filled from previous same-scene context.				present	char_tracker_stage05	joey	present			medium	
11	158	380.16	381.8	Oh, my big scene's coming up.	Joey	high	community_transcript_match	1.0	dialogue	False	True	Joey | Chandler | Monica | Rachel		Joey	False		Speaker agrees with available community-transcript mapping.	Oh umm, my big scene is coming up. Big scene coming up.	Joey	Joey	present	char_tracker_stage05	joey	present	0.5		high	
11	159	381.88	383.48	The big scene coming up.	Joey	high	community_transcript_match	1.0	dialogue	False	True	Joey | Chandler | Monica | Rachel	Joey	Chandler	True	speaker_no_face	Speaker agrees with available community-transcript mapping.	Big scene coming up	Joey	Joey	partial	char_tracker_stage05		absent	0.0		medium	speaker_no_face
11	160	383.88	387.16	If you said big lima bean bubbling up, would she understand the difference?	Chandler	high	community_transcript_match	1.0	dialogue	False	True	Joey | Chandler | Monica | Rachel	Joey	Monica	False		Speaker agrees with available community-transcript mapping.	"If you said, ""Big lima bean, bubbling up."" Would she understand the difference?"	Chandler	Chandler	present	char_tracker_stage05	chandler|monica	present	1.0		high	
11	161	390.68	392.12	Rach, what are you doing?	Monica	high	community_transcript_match	1.0	dialogue	False	True	Joey | Chandler | Monica | Rachel	Chandler	Rachel	True	speaker_no_face	Speaker agrees with available community-transcript mapping.	(noticing Rachel crawling behind the couch) Rach? What are you doing?	Monica	Monica	partial	char_tracker_stage05		absent	0.0		medium	speaker_no_face
11	162	392.44	393.84	Oh, I just can't watch.	Rachel	high	community_transcript_match	1.0	dialogue	False	True	Joey | Chandler | Monica | Rachel	Monica	Rachel	False		Speaker agrees with available community-transcript mapping.	Oh boy, I just can't watch. It's too scary!	Rachel	Rachel	present	char_tracker_stage05	rachel	present	1.0		high	
11	163	393.84	394.76	It's too scary.	Rachel	high	community_transcript_match	1.0	dialogue	False	True	Joey | Chandler | Monica | Rachel	Rachel	Monica	False		Speaker agrees with available community-transcript mapping.	It's too scary	Rachel	Rachel	present	char_tracker_stage05	rachel	present	1.0		high	
11	164	396.76	398.2	It's a diaper commercial.	Monica	high	community_transcript_match	1.0	dialogue	False	True	Joey | Chandler | Monica | Rachel	Rachel	Rachel	True	speaker_no_face	Speaker agrees with available community-transcript mapping.	It's a diaper commercial.	Monica	Monica	partial	char_tracker_stage05		absent	0.0		medium	speaker_no_face
11	165	399.41	400.93	Oh, yeah, well, you know me.	Rachel	high	community_transcript_match	1.0	dialogue	False	True	Joey | Chandler | Monica | Rachel	Monica	Rachel	False		Speaker agrees with available community-transcript mapping.	Oh yeah well, you know me, babies, responsibilities, ahhh!!!	Rachel	Rachel	present	char_tracker_stage05	rachel	present	1.0		high	
11	166	401.01	402.37	Babies, responsibilities.	Rachel	high	community_transcript_match	1.0	dialogue	False	True	Joey | Chandler | Monica | Rachel	Rachel		False		Speaker agrees with available community-transcript mapping.	babies responsibilities ahhh	Rachel	Rachel	present	char_tracker_stage05	rachel	present	1.0		high	
12	167	405.57	406.61	Pizza delivery.	Caitlin	high	community_transcript_match	1.0	dialogue	False	True	Caitlin | Ross | Monica		Ross	False		Speaker agrees with available community-transcript mapping.	Pizza delivery!	Caitlin	Caitlin	absent	char_tracker_stage05		unobserved			high	
12	168	406.69	407.41	I'll get it.	Ross	high	community_transcript_match	1.0	dialogue	False	True	Caitlin | Ross | Monica	Caitlin	Ross	True	speaker_no_face	Speaker agrees with available community-transcript mapping.	I'll get it	Ross	Ross	absent	char_tracker_stage05		absent	0.0		medium	speaker_no_face
12	169	407.41	408.37	I will get that.	Ross	high	community_transcript_match	1.0	dialogue	False	True	Caitlin | Ross | Monica	Ross	Ross	True	speaker_no_face	Speaker agrees with available community-transcript mapping.	I will get that	Ross	Ross	absent	char_tracker_stage05		absent	0.0		medium	speaker_no_face
12	170	411.65	413.01	Uh, how does my hair look?	Ross	high	community_transcript_match	1.0	dialogue	False	True	Caitlin | Ross | Monica	Ross	Monica	False		Speaker agrees with available community-transcript mapping.	I'll get it! I will get that! (Runs over.) (to everyone) Uh, how does my hair look?	Ross	Ross	present	char_tracker_stage05	ross	present	1.0		high	
12	171	413.89	416.05	Ross, it hasn't moved since 1996.	Monica	high	community_transcript_match	1.0	dialogue	False	True	Caitlin | Ross | Monica	Ross	Monica	False		Speaker agrees with available community-transcript mapping.	Ross, it hasn't moved since 1996. (Ross mocks her.)	Monica	Monica	present	char_tracker_stage05	chandler|monica|ross	present	1.0		high	
12	172	421.01	421.49	Hey.	Monica	medium	scene_context_inference	0.68	dialogue	True	False	Caitlin | Ross | Monica	Monica		True	scene_end_short_utterance | speaker_no_face	Filled from previous same-scene context.				absent	char_tracker_stage05		absent			medium	speaker_no_face
13	173	421.49	421.97	Hi.	Ross	high	community_transcript_match	1.0	dialogue	False	True	Ross | Caitlin | Chandler | Monica | Joey | Rachel | Phoebe | Grandma Tribbiani		Caitlin	True	speaker_no_face	Speaker agrees with available community-transcript mapping.	Hi!	Ross	Ross	absent	char_tracker_stage05		absent	0.0		medium	speaker_no_face
13	174	422.13	423.73	One vegetarian pizza.	Caitlin	high	community_transcript_match	1.0	dialogue	False	True	Ross | Caitlin | Chandler | Monica | Joey | Rachel | Phoebe | Grandma Tribbiani	Ross	Caitlin	False		Speaker agrees with available community-transcript mapping.	One uh, vegetarian pizza. That's $12.15.	Caitlin	Caitlin	present	char_tracker_stage05	ross	unobserved			high	
13	175	423.73	424.61	It's 1250.	Caitlin	high	community_transcript_match	1.0	dialogue	False	True	Ross | Caitlin | Chandler | Monica | Joey | Rachel | Phoebe | Grandma Tribbiani	Caitlin	Ross	False		Speaker agrees with available community-transcript mapping.	That's $12	Caitlin	Caitlin	present	char_tracker_stage05	ross	unobserved			high	
13	176	426.22	431.18	Uh, by the way, if it makes you feel any better, I happen to like eight year old boys.	Ross	high	community_transcript_match	1.0	dialogue	False	True	Ross | Caitlin | Chandler | Monica | Joey | Rachel | Phoebe | Grandma Tribbiani	Caitlin	Caitlin	False		Speaker agrees with available community-transcript mapping.	Oh. Uh, by the way, if it makes you feel any better. I happen to like 8-year-old boys.	Ross	Ross	present	char_tracker_stage05	ross	present	1.0		high	
13	177	435.98	436.38	What?	Caitlin	high	community_transcript_match	1.0	dialogue	False	True	Ross | Caitlin | Chandler | Monica | Joey | Rachel | Phoebe | Grandma Tribbiani	Ross	Ross	False		Speaker agrees with available community-transcript mapping.	What?!	Caitlin	Caitlin	absent	char_tracker_stage05		unobserved			high	
13	178	438.06	440.14	I mean the.	Ross	medium	visual_disambiguation	0.74	dialogue	True	False	Ross | Caitlin | Chandler | Monica | Joey | Rachel | Phoebe | Grandma Tribbiani	Caitlin	Ross	False		Only one of the two text-context candidates was visually present in the window.				present	char_tracker_stage05	ross	present			medium	
13	179	440.46	442.06	Your hair before your hair.	Ross	high	community_transcript_match	1.0	dialogue	False	True	Ross | Caitlin | Chandler | Monica | Joey | Rachel | Phoebe | Grandma Tribbiani	Ross	Ross	False		Speaker agrees with available community-transcript mapping.	the uh your hair before your hair the hair	Ross	Ross	present	char_tracker_stage05	ross	present	1.0		high	
13	180	442.06	447.58	You said you thought that your hair looked like an eight year old boy's and I'm just saying I like it.	Ross	high	community_transcript_match	1.0	dialogue	False	True	Ross | Caitlin | Chandler | Monica | Joey | Rachel | Phoebe | Grandma Tribbiani	Ross	Ross	False		Speaker agrees with available community-transcript mapping.	(I can't make it out.) The uh, your hair, before, your hair, you said you thought your looks like an 8-year-old's, and I'm just saying I like it. The hair.	Ross	Ross	present	char_tracker_stage05	ross	present	1.0		high	
13	181	448.78	449.5	The hair.	Ross	high	community_transcript_match	1.0	dialogue	False	True	Ross | Caitlin | Chandler | Monica | Joey | Rachel | Phoebe | Grandma Tribbiani	Ross	Caitlin	False		Speaker agrees with available community-transcript mapping.	The hair	Ross	Ross	present	char_tracker_stage05	ross	present	1.0		high	
13	182	452.52	452.84	Thanks.	Caitlin	high	community_transcript_match	1.0	dialogue	False	True	Ross | Caitlin | Chandler | Monica | Joey | Rachel | Phoebe | Grandma Tribbiani	Ross	Ross	False		Speaker agrees with available community-transcript mapping.	Oh. Thanks.	Caitlin	Caitlin	absent	char_tracker_stage05		unobserved			high	
13	183	456.2	459.96	You understand, I don't actually like eight year old girls.	Ross	high	community_transcript_match	1.0	dialogue	False	True	Ross | Caitlin | Chandler | Monica | Joey | Rachel | Phoebe | Grandma Tribbiani	Caitlin	Caitlin	False		Speaker agrees with available community-transcript mapping.	You understand I don't actually like 8-year-old boys.	Ross	Ross	present	char_tracker_stage05	ross	present	1.0		high	
13	184	461.8	463.96	You know, all I'm looking for is the money.	Caitlin	high	community_transcript_match	1.0	dialogue	False	True	Ross | Caitlin | Chandler | Monica | Joey | Rachel | Phoebe | Grandma Tribbiani	Ross	Chandler	False		Speaker agrees with available community-transcript mapping.	Y'know, all I'm looking for is the money.	Caitlin	Caitlin	partial	char_tracker_stage05		unobserved			high	
13	185	464.52	465.24	Here you go.	Chandler	high	community_transcript_match	1.0	dialogue	False	True	Ross | Caitlin | Chandler | Monica | Joey | Rachel | Phoebe | Grandma Tribbiani	Caitlin	Chandler	False		Speaker agrees with available community-transcript mapping.	Here you go	Chandler	Chandler	present	char_tracker_stage05	chandler|ross	present	1.0		high	
13	186	465.24	467.0	Now stop bringing us pizzas, you.	Chandler	high	community_transcript_match	1.0	dialogue	False	True	Ross | Caitlin | Chandler | Monica | Joey | Rachel | Phoebe | Grandma Tribbiani	Chandler	Caitlin	False		Speaker agrees with available community-transcript mapping.	Here you go. (Hands her the money.) Now stop bringing us pizzas you.	Chandler	Chandler	present	char_tracker_stage05	chandler|ross	present	1.0		high	
13	187	467.08	468.12	I'm gonna try.	Caitlin	high	community_transcript_match	1.0	dialogue	False	True	Ross | Caitlin | Chandler | Monica | Joey | Rachel | Phoebe | Grandma Tribbiani	Chandler	Chandler	False		Speaker agrees with available community-transcript mapping.	I'm gonna try. (Walks away and Ross closes the door.)	Caitlin	Caitlin	present	char_tracker_stage05	chandler|ross	unobserved			high	
13	188	472.44	473.24	You're welcome.	Chandler	high	community_transcript_match	1.0	dialogue	False	True	Ross | Caitlin | Chandler | Monica | Joey | Rachel | Phoebe | Grandma Tribbiani	Caitlin	Ross	False		Speaker agrees with available community-transcript mapping.	You're welcome.	Chandler	Chandler	present	char_tracker_stage05	chandler|ross	present	1.0		high	
13	189	473.24	474.92	You couldn't let me have her, could you?	Ross	high	community_transcript_match	1.0	dialogue	False	True	Ross | Caitlin | Chandler | Monica | Joey | Rachel | Phoebe | Grandma Tribbiani	Chandler	Chandler	False		Speaker agrees with available community-transcript mapping.	You couldn't let me have her, could ya?!	Ross	Ross	present	char_tracker_stage05	chandler|ross	present	1.0		high	
13	190	476.44	476.8	What?	Chandler	high	community_transcript_match	1.0	dialogue	False	True	Ross | Caitlin | Chandler | Monica | Joey | Rachel | Phoebe | Grandma Tribbiani	Ross	Ross	False		Speaker agrees with available community-transcript mapping.	What?	Chandler	Chandler	present	char_tracker_stage05	chandler|ross	present	1.0		high	
13	191	476.8	478.36	This is a girl I really like.	Ross	high	community_transcript_match	1.0	dialogue	False	True	Ross | Caitlin | Chandler | Monica | Joey | Rachel | Phoebe | Grandma Tribbiani	Chandler	Ross	False		Speaker agrees with available community-transcript mapping.	This is a girl that I really like and had too swoop in there!	Ross	Ross	present	char_tracker_stage05	chandler|ross	present	1.0		high	
13	192	478.36	480.44	And you, you had to swoop in there?	Ross	high	community_transcript_match	1.0	dialogue	False	True	Ross | Caitlin | Chandler | Monica | Joey | Rachel | Phoebe | Grandma Tribbiani	Ross	Monica	False		Speaker agrees with available community-transcript mapping.	and had too swoop in there	Ross	Ross	present	char_tracker_stage05	ross	present	1.0		high	
13	193	481.4	482.2	What's going on?	Monica	high	community_transcript_match	1.0	dialogue	False	True	Ross | Caitlin | Chandler | Monica | Joey | Rachel | Phoebe | Grandma Tribbiani	Ross	Ross	False		Speaker agrees with available community-transcript mapping.	What's goin' on?	Monica	Monica	present	char_tracker_stage05	chandler|monica|ross	present	1.0		high	
13	194	482.48	485.04	Chandler was totally flirting with the hot delivery girl.	Ross	high	community_transcript_match	1.0	dialogue	False	True	Ross | Caitlin | Chandler | Monica | Joey | Rachel | Phoebe | Grandma Tribbiani	Monica	Chandler	False		Speaker agrees with available community-transcript mapping.	Chandler was totally flirting with the hot delivery girl!	Ross	Ross	present	char_tracker_stage05	chandler|monica|ross	present	1.0		high	
13	195	487.12	488.24	Thank you for that.	Chandler	high	community_transcript_match	1.0	dialogue	False	True	Ross | Caitlin | Chandler | Monica | Joey | Rachel | Phoebe | Grandma Tribbiani	Ross	Chandler	False		Speaker agrees with available community-transcript mapping.	Thank you for that	Chandler	Chandler	present	char_tracker_stage05	chandler|monica|ross	present	1.0		high	
13	196	490.48	491.52	I was not flirting.	Chandler	high	community_transcript_match	1.0	dialogue	False	True	Ross | Caitlin | Chandler | Monica | Joey | Rachel | Phoebe | Grandma Tribbiani	Chandler	Monica	False		Speaker agrees with available community-transcript mapping.	Thank you for that! (To Monica) I was not flirting.	Chandler	Chandler	present	char_tracker_stage05	chandler|monica|ross	present	1.0		high	
13	197	491.52	492.12	It's okay.	Monica	high	community_transcript_match	1.0	dialogue	False	True	Ross | Caitlin | Chandler | Monica | Joey | Rachel | Phoebe | Grandma Tribbiani	Chandler	Monica	False		Speaker agrees with available community-transcript mapping.	It's okay	Monica	Monica	present	char_tracker_stage05	chandler|monica|ross	present	1.0		high	
13	198	492.12	492.64	I don't care.	Monica	high	community_transcript_match	1.0	dialogue	False	True	Ross | Caitlin | Chandler | Monica | Joey | Rachel | Phoebe | Grandma Tribbiani	Monica	Monica	False		Speaker agrees with available community-transcript mapping.	It's okay. I don't care. It's uh, it's fine.	Monica	Monica	present	char_tracker_stage05	chandler|monica|ross	present	1.0		high	
13	199	493.12	493.84	It's fine.	Monica	high	community_transcript_match	1.0	dialogue	False	True	Ross | Caitlin | Chandler | Monica | Joey | Rachel | Phoebe | Grandma Tribbiani	Monica	Ross	False		Speaker agrees with available community-transcript mapping.	It's uh, it's fine	Monica	Monica	present	char_tracker_stage05	chandler|monica|ross	present	1.0		high	
13	200	494.16	494.56	Really.	Ross	high	community_transcript_match	1.0	dialogue	False	True	Ross | Caitlin | Chandler | Monica | Joey | Rachel | Phoebe | Grandma Tribbiani	Monica	Chandler	False		Speaker agrees with available community-transcript mapping.	Really?!	Ross	Ross	present	char_tracker_stage05	chandler|ross	present	1.0		high	
13	201	494.64	495.04	Really.	Chandler	high	community_transcript_match	1.0	dialogue	False	True	Ross | Caitlin | Chandler | Monica | Joey | Rachel | Phoebe | Grandma Tribbiani	Ross	Monica	False		Speaker agrees with available community-transcript mapping.	Really?!	Chandler	Chandler	present	char_tracker_stage05	chandler|ross	present	1.0		high	
13	202	496.56	497.32	No big deal.	Monica	high	community_transcript_match	1.0	dialogue	False	True	Ross | Caitlin | Chandler | Monica | Joey | Rachel | Phoebe | Grandma Tribbiani	Chandler	Monica	False		Speaker agrees with available community-transcript mapping.	it's no big deal	Monica	Monica	present	char_tracker_stage05	chandler|monica|ross	present	1.0		high	
13	203	497.32	498.4	I do it all the time.	Monica	high	community_transcript_match	1.0	dialogue	False	True	Ross | Caitlin | Chandler | Monica | Joey | Rachel | Phoebe | Grandma Tribbiani	Monica	Chandler	False		Speaker agrees with available community-transcript mapping.	It's no big deal, I do it all the time.	Monica	Monica	present	char_tracker_stage05	chandler|monica|ross	present	1.0		high	
13	204	501.28	504.88	So you flirt with guys all the time?	Chandler	high	community_transcript_match	1.0	dialogue	False	True	Ross | Caitlin | Chandler | Monica | Joey | Rachel | Phoebe | Grandma Tribbiani	Monica	Monica	False		Speaker agrees with available community-transcript mapping.	(starts to laugh, but then gets serious) So umm, you-you flirt with guys all the time?	Chandler	Chandler	present	char_tracker_stage05	chandler	present	1.0		high	
13	205	505.52	505.92	Sure.	Monica	high	community_transcript_match	1.0	dialogue	False	True	Ross | Caitlin | Chandler | Monica | Joey | Rachel | Phoebe | Grandma Tribbiani	Chandler	Monica	False		Speaker agrees with available community-transcript mapping.	Sure	Monica	Monica	present	char_tracker_stage05	monica	present	1.0		high	
13	206	506.24	507.36	It doesn't mean anything.	Monica	high	community_transcript_match	1.0	dialogue	False	True	Ross | Caitlin | Chandler | Monica | Joey | Rachel | Phoebe | Grandma Tribbiani	Monica	Monica	False		Speaker agrees with available community-transcript mapping.	It doesn't mean anything	Monica	Monica	present	char_tracker_stage05	monica	present	1.0		high	
13	207	507.52	509.79	Just like I know it doesn't mean anything with you, okay?	Monica	high	community_transcript_match	1.0	dialogue	False	True	Ross | Caitlin | Chandler | Monica | Joey | Rachel | Phoebe | Grandma Tribbiani	Monica	Monica	False		Speaker agrees with available community-transcript mapping.	Sure! It doesn't mean anything! Just like I know it doesn't mean anything with you!	Monica	Monica	present	char_tracker_stage05	monica	present	1.0		high	
13	208	509.79	510.91	But there's a big difference, all right?	Monica	medium	scene_context_inference	0.7100000000000001	dialogue	True	False	Ross | Caitlin | Chandler | Monica | Joey | Rachel | Phoebe | Grandma Tribbiani	Monica	Chandler	True	medium_confidence_context_fill	Continuation-style opener favors previous speaker within the same scene.				present	char_tracker_stage05	chandler|monica|ross	present			medium	
13	209	510.91	512.23	You are a lot hotter than I am.	Chandler	high	community_transcript_match	1.0	dialogue	False	True	Ross | Caitlin | Chandler | Monica | Joey | Rachel | Phoebe | Grandma Tribbiani	Monica	Joey	False		Speaker agrees with available community-transcript mapping.	Okay, but there is a big difference. You are a lot hotter than I am.	Chandler	Chandler	present	char_tracker_stage05	chandler|joey|ross	present	1.0		high	
13	210	512.23	512.83	True story.	Joey	high	community_transcript_match	1.0	dialogue	False	True	Ross | Caitlin | Chandler | Monica | Joey | Rachel | Phoebe | Grandma Tribbiani	Chandler	Monica	False		Speaker agrees with available community-transcript mapping.	(walking past) True story! (Goes and sits down.)	Joey	Joey	present	char_tracker_stage05	chandler|joey	present	1.0		high	
13	211	515.47	516.03	G le.	Monica	medium	short_turn_alternation	0.7	dialogue	True	False	Ross | Caitlin | Chandler | Monica | Joey | Rachel | Phoebe | Grandma Tribbiani	Joey	Monica	True	short_utterance_between_two_speakers | speaker_offscreen	Short utterance inferred from local turn alternation.				present	char_tracker_stage05	chandler	absent			low	speaker_offscreen
13	212	516.03	517.07	This actually bothers you?	Monica	high	community_transcript_match	1.0	dialogue	False	True	Ross | Caitlin | Chandler | Monica | Joey | Rachel | Phoebe | Grandma Tribbiani	Monica	Chandler	True	speaker_offscreen	Speaker agrees with available community-transcript mapping.	Chandler, this actually bothers you?	Monica	Monica	present	char_tracker_stage05	chandler	absent	0.0		low	speaker_offscreen
13	213	517.07	518.15	Yes, it does bother me.	Chandler	high	community_transcript_match	1.0	dialogue	False	True	Ross | Caitlin | Chandler | Monica | Joey | Rachel | Phoebe | Grandma Tribbiani	Monica	Chandler	False		Speaker agrees with available community-transcript mapping.	Yes, it does bother me	Chandler	Chandler	present	char_tracker_stage05	chandler	present	0.5		high	
13	214	518.15	519.47	And I think it would bother a lot of people.	Chandler	high	community_transcript_match	1.0	dialogue	False	True	Ross | Caitlin | Chandler | Monica | Joey | Rachel | Phoebe | Grandma Tribbiani	Chandler	Chandler	True	speaker_no_face	Speaker agrees with available community-transcript mapping.	And I think it would bother a lot of people	Chandler	Chandler	absent	char_tracker_stage05		absent	0.0		medium	speaker_no_face
13	215	519.71	523.39	Rachel, when you were going out with Ross, did it bother you when he flirted with other women?	Chandler	high	community_transcript_match	1.0	dialogue	False	True	Ross | Caitlin | Chandler | Monica | Joey | Rachel | Phoebe | Grandma Tribbiani	Chandler	Rachel	True	speaker_no_face	Speaker agrees with available community-transcript mapping.	Yes, it does bother me! And I think it would bother a lot of people. Rachel, when you were going out with Ross, did it bother you when he flirted with other women?	Chandler	Chandler	partial	char_tracker_stage05		absent	0.0		medium	speaker_no_face
13	216	523.63	524.75	Uh, no.	Rachel	high	community_transcript_match	1.0	dialogue	False	True	Ross | Caitlin | Chandler | Monica | Joey | Rachel | Phoebe | Grandma Tribbiani	Chandler	Rachel	False		Speaker agrees with available community-transcript mapping.	uhh no	Rachel	Rachel	present	char_tracker_stage05	monica|rachel	present	1.0		high	
13	217	524.83	525.11	No.	Rachel	high	community_transcript_match	1.0	dialogue	False	True	Ross | Caitlin | Chandler | Monica | Joey | Rachel | Phoebe | Grandma Tribbiani	Rachel	Rachel	False		Speaker agrees with available community-transcript mapping.	uhh no no	Rachel	Rachel	present	char_tracker_stage05	monica|rachel	present	1.0		high	
13	218	525.11	527.31	It bothered me when he slept with other women.	Rachel	high	community_transcript_match	1.0	dialogue	False	True	Ross | Caitlin | Chandler | Monica | Joey | Rachel | Phoebe | Grandma Tribbiani	Rachel	Ross	False		Speaker agrees with available community-transcript mapping.	Uhh, no, no, it bothered me when he slept with other women.	Rachel	Rachel	present	char_tracker_stage05	rachel	present	1.0		high	
13	219	532.03	537.11	And thank you for that, but you know, I never really had anything to worry about.	Ross	high	community_transcript_match	1.0	dialogue	False	True	Ross | Caitlin | Chandler | Monica | Joey | Rachel | Phoebe | Grandma Tribbiani	Rachel	Rachel	True	speaker_offscreen	Speaker agrees with available community-transcript mapping.	And thank you, for that.	Ross	Ross	present	char_tracker_stage05	chandler|monica|rachel	absent	0.3333		low	speaker_offscreen
13	220	537.11	539.28	Ross was never very good at the floor flirting thing.	Rachel	high	community_transcript_match	1.0	dialogue	False	True	Ross | Caitlin | Chandler | Monica | Joey | Rachel | Phoebe | Grandma Tribbiani	Ross	Ross	False		Speaker agrees with available community-transcript mapping.	But y'know, I never really had anything to worry about. Ross was never very good at the flirting thing.	Rachel	Rachel	present	char_tracker_stage05	rachel	present	1.0		high	
13	221	542.48	543.52	What are you talking about?	Ross	high	community_transcript_match	1.0	dialogue	False	True	Ross | Caitlin | Chandler | Monica | Joey | Rachel | Phoebe | Grandma Tribbiani	Rachel	Ross	False		Speaker agrees with available community-transcript mapping.	What? (Mumbles) What-what, what are talking about? It-it worked with you.	Ross	Ross	present	char_tracker_stage05	ross	present	1.0		high	
13	222	543.68	544.88	It worked with you.	Ross	high	community_transcript_match	1.0	dialogue	False	True	Ross | Caitlin | Chandler | Monica | Joey | Rachel | Phoebe | Grandma Tribbiani	Ross	Rachel	False		Speaker agrees with available community-transcript mapping.	It-it worked with you	Ross	Ross	present	char_tracker_stage05	ross	present	1.0		high	
13	223	545.04	546.2	Oh, you know what?	Rachel	low	scene_context_inference	0.58	dialogue	True	False	Ross | Caitlin | Chandler | Monica | Joey | Rachel | Phoebe | Grandma Tribbiani	Ross	Rachel	True	two_sided_context_ambiguous | low_speaker_confidence	No direct transcript match; weak local context only.				present	char_tracker_stage05	monica|rachel|ross	present			low	low_speaker_confidence
13	224	546.2	546.96	No, you're right.	Rachel	high	scene_context_bridge	0.88	dialogue	True	False	Ross | Caitlin | Chandler | Monica | Joey | Rachel | Phoebe | Grandma Tribbiani	Rachel	Rachel	False		Same speaker appears on both sides within the same scene.				present	char_tracker_stage05	monica|rachel	present			high	
13	225	546.96	549.12	We met, you flirted and then bam.	Rachel	high	community_transcript_match	1.0	dialogue	False	True	Ross | Caitlin | Chandler | Monica | Joey | Rachel | Phoebe | Grandma Tribbiani	Rachel	Rachel	False		Speaker agrees with available community-transcript mapping.	oh y'know what you're right we meet you flirted and then bamn	Rachel	Rachel	present	char_tracker_stage05	monica|rachel	present	1.0		high	
13	226	549.12	550.72	Nine years later you had me.	Rachel	high	community_transcript_match	1.0	dialogue	False	True	Ross | Caitlin | Chandler | Monica | Joey | Rachel | Phoebe | Grandma Tribbiani	Rachel	Ross	False		Speaker agrees with available community-transcript mapping.	Oh! Y'know what? You're right! We meet, you flirted and then bamn nine years later you had me!	Rachel	Rachel	present	char_tracker_stage05	monica|rachel	present	1.0		high	
13	227	552.72	554.0	All right, all right.	Ross	high	community_transcript_match	1.0	dialogue	False	True	Ross | Caitlin | Chandler | Monica | Joey | Rachel | Phoebe | Grandma Tribbiani	Rachel	Ross	False		Speaker agrees with available community-transcript mapping.	All right, all right	Ross	Ross	present	char_tracker_stage05	ross	present	1.0		high	
13	228	554.399	555.36	You know what I'm gonna do?	Ross	high	community_transcript_match	1.0	dialogue	False	True	Ross | Caitlin | Chandler | Monica | Joey | Rachel | Phoebe | Grandma Tribbiani	Ross	Ross	False		Speaker agrees with available community-transcript mapping.	You-you-you know what I'm going to do	Ross	Ross	present	char_tracker_stage05	ross	present	1.0		high	
13	229	555.36	561.8	I am gonna order another pizza and when Caitlin gets here, I will show you how well I flirt.	Ross	high	community_transcript_match	1.0	dialogue	False	True	Ross | Caitlin | Chandler | Monica | Joey | Rachel | Phoebe | Grandma Tribbiani	Ross	Ross	False		Speaker agrees with available community-transcript mapping.	All right, all right. You-you-you know what I'm going to do? I am going to order another pizza and when Caitlin gets here, you-you--I will show how well I flirt. Yeah! I will, I will get her phone number! (To Chandler) And not the one on the menu!	Ross	Ross	present	char_tracker_stage05	ross	present	1.0		high	
13	230	561.8	571.16	In fact, I will get her phone number and not the one on the menu I found.	Ross	high	community_transcript_match	1.0	dialogue	False	True	Ross | Caitlin | Chandler | Monica | Joey | Rachel | Phoebe | Grandma Tribbiani	Ross	Rachel	False		Speaker agrees with available community-transcript mapping.	all right all right you you you know what i'm going to do i am going to yeah i will i will get her phone number and not the one on the menu	Ross	Ross	present	char_tracker_stage05	ross	present	0.5455		high	
13	231	571.48	572.52	Oh, thank God.	Rachel	high	community_transcript_match	1.0	dialogue	False	True	Ross | Caitlin | Chandler | Monica | Joey | Rachel | Phoebe | Grandma Tribbiani	Ross	Phoebe	False		Speaker agrees with available community-transcript mapping.	Ohh! Thank God! Where was it?	Rachel	Rachel	present	char_tracker_stage05	rachel	present	1.0		high	
13	232	572.52	574.2	Where was it on your dresser.	Phoebe	high	community_transcript_match	1.0	dialogue	False	True	Ross | Caitlin | Chandler | Monica | Joey | Rachel | Phoebe | Grandma Tribbiani	Rachel	Rachel	False		Speaker agrees with available community-transcript mapping.	On your dresser.	Phoebe	Phoebe	present	char_tracker_stage05	phoebe|rachel	present	0.6667		high	
13	233	574.28	576.6	Okay, that is the one we already have.	Rachel	high	community_transcript_match	1.0	dialogue	False	True	Ross | Caitlin | Chandler | Monica | Joey | Rachel | Phoebe | Grandma Tribbiani	Phoebe	Joey	False		Speaker agrees with available community-transcript mapping.	Okay that is the one we already have!	Rachel	Rachel	present	char_tracker_stage05	rachel	present	1.0		high	
13	234	578.28	579.4	Okay, here's my big scene.	Joey	high	community_transcript_match	1.0	dialogue	False	True	Ross | Caitlin | Chandler | Monica | Joey | Rachel | Phoebe | Grandma Tribbiani	Rachel	Joey	False		Speaker agrees with available community-transcript mapping.	Okay, here's my big scene. My big scene's here! (They have two of the cops on the street, then they cut to where they're entering an apartment.) Oh my God.	Joey	Joey	present	char_tracker_stage05	joey	present	0.5		high	
13	235	579.4	580.28	My big scene's here.	Joey	high	community_transcript_match	1.0	dialogue	False	True	Ross | Caitlin | Chandler | Monica | Joey | Rachel | Phoebe | Grandma Tribbiani	Joey	Joey	False		Speaker agrees with available community-transcript mapping.	My big scene's here	Joey	Joey	present	char_tracker_stage05	joey	present	1.0		high	
13	236	580.92	582.6	What do you bet nobody heard anything?	Joey	medium	scene_context_inference	0.66	dialogue	True	False	Ross | Caitlin | Chandler | Monica | Joey | Rachel | Phoebe | Grandma Tribbiani	Joey	Monica	True	two_sided_context_ambiguous | speaker_no_face	No direct transcript match; longer line defaulted to previous speaker in same scene.				partial	char_tracker_stage05		absent			medium	speaker_no_face
13	237	582.68	583.32	No bet.	Monica	medium	short_turn_alternation	0.7	dialogue	True	False	Ross | Caitlin | Chandler | Monica | Joey | Rachel | Phoebe | Grandma Tribbiani	Joey	Monica	True	short_utterance_between_two_speakers | speaker_no_face	Short utterance inferred from local turn alternation.				absent	char_tracker_stage05		absent			medium	speaker_no_face
13	238	585.48	586.36	Anybody home?	Monica	high	scene_context_bridge	0.88	dialogue	True	False	Ross | Caitlin | Chandler | Monica | Joey | Rachel | Phoebe | Grandma Tribbiani	Monica	Monica	True	speaker_offscreen	Same speaker appears on both sides within the same scene.				present	char_tracker_stage05	joey	absent			low	speaker_offscreen
13	239	587.16	588.12	Oh, my God.	Monica	high	scene_context_bridge	0.88	dialogue	True	False	Ross | Caitlin | Chandler | Monica | Joey | Rachel | Phoebe | Grandma Tribbiani	Monica	Monica	False		Same speaker appears on both sides within the same scene.				present	char_tracker_stage05	chandler|joey|monica	present			high	
13	240	588.2	588.6	What?	Monica	high	community_transcript_match	1.0	dialogue	False	True	Ross | Caitlin | Chandler | Monica | Joey | Rachel | Phoebe | Grandma Tribbiani	Monica	Joey	False		Speaker agrees with available community-transcript mapping.	What?	Monica	Monica	present	char_tracker_stage05	chandler|joey|monica	present	1.0		high	
13	241	588.92	591.44	Okay, everybody just keep smiling.	Joey	high	community_transcript_match	1.0	dialogue	False	True	Ross | Caitlin | Chandler | Monica | Joey | Rachel | Phoebe | Grandma Tribbiani	Monica	Joey	False		Speaker agrees with available community-transcript mapping.	Okay, everybody just keep smiling	Joey	Joey	present	char_tracker_stage05	chandler|joey|monica	present	1.0		high	
13	242	591.44	593.32	It'll kill my grandmother, she finds out.	Joey	high	community_transcript_match	1.0	dialogue	False	True	Ross | Caitlin | Chandler | Monica | Joey | Rachel | Phoebe | Grandma Tribbiani	Joey	Chandler	False		Speaker agrees with available community-transcript mapping.	(smiling) Okay, everybody just keep smiling. It'll kill my grandmother if she finds out.	Joey	Joey	present	char_tracker_stage05	joey	present	1.0		high	
13	243	593.96	594.6	What is it?	Chandler	high	community_transcript_match	1.0	dialogue	False	True	Ross | Caitlin | Chandler | Monica | Joey | Rachel | Phoebe | Grandma Tribbiani	Joey	Joey	False		Speaker agrees with available community-transcript mapping.	(smiling) Well, what is it?	Chandler	Chandler	present	char_tracker_stage05	chandler|joey|monica	present	1.0		high	
13	244	594.84	595.96	They cut me out of the show.	Joey	high	community_transcript_match	1.0	dialogue	False	True	Ross | Caitlin | Chandler | Monica | Joey | Rachel | Phoebe | Grandma Tribbiani	Chandler	Rachel	False		Speaker agrees with available community-transcript mapping.	(smiling) Oh, they cut me out of the show.	Joey	Joey	present	char_tracker_stage05	chandler|joey|monica	present	1.0		high	
13	245	597.94	598.18	What?	Rachel	high	community_transcript_match	1.0	dialogue	False	True	Ross | Caitlin | Chandler | Monica | Joey | Rachel | Phoebe | Grandma Tribbiani	Joey	Ross	False		Speaker agrees with available community-transcript mapping.	(smiling) What?!	Rachel	Rachel	present	char_tracker_stage05	joey|phoebe|rachel|ross	present	1.0		high	
13	246	599.46	600.18	Are you sure?	Ross	high	community_transcript_match	1.0	dialogue	False	True	Ross | Caitlin | Chandler | Monica | Joey | Rachel | Phoebe | Grandma Tribbiani	Rachel	Phoebe	False		Speaker agrees with available community-transcript mapping.	(smiling) Are you sure?	Ross	Ross	present	char_tracker_stage05	phoebe|rachel|ross	present	1.0		high	
13	247	600.26	601.86	Maybe your scene's coming up.	Phoebe	high	community_transcript_match	1.0	dialogue	False	True	Ross | Caitlin | Chandler | Monica | Joey | Rachel | Phoebe | Grandma Tribbiani	Ross	Joey	False		Speaker agrees with available community-transcript mapping.	(smiling) Maybe your scene's coming up?	Phoebe	Phoebe	present	char_tracker_stage05	phoebe|rachel|ross	present	1.0		high	
13	248	601.94	602.5	Not likely.	Joey	high	community_transcript_match	1.0	dialogue	False	True	Ross | Caitlin | Chandler | Monica | Joey | Rachel | Phoebe | Grandma Tribbiani	Phoebe	Joey	True	speaker_offscreen	Speaker agrees with available community-transcript mapping.	Not likely	Joey	Joey	present	char_tracker_stage05	phoebe|rachel|ross	absent	0.0		low	speaker_offscreen
13	249	602.58	604.82	Cause you see that body bag right there?	Joey	high	community_transcript_match	1.0	dialogue	False	True	Ross | Caitlin | Chandler | Monica | Joey | Rachel | Phoebe | Grandma Tribbiani	Joey	Rachel	True	speaker_no_face	Speaker agrees with available community-transcript mapping.	(smiling) Not likely.  'Cause you see that body bag right there	Joey	Joey	partial	char_tracker_stage05		absent	0.0		medium	speaker_no_face
13	250	604.98	605.46	Yeah.	Rachel	high	community_transcript_match	1.0	dialogue	False	True	Ross | Caitlin | Chandler | Monica | Joey | Rachel | Phoebe | Grandma Tribbiani	Joey	Phoebe	True	speaker_offscreen	Speaker agrees with available community-transcript mapping.	(smiling) Yeah.	Rachel	Rachel	present	char_tracker_stage05	joey	absent	0.0		low	speaker_offscreen
13	251	605.46	606.26	A minute.	Phoebe	medium	short_turn_alternation	0.7	dialogue	True	False	Ross | Caitlin | Chandler | Monica | Joey | Rachel | Phoebe | Grandma Tribbiani	Rachel	Phoebe	True	short_utterance_between_two_speakers | speaker_offscreen	Short utterance inferred from local turn alternation.				present	char_tracker_stage05	joey	absent			low	speaker_offscreen
13	252	608.58	609.58	This is terrible.	Phoebe	high	community_transcript_match	1.0	dialogue	False	True	Ross | Caitlin | Chandler | Monica | Joey | Rachel | Phoebe | Grandma Tribbiani	Phoebe	Phoebe	False		Speaker agrees with available community-transcript mapping.	(smiling) This is terrible, what are you going to do?	Phoebe	Phoebe	present	char_tracker_stage05	chandler|monica|phoebe|rachel	present	1.0		high	
13	253	609.58	610.5	What are you gonna do?	Phoebe	high	community_transcript_match	1.0	dialogue	False	True	Ross | Caitlin | Chandler | Monica | Joey | Rachel | Phoebe | Grandma Tribbiani	Phoebe	Joey	False		Speaker agrees with available community-transcript mapping.	what are you going to do	Phoebe	Phoebe	present	char_tracker_stage05	chandler|joey|phoebe|rachel	present	1.0		high	
13	254	610.66	613.86	I don't know, but this little old lady lives for my career.	Joey	high	community_transcript_match	1.0	dialogue	False	True	Ross | Caitlin | Chandler | Monica | Joey | Rachel | Phoebe | Grandma Tribbiani	Phoebe	Joey	False		Speaker agrees with available community-transcript mapping.	This little, old lady lives for my career	Joey	Joey	present	char_tracker_stage05	chandler|joey	present	1.0		high	
13	255	614.26	616.66	When they dumped me off Days of Our Lives, she almost died.	Joey	high	community_transcript_match	1.0	dialogue	False	True	Ross | Caitlin | Chandler | Monica | Joey | Rachel | Phoebe | Grandma Tribbiani	Joey	Phoebe	False		Speaker agrees with available community-transcript mapping.	(smiling) I don't know. This little, old lady lives for my career. When they dumped me off of Days of Our Lives she almost died.	Joey	Joey	present	char_tracker_stage05	chandler|joey	present	1.0		high	
13	256	617.78	618.66	That's not good.	Phoebe	high	community_transcript_match	1.0	dialogue	False	True	Ross | Caitlin | Chandler | Monica | Joey | Rachel | Phoebe | Grandma Tribbiani	Joey	Joey	False		Speaker agrees with available community-transcript mapping.	(not smiling) That's not good.	Phoebe	Phoebe	present	char_tracker_stage05	joey|phoebe|rachel	present	1.0		high	
13	257	618.66	620.34	Yeah, we had to get her a home nurse.	Joey	high	community_transcript_match	1.0	dialogue	False	True	Ross | Caitlin | Chandler | Monica | Joey | Rachel | Phoebe | Grandma Tribbiani	Phoebe	Phoebe	False		Speaker agrees with available community-transcript mapping.	(smiling) Yeah we had to get her a home nurse.	Joey	Joey	present	char_tracker_stage05	joey|phoebe|rachel	present	1.0		high	
13	258	620.42	621.3	Oh, my God.	Phoebe	high	community_transcript_match	1.0	dialogue	False	True	Ross | Caitlin | Chandler | Monica | Joey | Rachel | Phoebe | Grandma Tribbiani	Joey	Joey	False		Speaker agrees with available community-transcript mapping.	(not smiling) Oh, my God.	Phoebe	Phoebe	present	char_tracker_stage05	joey|phoebe|rachel	present	1.0		high	
13	259	621.78	623.86	Yeah, she almost died and got really expensive.	Joey	high	community_transcript_match	1.0	dialogue	False	True	Ross | Caitlin | Chandler | Monica | Joey | Rachel | Phoebe | Grandma Tribbiani	Phoebe	Joey	False		Speaker agrees with available community-transcript mapping.	(smiling) Yeah, she almost died and got really expensive. You're not smiling. Not that face, smile! Everybody smile! (They all smile.)	Joey	Joey	present	char_tracker_stage05	joey|phoebe|rachel	present	1.0		high	
13	260	625.66	626.3	Do not smile.	Joey	high	community_transcript_match	1.0	dialogue	False	True	Ross | Caitlin | Chandler | Monica | Joey | Rachel | Phoebe | Grandma Tribbiani	Joey	Joey	False		Speaker agrees with available community-transcript mapping.	You're not smiling	Joey	Joey	present	char_tracker_stage05	chandler|joey|monica	present	1.0		high	
13	261	626.3	626.82	Not that face.	Joey	high	community_transcript_match	1.0	dialogue	False	True	Ross | Caitlin | Chandler | Monica | Joey | Rachel | Phoebe | Grandma Tribbiani	Joey	Joey	False		Speaker agrees with available community-transcript mapping.	Not that face, smile	Joey	Joey	present	char_tracker_stage05	chandler|joey	present	1.0		high	
13	262	626.82	627.18	Smile.	Joey	high	community_transcript_match	1.0	dialogue	False	True	Ross | Caitlin | Chandler | Monica | Joey | Rachel | Phoebe | Grandma Tribbiani	Joey	Joey	False		Speaker agrees with available community-transcript mapping.	Everybody smile	Joey	Joey	present	char_tracker_stage05	chandler|joey	present	1.0		high	
13	263	627.18	627.98	Everybody smile.	Joey	high	community_transcript_match	1.0	dialogue	False	True	Ross | Caitlin | Chandler | Monica | Joey | Rachel | Phoebe | Grandma Tribbiani	Joey	Rachel	False		Speaker agrees with available community-transcript mapping.	everybody	Joey	Joey	present	char_tracker_stage05	chandler|joey	present	1.0		high	
13	264	629.82	631.62	Joey, why don't you just tell her what happened?	Rachel	high	community_transcript_match	1.0	dialogue	False	True	Ross | Caitlin | Chandler | Monica | Joey | Rachel | Phoebe | Grandma Tribbiani	Joey	Rachel	False		Speaker agrees with available community-transcript mapping.	(smiling) Joey, why don't you just tell her what happened? It's not your fault.	Rachel	Rachel	present	char_tracker_stage05	phoebe|rachel	present	1.0		high	
13	265	631.62	632.86	I mean, it's not your fault.	Rachel	high	community_transcript_match	1.0	dialogue	False	True	Ross | Caitlin | Chandler | Monica | Joey | Rachel | Phoebe | Grandma Tribbiani	Rachel	Chandler	False		Speaker agrees with available community-transcript mapping.	It's not your fault	Rachel	Rachel	present	char_tracker_stage05	phoebe|rachel	present	1.0		high	
13	266	633.1	635.74	If we keep talking this way, aren't we gonna freak her out soon?	Chandler	high	community_transcript_match	1.0	dialogue	False	True	Ross | Caitlin | Chandler | Monica | Joey | Rachel | Phoebe | Grandma Tribbiani	Rachel	Joey	False		Speaker agrees with available community-transcript mapping.	(smiling) If we keep talking this way, aren't we gonna freak her out soon?	Chandler	Chandler	present	char_tracker_stage05	chandler|monica	present	1.0		high	
13	267	639.5	640.86	Oh, soon.	Joey	medium	visual_disambiguation	0.74	dialogue	True	False	Ross | Caitlin | Chandler | Monica | Joey | Rachel | Phoebe | Grandma Tribbiani	Chandler	Joey	False		Only one of the two text-context candidates was visually present in the window.				present	char_tracker_stage05	joey	present			medium	
13	268	641.02	641.38	Soon.	Joey	high	scene_context_bridge	0.88	dialogue	True	False	Ross | Caitlin | Chandler | Monica | Joey | Rachel | Phoebe | Grandma Tribbiani	Joey	Joey	False		Same speaker appears on both sides within the same scene.				present	char_tracker_stage05	joey	present			high	
13	269	641.38	642.54	I'm gonna be on soon.	Joey	high	community_transcript_match	1.0	dialogue	False	True	Ross | Caitlin | Chandler | Monica | Joey | Rachel | Phoebe | Grandma Tribbiani	Joey	Joey	False		Speaker agrees with available community-transcript mapping.	Soon, soon, I'm gonna be on soon. There I am! (Points to the screen, of course it isn't him.)	Joey	Joey	present	char_tracker_stage05	joey	present	1.0		high	
13	270	642.86	643.58	There I am.	Joey	high	community_transcript_match	1.0	dialogue	False	True	Ross | Caitlin | Chandler | Monica | Joey | Rachel | Phoebe | Grandma Tribbiani	Joey	Grandma Tribbiani	False		Speaker agrees with available community-transcript mapping.	There I am	Joey	Joey	present	char_tracker_stage05	joey	present	1.0		high	
13	271	646.06	646.46	No.	Grandma Tribbiani	high	community_transcript_match	1.0	dialogue	False	True	Ross | Caitlin | Chandler | Monica | Joey | Rachel | Phoebe | Grandma Tribbiani	Joey	Grandma Tribbiani	False		Speaker agrees with available community-transcript mapping.	No	Grandma Tribbiani	Grandma Tribbiani	present	char_tracker_stage05	joey	unobserved			high	
13	272	646.94	648.46	Sam Waterston.	Grandma Tribbiani	high	community_transcript_match	1.0	dialogue	False	True	Ross | Caitlin | Chandler | Monica | Joey | Rachel | Phoebe | Grandma Tribbiani	Grandma Tribbiani	Grandma Tribbiani	False		Speaker agrees with available community-transcript mapping.	(pointing at the screen) No! Sam Waterston!	Grandma Tribbiani	Grandma Tribbiani	present	char_tracker_stage05	joey	unobserved			high	
13	273	648.94	649.9	No, no, no.	Grandma Tribbiani	high	community_transcript_match	1.0	dialogue	False	True	Ross | Caitlin | Chandler | Monica | Joey | Rachel | Phoebe | Grandma Tribbiani	Grandma Tribbiani	Joey	False		Speaker agrees with available community-transcript mapping.	no	Grandma Tribbiani	Grandma Tribbiani	present	char_tracker_stage05	joey	unobserved			high	
13	274	650.14	650.74	That's me.	Joey	high	community_transcript_match	1.0	dialogue	False	True	Ross | Caitlin | Chandler | Monica | Joey | Rachel | Phoebe | Grandma Tribbiani	Grandma Tribbiani	Joey	False		Speaker agrees with available community-transcript mapping.	no no no that that's me	Joey	Joey	present	char_tracker_stage05	joey	present	1.0		high	
13	275	650.74	651.34	That's me.	Joey	high	community_transcript_match	1.0	dialogue	False	True	Ross | Caitlin | Chandler | Monica | Joey | Rachel | Phoebe | Grandma Tribbiani	Joey	Joey	False		Speaker agrees with available community-transcript mapping.	No-no-no, that-that's me, that's me.	Joey	Joey	present	char_tracker_stage05	joey	present	1.0		high	
13	276	651.5	651.9	No.	Joey	medium	visual_disambiguation	0.74	dialogue	True	False	Ross | Caitlin | Chandler | Monica | Joey | Rachel | Phoebe | Grandma Tribbiani	Joey	Grandma Tribbiani	False		Only one of the two text-context candidates was visually present in the window.				present	char_tracker_stage05	joey	present			medium	
13	277	651.9	653.26	Sam Waterston.	Grandma Tribbiani	high	community_transcript_match	1.0	dialogue	False	True	Ross | Caitlin | Chandler | Monica | Joey | Rachel | Phoebe | Grandma Tribbiani	Joey	Grandma Tribbiani	False		Speaker agrees with available community-transcript mapping.	No, it's Sam Waterston! Crimes and Misdemeanors, Capricorn One.	Grandma Tribbiani	Grandma Tribbiani	present	char_tracker_stage05	joey	unobserved			high	
13	278	653.82	656.46	Crime Misdemeanor, Capricorn One.	Grandma Tribbiani	high	community_transcript_match	1.0	dialogue	False	True	Ross | Caitlin | Chandler | Monica | Joey | Rachel | Phoebe | Grandma Tribbiani	Grandma Tribbiani	Chandler	False		Speaker agrees with available community-transcript mapping.	Crimes and Misdemeanors, Capricorn One	Grandma Tribbiani	Grandma Tribbiani	present	char_tracker_stage05	joey	unobserved			high	
13	279	656.54	658.86	She doesn't know hello, but she knows Capricorn One.	Chandler	high	community_transcript_match	1.0	dialogue	False	True	Ross | Caitlin | Chandler | Monica | Joey | Rachel | Phoebe | Grandma Tribbiani	Grandma Tribbiani		False		Speaker agrees with available community-transcript mapping.	"Doesn't know, ""Hello."" But she knows Capricorn One."	Chandler	Chandler	present	char_tracker_stage05	chandler|monica	present	1.0		high	
