scene_id	sentence_id	start	end	utterance	speaker	speaker_confidence	speaker_method	alignment_score	row_type	filled_from_missing	matched_to_ct	scene_speaker_set	prev_speaker_scene	next_speaker_scene	review_flag	review_reason	notes	utterance_ct	speaker_ct	speaker_original	visual_presence	visual_presence_source	visual_presence_chars	speaker_visual_presence	speaker_visual_ratio	visual_presence_note	annotation_confidence	annotation_review_reason
17	1	1.12	3.2	But don't you think that it's a little too soon?	Phoebe	high	community_transcript_match	1.0	dialogue	False	True	Phoebe | Gary		Phoebe	False		Speaker agrees with available community-transcript mapping.	But don't you think it's a little too soon	Phoebe	Phoebe	present	char_tracker_stage05	phoebe	present	1.0		high	
17	2	3.36	5.92	I mean, there's just so much that we don't know about each other.	Phoebe	high	community_transcript_match	1.0	dialogue	False	True	Phoebe | Gary	Phoebe	Gary	False		Speaker agrees with available community-transcript mapping.	That is so sweet. But don't you think it's a little too soon? I mean there's so much we don't know about each other.	Phoebe	Phoebe	present	char_tracker_stage05	phoebe	present	1.0		high	
17	3	7.36	7.84	Oh.	Gary	medium	short_turn_alternation	0.7	reaction	True	False	Phoebe | Gary	Phoebe	Gary	True	short_utterance_between_two_speakers	Short utterance inferred from local turn alternation.				absent	char_tracker_stage05		unobserved			medium	
17	4	9.6	10.52	Oh, okay.	Gary	high	community_transcript_match	1.0	dialogue	False	True	Phoebe | Gary	Gary	Gary	False		Speaker agrees with available community-transcript mapping.	Oh	Gary	Gary	absent	char_tracker_stage05		unobserved			high	
17	5	10.52	11.12	I get it.	Gary	high	community_transcript_match	1.0	dialogue	False	True	Phoebe | Gary	Gary	Phoebe	False		Speaker agrees with available community-transcript mapping.	(disappointed) Oh. Oh-oh-okay, I get it.	Gary	Gary	absent	char_tracker_stage05		unobserved			high	
17	6	12.4	12.92	I just.	Phoebe	high	community_transcript_match	1.0	dialogue	False	True	Phoebe | Gary	Gary	Phoebe	False		Speaker agrees with available community-transcript mapping.	i just	Phoebe	Phoebe	present	char_tracker_stage05	phoebe	present	1.0		high	
17	7	12.92	16.399	I don't want us to jump into something, you know, that we're not ready for.	Phoebe	high	community_transcript_match	1.0	dialogue	False	True	Phoebe | Gary	Phoebe	Phoebe	False		Speaker agrees with available community-transcript mapping.	I just—I don't want us to jump into something we're not ready for.	Phoebe	Phoebe	present	char_tracker_stage05	phoebe	present	1.0		high	
17	8	16.64	17.2	You know?	Phoebe	medium	visual_disambiguation	0.74	dialogue	True	False	Phoebe | Gary	Phoebe	Gary	False		Only one of the two text-context candidates was visually present in the window.				present	char_tracker_stage05	phoebe	present			medium	
17	9	17.68	18.48	Uh huh.	Gary	high	community_transcript_match	1.0	dialogue	False	True	Phoebe | Gary	Phoebe	Phoebe	False		Speaker agrees with available community-transcript mapping.	(disappointed more) Uh-huh.	Gary	Gary	present	char_tracker_stage05	phoebe	unobserved			high	
17	10	20.88	22.88	I really don't want to mess up what we have.	Phoebe	high	community_transcript_match	1.0	dialogue	False	True	Phoebe | Gary	Gary	Phoebe	False		Speaker agrees with available community-transcript mapping.	I really don't want to mess up what we have. I'm just—I'm worried it's gonna be a big mistake.	Phoebe	Phoebe	present	char_tracker_stage05	phoebe	present	1.0		high	
17	11	23.36	23.84	I'm just.	Phoebe	high	community_transcript_match	1.0	dialogue	False	True	Phoebe | Gary	Phoebe	Phoebe	False		Speaker agrees with available community-transcript mapping.	I'm just—I'm worried it's gonna be a big mistake	Phoebe	Phoebe	present	char_tracker_stage05	phoebe	present	1.0		high	
17	12	23.84	26.32	I'm worried it's going to be a big mistake.	Phoebe	high	community_transcript_match	1.0	dialogue	False	True	Phoebe | Gary	Phoebe	Phoebe	False		Speaker agrees with available community-transcript mapping.	i'm worried it's gonna be a big mistake	Phoebe	Phoebe	present	char_tracker_stage05	phoebe	present	1.0		high	
17	13	27.13	27.53	Hmm.	Phoebe	high	scene_context_bridge	0.88	reaction	True	False	Phoebe | Gary	Phoebe	Phoebe	True	speaker_no_face	Same speaker appears on both sides within the same scene.				absent	char_tracker_stage05		absent			medium	speaker_no_face
17	14	30.01	32.49	Which is why my answer is yes.	Phoebe	high	community_transcript_match	1.0	dialogue	False	True	Phoebe | Gary	Phoebe	Gary	False		Speaker agrees with available community-transcript mapping.	Which is why my answer is yes!	Phoebe	Phoebe	present	char_tracker_stage05	phoebe	present	1.0		high	
17	15	34.73	35.13	Really?	Gary	high	community_transcript_match	1.0	dialogue	False	True	Phoebe | Gary	Phoebe	Phoebe	False		Speaker agrees with available community-transcript mapping.	(suddenly happy) Really?!	Gary	Gary	present	char_tracker_stage05	phoebe	unobserved			high	
17	16	35.21	35.69	Uh.	Phoebe	medium	visual_disambiguation	0.74	reaction	True	False	Phoebe | Gary	Gary	Phoebe	False		Only one of the two text-context candidates was visually present in the window.				present	char_tracker_stage05	phoebe	present			medium	
17	17	36.65	37.77	You're so happy.	Phoebe	high	community_transcript_match	1.0	dialogue	False	True	Phoebe | Gary	Phoebe		False		Speaker agrees with available community-transcript mapping.	Uh-huh! (They hug.) I'm so…happy. (She's not happy.)	Phoebe	Phoebe	present	char_tracker_stage05	phoebe	present	1.0		high	
18	18	46.25	48.17	Monica, stop throwing it so hard.	Ross	high	community_transcript_match	1.0	dialogue	False	True	Ross | Chandler | Joey | Monica		Ross	False		Speaker agrees with available community-transcript mapping.	(catching the ball) Monica! Stop throwing it so hard! We're on the same team!	Ross	Ross	present	char_tracker_stage05	ross	present	1.0		high	
18	19	50.57	52.17	We're on the same team.	Ross	high	community_transcript_match	1.0	dialogue	False	True	Ross | Chandler | Joey | Monica	Ross	Chandler	False		Speaker agrees with available community-transcript mapping.	We're on the same team	Ross	Ross	present	char_tracker_stage05	ross	present	1.0		high	
18	20	54.54	54.94	Four hours.	Chandler	high	community_transcript_match	1.0	dialogue	False	True	Ross | Chandler | Joey | Monica	Ross	Chandler	True	speaker_no_face	Speaker agrees with available community-transcript mapping.	Four hours	Chandler	Chandler	absent	char_tracker_stage05		absent	0.0		medium	speaker_no_face
18	21	55.18	56.94	You guys have been doing this for four hours?	Chandler	high	community_transcript_match	1.0	dialogue	False	True	Ross | Chandler | Joey | Monica	Chandler	Joey	True	speaker_no_face	Speaker agrees with available community-transcript mapping.	Four hours? You guys have been doing this for four hours?	Chandler	Chandler	absent	char_tracker_stage05		absent	0.0		medium	speaker_no_face
18	22	57.26	58.38	That's right, baby.	Joey	high	community_transcript_match	1.0	dialogue	False	True	Ross | Chandler | Joey | Monica	Chandler	Chandler	True	speaker_no_face	Speaker agrees with available community-transcript mapping.	That's right baby.	Joey	Joey	absent	char_tracker_stage05		absent	0.0		medium	speaker_no_face
18	23	58.38	59.34	All right, let me in.	Chandler	high	community_transcript_match	1.0	dialogue	False	True	Ross | Chandler | Joey | Monica	Joey	Monica	True	speaker_no_face	Speaker agrees with available community-transcript mapping.	All right, let me in. (He jumps off of the counter to join in the game.)	Chandler	Chandler	absent	char_tracker_stage05		absent	0.0		medium	speaker_no_face
18	24	59.34	60.02	No, no, no.	Monica	high	community_transcript_match	1.0	dialogue	False	True	Ross | Chandler | Joey | Monica	Chandler	Monica	False		Speaker agrees with available community-transcript mapping.	No-no	Monica	Monica	present	char_tracker_stage05	monica	present	0.5		high	
18	25	60.02	60.46	Don't do it.	Monica	high	community_transcript_match	1.0	dialogue	False	True	Ross | Chandler | Joey | Monica	Monica	Monica	False		Speaker agrees with available community-transcript mapping.	(jumping in front of him) No-no! Don't do it! Don't!	Monica	Monica	present	char_tracker_stage05	monica	present	1.0		high	
18	26	60.46	60.78	Don't.	Monica	high	community_transcript_match	1.0	dialogue	False	True	Ross | Chandler | Joey | Monica	Monica	Chandler	False		Speaker agrees with available community-transcript mapping.	Don't	Monica	Monica	present	char_tracker_stage05	monica	present	1.0		high	
18	27	62.3	62.7	What?	Chandler	high	community_transcript_match	1.0	dialogue	False	True	Ross | Chandler | Joey | Monica	Monica	Monica	False		Speaker agrees with available community-transcript mapping.	What?	Chandler	Chandler	present	char_tracker_stage05	chandler|monica	present	1.0		high	
18	28	64.62	65.82	He's a dropper.	Monica	high	community_transcript_match	1.0	dialogue	False	True	Ross | Chandler | Joey | Monica	Chandler	Joey	False		Speaker agrees with available community-transcript mapping.	He's a dropper!	Monica	Monica	present	char_tracker_stage05	chandler|monica	present	1.0		high	
18	29	68.3	69.58	Oh, yeah, that's right.	Joey	high	community_transcript_match	1.0	dialogue	False	True	Ross | Chandler | Joey | Monica	Monica	Chandler	False		Speaker agrees with available community-transcript mapping.	Oh yeah, that's right!	Joey	Joey	present	char_tracker_stage05	joey	present	1.0		high	
18	30	70.46	71.98	I'm not a dropper.	Chandler	high	community_transcript_match	1.0	dialogue	False	True	Ross | Chandler | Joey | Monica	Joey	Ross	False		Speaker agrees with available community-transcript mapping.	I'm not a dropper!	Chandler	Chandler	present	char_tracker_stage05	chandler|joey|monica	present	1.0		high	
18	31	72.46	75.02	It's really a three person game.	Ross	high	community_transcript_match	1.0	dialogue	False	True	Ross | Chandler | Joey | Monica	Chandler	Chandler	False		Speaker agrees with available community-transcript mapping.	It's really a uh-uh three person game, y'know?	Ross	Ross	present	char_tracker_stage05	chandler|ross	present	1.0		high	
18	32	75.02	78.46	You know, it's throwing and catching.	Chandler	high	community_transcript_match	1.0	dialogue	False	True	Ross | Chandler | Joey | Monica	Ross	Ross	False		Speaker agrees with available community-transcript mapping.	It's throwing and catching!	Chandler	Chandler	present	char_tracker_stage05	chandler|ross	present	1.0		high	
18	33	79.58	80.22	All right.	Ross	high	community_transcript_match	1.0	dialogue	False	True	Ross | Chandler | Joey | Monica	Chandler	Chandler	False		Speaker agrees with available community-transcript mapping.	All right. (He gently tosses the ball to Chandler who catches it.)	Ross	Ross	present	char_tracker_stage05	ross	present	1.0		high	
18	34	84.54	84.86	Oh.	Chandler	high	community_transcript_match	1.0	reaction	False	True	Ross | Chandler | Joey | Monica	Ross	Chandler	False		Speaker agrees with available community-transcript mapping.	Oh	Chandler	Chandler	present	char_tracker_stage05	chandler|monica	present	1.0		high	
18	35	84.86	85.9	Oh, it's so hard.	Chandler	high	community_transcript_match	1.0	dialogue	False	True	Ross | Chandler | Joey | Monica	Chandler	Chandler	False		Speaker agrees with available community-transcript mapping.	Oh! Oh! That's so hard. (Starts to juggle the ball, but loses control and almost drops it and hands it to Monica.)	Chandler	Chandler	present	char_tracker_stage05	chandler|monica	present	1.0		high	
18	36	93.66	94.66	Don't worry, guys.	Chandler	medium	scene_context_inference	0.68	dialogue	True	False	Ross | Chandler | Joey | Monica	Chandler		True	medium_confidence_context_fill | speaker_offscreen	Filled from previous same-scene context.				present	char_tracker_stage05	joey|rachel	absent			low	speaker_offscreen
19	37	94.66	95.58	It's not a cat.	Joey	high	community_transcript_match	1.0	dialogue	False	True	Joey | Monica | Rachel | Ross | Chandler		Monica	False		Speaker agrees with available community-transcript mapping.	Whoa-whoa you guys, it's not a cat!	Joey	Joey	present	char_tracker_stage05	joey	present	1.0		high	
19	38	98.7	99.34	Oh my.	Monica	high	community_transcript_match	1.0	dialogue	False	True	Joey | Monica | Rachel | Ross | Chandler	Joey	Monica	False		Speaker agrees with available community-transcript mapping.	oh my	Monica	Monica	present	char_tracker_stage05	monica|rachel	present	0.5		high	
19	39	99.42	100.38	Oh, good God.	Monica	high	community_transcript_match	1.0	dialogue	False	True	Joey | Monica | Rachel | Ross | Chandler	Monica	Rachel	False		Speaker agrees with available community-transcript mapping.	Oh my—Oh good God!	Monica	Monica	present	char_tracker_stage05	monica|rachel	present	1.0		high	
19	40	100.46	101.06	I give up.	Rachel	high	community_transcript_match	1.0	dialogue	False	True	Joey | Monica | Rachel | Ross | Chandler	Monica	Rachel	False		Speaker agrees with available community-transcript mapping.	i give up	Rachel	Rachel	present	char_tracker_stage05	monica|rachel	present	1.0		high	
19	41	101.06	101.38	You guys.	Rachel	high	community_transcript_match	1.0	dialogue	False	True	Joey | Monica | Rachel | Ross | Chandler	Rachel	Rachel	False		Speaker agrees with available community-transcript mapping.	i give up you guys	Rachel	Rachel	present	char_tracker_stage05	rachel	present	1.0		high	
19	42	101.38	103.18	I don't know what I'm gonna do with this thing.	Rachel	high	community_transcript_match	1.0	dialogue	False	True	Joey | Monica | Rachel | Ross | Chandler	Rachel	Ross	False		Speaker agrees with available community-transcript mapping.	(she's wearing an oven mitt to protect her hand) I give up you guys, I don't know what I'm going to do with this thing!	Rachel	Rachel	present	char_tracker_stage05	rachel	present	1.0		high	
19	43	105.18	107.02	Baking it didn't help, huh?	Ross	high	community_transcript_match	1.0	dialogue	False	True	Joey | Monica | Rachel | Ross | Chandler	Rachel	Monica	False		Speaker agrees with available community-transcript mapping.	Baking it didn't help, huh?	Ross	Ross	present	char_tracker_stage05	ross	present	0.6667		high	
19	44	109.58	111.82	So why don't you just take it back to where you got it?	Monica	high	community_transcript_match	1.0	dialogue	False	True	Joey | Monica | Rachel | Ross | Chandler	Ross	Rachel	True	speaker_offscreen	Speaker agrees with available community-transcript mapping.	So, why don't you just take it back to where you got it?	Monica	Monica	present	char_tracker_stage05	chandler|rachel	absent	0.0		low	speaker_offscreen
19	45	112.14	112.66	I tried.	Rachel	high	community_transcript_match	1.0	dialogue	False	True	Joey | Monica | Rachel | Ross | Chandler	Monica	Rachel	False		Speaker agrees with available community-transcript mapping.	I tried	Rachel	Rachel	present	char_tracker_stage05	rachel	present	1.0		high	
19	46	112.66	113.74	They won't take her back.	Rachel	high	community_transcript_match	1.0	dialogue	False	True	Joey | Monica | Rachel | Ross | Chandler	Rachel	Chandler	False		Speaker agrees with available community-transcript mapping.	I tried! They won't take her back.	Rachel	Rachel	present	char_tracker_stage05	rachel	present	1.0		high	
19	47	113.9	116.54	Maybe that's because she's a minion of the Antichrist.	Chandler	high	community_transcript_match	1.0	dialogue	False	True	Joey | Monica | Rachel | Ross | Chandler	Rachel	Monica	False		Speaker agrees with available community-transcript mapping.	Maybe that's because she's a minion of the anti-Christ.	Chandler	Chandler	present	char_tracker_stage05	chandler|monica|rachel	present	0.75		high	
19	48	120.14	121.7	Rach, why won't they take it back?	Monica	high	community_transcript_match	1.0	dialogue	False	True	Joey | Monica | Rachel | Ross | Chandler	Chandler	Rachel	False		Speaker agrees with available community-transcript mapping.	Rach, why won't they take it back?	Monica	Monica	present	char_tracker_stage05	chandler|monica|rachel	present	1.0		high	
19	49	121.7	124.18	Well, they said they would, but they would only give me store credit.	Rachel	high	community_transcript_match	1.0	dialogue	False	True	Joey | Monica | Rachel | Ross | Chandler	Monica	Rachel	False		Speaker agrees with available community-transcript mapping.	Well, they said would but they would only give me store credit. I mean, what am I going to do, get a thousand regular cats?	Rachel	Rachel	present	char_tracker_stage05	rachel	present	1.0		high	
19	50	124.18	125.14	And I mean, what am I gonna do?	Rachel	medium	visual_disambiguation	0.74	dialogue	True	False	Joey | Monica | Rachel | Ross | Chandler	Rachel	Rachel	False		Only one of the two text-context candidates was visually present in the window.				present	char_tracker_stage05	rachel	present			medium	
19	51	125.14	126.94	Get 1,000 regular cats?	Rachel	medium	scene_context_inference	0.66	dialogue	True	False	Joey | Monica | Rachel | Ross | Chandler	Rachel	Joey	True	two_sided_context_ambiguous | speaker_no_face	No direct transcript match; longer line defaulted to previous speaker in same scene.				absent	char_tracker_stage05		absent			medium	speaker_no_face
19	52	128.38	129.62	You said it was a show cat.	Joey	high	community_transcript_match	1.0	dialogue	False	True	Joey | Monica | Rachel | Ross | Chandler	Rachel	Joey	False		Speaker agrees with available community-transcript mapping.	Look, you said it was a show cat. Why don't you show it, win some prize money?	Joey	Joey	present	char_tracker_stage05	joey	present	1.0		high	
19	53	129.62	130.58	Why don't you show it?	Joey	high	community_transcript_match	1.0	dialogue	False	True	Joey | Monica | Rachel | Ross | Chandler	Joey	Joey	False		Speaker agrees with available community-transcript mapping.	Why don't you show it, win some prize money	Joey	Joey	present	char_tracker_stage05	joey	present	1.0		high	
19	54	130.58	131.5	Win some prize money?	Joey	high	community_transcript_match	1.0	dialogue	False	True	Joey | Monica | Rachel | Ross | Chandler	Joey	Rachel	False		Speaker agrees with available community-transcript mapping.	win some prize money	Joey	Joey	present	char_tracker_stage05	joey	present	1.0		high	
19	55	131.5	131.82	No.	Rachel	high	community_transcript_match	1.0	dialogue	False	True	Joey | Monica | Rachel | Ross | Chandler	Joey	Rachel	True	speaker_offscreen	Speaker agrees with available community-transcript mapping.	no	Rachel	Rachel	present	char_tracker_stage05	joey	absent	0.0		low	speaker_offscreen
19	56	131.82	133.66	Those shows cost like a hundred bucks to enter.	Rachel	high	community_transcript_match	1.0	dialogue	False	True	Joey | Monica | Rachel | Ross | Chandler	Rachel	Rachel	True	speaker_offscreen	Speaker agrees with available community-transcript mapping.	no those shows cost like a hundred bucks to enter	Rachel	Rachel	present	char_tracker_stage05	joey	absent	0.0		low	speaker_offscreen
19	57	133.66	137.58	And all you win are these ribbons, which technically belong to the damn cat.	Rachel	high	community_transcript_match	1.0	dialogue	False	True	Joey | Monica | Rachel | Ross | Chandler	Rachel	Monica	False		Speaker agrees with available community-transcript mapping.	No, those shows cost like a hundred bucks to enter and all you win are these ribbons which technically belong to the damn cat!	Rachel	Rachel	present	char_tracker_stage05	rachel	present	0.6		high	
19	58	138.94	141.7	Look, if you want, you can keep it at our place until you find out what to do with it.	Monica	high	community_transcript_match	1.0	dialogue	False	True	Joey | Monica | Rachel | Ross | Chandler	Rachel	Monica	False		Speaker agrees with available community-transcript mapping.	Look, if you want you can keep it at our place until you find out what to do with it.	Monica	Monica	present	char_tracker_stage05	chandler|monica|rachel	present	1.0		high	
19	59	141.7	142.78	No, mom, that's not the point.	Monica	medium	scene_context_inference	0.66	dialogue	True	False	Joey | Monica | Rachel | Ross | Chandler	Monica	Rachel	True	two_sided_context_ambiguous	No direct transcript match; longer line defaulted to previous speaker in same scene.				present	char_tracker_stage05	chandler|monica|rachel	present			medium	
19	60	142.78	143.58	I am out one.	Rachel	medium	visual_disambiguation	0.74	dialogue	True	False	Joey | Monica | Rachel | Ross | Chandler	Monica	Rachel	False		Only one of the two text-context candidates was visually present in the window.				present	char_tracker_stage05	rachel	present			medium	
19	61	144.44	149.08	I'm all scratched up, and I'm stuck with this stupid cat that looks like a hand.	Rachel	high	community_transcript_match	1.0	dialogue	False	True	Joey | Monica | Rachel | Ross | Chandler	Rachel	Monica	False		Speaker agrees with available community-transcript mapping.	No Mon that's not the point. I'm out a thousand dollars, I'm all scratched up, and I'm stuck with this stupid cat that looks like a hand! (Storms out.)	Rachel	Rachel	present	char_tracker_stage05	rachel	present	1.0		high	
19	62	153.88	154.68	Oh, my God.	Monica	medium	visual_disambiguation	0.74	dialogue	True	False	Joey | Monica | Rachel | Ross | Chandler	Rachel	Monica	False		Only one of the two text-context candidates was visually present in the window.				present	char_tracker_stage05	chandler|monica	present			medium	
19	63	154.92	156.32	The cat's made my eyes water.	Monica	high	scene_context_bridge	0.88	dialogue	True	False	Joey | Monica | Rachel | Ross | Chandler	Monica	Monica	False		Same speaker appears on both sides within the same scene.				present	char_tracker_stage05	chandler|monica	present			high	
19	64	156.32	156.64	Don't.	Monica	high	community_transcript_match	1.0	dialogue	False	True	Joey | Monica | Rachel | Ross | Chandler	Monica		False		Speaker agrees with available community-transcript mapping.	don't	Monica	Monica	present	char_tracker_stage05	chandler|monica	present	1.0		high	
20	65	156.64	157.56	Don't throw it to me.	Monica	high	community_transcript_match	1.0	dialogue	False	True	Monica | Chandler | Gary | Phoebe | All		Monica	False		Speaker agrees with available community-transcript mapping.	Don't-don't throw it to me	Monica	Monica	present	char_tracker_stage05	chandler|monica	present	1.0		high	
20	66	157.96	159.72	My vision's been compromised.	Monica	high	community_transcript_match	1.0	dialogue	False	True	Monica | Chandler | Gary | Phoebe | All	Monica	Monica	False		Speaker agrees with available community-transcript mapping.	Oh my God, the cat's made my eyes water! Don't-don't throw it to me! My vision's been compromised!! (Quickly grabs a tissue to wipe her eyes.) Oh God! Okay. Okay. It's okay. Man, that was close.	Monica	Monica	present	char_tracker_stage05	chandler|monica	present	0.6667		high	
20	67	161.88	162.68	Oh, God.	Monica	high	community_transcript_match	1.0	dialogue	False	True	Monica | Chandler | Gary | Phoebe | All	Monica	Monica	True	speaker_offscreen	Speaker agrees with available community-transcript mapping.	Oh God	Monica	Monica	present	char_tracker_stage05	chandler	absent	0.0		low	speaker_offscreen
20	68	162.76	164.36	Okay, okay.	Monica	high	community_transcript_match	1.0	dialogue	False	True	Monica | Chandler | Gary | Phoebe | All	Monica	Monica	False		Speaker agrees with available community-transcript mapping.	Okay	Monica	Monica	present	char_tracker_stage05	chandler|monica	present	0.6667		high	
20	69	164.84	165.72	It's okay.	Monica	high	community_transcript_match	1.0	dialogue	False	True	Monica | Chandler | Gary | Phoebe | All	Monica	Chandler	False		Speaker agrees with available community-transcript mapping.	Okay	Monica	Monica	present	char_tracker_stage05	chandler|monica	present	1.0		high	
20	70	166.12	167.0	Man, that was close.	Chandler	low	scene_context_inference	0.58	dialogue	True	False	Monica | Chandler | Gary | Phoebe | All	Monica	Chandler	True	two_sided_context_ambiguous | low_speaker_confidence	No direct transcript match; weak local context only.				present	char_tracker_stage05	chandler|monica	present			low	low_speaker_confidence
20	71	167.4	169.32	Yeah, you almost overreacted to something.	Chandler	high	community_transcript_match	1.0	dialogue	False	True	Monica | Chandler | Gary | Phoebe | All	Chandler	Gary	False		Speaker agrees with available community-transcript mapping.	Yeah, you almost overreacted to something.	Chandler	Chandler	present	char_tracker_stage05	chandler|monica	present	1.0		high	
20	72	172.12	174.52	Hey, we have great news.	Gary	high	community_transcript_match	1.0	dialogue	False	True	Monica | Chandler | Gary | Phoebe | All	Chandler	Phoebe	False		Speaker agrees with available community-transcript mapping.	We have great news!	Gary	Gary	present	char_tracker_stage05	chandler|monica	unobserved			high	
20	73	174.52	175.56	We're moving in together.	Phoebe	high	community_transcript_match	1.0	dialogue	False	True	Monica | Chandler | Gary | Phoebe | All	Gary	Phoebe	False		Speaker agrees with available community-transcript mapping.	We're moving in together! Isn't it great! Yay!	Phoebe	Phoebe	present	char_tracker_stage05	phoebe	present	1.0		high	
20	74	175.86	176.38	Isn't it great?	Phoebe	high	community_transcript_match	1.0	dialogue	False	True	Monica | Chandler | Gary | Phoebe | All	Phoebe	Phoebe	False		Speaker agrees with available community-transcript mapping.	Isn't it great	Phoebe	Phoebe	present	char_tracker_stage05	phoebe	present	1.0		high	
20	75	176.38	176.82	Yay.	Phoebe	high	community_transcript_match	1.0	dialogue	False	True	Monica | Chandler | Gary | Phoebe | All	Phoebe	All	False		Speaker agrees with available community-transcript mapping.	Yay	Phoebe	Phoebe	present	char_tracker_stage05	phoebe	present	1.0		high	
20	76	179.06	180.02	Congratulations.	All	high	community_transcript_match	1.0	dialogue	False	True	Monica | Chandler | Gary | Phoebe | All	Phoebe	All	False		Speaker agrees with available community-transcript mapping.	Congratulations! Congrats!	All	All	present	char_tracker_stage05	phoebe	unobserved			high	
20	77	180.02	180.5	Congrats.	All	high	community_transcript_match	1.0	dialogue	False	True	Monica | Chandler | Gary | Phoebe | All	All	Phoebe	False		Speaker agrees with available community-transcript mapping.	Congrats	All	All	present	char_tracker_stage05	phoebe	unobserved			high	
20	78	180.5	180.86	I know.	Phoebe	high	community_transcript_match	1.0	dialogue	False	True	Monica | Chandler | Gary | Phoebe | All	All	Phoebe	False		Speaker agrees with available community-transcript mapping.	i know	Phoebe	Phoebe	present	char_tracker_stage05	phoebe	present	1.0		high	
20	79	180.86	181.62	I'm so excited.	Phoebe	high	community_transcript_match	1.0	dialogue	False	True	Monica | Chandler | Gary | Phoebe | All	Phoebe	Gary	False		Speaker agrees with available community-transcript mapping.	I know, I'm so excited!	Phoebe	Phoebe	present	char_tracker_stage05	phoebe	present	1.0		high	
20	80	181.62	182.22	So am I.	Gary	high	community_transcript_match	1.0	dialogue	False	True	Monica | Chandler | Gary | Phoebe | All	Phoebe	Phoebe	False		Speaker agrees with available community-transcript mapping.	So am I!	Gary	Gary	present	char_tracker_stage05	phoebe	unobserved			high	
20	81	182.22	183.74	Well, you're not more excited than I am.	Phoebe	high	community_transcript_match	1.0	dialogue	False	True	Monica | Chandler | Gary | Phoebe | All	Gary	Phoebe	False		Speaker agrees with available community-transcript mapping.	Well, you're not more excited than I am! No way! I'm the most excited!	Phoebe	Phoebe	present	char_tracker_stage05	monica|phoebe	present	1.0		high	
20	82	183.74	184.14	No way.	Phoebe	high	community_transcript_match	1.0	dialogue	False	True	Monica | Chandler | Gary | Phoebe | All	Phoebe	Phoebe	False		Speaker agrees with available community-transcript mapping.	No way	Phoebe	Phoebe	present	char_tracker_stage05	monica|phoebe	present	1.0		high	
20	83	184.14	185.22	I'm the most excited.	Phoebe	high	community_transcript_match	1.0	dialogue	False	True	Monica | Chandler | Gary | Phoebe | All	Phoebe	Gary	False		Speaker agrees with available community-transcript mapping.	I'm the most excited	Phoebe	Phoebe	present	char_tracker_stage05	monica|phoebe	present	1.0		high	
20	84	186.66	188.26	Okay, I'll see you at the station later.	Gary	high	community_transcript_match	1.0	dialogue	False	True	Monica | Chandler | Gary | Phoebe | All	Phoebe	Phoebe	False		Speaker agrees with available community-transcript mapping.	Okay, I'll see you at the station later.	Gary	Gary	partial	char_tracker_stage05		unobserved			high	
20	85	188.26	188.78	Okay.	Phoebe	medium	short_turn_alternation	0.7	dialogue	True	False	Monica | Chandler | Gary | Phoebe | All	Gary	Phoebe	True	short_utterance_between_two_speakers | speaker_no_face	Short utterance inferred from local turn alternation.				absent	char_tracker_stage05		absent			medium	speaker_no_face
20	86	188.78	189.66	Yeah, I'll see you later.	Phoebe	high	community_transcript_match	1.0	dialogue	False	True	Monica | Chandler | Gary | Phoebe | All	Phoebe	Gary	False		Speaker agrees with available community-transcript mapping.	Okay, yeah, I'll see you later! Don't forget about the moving in!	Phoebe	Phoebe	present	char_tracker_stage05	phoebe	present	0.5		high	
20	87	189.66	191.46	Don't forget about the moving in, all right?	Gary	high	community_transcript_match	1.0	dialogue	False	True	Monica | Chandler | Gary | Phoebe | All	Phoebe		False		Speaker agrees with available community-transcript mapping.	All right.	Gary	Gary	present	char_tracker_stage05	phoebe	unobserved			high	
21	88	192.66	193.86	So you're moving in with him?	Monica	high	community_transcript_match	1.0	dialogue	False	True	Monica | Phoebe | All		Monica	False		Speaker agrees with available community-transcript mapping.	So you're moving in with him. What happened?	Monica	Monica	present	char_tracker_stage05	chandler|monica|phoebe	present	1.0		high	
21	89	193.86	194.54	What happened?	Monica	high	community_transcript_match	1.0	dialogue	False	True	Monica | Phoebe | All	Monica	Phoebe	False		Speaker agrees with available community-transcript mapping.	What happened	Monica	Monica	present	char_tracker_stage05	chandler|monica|phoebe	present	1.0		high	
21	90	194.54	196.98	I couldn't tell him no, he got so sad.	Phoebe	high	community_transcript_match	1.0	dialogue	False	True	Monica | Phoebe | All	Monica	Phoebe	False		Speaker agrees with available community-transcript mapping.	He got so sad	Phoebe	Phoebe	present	char_tracker_stage05	phoebe	present	1.0		high	
21	91	197.06	198.74	But maybe it'll be all right.	Phoebe	high	community_transcript_match	1.0	dialogue	False	True	Monica | Phoebe | All	Phoebe	Phoebe	False		Speaker agrees with available community-transcript mapping.	Maybe it'll be all right	Phoebe	Phoebe	present	char_tracker_stage05	chandler|monica|phoebe	present	1.0		high	
21	92	198.98	203.06	I do really like him a lot and probably do it eventually anyway.	Phoebe	high	community_transcript_match	1.0	dialogue	False	True	Monica | Phoebe | All	Phoebe	Phoebe	False		Speaker agrees with available community-transcript mapping.	I couldn't tell him no. He got so sad. Maybe it'll be all right. I do really like him a lot and probably do it eventually anyway and plus, think of all the money I'll save on stamps.	Phoebe	Phoebe	present	char_tracker_stage05	chandler|monica|phoebe	present	1.0		high	
21	93	203.7	206.18	And plus, think of all the money I'll save on stamps.	Phoebe	high	community_transcript_match	1.0	dialogue	False	True	Monica | Phoebe | All	Phoebe	Monica	False		Speaker agrees with available community-transcript mapping.	i couldn't tell him no he got so sad maybe it'll be all right and plus think of all the money i'll save on stamps	Phoebe	Phoebe	present	char_tracker_stage05	phoebe	present	1.0		high	
21	94	207.62	208.98	Why, do you write them a lot?	Monica	high	community_transcript_match	1.0	dialogue	False	True	Monica | Phoebe | All	Phoebe	Phoebe	False		Speaker agrees with available community-transcript mapping.	Why, do you write him a lot?	Monica	Monica	present	char_tracker_stage05	chandler|monica	present	1.0		high	
21	95	209.22	213.86	No, I just heard when people live together they split the cost of stamps, don't they?	Phoebe	high	community_transcript_match	1.0	dialogue	False	True	Monica | Phoebe | All	Monica	All	False		Speaker agrees with available community-transcript mapping.	No, I just heard when people live together, they split the cost of stamps. Don't they?	Phoebe	Phoebe	present	char_tracker_stage05	phoebe	present	1.0		high	
21	96	216.82	217.38	That's right.	All	high	community_transcript_match	1.0	dialogue	False	True	Monica | Phoebe | All	Phoebe	All	False		Speaker agrees with available community-transcript mapping.	Yeah! That's right. Yeah-yeah! Yeah!	All	All	present	char_tracker_stage05	chandler|joey|monica|ross	unobserved			high	
21	97	217.46	217.78	Yeah.	All	high	community_transcript_match	1.0	dialogue	False	True	Monica | Phoebe | All	All	All	False		Speaker agrees with available community-transcript mapping.	Yeah-yeah	All	All	present	char_tracker_stage05	joey|ross	unobserved			high	
21	98	217.78	218.26	Yeah, you do.	All	high	community_transcript_match	1.0	dialogue	False	True	Monica | Phoebe | All	All	Phoebe	False		Speaker agrees with available community-transcript mapping.	Yeah	All	All	present	char_tracker_stage05	joey|ross	unobserved			high	
21	99	218.26	218.5	Yeah.	Phoebe	medium	short_turn_alternation	0.7	dialogue	True	False	Monica | Phoebe | All	All	Phoebe	True	short_utterance_between_two_speakers | speaker_offscreen	Short utterance inferred from local turn alternation.				present	char_tracker_stage05	joey	absent			low	speaker_offscreen
21	100	218.5	218.9	Yeah.	Phoebe	high	scene_context_bridge	0.88	dialogue	True	False	Monica | Phoebe | All	Phoebe	Phoebe	True	speaker_offscreen	Same speaker appears on both sides within the same scene.				present	char_tracker_stage05	joey	absent			low	speaker_offscreen
21	101	220.58	223.18	Oh, oh, I'm sorry.	Phoebe	high	community_transcript_match	1.0	dialogue	False	True	Monica | Phoebe | All	Phoebe		False		Speaker agrees with available community-transcript mapping.	oh i'm sorry	Phoebe	Phoebe	present	char_tracker_stage05	chandler|monica|phoebe	present	1.0		high	
22	102	223.18	224.82	The oven mitts really freaked me out.	Phoebe	high	community_transcript_match	1.0	dialogue	False	True	Phoebe		Phoebe	False		Speaker agrees with available community-transcript mapping.	Oh, I'm sorry, the oven mitts really freaked me out.	Phoebe	Phoebe	present	char_tracker_stage05	chandler|monica|phoebe	present	1.0		high	
22	103	232.58	233.3	Hang on.	Phoebe	medium	scene_context_inference	0.68	dialogue	True	False	Phoebe	Phoebe		True	scene_end_short_utterance | speaker_no_face	Filled from previous same-scene context.				absent	char_tracker_stage05		absent			medium	speaker_no_face
23	104	234.92	236.36	Hey, so did you find any apartments?	Gary	high	community_transcript_match	1.0	dialogue	False	True	Gary | Phoebe		Gary	False		Speaker agrees with available community-transcript mapping.	Hey, honey! Okay, so did you find any apartments? Anything in Brooklyn Heights?	Gary	Gary	absent	char_tracker_stage05		unobserved			high	
23	105	236.36	237.56	Anything in Brooklyn Heights?	Gary	high	community_transcript_match	1.0	dialogue	False	True	Gary | Phoebe	Gary	Phoebe	False		Speaker agrees with available community-transcript mapping.	Anything in Brooklyn Heights	Gary	Gary	present	char_tracker_stage05	phoebe	unobserved			high	
23	106	237.72	238.68	No, nothing.	Phoebe	high	community_transcript_match	1.0	dialogue	False	True	Gary | Phoebe	Gary	Gary	False		Speaker agrees with available community-transcript mapping.	No, nothing.	Phoebe	Phoebe	present	char_tracker_stage05	phoebe	present	1.0		high	
23	107	239.08	239.8	Oh, really?	Gary	high	community_transcript_match	1.0	dialogue	False	True	Gary | Phoebe	Phoebe	Phoebe	False		Speaker agrees with available community-transcript mapping.	Oh really?	Gary	Gary	absent	char_tracker_stage05		unobserved			high	
23	108	239.96	240.44	Yeah.	Phoebe	high	community_transcript_match	1.0	dialogue	False	True	Gary | Phoebe	Gary	Gary	True	speaker_no_face	Speaker agrees with available community-transcript mapping.	Yeah.	Phoebe	Phoebe	absent	char_tracker_stage05		absent	0.0		medium	speaker_no_face
23	109	240.44	241.24	Nothing at all?	Gary	high	community_transcript_match	1.0	dialogue	False	True	Gary | Phoebe	Phoebe	Phoebe	False		Speaker agrees with available community-transcript mapping.	Nothing at all?	Gary	Gary	present	char_tracker_stage05	phoebe	unobserved			high	
23	110	241.32	241.72	No.	Phoebe	medium	visual_disambiguation	0.74	dialogue	True	False	Gary | Phoebe	Gary	Phoebe	False		Only one of the two text-context candidates was visually present in the window.				present	char_tracker_stage05	phoebe	present			medium	
23	111	241.72	243.88	As soon as something opens up, we'll move right in.	Phoebe	high	community_transcript_match	1.0	dialogue	False	True	Gary | Phoebe	Phoebe	Phoebe	False		Speaker agrees with available community-transcript mapping.	No, as soon as something opens up we'll move right in. Unless it doesn't have a pool, I need a pool. (Turns away from him.)	Phoebe	Phoebe	present	char_tracker_stage05	phoebe	present	1.0		high	
23	112	244.04	245.32	Unless it doesn't have a pool.	Phoebe	high	community_transcript_match	1.0	dialogue	False	True	Gary | Phoebe	Phoebe	Phoebe	False		Speaker agrees with available community-transcript mapping.	Unless it doesn't have a pool, I need a pool	Phoebe	Phoebe	present	char_tracker_stage05	phoebe	present	1.0		high	
23	113	245.32	246.12	I need a pool.	Phoebe	high	community_transcript_match	1.0	dialogue	False	True	Gary | Phoebe	Phoebe	Gary	False		Speaker agrees with available community-transcript mapping.	i need a pool	Phoebe	Phoebe	present	char_tracker_stage05	phoebe	present	1.0		high	
23	114	248.28	249.88	Phoebe, can I talk to you for a second?	Gary	high	community_transcript_match	1.0	dialogue	False	True	Gary | Phoebe	Phoebe	Phoebe	False		Speaker agrees with available community-transcript mapping.	Phoebe, can I talk to you for a second?	Gary	Gary	present	char_tracker_stage05	phoebe	unobserved			high	
23	115	249.88	250.6	Uh huh.	Phoebe	high	community_transcript_match	1.0	dialogue	False	True	Gary | Phoebe	Gary		False		Speaker agrees with available community-transcript mapping.	Uh-huh!	Phoebe	Phoebe	present	char_tracker_stage05	phoebe	present	1.0		high	
24	116	253.88	254.68	Take a seat.	Gary	high	community_transcript_match	1.0	dialogue	False	True	Gary | Phoebe | Rachel		Gary	False		Speaker agrees with available community-transcript mapping.	Take a seat. You okay? You feeling all right? (Closes the door and takes off his coat.)	Gary	Gary	absent	char_tracker_stage05		unobserved			high	
24	117	255.0	255.56	All right.	Gary	high	community_transcript_match	1.0	dialogue	False	True	Gary | Phoebe | Rachel	Gary	Gary	False		Speaker agrees with available community-transcript mapping.	you okay you feeling all right	Gary	Gary	absent	char_tracker_stage05		unobserved			high	
24	118	256.76	257.56	You okay?	Gary	high	community_transcript_match	1.0	dialogue	False	True	Gary | Phoebe | Rachel	Gary	Phoebe	False		Speaker agrees with available community-transcript mapping.	you okay you feeling	Gary	Gary	absent	char_tracker_stage05		unobserved			high	
24	119	258.36	259.4	You feel all right?	Phoebe	low	scene_context_inference	0.58	dialogue	True	False	Gary | Phoebe | Rachel	Gary	Phoebe	True	two_sided_context_ambiguous | speaker_no_face	No direct transcript match; weak local context only.				absent	char_tracker_stage05		absent			low	speaker_no_face
24	120	261.05	261.93	Yeah, I feel great.	Phoebe	high	community_transcript_match	1.0	dialogue	False	True	Gary | Phoebe | Rachel	Phoebe	Phoebe	False		Speaker agrees with available community-transcript mapping.	Yeah, I feel great	Phoebe	Phoebe	present	char_tracker_stage05	phoebe	present	1.0		high	
24	121	262.01	263.29	Cause we're moving in together.	Phoebe	high	community_transcript_match	1.0	dialogue	False	True	Gary | Phoebe | Rachel	Phoebe	Gary	False		Speaker agrees with available community-transcript mapping.	(sits down) Yeah, I feel great. 'Cause we're moving in together.	Phoebe	Phoebe	present	char_tracker_stage05	phoebe	present	1.0		high	
24	122	264.57	268.65	So you, you checked the paper for listings in Brooklyn Heights, right?	Gary	high	community_transcript_match	1.0	dialogue	False	True	Gary | Phoebe | Rachel	Phoebe	Gary	False		Speaker agrees with available community-transcript mapping.	So you uh, you checked the paper for listings in Brooklyn Heights, right? You-you checked the Post?	Gary	Gary	partial	char_tracker_stage05		unobserved			high	
24	123	271.21	272.17	You checked the Post?	Gary	high	community_transcript_match	1.0	dialogue	False	True	Gary | Phoebe | Rachel	Gary	Phoebe	False		Speaker agrees with available community-transcript mapping.	You-you checked the Post	Gary	Gary	present	char_tracker_stage05	phoebe	unobserved			high	
24	124	273.29	274.81	Yeah, there was nothing.	Phoebe	high	community_transcript_match	1.0	dialogue	False	True	Gary | Phoebe | Rachel	Gary	Phoebe	False		Speaker agrees with available community-transcript mapping.	Yeah, uh-huh, there was nothing. (Pause) Can I get some water?	Phoebe	Phoebe	present	char_tracker_stage05	phoebe	present	1.0		high	
24	125	276.89	277.93	Can I get some water?	Phoebe	high	community_transcript_match	1.0	dialogue	False	True	Gary | Phoebe | Rachel	Phoebe	Gary	False		Speaker agrees with available community-transcript mapping.	Can I get some water	Phoebe	Phoebe	present	char_tracker_stage05	phoebe	present	1.0		high	
24	126	277.93	278.73	In a minute.	Gary	high	community_transcript_match	1.0	dialogue	False	True	Gary | Phoebe | Rachel	Phoebe	Gary	False		Speaker agrees with available community-transcript mapping.	In a minute	Gary	Gary	present	char_tracker_stage05	phoebe	unobserved			high	
24	127	281.29	282.49	You checked today's Post?	Gary	high	community_transcript_match	1.0	dialogue	False	True	Gary | Phoebe | Rachel	Gary	Phoebe	False		Speaker agrees with available community-transcript mapping.	In a minute. You-you checked today's Post?	Gary	Gary	present	char_tracker_stage05	phoebe	unobserved			high	
24	128	282.73	284.09	Um, yeah, today's.	Phoebe	high	community_transcript_match	1.0	dialogue	False	True	Gary | Phoebe | Rachel	Gary	Phoebe	False		Speaker agrees with available community-transcript mapping.	Umm, yeah! Today's.	Phoebe	Phoebe	present	char_tracker_stage05	phoebe	present	1.0		high	
24	129	285.53	290.99	Cause this is today's Post and these are the listings I found.	Phoebe	medium	scene_context_inference	0.66	dialogue	True	False	Gary | Phoebe | Rachel	Phoebe	Gary	True	two_sided_context_ambiguous | speaker_no_face	No direct transcript match; longer line defaulted to previous speaker in same scene.				partial	char_tracker_stage05		absent			medium	speaker_no_face
24	130	291.71	295.07	Brooklyn Heights, two bedrooms, Brooklyn Heights, one bedroom.	Gary	high	community_transcript_match	1.0	dialogue	False	True	Gary | Phoebe | Rachel	Phoebe	Gary	False		Speaker agrees with available community-transcript mapping.	Brooklyn Heights, one bedroom	Gary	Gary	present	char_tracker_stage05	phoebe	unobserved			high	
24	131	295.07	297.63	Brooklyn Heights, Brooklyn Heights, Brooklyn Heights.	Gary	high	community_transcript_match	1.0	dialogue	False	True	Gary | Phoebe | Rachel	Gary	Phoebe	False		Speaker agrees with available community-transcript mapping.	'Cause uh, this is today's Post (produces one from the other chair) and uh, these are the listings I found. (Points) Brooklyn Heights, two bedroom. (Points) Brooklyn Heights, one bedroom. (Points) Brooklyn Heights, (points) Brooklyn Heights, (points) Brooklyn Heights!	Gary	Gary	absent	char_tracker_stage05		unobserved			high	
24	132	298.91	299.95	Are these for rent?	Phoebe	high	community_transcript_match	1.0	dialogue	False	True	Gary | Phoebe | Rachel	Gary	Phoebe	False		Speaker agrees with available community-transcript mapping.	Are these for rent	Phoebe	Phoebe	present	char_tracker_stage05	phoebe	present	1.0		high	
24	133	299.95	301.63	I thought people were just bragging.	Phoebe	high	community_transcript_match	1.0	dialogue	False	True	Gary | Phoebe | Rachel	Phoebe	Gary	False		Speaker agrees with available community-transcript mapping.	(looks at the paper) Are these for rent! I thought people were just bragging!	Phoebe	Phoebe	present	char_tracker_stage05	phoebe	present	1.0		high	
24	134	304.189	306.35	Let me tell you what I think might be going on here.	Gary	high	community_transcript_match	1.0	dialogue	False	True	Gary | Phoebe | Rachel	Phoebe	Gary	False		Speaker agrees with available community-transcript mapping.	"Let me tell you what I think might be going on. (Phoebe looks down in shame.) No-no-no, don't look at the table. Look at me. (Points to his eyes and she does so) Okay, I think somebody asked someone to move in with them. And I think someone said, ""Yes"" but now she's having doubts because things are moving too fast for someone. Does that sound at all possible to you?"	Gary	Gary	partial	char_tracker_stage05		unobserved			high	
24	135	306.51	307.15	No, no, no.	Gary	high	community_transcript_match	1.0	dialogue	False	True	Gary | Phoebe | Rachel	Gary	Gary	False		Speaker agrees with available community-transcript mapping.	No-no-no, don't look at the table	Gary	Gary	present	char_tracker_stage05	phoebe	unobserved			high	
24	136	307.15	308.51	Don't look at the table, look at me.	Gary	high	community_transcript_match	1.0	dialogue	False	True	Gary | Phoebe | Rachel	Gary	Gary	False		Speaker agrees with available community-transcript mapping.	Look at me	Gary	Gary	present	char_tracker_stage05	phoebe	unobserved			high	
24	137	309.87	313.07	Okay, I think somebody has someone to move in with him.	Gary	high	community_transcript_match	1.0	dialogue	False	True	Gary | Phoebe | Rachel	Gary	Gary	False		Speaker agrees with available community-transcript mapping.	Okay, I think somebody asked someone to move in with them	Gary	Gary	partial	char_tracker_stage05		unobserved			high	
24	138	313.15	314.55	And I think someone said yes.	Gary	high	community_transcript_match	1.0	dialogue	False	True	Gary | Phoebe | Rachel	Gary	Gary	False		Speaker agrees with available community-transcript mapping.	"And I think someone said, ""Yes"" but now she's having doubts because things are moving too fast for someone"	Gary	Gary	present	char_tracker_stage05	phoebe	unobserved			high	
24	139	314.55	315.71	But now she's having doubts.	Gary	high	community_transcript_match	1.0	dialogue	False	True	Gary | Phoebe | Rachel	Gary	Gary	False		Speaker agrees with available community-transcript mapping.	but now she's having doubts because things are moving too fast for someone	Gary	Gary	present	char_tracker_stage05	phoebe	unobserved			high	
24	140	315.71	317.87	Cause maybe things are moving too fast for someone.	Gary	high	community_transcript_match	1.0	dialogue	False	True	Gary | Phoebe | Rachel	Gary	Gary	False		Speaker agrees with available community-transcript mapping.	because things are moving too fast for someone	Gary	Gary	present	char_tracker_stage05	phoebe	unobserved			high	
24	141	317.87	319.23	Does that sound at all possible?	Gary	medium	scene_context_inference	0.66	dialogue	True	False	Gary | Phoebe | Rachel	Gary	Phoebe	True	two_sided_context_ambiguous	No direct transcript match; longer line defaulted to previous speaker in same scene.				partial	char_tracker_stage05		unobserved			medium	
24	142	321.64	321.96	Yes.	Phoebe	medium	visual_disambiguation	0.74	dialogue	True	False	Gary | Phoebe | Rachel	Gary	Phoebe	False		Only one of the two text-context candidates was visually present in the window.				present	char_tracker_stage05	phoebe	present			medium	
24	143	321.96	322.44	Yes.	Phoebe	high	community_transcript_match	1.0	dialogue	False	True	Gary | Phoebe | Rachel	Phoebe	Phoebe	False		Speaker agrees with available community-transcript mapping.	Yes	Phoebe	Phoebe	present	char_tracker_stage05	phoebe	present	1.0		high	
24	144	322.68	323.12	Yes.	Phoebe	high	community_transcript_match	1.0	dialogue	False	True	Gary | Phoebe | Rachel	Phoebe	Phoebe	False		Speaker agrees with available community-transcript mapping.	Yes	Phoebe	Phoebe	present	char_tracker_stage05	phoebe	present	1.0		high	
24	145	323.12	323.44	Fine.	Phoebe	high	community_transcript_match	1.0	dialogue	False	True	Gary | Phoebe | Rachel	Phoebe	Phoebe	False		Speaker agrees with available community-transcript mapping.	Fine	Phoebe	Phoebe	present	char_tracker_stage05	phoebe	present	1.0		high	
24	146	323.44	324.28	I am someone.	Phoebe	high	community_transcript_match	1.0	dialogue	False	True	Gary | Phoebe | Rachel	Phoebe	Phoebe	False		Speaker agrees with available community-transcript mapping.	I am someone	Phoebe	Phoebe	present	char_tracker_stage05	phoebe	present	1.0		high	
24	147	326.92	327.92	You want me to say it?	Phoebe	high	community_transcript_match	1.0	dialogue	False	True	Gary | Phoebe | Rachel	Phoebe	Phoebe	False		Speaker agrees with available community-transcript mapping.	Yes. Yes! Fine! I am someone! You want me to say it? I have doubts! (Pause) I'm sorry! (Puts her head down.)	Phoebe	Phoebe	present	char_tracker_stage05	phoebe	present	1.0		high	
24	148	327.92	328.84	I have doubts.	Phoebe	high	community_transcript_match	1.0	dialogue	False	True	Gary | Phoebe | Rachel	Phoebe	Gary	False		Speaker agrees with available community-transcript mapping.	I have doubts	Phoebe	Phoebe	present	char_tracker_stage05	phoebe	present	1.0		high	
24	149	329.72	333.32	I'm sorry, Phoebe.	Gary	high	community_transcript_match	1.0	dialogue	False	True	Gary | Phoebe | Rachel	Phoebe	Phoebe	False		Speaker agrees with available community-transcript mapping.	Phoebe…	Gary	Gary	absent	char_tracker_stage05		unobserved			high	
24	150	333.4	333.88	Yeah.	Phoebe	high	community_transcript_match	1.0	dialogue	False	True	Gary | Phoebe | Rachel	Gary	Gary	True	speaker_no_face	Speaker agrees with available community-transcript mapping.	Yeah?	Phoebe	Phoebe	absent	char_tracker_stage05		absent	0.0		medium	speaker_no_face
24	151	334.68	336.68	Phoebe, it's okay that you feel this way.	Gary	medium	name_address_rule	0.74	dialogue	True	False	Gary | Phoebe | Rachel	Phoebe	Gary	False		Utterance names the previous speaker, so the next speaker is more likely.				absent	char_tracker_stage05		unobserved			medium	
24	152	337.08	340.68	I mean, it is soon and there's a lot of things we don't know about each other.	Gary	high	community_transcript_match	1.0	dialogue	False	True	Gary | Phoebe | Rachel	Gary	Gary	False		Speaker agrees with available community-transcript mapping.	And there's a lot of things we don't know about each other, and I just figure that everything I really like	Gary	Gary	absent	char_tracker_stage05		unobserved			high	
24	153	340.68	347.76	I just figured everything I know about you, I really like and things I don't know I'd get to learn about in a place with both our names on the mailbox.	Gary	high	community_transcript_match	1.0	dialogue	False	True	Gary | Phoebe | Rachel	Gary	Phoebe	False		Speaker agrees with available community-transcript mapping.	Phoebe, it's okay that you feel this way. I mean it is soon. And there's a lot of things we don't know about each other, and I just figure that everything I really like. And the things I don't know, I get to learn about at someplace with both our names on the mailbox.	Gary	Gary	present	char_tracker_stage05	phoebe	unobserved			high	
24	154	349.59	352.55	That's so sweet, sweetheart.	Phoebe	high	community_transcript_match	1.0	dialogue	False	True	Gary | Phoebe | Rachel	Gary	Gary	False		Speaker agrees with available community-transcript mapping.	That's so sweet.	Phoebe	Phoebe	present	char_tracker_stage05	phoebe	present	1.0		high	
24	155	353.27	354.27	But none of that matters.	Gary	high	community_transcript_match	1.0	dialogue	False	True	Gary | Phoebe | Rachel	Phoebe	Gary	False		Speaker agrees with available community-transcript mapping.	sweetheart but none of that matters we don't have to move in together i just i want you to be happy	Gary	Gary	absent	char_tracker_stage05		unobserved			high	
24	156	354.27	355.79	If it's too soon for you, it's fine.	Gary	high	community_transcript_match	1.0	dialogue	False	True	Gary | Phoebe | Rachel	Gary	Gary	False		Speaker agrees with available community-transcript mapping.	Sweetheart, but none of that matters if it's too soon for you. It's fine! We don't have to move in together. I just—I want you to be happy	Gary	Gary	absent	char_tracker_stage05		unobserved			high	
24	157	355.79	356.91	We don't have to move in together.	Gary	high	community_transcript_match	1.0	dialogue	False	True	Gary | Phoebe | Rachel	Gary	Phoebe	False		Speaker agrees with available community-transcript mapping.	sweetheart but none of that matters we don't have to move in together i just i want you to be happy	Gary	Gary	absent	char_tracker_stage05		unobserved			high	
24	158	356.91	357.27	I just.	Phoebe	medium	short_turn_alternation	0.7	dialogue	True	False	Gary | Phoebe | Rachel	Gary	Phoebe	True	short_utterance_between_two_speakers | speaker_no_face	Short utterance inferred from local turn alternation.				absent	char_tracker_stage05		absent			medium	speaker_no_face
24	159	357.27	358.39	I want you to be happy.	Phoebe	high	scene_context_bridge	0.88	dialogue	True	False	Gary | Phoebe | Rachel	Phoebe	Phoebe	False		Same speaker appears on both sides within the same scene.				present	char_tracker_stage05	phoebe	present			high	
24	160	359.51	361.15	Living with you would make me happy.	Phoebe	high	community_transcript_match	1.0	dialogue	False	True	Gary | Phoebe | Rachel	Phoebe	Gary	False		Speaker agrees with available community-transcript mapping.	Living with you would make me happy.	Phoebe	Phoebe	present	char_tracker_stage05	phoebe	present	1.0		high	
24	161	361.15	362.63	Phoebe, you don't have to say that.	Gary	high	community_transcript_match	1.0	dialogue	False	True	Gary | Phoebe | Rachel	Phoebe	Phoebe	False		Speaker agrees with available community-transcript mapping.	Phoebe, you don't have to say that.	Gary	Gary	present	char_tracker_stage05	phoebe	unobserved			high	
24	162	362.71	364.35	No, I really want to live with you.	Phoebe	high	community_transcript_match	1.0	dialogue	False	True	Gary | Phoebe | Rachel	Gary	Phoebe	False		Speaker agrees with available community-transcript mapping.	No, I really wanna live with you! I wanna move in with you!	Phoebe	Phoebe	present	char_tracker_stage05	phoebe	present	1.0		high	
24	163	364.35	365.43	I want to move in with you.	Phoebe	high	community_transcript_match	1.0	dialogue	False	True	Gary | Phoebe | Rachel	Phoebe	Gary	False		Speaker agrees with available community-transcript mapping.	I wanna move in with you	Phoebe	Phoebe	present	char_tracker_stage05	phoebe	present	1.0		high	
24	164	365.67	366.31	Are you sure?	Gary	high	community_transcript_match	1.0	dialogue	False	True	Gary | Phoebe | Rachel	Phoebe	Phoebe	False		Speaker agrees with available community-transcript mapping.	Are you sure?	Gary	Gary	present	char_tracker_stage05	phoebe	unobserved			high	
24	165	366.95	367.43	Yes.	Phoebe	medium	visual_disambiguation	0.74	dialogue	True	False	Gary | Phoebe | Rachel	Gary	Phoebe	False		Only one of the two text-context candidates was visually present in the window.				present	char_tracker_stage05	phoebe	present			medium	
24	166	368.07	369.27	Definitely, yes.	Phoebe	high	community_transcript_match	1.0	dialogue	False	True	Gary | Phoebe | Rachel	Phoebe	Phoebe	False		Speaker agrees with available community-transcript mapping.	Yes	Phoebe	Phoebe	present	char_tracker_stage05	phoebe	present	1.0		high	
24	167	369.27	371.47	Let's live in an apartment that we both live in.	Phoebe	high	community_transcript_match	1.0	dialogue	False	True	Gary | Phoebe | Rachel	Phoebe	Gary	False		Speaker agrees with available community-transcript mapping.	Yes. Definitely! Yes! Let's live in an apartment that we both live in! (Hugs him.)	Phoebe	Phoebe	present	char_tracker_stage05	phoebe	present	0.6667		high	
24	168	371.47	372.55	Oh, that's really.	Gary	high	community_transcript_match	1.0	dialogue	False	True	Gary | Phoebe | Rachel	Phoebe	Gary	False		Speaker agrees with available community-transcript mapping.	Oh that's great!	Gary	Gary	absent	char_tracker_stage05		unobserved			high	
24	169	373.59	375.11	Oh, wait, one sec, one sec.	Gary	medium	scene_context_inference	0.66	dialogue	True	False	Gary | Phoebe | Rachel	Gary	Phoebe	True	two_sided_context_ambiguous	No direct transcript match; longer line defaulted to previous speaker in same scene.				absent	char_tracker_stage05		unobserved			medium	
24	170	375.25	376.77	Hey, you, behind the glass.	Phoebe	high	community_transcript_match	1.0	dialogue	False	True	Gary | Phoebe | Rachel	Gary	Phoebe	True	speaker_no_face	Speaker agrees with available community-transcript mapping.	Behind the glass	Phoebe	Phoebe	absent	char_tracker_stage05		absent	0.0		medium	speaker_no_face
24	171	376.85	378.13	Who are you looking at?	Phoebe	high	community_transcript_match	1.0	dialogue	False	True	Gary | Phoebe | Rachel	Phoebe	Phoebe	True	speaker_no_face	Speaker agrees with available community-transcript mapping.	Who are you looking at	Phoebe	Phoebe	absent	char_tracker_stage05		absent	0.0		medium	speaker_no_face
24	172	379.97	383.49	I've always wanted to say that every time I was in one of these rooms, which was never.	Phoebe	high	community_transcript_match	1.0	dialogue	False	True	Gary | Phoebe | Rachel	Phoebe	Rachel	False		Speaker agrees with available community-transcript mapping.	Oh wait, one sec. One sec. (Goes to the mirror) Hey you! Behind the glass! Who are you looking at! I've always wanted to say that when I was in one of these rooms, (sees the look on his face) which was never!	Phoebe	Phoebe	present	char_tracker_stage05	phoebe	present	1.0		high	
24	173	387.65	388.61	Show cat.	Rachel	high	community_transcript_match	1.0	dialogue	False	True	Gary | Phoebe | Rachel	Phoebe	Rachel	True	speaker_no_face	Speaker agrees with available community-transcript mapping.	show cat	Rachel	Rachel	absent	char_tracker_stage05		absent	0.0		medium	speaker_no_face
24	174	388.85	389.57	Quality.	Rachel	high	community_transcript_match	1.0	dialogue	False	True	Gary | Phoebe | Rachel	Rachel	Rachel	True	speaker_no_face	Speaker agrees with available community-transcript mapping.	quality show cat	Rachel	Rachel	absent	char_tracker_stage05		absent	0.0		medium	speaker_no_face
24	175	389.81	390.77	Show cat.	Rachel	high	community_transcript_match	1.0	dialogue	False	True	Gary | Phoebe | Rachel	Rachel		True	speaker_no_face	Speaker agrees with available community-transcript mapping.	quality show cat show cat	Rachel	Rachel	absent	char_tracker_stage05		absent	0.0		medium	speaker_no_face
25	176	392.45	393.33	Show cat.	Rachel	high	community_transcript_match	1.0	dialogue	False	True	Rachel | Woman No. 1		Woman No. 1	True	speaker_no_face	Speaker agrees with available community-transcript mapping.	Show cat! Quality show cat! Show cat! (A woman approaches.)	Rachel	Rachel	absent	char_tracker_stage05		absent	0.0		medium	speaker_no_face
25	177	393.57	394.45	Oh, my God.	Woman No. 1	high	community_transcript_match	1.0	dialogue	False	True	Rachel | Woman No. 1	Rachel	Woman No. 1	False		Speaker agrees with available community-transcript mapping.	Oh my God	Woman No. 1	Woman No. 1	absent	char_tracker_stage05		unobserved			high	
25	178	394.61	395.97	What's wrong with your baby?	Woman No. 1	high	community_transcript_match	1.0	dialogue	False	True	Rachel | Woman No. 1	Woman No. 1	Rachel	False		Speaker agrees with available community-transcript mapping.	(looks into the box) Oh my God! What's wrong with your baby?!	Woman No. 1	Woman No. 1	absent	char_tracker_stage05		unobserved			high	
25	179	397.41	398.41	That's not a baby.	Rachel	high	community_transcript_match	1.0	dialogue	False	True	Rachel | Woman No. 1	Woman No. 1	Rachel	False		Speaker agrees with available community-transcript mapping.	It's not a baby! It's a cat!	Rachel	Rachel	present	char_tracker_stage05	rachel	present	1.0		high	
25	180	398.41	399.17	That's a cat.	Rachel	high	community_transcript_match	1.0	dialogue	False	True	Rachel | Woman No. 1	Rachel	Woman No. 1	False		Speaker agrees with available community-transcript mapping.	It's a cat	Rachel	Rachel	present	char_tracker_stage05	rachel	present	1.0		high	
25	181	399.49	399.97	Ew.	Woman No. 1	high	community_transcript_match	1.0	dialogue	False	True	Rachel | Woman No. 1	Rachel	Woman No. 1	False		Speaker agrees with available community-transcript mapping.	Eew	Woman No. 1	Woman No. 1	present	char_tracker_stage05	rachel	unobserved			high	
25	182	400.05	401.17	It's creepy looking.	Woman No. 1	high	community_transcript_match	1.0	dialogue	False	True	Rachel | Woman No. 1	Woman No. 1	Rachel	False		Speaker agrees with available community-transcript mapping.	Eew! It's creepy looking!	Woman No. 1	Woman No. 1	absent	char_tracker_stage05		unobserved			high	
25	183	401.7	402.66	Oh, no, no.	Rachel	medium	visual_disambiguation	0.74	dialogue	True	False	Rachel | Woman No. 1	Woman No. 1	Rachel	False		Only one of the two text-context candidates was visually present in the window.				present	char_tracker_stage05	rachel	present			medium	
25	184	402.66	403.06	It's actually.	Rachel	high	community_transcript_match	1.0	dialogue	False	True	Rachel | Woman No. 1	Rachel	Rachel	False		Speaker agrees with available community-transcript mapping.	it's actually	Rachel	Rachel	present	char_tracker_stage05	rachel	present	1.0		high	
25	185	403.06	403.86	It's very sweet.	Rachel	high	community_transcript_match	1.0	dialogue	False	True	Rachel | Woman No. 1	Rachel	Rachel	False		Speaker agrees with available community-transcript mapping.	It's actually—it's very sweet	Rachel	Rachel	present	char_tracker_stage05	rachel	present	1.0		high	
25	186	403.86	404.98	It's very sweet.	Rachel	high	community_transcript_match	1.0	dialogue	False	True	Rachel | Woman No. 1	Rachel	Rachel	False		Speaker agrees with available community-transcript mapping.	Oh no! No! It's actually—it's very sweet. It's very sweet. Look! (Goes to pet it and it hisses at her.) Yeah, do you want it?	Rachel	Rachel	present	char_tracker_stage05	rachel	present	1.0		high	
25	187	408.9	409.46	Yeah.	Rachel	medium	visual_disambiguation	0.74	dialogue	True	False	Rachel | Woman No. 1	Rachel	Rachel	False		Only one of the two text-context candidates was visually present in the window.				present	char_tracker_stage05	rachel	present			medium	
25	188	409.46	410.18	Do you want it?	Rachel	medium	visual_disambiguation	0.74	dialogue	True	False	Rachel | Woman No. 1	Rachel	Woman No. 1	False		Only one of the two text-context candidates was visually present in the window.				present	char_tracker_stage05	rachel	present			medium	
25	189	411.54	412.66	No, I hate cats.	Woman No. 1	high	community_transcript_match	1.0	dialogue	False	True	Rachel | Woman No. 1	Rachel	Rachel	False		Speaker agrees with available community-transcript mapping.	(laughs) No, I hate cats.	Woman No. 1	Woman No. 1	present	char_tracker_stage05	rachel	unobserved			high	
25	190	412.98	414.82	Well, so then what are you doing to me?	Rachel	high	community_transcript_match	1.0	dialogue	False	True	Rachel | Woman No. 1	Woman No. 1	Rachel	True	speaker_no_face	Speaker agrees with available community-transcript mapping.	Well, so then what are you doing to me? Okay? Just get out of here! All right? Move on!	Rachel	Rachel	partial	char_tracker_stage05		absent	0.3333		medium	speaker_no_face
25	191	414.82	416.58	Okay, Just get out of here, all right?	Rachel	high	community_transcript_match	1.0	dialogue	False	True	Rachel | Woman No. 1	Rachel	Rachel	False		Speaker agrees with available community-transcript mapping.	okay just get out of here all right move on	Rachel	Rachel	present	char_tracker_stage05	rachel	present	1.0		high	
25	192	416.66	417.3	Move on.	Rachel	high	community_transcript_match	1.0	dialogue	False	True	Rachel | Woman No. 1	Rachel	Rachel	False		Speaker agrees with available community-transcript mapping.	move on	Rachel	Rachel	present	char_tracker_stage05	rachel	present	1.0		high	
25	193	418.9	419.46	Jeez.	Rachel	medium	scene_context_inference	0.68	dialogue	True	False	Rachel | Woman No. 1	Rachel		True	scene_end_short_utterance	Filled from previous same-scene context.				present	char_tracker_stage05	rachel	present			medium	
26	194	419.94	421.62	Wow, what an unusual cat.	Woman No. 2	high	community_transcript_match	1.0	dialogue	False	True	Woman No. 2 | Rachel		Rachel	False		Speaker agrees with available community-transcript mapping.	Wow! What an unusual cat!	Woman No. 2	Woman No. 2	present	char_tracker_stage05	rachel	unobserved			high	
26	195	421.7	422.82	Yes, thank you.	Rachel	high	community_transcript_match	1.0	dialogue	False	True	Woman No. 2 | Rachel	Woman No. 2	Rachel	False		Speaker agrees with available community-transcript mapping.	Yes! Thank you! Exactly! You want it?	Rachel	Rachel	present	char_tracker_stage05	rachel	present	1.0		high	
26	196	422.9	423.58	Exactly.	Rachel	high	community_transcript_match	1.0	dialogue	False	True	Woman No. 2 | Rachel	Rachel	Rachel	False		Speaker agrees with available community-transcript mapping.	Exactly	Rachel	Rachel	present	char_tracker_stage05	rachel	present	0.5		high	
26	197	423.58	424.34	You want it?	Rachel	high	community_transcript_match	1.0	dialogue	False	True	Woman No. 2 | Rachel	Rachel	Woman No. 2	True	speaker_no_face	Speaker agrees with available community-transcript mapping.	You want it	Rachel	Rachel	absent	char_tracker_stage05		absent	0.0		medium	speaker_no_face
26	198	424.9	425.46	Maybe.	Woman No. 2	high	community_transcript_match	1.0	dialogue	False	True	Woman No. 2 | Rachel	Rachel	Woman No. 2	False		Speaker agrees with available community-transcript mapping.	Maybe	Woman No. 2	Woman No. 2	absent	char_tracker_stage05		unobserved			high	
26	199	425.94	427.46	I was thinking about getting a cat.	Woman No. 2	high	community_transcript_match	1.0	dialogue	False	True	Woman No. 2 | Rachel	Woman No. 2	Woman No. 2	False		Speaker agrees with available community-transcript mapping.	Maybe. I was thinking about getting a cat, I was just going to go to the shelter but… Okay, why not?	Woman No. 2	Woman No. 2	absent	char_tracker_stage05		unobserved			high	
26	200	427.46	430.21	I was just gonna go to the shelter, but okay.	Woman No. 2	high	community_transcript_match	1.0	dialogue	False	True	Woman No. 2 | Rachel	Woman No. 2	Woman No. 2	False		Speaker agrees with available community-transcript mapping.	maybe i was just going to go to the shelter but okay why not	Woman No. 2	Woman No. 2	partial	char_tracker_stage05		unobserved			high	
26	201	430.21	430.69	Why not?	Woman No. 2	high	community_transcript_match	1.0	dialogue	False	True	Woman No. 2 | Rachel	Woman No. 2	Rachel	False		Speaker agrees with available community-transcript mapping.	maybe why not	Woman No. 2	Woman No. 2	present	char_tracker_stage05	rachel	unobserved			high	
26	202	430.69	431.73	Oh, terrific.	Rachel	high	community_transcript_match	1.0	dialogue	False	True	Woman No. 2 | Rachel	Woman No. 2	Rachel	False		Speaker agrees with available community-transcript mapping.	Oh, terrific	Rachel	Rachel	present	char_tracker_stage05	rachel	present	1.0		high	
26	203	431.73	433.01	That'll be $2,000.	Rachel	high	community_transcript_match	1.0	dialogue	False	True	Woman No. 2 | Rachel	Rachel	Woman No. 2	False		Speaker agrees with available community-transcript mapping.	Oh, terrific! That'll be $2,000.	Rachel	Rachel	present	char_tracker_stage05	rachel	present	0.6667		high	
26	204	434.53	434.93	What?	Woman No. 2	high	community_transcript_match	1.0	dialogue	False	True	Woman No. 2 | Rachel	Rachel	Woman No. 2	False		Speaker agrees with available community-transcript mapping.	What?!	Woman No. 2	Woman No. 2	absent	char_tracker_stage05		unobserved			high	
26	205	435.17	435.97	Okay, 1,000.	Woman No. 2	high	scene_context_bridge	0.88	dialogue	True	False	Woman No. 2 | Rachel	Woman No. 2	Woman No. 2	False		Same speaker appears on both sides within the same scene.				absent	char_tracker_stage05		unobserved			high	
26	206	436.69	438.69	I thought you wanted me to adopt your cat.	Woman No. 2	high	community_transcript_match	1.0	dialogue	False	True	Woman No. 2 | Rachel	Woman No. 2	Rachel	False		Speaker agrees with available community-transcript mapping.	I thought you wanted to adopt your cat.	Woman No. 2	Woman No. 2	absent	char_tracker_stage05		unobserved			high	
26	207	438.77	443.09	Well, I do, but you're just gonna have to actually look at this as more of an investment than a cat.	Rachel	high	community_transcript_match	1.0	dialogue	False	True	Woman No. 2 | Rachel	Woman No. 2	Woman No. 2	False		Speaker agrees with available community-transcript mapping.	Well, I do, but you're just gonna have to actually look at this as more of an investment than a cat.	Rachel	Rachel	present	char_tracker_stage05	rachel	present	0.8333		high	
26	208	443.49	443.97	Okay.	Woman No. 2	high	community_transcript_match	1.0	dialogue	False	True	Woman No. 2 | Rachel	Rachel	Woman No. 2	False		Speaker agrees with available community-transcript mapping.	okay	Woman No. 2	Woman No. 2	present	char_tracker_stage05	rachel	unobserved			high	
26	209	443.97	445.17	Yeah, I just wanted a cat.	Woman No. 2	high	community_transcript_match	1.0	dialogue	False	True	Woman No. 2 | Rachel	Woman No. 2	Woman No. 2	False		Speaker agrees with available community-transcript mapping.	Okay, yeah, I just wanted a cat. (Starts to leave.)	Woman No. 2	Woman No. 2	partial	char_tracker_stage05		unobserved			high	
26	210	445.65	446.29	Yeah, okay.	Woman No. 2	high	community_transcript_match	1.0	dialogue	False	True	Woman No. 2 | Rachel	Woman No. 2	Rachel	False		Speaker agrees with available community-transcript mapping.	okay	Woman No. 2	Woman No. 2	absent	char_tracker_stage05		unobserved			high	
26	211	446.29	446.69	Okay.	Rachel	medium	short_turn_alternation	0.7	dialogue	True	False	Woman No. 2 | Rachel	Woman No. 2	Rachel	True	short_utterance_between_two_speakers | speaker_no_face	Short utterance inferred from local turn alternation.				absent	char_tracker_stage05		absent			medium	speaker_no_face
26	212	449.65	453.01	Obviously you know how to haggle, so I'm not gonna try and take you on.	Rachel	high	community_transcript_match	1.0	dialogue	False	True	Woman No. 2 | Rachel	Rachel	Rachel	False		Speaker agrees with available community-transcript mapping.	(makes some unintelligible sound to stop her from leaving) Obviously you know how to haggle, so I'm not gonna try and take you on. Okay? So $800 and I don't call the cops because you're robbing me blind! Blind! (Covers her eyes) Just take cat, leave the money, and run away! Run away! (Uncovers her eyes and sees that the woman has fled) Damnit! (To the cat) Cat, can't you at least smile or something?! (The cat hisses at her again, it sounds like Rachel) Okay, did anybody just hear that? Anybody?	Rachel	Rachel	present	char_tracker_stage05	rachel	present	1.0		high	
26	213	453.17	453.69	Okay.	Rachel	high	community_transcript_match	1.0	dialogue	False	True	Woman No. 2 | Rachel	Rachel	Rachel	False		Speaker agrees with available community-transcript mapping.	Okay	Rachel	Rachel	present	char_tracker_stage05	rachel	present	1.0		high	
26	214	453.69	455.93	So $800 and I don't call the cops.	Rachel	high	community_transcript_match	1.0	dialogue	False	True	Woman No. 2 | Rachel	Rachel	Rachel	False		Speaker agrees with available community-transcript mapping.	So $800 and I don't call the cops because you're robbing me blind	Rachel	Rachel	present	char_tracker_stage05	rachel	present	1.0		high	
26	215	455.93	458.13	Which I should because you are robbing me blind.	Rachel	high	community_transcript_match	1.0	dialogue	False	True	Woman No. 2 | Rachel	Rachel	Rachel	False		Speaker agrees with available community-transcript mapping.	because you're robbing me blind	Rachel	Rachel	present	char_tracker_stage05	rachel	present	0.75		high	
26	216	458.13	458.53	Blind.	Rachel	medium	scene_context_inference	0.68	dialogue	True	False	Woman No. 2 | Rachel	Rachel	Rachel	True	scene_end_short_utterance | speaker_no_face	Filled from previous same-scene context.				absent	char_tracker_stage05		absent			medium	speaker_no_face
26	217	458.53	459.13	You're out of the.	Rachel	medium	scene_context_inference	0.68	dialogue	True	False	Woman No. 2 | Rachel	Rachel	Rachel	True	medium_confidence_context_fill | speaker_no_face	Filled from previous same-scene context.				absent	char_tracker_stage05		absent			medium	speaker_no_face
26	218	459.13	460.13	Just take the cat.	Rachel	medium	scene_context_inference	0.68	dialogue	True	False	Woman No. 2 | Rachel	Rachel	Rachel	True	medium_confidence_context_fill | speaker_no_face	Filled from previous same-scene context.				absent	char_tracker_stage05		absent			medium	speaker_no_face
26	219	460.13	460.61	Leave the.	Rachel	medium	scene_context_inference	0.68	dialogue	True	False	Woman No. 2 | Rachel	Rachel	Rachel	True	scene_end_short_utterance | speaker_no_face	Filled from previous same-scene context.				absent	char_tracker_stage05		absent			medium	speaker_no_face
26	220	461.15	461.55	Run away.	Rachel	medium	scene_context_inference	0.68	dialogue	True	False	Woman No. 2 | Rachel	Rachel	Rachel	True	scene_end_short_utterance | speaker_no_face	Filled from previous same-scene context.				absent	char_tracker_stage05		absent			medium	speaker_no_face
26	221	461.63	462.51	Just run away.	Rachel	medium	scene_context_inference	0.68	dialogue	True	False	Woman No. 2 | Rachel	Rachel	Rachel	True	medium_confidence_context_fill	Filled from previous same-scene context.				present	char_tracker_stage05	rachel	present			medium	
26	222	462.75	463.39	Damn it.	Rachel	medium	scene_context_inference	0.68	dialogue	True	False	Woman No. 2 | Rachel	Rachel	Rachel	True	scene_end_short_utterance	Filled from previous same-scene context.				present	char_tracker_stage05	rachel	present			medium	
26	223	464.59	466.99	Can't you at least smile or something?	Rachel	medium	scene_context_inference	0.68	dialogue	True	False	Woman No. 2 | Rachel	Rachel	Rachel	True	medium_confidence_context_fill	Filled from previous same-scene context.				present	char_tracker_stage05	rachel	present			medium	
26	224	469.95	471.95	Okay, did anybody just hear that?	Rachel	medium	scene_context_inference	0.68	dialogue	True	False	Woman No. 2 | Rachel	Rachel	Rachel	True	medium_confidence_context_fill	Filled from previous same-scene context.				present	char_tracker_stage05	rachel	present			medium	
26	225	472.03	472.67	Anybody?	Rachel	medium	scene_context_inference	0.68	dialogue	True	False	Woman No. 2 | Rachel	Rachel		True	scene_end_short_utterance | speaker_no_face	Filled from previous same-scene context.				absent	char_tracker_stage05		absent			medium	speaker_no_face
27	226	480.59	481.31	Starving.	Ross	high	community_transcript_match	1.0	dialogue	False	True	Ross | Monica | Joey | Chandler		Monica	True	speaker_no_face	Speaker agrees with available community-transcript mapping.	I'm starving!	Ross	Ross	absent	char_tracker_stage05		absent	0.0		medium	speaker_no_face
27	227	481.79	482.83	Come on, guys.	Monica	high	community_transcript_match	1.0	dialogue	False	True	Ross | Monica | Joey | Chandler	Ross	Monica	True	speaker_no_face	Speaker agrees with available community-transcript mapping.	Come on guys	Monica	Monica	absent	char_tracker_stage05		absent	0.0		medium	speaker_no_face
27	228	482.83	483.51	Suck it up.	Monica	high	community_transcript_match	1.0	dialogue	False	True	Ross | Monica | Joey | Chandler	Monica	Monica	False		Speaker agrees with available community-transcript mapping.	Suck it up	Monica	Monica	present	char_tracker_stage05	monica	present	0.5		high	
27	229	483.51	484.99	We're closing in on 10 hours.	Monica	high	community_transcript_match	1.0	dialogue	False	True	Ross | Monica | Joey | Chandler	Monica	Monica	False		Speaker agrees with available community-transcript mapping.	Come on guys! Suck it up! We're closing in on ten hours! It's gut-check time!	Monica	Monica	present	char_tracker_stage05	monica	present	1.0		high	
27	230	485.47	486.83	It's gut Jack time.	Monica	high	community_transcript_match	1.0	dialogue	False	True	Ross | Monica | Joey | Chandler	Monica	Joey	False		Speaker agrees with available community-transcript mapping.	It's gut-check time	Monica	Monica	present	char_tracker_stage05	monica	present	1.0		high	
27	231	487.96	489.44	I don't know who made you the boss.	Joey	high	community_transcript_match	1.0	dialogue	False	True	Ross | Monica | Joey | Chandler	Monica	Joey	False		Speaker agrees with available community-transcript mapping.	I don't know who made you the boss? All right? We (Ross and him) invented this game!	Joey	Joey	present	char_tracker_stage05	joey	present	1.0		high	
27	232	489.44	489.8	All right?	Joey	high	community_transcript_match	1.0	dialogue	False	True	Ross | Monica | Joey | Chandler	Joey	Joey	False		Speaker agrees with available community-transcript mapping.	All right	Joey	Joey	present	char_tracker_stage05	joey	present	1.0		high	
27	233	489.8	491.08	We invented this game.	Joey	high	community_transcript_match	1.0	dialogue	False	True	Ross | Monica | Joey | Chandler	Joey	Monica	False		Speaker agrees with available community-transcript mapping.	We invented this game	Joey	Joey	present	char_tracker_stage05	joey	present	1.0		high	
27	234	491.48	491.88	Please.	Monica	high	community_transcript_match	1.0	dialogue	False	True	Ross | Monica | Joey | Chandler	Joey	Monica	True	speaker_offscreen	Speaker agrees with available community-transcript mapping.	Please	Monica	Monica	present	char_tracker_stage05	joey	absent	0.0		low	speaker_offscreen
27	235	492.36	494.12	I made this game what it is.	Monica	high	community_transcript_match	1.0	dialogue	False	True	Ross | Monica | Joey | Chandler	Monica	Chandler	False		Speaker agrees with available community-transcript mapping.	Please! I made this game what it is.	Monica	Monica	present	char_tracker_stage05	monica	present	1.0		high	
27	236	494.36	495.64	Not fun anymore.	Chandler	high	community_transcript_match	1.0	dialogue	False	True	Ross | Monica | Joey | Chandler	Monica	Ross	False		Speaker agrees with available community-transcript mapping.	Not fun anymore?	Chandler	Chandler	present	char_tracker_stage05	chandler|monica	present	1.0		high	
27	237	497.72	498.92	I'm still hungry.	Ross	high	community_transcript_match	1.0	dialogue	False	True	Ross | Monica | Joey | Chandler	Chandler	Monica	False		Speaker agrees with available community-transcript mapping.	I'm still hungry!	Ross	Ross	present	char_tracker_stage05	monica|ross	present	1.0		high	
27	238	499.0	500.6	All right, there's some pizza at my place.	Monica	high	community_transcript_match	1.0	dialogue	False	True	Ross | Monica | Joey | Chandler	Ross	Monica	False		Speaker agrees with available community-transcript mapping.	All right, there's some pizza at my place, we can all eat with one hand right? Are you with me?	Monica	Monica	present	char_tracker_stage05	monica|ross	present	0.5		high	
27	239	500.6	501.88	We can all eat with one hand, right?	Monica	high	community_transcript_match	1.0	dialogue	False	True	Ross | Monica | Joey | Chandler	Monica	Monica	False		Speaker agrees with available community-transcript mapping.	we can all eat with one hand right are you with me	Monica	Monica	present	char_tracker_stage05	monica|ross	present	1.0		high	
27	240	502.2	503.0	Are you with me?	Monica	high	community_transcript_match	1.0	dialogue	False	True	Ross | Monica | Joey | Chandler	Monica	Ross	False		Speaker agrees with available community-transcript mapping.	are you with me	Monica	Monica	present	char_tracker_stage05	monica	present	1.0		high	
27	241	503.159	503.72	I am.	Ross	high	community_transcript_match	1.0	dialogue	False	True	Ross | Monica | Joey | Chandler	Monica	Monica	True	speaker_offscreen	Speaker agrees with available community-transcript mapping.	I am!	Ross	Ross	present	char_tracker_stage05	monica	absent	0.0		low	speaker_offscreen
27	242	503.72	504.68	All right, let's go.	Monica	medium	visual_disambiguation	0.74	dialogue	True	False	Ross | Monica | Joey | Chandler	Ross	Monica	False		Only one of the two text-context candidates was visually present in the window.				present	char_tracker_stage05	monica	present			medium	
27	243	504.76	505.32	Come on.	Monica	high	scene_context_bridge	0.88	dialogue	True	False	Ross | Monica | Joey | Chandler	Monica	Monica	True	speaker_no_face	Same speaker appears on both sides within the same scene.				absent	char_tracker_stage05		absent			medium	speaker_no_face
27	244	505.48	506.12	Come on.	Monica	high	scene_context_bridge	0.88	dialogue	True	False	Ross | Monica | Joey | Chandler	Monica	Monica	True	speaker_no_face	Same speaker appears on both sides within the same scene.				absent	char_tracker_stage05		absent			medium	speaker_no_face
27	245	506.36	506.88	Let's go.	Monica	high	community_transcript_match	1.0	dialogue	False	True	Ross | Monica | Joey | Chandler	Monica	Monica	True	speaker_no_face	Speaker agrees with available community-transcript mapping.	Let's go	Monica	Monica	absent	char_tracker_stage05		absent	0.0		medium	speaker_no_face
27	246	506.88	507.96	Team Monica.	Monica	high	community_transcript_match	1.0	dialogue	False	True	Ross | Monica | Joey | Chandler	Monica	Monica	True	speaker_no_face	Speaker agrees with available community-transcript mapping.	Let's go Team Monica	Monica	Monica	absent	char_tracker_stage05		absent	0.0		medium	speaker_no_face
27	247	511.0	512.44	All right, we can work out that name later.	Monica	high	community_transcript_match	1.0	dialogue	False	True	Ross | Monica | Joey | Chandler	Monica		True	speaker_no_face	Speaker agrees with available community-transcript mapping.	All right! Let's go! (Runs to the door.) Let's go Team Monica! (The guys all stop and stare at her) All right, we can work out the name later.	Monica	Monica	absent	char_tracker_stage05		absent	0.0		medium	speaker_no_face
28	248	516.61	519.01	Rachel, what is your cat doing in one of my bowls?	Monica	high	community_transcript_match	1.0	dialogue	False	True	Monica | Rachel | Ross | Joey | Gunther		Rachel	False		Speaker agrees with available community-transcript mapping.	Rachel! What is your cat doing in one of my bowls!	Monica	Monica	present	char_tracker_stage05	monica	present	0.75		high	
28	249	519.09	519.65	It's not.	Rachel	high	community_transcript_match	1.0	dialogue	False	True	Monica | Rachel | Ross | Joey | Gunther	Monica	Rachel	False		Speaker agrees with available community-transcript mapping.	it's not	Rachel	Rachel	present	char_tracker_stage05	monica|rachel	present	1.0		high	
28	250	519.65	521.09	I'm defrosting a chicken.	Rachel	high	community_transcript_match	1.0	dialogue	False	True	Monica | Rachel | Ross | Joey | Gunther	Rachel	Rachel	False		Speaker agrees with available community-transcript mapping.	it's not i'm defrosting a chicken	Rachel	Rachel	present	char_tracker_stage05	monica|rachel	present	1.0		high	
28	251	523.73	525.61	Oh, I sold Mrs. Whiskerson.	Rachel	high	community_transcript_match	1.0	dialogue	False	True	Monica | Rachel | Ross | Joey | Gunther	Rachel	Ross	False		Speaker agrees with available community-transcript mapping.	It's not! I'm defrosting a chicken. (Pause) Oh, I uh sold Mrs. Whiskerson.	Rachel	Rachel	present	char_tracker_stage05	rachel	present	0.6667		high	
28	252	525.61	527.01	Oh, thank God.	Ross	high	community_transcript_match	1.0	dialogue	False	True	Monica | Rachel | Ross | Joey | Gunther	Rachel	Joey	False		Speaker agrees with available community-transcript mapping.	Oh, thank God!	Ross	Ross	present	char_tracker_stage05	ross	present	1.0		high	
28	253	527.57	528.65	Did you get your money back?	Joey	high	community_transcript_match	1.0	dialogue	False	True	Monica | Rachel | Ross | Joey | Gunther	Ross	Rachel	False		Speaker agrees with available community-transcript mapping.	Did you get your money back?	Joey	Joey	present	char_tracker_stage05	joey|monica|rachel|ross	present	1.0		high	
28	254	528.65	528.97	Yeah.	Rachel	high	community_transcript_match	1.0	dialogue	False	True	Monica | Rachel | Ross | Joey | Gunther	Joey	Monica	False		Speaker agrees with available community-transcript mapping.	Yeah, 15 hundred dollars.	Rachel	Rachel	present	char_tracker_stage05	joey|monica|rachel	present	1.0		high	
28	255	528.97	529.89	$1,500.	Monica	medium	short_turn_alternation	0.7	dialogue	True	False	Monica | Rachel | Ross | Joey | Gunther	Rachel	Monica	True	short_utterance_between_two_speakers	Short utterance inferred from local turn alternation.				present	char_tracker_stage05	joey|monica|rachel	present			medium	
28	256	530.13	531.49	Wow, you made a profit.	Monica	high	community_transcript_match	1.0	dialogue	False	True	Monica | Rachel | Ross | Joey | Gunther	Monica	Gunther	False		Speaker agrees with available community-transcript mapping.	Wow! You made a profit!	Monica	Monica	present	char_tracker_stage05	monica|rachel	present	0.5		high	
28	257	535.65	537.57	I just came for the red velvet pillow.	Gunther	high	community_transcript_match	1.0	dialogue	False	True	Monica | Rachel | Ross | Joey | Gunther	Monica	Rachel	False		Speaker agrees with available community-transcript mapping.	(entering with the cat) I just came for the red-velvet pillow.	Gunther	Gunther	absent	char_tracker_stage05		unobserved			high	
28	258	537.57	538.45	Oh, yeah.	Rachel	high	community_transcript_match	1.0	dialogue	False	True	Monica | Rachel | Ross | Joey | Gunther	Gunther	Rachel	False		Speaker agrees with available community-transcript mapping.	oh yeah	Rachel	Rachel	present	char_tracker_stage05	rachel	present	0.5		high	
28	259	539.49	540.21	There you go.	Rachel	high	community_transcript_match	1.0	dialogue	False	True	Monica | Rachel | Ross | Joey | Gunther	Rachel	Gunther	False		Speaker agrees with available community-transcript mapping.	Oh yeah, there you go. (Hands over the pillow.)	Rachel	Rachel	present	char_tracker_stage05	rachel	present	1.0		high	
28	260	540.37	541.25	Thanks, Rachel.	Gunther	medium	name_address_rule	0.74	dialogue	True	False	Monica | Rachel | Ross | Joey | Gunther	Rachel	Gunther	False		Utterance names the previous speaker, so the next speaker is more likely.				present	char_tracker_stage05	rachel	unobserved			medium	
28	261	541.49	541.97	Yeah.	Gunther	high	scene_context_bridge	0.88	dialogue	True	False	Monica | Rachel | Ross | Joey | Gunther	Gunther	Gunther	False		Same speaker appears on both sides within the same scene.				absent	char_tracker_stage05		unobserved			high	
28	262	542.21	543.64	And don't forget, you can.	Gunther	high	community_transcript_match	1.0	dialogue	False	True	Monica | Rachel | Ross | Joey | Gunther	Gunther	Gunther	False		Speaker agrees with available community-transcript mapping.	thanks rachel and and don't forget you	Gunther	Gunther	absent	char_tracker_stage05		unobserved			high	
28	263	543.79	545.23	You can come visit her anytime you want.	Gunther	high	community_transcript_match	1.0	dialogue	False	True	Monica | Rachel | Ross | Joey | Gunther	Gunther	Rachel	False		Speaker agrees with available community-transcript mapping.	Thanks Rachel. And-and don't forget you-you can come visit her anytime you want.	Gunther	Gunther	absent	char_tracker_stage05		unobserved			high	
28	264	545.23	545.63	Oh, good.	Rachel	high	community_transcript_match	1.0	dialogue	False	True	Monica | Rachel | Ross | Joey | Gunther	Gunther	Rachel	True	speaker_no_face	Speaker agrees with available community-transcript mapping.	oh good	Rachel	Rachel	absent	char_tracker_stage05		absent	0.0		medium	speaker_no_face
28	265	545.63	545.95	Great.	Rachel	high	community_transcript_match	1.0	dialogue	False	True	Monica | Rachel | Ross | Joey | Gunther	Rachel	Rachel	True	speaker_no_face	Speaker agrees with available community-transcript mapping.	Oh good, great	Rachel	Rachel	absent	char_tracker_stage05		absent	0.0		medium	speaker_no_face
28	266	546.11	547.07	I'll keep that in mind.	Rachel	high	community_transcript_match	1.0	dialogue	False	True	Monica | Rachel | Ross | Joey | Gunther	Rachel	Gunther	False		Speaker agrees with available community-transcript mapping.	Oh good, great! I'll-I'll keep that in mind. (Turns and walks away.)	Rachel	Rachel	present	char_tracker_stage05	rachel	present	1.0		high	
28	267	551.15	552.95	Hey, so, what is this?	Gunther	high	community_transcript_match	1.0	dialogue	False	True	Monica | Rachel | Ross | Joey | Gunther	Rachel	Gunther	False		Speaker agrees with available community-transcript mapping.	So what is this	Gunther	Gunther	present	char_tracker_stage05	ross	unobserved			high	
28	268	552.95	554.11	Some kind of snake or something?	Gunther	high	community_transcript_match	1.0	dialogue	False	True	Monica | Rachel | Ross | Joey | Gunther	Gunther		False		Speaker agrees with available community-transcript mapping.	(To Ross) Hey! So what is this? Some kind of snake or something?	Gunther	Gunther	present	char_tracker_stage05	ross	unobserved			high	
29	269	566.35	568.19	I really like Waking up with you.	Gary	high	community_transcript_match	1.0	dialogue	False	True	Gary | Phoebe		Phoebe	False		Speaker agrees with available community-transcript mapping.	I really like waking up with you.	Gary	Gary	present	char_tracker_stage05	phoebe	unobserved			high	
29	270	568.19	569.87	I like waking up with you too.	Phoebe	high	community_transcript_match	1.0	dialogue	False	True	Gary | Phoebe	Gary	Phoebe	False		Speaker agrees with available community-transcript mapping.	i like waking up with you too oh i can stay here all day	Phoebe	Phoebe	present	char_tracker_stage05	phoebe	present	1.0		high	
29	271	571.2	572.8	Oh, it's such a beautiful morning.	Phoebe	high	community_transcript_match	1.0	dialogue	False	True	Gary | Phoebe	Phoebe	Phoebe	False		Speaker agrees with available community-transcript mapping.	I like waking up with you too. (Looks out the window) Oh! It's such a beautiful morning. (Some birds are singing outside the window) Oh, I can stay here all day.	Phoebe	Phoebe	present	char_tracker_stage05	phoebe	present	1.0		high	
29	272	574.24	575.68	I could stay here all day.	Phoebe	high	community_transcript_match	1.0	dialogue	False	True	Gary | Phoebe	Phoebe	Gary	False		Speaker agrees with available community-transcript mapping.	Oh, I can stay here all day	Phoebe	Phoebe	present	char_tracker_stage05	phoebe	present	1.0		high	
29	273	575.84	576.72	That would be great.	Gary	high	community_transcript_match	1.0	dialogue	False	True	Gary | Phoebe	Phoebe	Phoebe	False		Speaker agrees with available community-transcript mapping.	That would be great!	Gary	Gary	present	char_tracker_stage05	phoebe	unobserved			high	
29	274	577.76	579.52	We could have breakfast in bed.	Phoebe	high	community_transcript_match	1.0	dialogue	False	True	Gary | Phoebe	Gary	Gary	True	speaker_no_face	Speaker agrees with available community-transcript mapping.	We could have breakfast in bed…	Phoebe	Phoebe	absent	char_tracker_stage05		absent	0.0		medium	speaker_no_face
29	275	579.6	580.56	Wait, just a second.	Gary	high	community_transcript_match	1.0	dialogue	False	True	Gary | Phoebe	Phoebe	Phoebe	False		Speaker agrees with available community-transcript mapping.	Wait, just a second.	Gary	Gary	absent	char_tracker_stage05		unobserved			high	
29	276	580.72	581.28	Okay.	Phoebe	high	community_transcript_match	1.0	dialogue	False	True	Gary | Phoebe	Gary	Phoebe	True	speaker_no_face	Speaker agrees with available community-transcript mapping.	Okay	Phoebe	Phoebe	absent	char_tracker_stage05		absent	0.0		medium	speaker_no_face
29	277	582.56	583.04	Oh.	Phoebe	high	community_transcript_match	1.0	reaction	False	True	Gary | Phoebe	Phoebe	Phoebe	False		Speaker agrees with available community-transcript mapping.	Oh	Phoebe	Phoebe	present	char_tracker_stage05	phoebe	present	1.0		high	
29	278	584.64	585.44	Oh, no.	Phoebe	high	community_transcript_match	1.0	dialogue	False	True	Gary | Phoebe	Phoebe		False		Speaker agrees with available community-transcript mapping.	Okay. (He grabs his gun and shoots the bird.) Oh! Oh no.	Phoebe	Phoebe	present	char_tracker_stage05	phoebe	present	1.0		high	
30	279	589.12	589.96	All right, come on.	Monica	high	community_transcript_match	1.0	dialogue	False	True	Monica		Monica	True	speaker_offscreen	Speaker agrees with available community-transcript mapping.	All right	Monica	Monica	present	char_tracker_stage05	phoebe	absent	0.0		low	speaker_offscreen
30	280	589.96	590.76	Come on, Monica.	Monica	high	community_transcript_match	1.0	dialogue	False	True	Monica	Monica	Monica	True	speaker_offscreen	Speaker agrees with available community-transcript mapping.	Come on Monica	Monica	Monica	present	char_tracker_stage05	phoebe	absent	0.0		low	speaker_offscreen
30	281	590.76	591.36	Look alive.	Monica	high	community_transcript_match	1.0	dialogue	False	True	Monica	Monica	Monica	False		Speaker agrees with available community-transcript mapping.	Look alive	Monica	Monica	present	char_tracker_stage05	monica	present	0.5		high	
30	282	591.6	592.64	Come on, look alive.	Monica	high	community_transcript_match	1.0	dialogue	False	True	Monica	Monica		False		Speaker agrees with available community-transcript mapping.	All right! Come on Monica! Look alive! Come on, look alive!	Monica	Monica	present	char_tracker_stage05	monica	present	1.0		high	
31	283	599.26	604.14	Ross, I was having the best dream.	Ross	high	community_transcript_match	1.0	dialogue	False	True	Ross | Rachel | Phoebe | All | Chandler | Joey | Monica		Rachel	False		Speaker agrees with available community-transcript mapping.	(wakes up shockingly and catches the ball) Oh, I was having the best dream.	Ross	Ross	present	char_tracker_stage05	ross	present	0.8333		high	
31	284	604.78	605.18	What?	Rachel	high	community_transcript_match	1.0	dialogue	False	True	Ross | Rachel | Phoebe | All | Chandler | Joey | Monica	Ross	Ross	False		Speaker agrees with available community-transcript mapping.	What?	Rachel	Rachel	present	char_tracker_stage05	rachel|ross	present	1.0		high	
31	285	605.26	608.3	I dreamed I was drowning and not throwing this ball.	Ross	high	community_transcript_match	1.0	dialogue	False	True	Ross | Rachel | Phoebe | All | Chandler | Joey | Monica	Rachel	Phoebe	False		Speaker agrees with available community-transcript mapping.	I dreamed I was drowning and (angrily) not throwing this ball. (He throws it with anger to Monica who gives him a look.)	Ross	Ross	present	char_tracker_stage05	ross	present	1.0		high	
31	286	611.82	613.26	Oh, good, you're all up.	Phoebe	high	community_transcript_match	1.0	dialogue	False	True	Ross | Rachel | Phoebe | All | Chandler | Joey | Monica	Ross	Rachel	False		Speaker agrees with available community-transcript mapping.	(entering) Oh good, you're all up.	Phoebe	Phoebe	present	char_tracker_stage05	phoebe	present	1.0		high	
31	287	613.82	615.78	Phoebe, it's six o' clock in the morning.	Rachel	high	community_transcript_match	1.0	dialogue	False	True	Ross | Rachel | Phoebe | All | Chandler | Joey | Monica	Phoebe	Rachel	False		Speaker agrees with available community-transcript mapping.	It's 6 o'clock in the morning	Rachel	Rachel	present	char_tracker_stage05	joey|rachel|ross	present	1.0		high	
31	288	615.78	617.1	Why aren't you at Gary's?	Rachel	high	community_transcript_match	1.0	dialogue	False	True	Ross | Rachel | Phoebe | All | Chandler | Joey | Monica	Rachel	Phoebe	False		Speaker agrees with available community-transcript mapping.	Phoebe! It's 6 o'clock in the morning! Why aren't you at Gary's?	Rachel	Rachel	present	char_tracker_stage05	joey|rachel|ross	present	1.0		high	
31	289	617.1	618.14	Oh, yeah, that's over.	Phoebe	high	community_transcript_match	1.0	dialogue	False	True	Ross | Rachel | Phoebe | All | Chandler | Joey | Monica	Rachel	All	False		Speaker agrees with available community-transcript mapping.	Oh yeah, that's over.	Phoebe	Phoebe	present	char_tracker_stage05	joey|phoebe|rachel	present	1.0		high	
31	290	618.54	618.94	What?	All	high	community_transcript_match	1.0	dialogue	False	True	Ross | Rachel | Phoebe | All | Chandler | Joey | Monica	Phoebe	Chandler	False		Speaker agrees with available community-transcript mapping.	What?!	All	All	present	char_tracker_stage05	phoebe	unobserved			high	
31	291	619.02	620.42	Come on, Gary's such a great guy.	Chandler	high	community_transcript_match	1.0	dialogue	False	True	Ross | Rachel | Phoebe | All | Chandler | Joey | Monica	All	Chandler	False		Speaker agrees with available community-transcript mapping.	Gary's such a great guy	Chandler	Chandler	present	char_tracker_stage05	chandler|phoebe	present	1.0		high	
31	292	620.42	622.14	Whatever the problem is, you can work it out.	Chandler	high	community_transcript_match	1.0	dialogue	False	True	Ross | Rachel | Phoebe | All | Chandler | Joey | Monica	Chandler	Phoebe	False		Speaker agrees with available community-transcript mapping.	Come on! Gary's such a great guy! Whatever the problem is, you can work it out!	Chandler	Chandler	present	char_tracker_stage05	chandler	present	1.0		high	
31	293	622.14	622.94	He shot a bird.	Phoebe	high	community_transcript_match	1.0	dialogue	False	True	Ross | Rachel | Phoebe | All | Chandler | Joey | Monica	Chandler	Chandler	False		Speaker agrees with available community-transcript mapping.	He shot a bird!	Phoebe	Phoebe	present	char_tracker_stage05	chandler|phoebe	present	1.0		high	
31	294	622.94	623.74	Oh, that is over.	Chandler	high	community_transcript_match	1.0	dialogue	False	True	Ross | Rachel | Phoebe | All | Chandler | Joey | Monica	Phoebe	All	False		Speaker agrees with available community-transcript mapping.	Oh that is over!	Chandler	Chandler	present	char_tracker_stage05	chandler|phoebe	present	1.0		high	
31	295	625.9	626.46	Honey, I'm sorry.	All	high	community_transcript_match	1.0	dialogue	False	True	Ross | Rachel | Phoebe | All | Chandler | Joey | Monica	Chandler	All	False		Speaker agrees with available community-transcript mapping.	i'm sorry	All	All	absent	char_tracker_stage05		unobserved			high	
31	296	626.46	627.18	That's terrible.	All	high	community_transcript_match	1.0	dialogue	False	True	Ross | Rachel | Phoebe | All | Chandler | Joey | Monica	All	Rachel	False		Speaker agrees with available community-transcript mapping.	That's terrible! I'm sorry!	All	All	absent	char_tracker_stage05		unobserved			high	
31	297	627.82	628.94	Phoebe, are you okay?	Rachel	high	community_transcript_match	1.0	dialogue	False	True	Ross | Rachel | Phoebe | All | Chandler | Joey | Monica	All	Phoebe	True	speaker_offscreen	Speaker agrees with available community-transcript mapping.	Phoebe, are you okay?	Rachel	Rachel	present	char_tracker_stage05	phoebe	absent	0.0		low	speaker_offscreen
31	298	629.58	630.94	Yeah, yeah, I'll be all right.	Phoebe	high	community_transcript_match	1.0	dialogue	False	True	Ross | Rachel | Phoebe | All | Chandler | Joey | Monica	Rachel	Joey	False		Speaker agrees with available community-transcript mapping.	Yeah. Yeah, I'll be alright.	Phoebe	Phoebe	present	char_tracker_stage05	phoebe	present	1.0		high	
31	299	631.9	632.3	Hey.	Joey	high	community_transcript_match	1.0	dialogue	False	True	Ross | Rachel | Phoebe | All | Chandler | Joey | Monica	Phoebe	Joey	True	speaker_no_face	Speaker agrees with available community-transcript mapping.	oh hey	Joey	Joey	absent	char_tracker_stage05		absent	0.0		medium	speaker_no_face
31	300	632.3	633.1	Here, Pheebs.	Joey	high	community_transcript_match	1.0	dialogue	False	True	Ross | Rachel | Phoebe | All | Chandler | Joey | Monica	Joey	Phoebe	True	speaker_no_face	Speaker agrees with available community-transcript mapping.	Oh hey, here Pheebs. (He throws her the ball.)	Joey	Joey	absent	char_tracker_stage05		absent	0.0		medium	speaker_no_face
31	301	633.9	635.02	Nah, I don't feel like playing.	Phoebe	high	community_transcript_match	1.0	dialogue	False	True	Ross | Rachel | Phoebe | All | Chandler | Joey | Monica	Joey	Monica	True	speaker_no_face	Speaker agrees with available community-transcript mapping.	(catches it) Nah, I don't feel like playing. (She sets the ball down on the table and everyone gasps.)	Phoebe	Phoebe	partial	char_tracker_stage05		absent	0.0		medium	speaker_no_face
31	302	640.38	641.18	It's okay.	Monica	high	community_transcript_match	1.0	dialogue	False	True	Ross | Rachel | Phoebe | All | Chandler | Joey | Monica	Phoebe	Monica	False		Speaker agrees with available community-transcript mapping.	It's okay. It's okay. Just pretend that it didn't happen! Okay? No one needs to know! I mean, Phoebe's not an official ballplayer! I mean, only official ballplayers can drop the ball!	Monica	Monica	present	char_tracker_stage05	joey|monica	present	1.0		high	
31	303	641.5	642.3	It's okay.	Monica	medium	visual_disambiguation	0.74	dialogue	True	False	Ross | Rachel | Phoebe | All | Chandler | Joey | Monica	Monica	Monica	False		Only one of the two text-context candidates was visually present in the window.				present	char_tracker_stage05	joey|monica	present			medium	
31	304	644.06	645.78	Just pretend that it didn't happen, okay?	Monica	medium	visual_disambiguation	0.74	dialogue	True	False	Ross | Rachel | Phoebe | All | Chandler | Joey | Monica	Monica	Monica	False		Only one of the two text-context candidates was visually present in the window.				present	char_tracker_stage05	monica|phoebe	present			medium	
31	305	645.78	646.78	No one needs to know.	Monica	medium	visual_disambiguation	0.74	dialogue	True	False	Ross | Rachel | Phoebe | All | Chandler | Joey | Monica	Monica	Monica	False		Only one of the two text-context candidates was visually present in the window.				present	char_tracker_stage05	monica|phoebe	present			medium	
31	306	647.02	649.18	I mean, Phoebe's not an official ball player.	Monica	medium	visual_disambiguation	0.74	dialogue	True	False	Ross | Rachel | Phoebe | All | Chandler | Joey | Monica	Monica	Monica	False		Only one of the two text-context candidates was visually present in the window.				present	char_tracker_stage05	monica|phoebe	present			medium	
31	307	649.18	651.34	I mean, only official ball players can drop the ball.	Monica	medium	visual_disambiguation	0.74	dialogue	True	False	Ross | Rachel | Phoebe | All | Chandler | Joey | Monica	Monica	Monica	False		Only one of the two text-context candidates was visually present in the window.				present	char_tracker_stage05	monica|phoebe	present			medium	
31	308	656.55	656.95	TV and.	Monica	medium	visual_disambiguation	0.74	dialogue	True	False	Ross | Rachel | Phoebe | All | Chandler | Joey | Monica	Monica	Rachel	False		Only one of the two text-context candidates was visually present in the window.				present	char_tracker_stage05	monica	present			medium	
31	309	656.95	657.95	Honey, you want to get some breakfast?	Rachel	high	community_transcript_match	1.0	dialogue	False	True	Ross | Rachel | Phoebe | All | Chandler | Joey | Monica	Monica	Phoebe	True	speaker_offscreen	Speaker agrees with available community-transcript mapping.	Phoebe, honey, wanna get some breakfast?	Rachel	Rachel	present	char_tracker_stage05	monica	absent	0.0		low	speaker_offscreen
31	310	657.95	658.95	Yeah, okay.	Phoebe	high	community_transcript_match	1.0	dialogue	False	True	Ross | Rachel | Phoebe | All | Chandler | Joey | Monica	Rachel	Monica	True	speaker_no_face	Speaker agrees with available community-transcript mapping.	Yeah!	Phoebe	Phoebe	absent	char_tracker_stage05		absent	0.0		medium	speaker_no_face
31	311	659.03	660.15	Okay, let's race.	Monica	high	community_transcript_match	1.0	dialogue	False	True	Ross | Rachel | Phoebe | All | Chandler | Joey | Monica	Phoebe	Monica	True	speaker_no_face	Speaker agrees with available community-transcript mapping.	Okay, let's race	Monica	Monica	absent	char_tracker_stage05		absent	0.0		medium	speaker_no_face
31	312	660.15	661.51	First one there wins.	Monica	high	community_transcript_match	1.0	dialogue	False	True	Ross | Rachel | Phoebe | All | Chandler | Joey | Monica	Monica		True	speaker_offscreen	Speaker agrees with available community-transcript mapping.	Okay! Okay, let's race! First one there wins! Ha-ha! (Runs out the door and everyone watches her leave.)	Monica	Monica	present	char_tracker_stage05	ross	absent	0.0		low	speaker_offscreen
32	313	664.95	665.95	You guys want to eat here?	Chandler	high	community_transcript_match	1.0	dialogue	False	True	Chandler | Joey		Joey	False		Speaker agrees with available community-transcript mapping.	You guys wanna eat here?	Chandler	Chandler	present	char_tracker_stage05	chandler|joey|ross	present	1.0		high	
32	314	665.95	666.55	Oh, yeah.	Joey	medium	short_turn_alternation	0.7	dialogue	True	False	Chandler | Joey	Chandler	Joey	True	short_utterance_between_two_speakers	Short utterance inferred from local turn alternation.				present	char_tracker_stage05	chandler|joey|ross	present			medium	
32	315	672.15	673.43	Man, that was great, huh?	Joey	high	community_transcript_match	1.0	dialogue	False	True	Chandler | Joey	Joey		False		Speaker agrees with available community-transcript mapping.	man that was great huh	Joey	Joey	present	char_tracker_stage05	joey|rachel|ross	present	0.5		high	
34	316	673.51	675.43	Can you believe how long we threw that ball around?	Joey	high	community_transcript_match	1.0	dialogue	False	True	Joey | Rachel | Ross | Chandler		Joey	False		Speaker agrees with available community-transcript mapping.	Man that was great! Huh? Can you believe how long we threw that ball around?	Joey	Joey	present	char_tracker_stage05	joey|rachel|ross	present	1.0		high	
34	317	675.99	677.07	I know, it is amazing.	Joey	medium	scene_context_inference	0.66	dialogue	True	False	Joey | Rachel | Ross | Chandler	Joey	Rachel	True	two_sided_context_ambiguous	No direct transcript match; longer line defaulted to previous speaker in same scene.				present	char_tracker_stage05	joey|rachel|ross	present			medium	
34	318	677.07	677.62	It lasted.	Rachel	high	community_transcript_match	1.0	dialogue	False	True	Joey | Rachel | Ross | Chandler	Joey	Ross	False		Speaker agrees with available community-transcript mapping.	Yeah, it is amazing it lasted that long.	Rachel	Rachel	present	char_tracker_stage05	joey|rachel|ross	present	1.0		high	
34	319	678.33	678.65	I know.	Ross	high	community_transcript_match	1.0	dialogue	False	True	Joey | Rachel | Ross | Chandler	Rachel	Ross	False		Speaker agrees with available community-transcript mapping.	I know	Ross	Ross	present	char_tracker_stage05	joey|rachel|ross	present	1.0		high	
34	320	678.65	680.01	My arm is killing me.	Ross	high	community_transcript_match	1.0	dialogue	False	True	Joey | Rachel | Ross | Chandler	Ross	Rachel	False		Speaker agrees with available community-transcript mapping.	I know. My arm is killing me.	Ross	Ross	present	char_tracker_stage05	rachel|ross	present	1.0		high	
34	321	680.41	682.25	No, I met with the dropper over here.	Rachel	high	community_transcript_match	1.0	dialogue	False	True	Joey | Rachel | Ross | Chandler	Ross	Chandler	False		Speaker agrees with available community-transcript mapping.	No, I meant with the dropper over here. (Points at Chandler.)	Rachel	Rachel	present	char_tracker_stage05	rachel|ross	present	1.0		high	
34	322	683.05	685.25	You know, how did I get this reputation as a dropper?	Chandler	high	community_transcript_match	1.0	dialogue	False	True	Joey | Rachel | Ross | Chandler	Rachel	Chandler	False		Speaker agrees with available community-transcript mapping.	y'know how did i get this reputation as a dropper	Chandler	Chandler	present	char_tracker_stage05	chandler	present	1.0		high	
34	323	685.25	687.85	Okay, I'm anything but a dropper.	Chandler	high	community_transcript_match	1.0	dialogue	False	True	Joey | Rachel | Ross | Chandler	Chandler	Chandler	False		Speaker agrees with available community-transcript mapping.	Y'know, how did I get this reputation as a dropper? Okay? I'm anything but a dropper. (We see various scenes of him dropping a football, a mug of coffee, the phone, an apple, a Frisbee, a record, and the final scene has a ball bouncing off of his chest. I'm not going to describe them, you'll have to see them.)	Chandler	Chandler	present	char_tracker_stage05	chandler	present	1.0		high	
34	324	688.09	704.54	Ross, that.	Chandler	medium	scene_context_inference	0.68	dialogue	True	False	Joey | Rachel | Ross | Chandler	Chandler		True	scene_end_short_utterance	Filled from previous same-scene context.				present	char_tracker_stage05	chandler	present			medium	
